"2306","403 H St NE, Washington, DC, 20002","Match","Exact","403 H ST NE, WASHINGTON, DC, 20002","-77.000480833911,38.900148917017","76229730","R"
"2305","1300 Connecticut Ave NW, Washington, DC, 20036","Match","Exact","1300 CONNECTICUT AVE NW, WASHINGTON, DC, 20036","-77.042159053631,38.907275871839","649879526","L"
"2304","405 Butternut St NW, Washington, DC, 20012","Match","Exact","405 BUTTERNUT ST NW, WASHINGTON, DC, 20012","-77.018176929239,38.973667494261","76221932","R"
"2303","509 11th St SE, Washington, DC, 20003","Match","Exact","509 11TH ST SE, WASHINGTON, DC, 20003","-76.991606324026,38.88249513179","641474138","R"
"2302","1100 15th St NW, Washington, DC, 20005","Match","Exact","1100 15TH ST NW, WASHINGTON, DC, 20005","-77.034648462979,38.903791794055","76225742","L"
"2301","1110 Vermont Ave NW, Washington, DC, 20005","Match","Exact","1110 VERMONT AVE NW, WASHINGTON, DC, 20005","-77.033025213967,38.903961096682","76225762","L"
"2300","3451 14th St NW, Washington, DC, 20010","Match","Exact","3451 14TH ST NW, WASHINGTON, DC, 20010","-77.032656547647,38.933528707187","76238355","R"
"2309","999 Philadelphia Ave, Silver Spring, MD, 20910","Match","Exact","999 PHILADELPHIA AVE, SILVER SPRING, MD, 20910","-77.025953472921,38.989614495173","62112862","R"
"2308","10118 Colesville Rd, Silver Spring, MD, 10118","Match","Non_Exact","10118 COLESVILLE RD, SILVER SPRING, MD, 20901","-77.012679243431,39.020669178347","637903783","L"
"2307","8113 A Fenton St, Silver Spring, MD, 20910","Match","Non_Exact","8113 FENTON ST, SILVER SPRING, MD, 20910","-77.02389395697,38.990424987364","62068170","R"
"2320","7714 US-29, Falls Church, VA, 22042","No_Match"
"2317","1012 N Highland St STE 130B-S, Arlington, VA, 22201","Match","Non_Exact","1012 N HIGHLAND ST, ARLINGTON, VA, 22201","-77.094705604171,38.884692064205","76470028","L"
"1","5403 N Shepherd Dr, Houston, TX, 77091","Match","Exact","5403 N SHEPHERD DR, HOUSTON, TX, 77091","-95.411031111892,29.844269444663","96054679","L"
"2316","2427 Shirlington Rd, Arlington, VA, 22206","Match","Non_Exact","2427 S SHIRLINGTON RD, ARLINGTON, VA, 22206","-77.083907156838,38.847765606865","76471817","L"
"2","6034 Bellaire Blvd Suite B, Houston, TX, 77081","Match","Non_Exact","6034 BELLAIRE BLVD, HOUSTON, TX, 77081","-95.487931633171,29.705572271072","96609371","R"
"2315","99 Canal Center Plaza Ste 505, Alexandria, VA, 22314","Match","Exact","99 CANAL CENTER PLZ, ALEXANDRIA, VA, 22314","-77.03919821529,38.814628005417","76065206","R"
"3","4501 Almeda Rd, Houston, TX, 77004","Match","Exact","4501 ALMEDA RD, HOUSTON, TX, 77004","-95.376472909171,29.729272164855","96071312","L"
"2314","1125 Queen St, Alexandria, VA, 22314","Match","Exact","1125 QUEEN ST, ALEXANDRIA, VA, 22314","-77.051173909233,38.807994082898","75991428","R"
"4","5201 Lockwood Dr, Houston, TX, 77026","Match","Exact","5201 LOCKWOOD DR, HOUSTON, TX, 77026","-95.317137539989,29.807944087077","96636856","L"
"2313","418 E Raymond Ave, Alexandria, VA, 22301","Match","Exact","418 E RAYMOND AVE, ALEXANDRIA, VA, 22301","-77.053017978372,38.830800039141","638933775","L"
"5","5143 FM 1960 W, Houston, TX, 77069","Match","Exact","5143 FM 1960 W, HOUSTON, TX, 77069","-95.506581758258,29.983280692327","233348366","R"
"2312","1703 N Beauregard St, Alexandria, VA, 22311","Match","Exact","1703 N BEAUREGARD ST, ALEXANDRIA, VA, 22311","-77.123983927509,38.831797948588","638921004","L"
"6","12160 Bissonnet St, Houston, TX, 12160","Match","Non_Exact","12160 BISSONNET ST, HOUSTON, TX, 77099","-95.592859787063,29.675676016994","657554939","R"
"2311","7001 Manchester Blvd Ste A, Alexandria, VA, 22310","Match","Non_Exact","7001 MANCHESTER BLVD, ALEXANDRIA, VA, 22310","-77.150979696648,38.763868541541","638677315","L"
"7","7324 Southwest Fwy Ste 2-201, Houston, TX, 77074","Match","Exact","7324 SOUTHWEST FWY, HOUSTON, TX, 77074","-95.517481554138,29.701071361632","657557764","R"
"2310","4906 Buchanan St, Hyattsville, MD, 20781","Match","Exact","4906 BUCHANAN ST, HYATTSVILLE, MD, 20781","-76.936056072355,38.946764482129","657172285","L"
"8","18026 Nassau Bay Dr, Houston, TX, 18026","Match","Non_Exact","18026 NASSAU BAY DR, HOUSTON, TX, 77058","-95.101137370388,29.547062097972","96589507","R"
"9","10660 Jones Rd, Houston, TX, 10660","Match","Non_Exact","10660 JONES RD, HOUSTON, TX, 77065","-95.584696267941,29.927216204828","96006009","L"
"2319","4700 Columbia Pike, Arlington, VA, 22204","Match","Exact","4700 COLUMBIA PIKE, ARLINGTON, VA, 22204","-77.107502368377,38.856923253777","647715071","L"
"2318","4141 Henderson Rd #16, Arlington, VA, 22203","Match","Non_Exact","4141 N HENDERSON RD, ARLINGTON, VA, 22203","-77.108916354655,38.875678809056","650106219","R"
"1000","184 Lenox Ave, New York, NY, 10026","Match","Exact","184 LENOX AVE, NEW YORK, NY, 10026","-73.948082351366,40.804100548873","634257252","R"
"2331","1517 Connecticut Ave NW, Washington, DC, 20036","Match","Exact","1517 CONNECTICUT AVE NW, WASHINGTON, DC, 20036","-77.044009692619,38.910763007595","649879145","R"
"2330","631 Pennsylvania Ave SE, Washington, DC, 20003","Match","Exact","631 PENNSYLVANIA AVE SE, WASHINGTON, DC, 20003","-76.997764989174,38.885156187503","641474058","R"
"2328","4203 9th St NW, Washington, DC, 20011","Match","Exact","4203 9TH ST NW, WASHINGTON, DC, 20011","-77.024997912796,38.941964549192","76223538","R"
"2327","155 Potomac Passage, National Harbor, MD, 20745","Match","Exact","155 POTOMAC PSGE, NATIONAL HARBOR, MD, 20745","-77.015221942383,38.784959243097","649783327","L"
"2326","700 12th St NW Suite 700, Washington, DC, 20005","Match","Exact","700 12TH ST NW, WASHINGTON, DC, 20005","-77.028151172248,38.898373240556","76226159","L"
"2325","9707 Old Georgetown Rd, Bethesda, MD, 20814","Match","Exact","9707 OLD GEORGETOWN RD, BETHESDA, MD, 20814","-77.117293729984,39.01325812087","657336633","L"
"2324","1763 Columbia Rd NW, Washington, DC, 20009","Match","Exact","1763 COLUMBIA RD NW, WASHINGTON, DC, 20009","-77.04151480816,38.923518602474","76223030","R"
"2323","1818 New York Ave NE #208D, Washington, DC, 20002","No_Match"
"2322","3821 S George Mason Dr D, Falls Church, VA, 22041","Match","Non_Exact","3821 S GEORGE MASON DR, FALLS CHURCH, VA, 22041","-77.118900944306,38.841864886235","647365061","L"
"2321","2921 Telestar Ct, Falls Church, VA, 22042","Match","Exact","2921 TELESTAR CT, FALLS CHURCH, VA, 22042","-77.223643660701,38.872374057773","645571443","L"
"2329","2802 Georgia Ave NW, Washington, DC, 20001","Match","Exact","2802 GEORGIA AVE NW, WASHINGTON, DC, 20001","-77.02289394691,38.92623783362","76224193","L"
"1011","245 Lenox Ave, New York, NY, 10027","Match","Exact","245 LENOX AVE, NEW YORK, NY, 10027","-73.946865394991,40.806004970842","59656196","L"
"2342","804 Anderson St, Bellaire, TX, 77401","Match","Exact","804 ANDERSON ST, BELLAIRE, TX, 77401","-95.463784032517,29.713135963731","96033553","R"
"1010","734 St Nicholas Ave, New York, NY, 10031","Match","Exact","734 ST NICHOLAS AVE, NEW YORK, NY, 10031","-73.943888051879,40.825110588161","59656275","R"
"2341","14925 Stuebner Airline #200, Houston, TX, 14925","Match","Non_Exact","14925 STUEBNER AIRLINE RD, HOUSTON, TX, 77069","-95.506778638485,29.999399173424","641871674","L"
"2340","2051 Greenhouse, Suite 270, Houston, TX, 77084","Match","Non_Exact","2051 GREENHOUSE RD, HOUSTON, TX, 77084","-95.706122286333,29.791085664691","656045755","L"
"1008","60 W 125th St, New York, NY, 10027","Match","Exact","60 W 125TH ST, NEW YORK, NY, 10027","-73.944232467145,40.807178411556","642471709","L"
"2339","1900 West Loop South, Suite 300, Houston, TX, 77027","Match","Non_Exact","1900 W LOOP S SVC RD, HOUSTON, TX, 77056","-95.457152131159,29.747127886337","657373314","R"
"1007","84 W 120th St, New York, NY, 10027","Match","Exact","84 W 120TH ST, NEW YORK, NY, 10027","-73.947383296048,40.804339914586","59657742","L"
"2338","201 Flint Ridge Road, Webster, TX, 77598","Match","Exact","201 FLINT RIDGE RD, WEBSTER, TX, 77598","-95.123907241695,29.546337679932","96546264","L"
"1006","173 W 131st St, New York, NY, 10027","Match","Exact","173 W 131ST ST, NEW YORK, NY, 10027","-73.944746845136,40.812473321712","642471982","R"
"2337","3734 Magnolia Ridge, League City, TX, 77573","Match","Exact","3734 MAGNOLIA RIDGE, LEAGUE CITY, TX, 77573","-95.139109978673,29.503376774041","627269506","R"
"1005","273 W 121st St, New York, NY, 10027","Match","Exact","273 W 121ST ST, NEW YORK, NY, 10027","-73.952117622297,40.807284989827","59656114","R"
"2336","502 Kennedy St NW, Washington, DC, 20011","Match","Exact","502 KENNEDY ST NW, WASHINGTON, DC, 20011","-77.019980944123,38.956386992533","76223399","L"
"1004","24 E 125th St, New York, NY, 10035","Match","Exact","24 E 125TH ST, NEW YORK, NY, 10035","-73.94152263595,40.806040532523","59656443","R"
"2335","3447 14th St NW, Washington, DC, 20010","Match","Exact","3447 14TH ST NW, WASHINGTON, DC, 20010","-77.032656547987,38.933321707229","76222968","R"
"1003","2522 Frederick Douglass Blvd, New York, NY, 10030","Match","Exact","2522 FREDERICK DOUGLASS BLVD, NEW YORK, NY, 10030","-73.946682724018,40.81619607034","59656153","R"
"2334","4217 9th St NW, Washington, DC, 20011","Match","Exact","4217 9TH ST NW, WASHINGTON, DC, 20011","-77.025006371378,38.94209988664","76223538","R"
"1002","122 Hamilton Pl, New York, NY, 10031","Match","Exact","122 HAMILTON PL, NEW YORK, NY, 10031","-73.949493993724,40.823796022684","59655951","L"
"2333","3005 12th St NE, Washington, DC, 20017","Match","Exact","3005 12TH ST NE, WASHINGTON, DC, 20017","-76.990539963623,38.927698818827","76228749","R"
"1001","3629 Broadway, New York, NY, 10031","Match","Exact","3629 BROADWAY, NEW YORK, NY, 10031","-73.948463815883,40.829272580281","59655931","L"
"2332","1658 Columbia Road NW, Washington, DC, 20009","Match","Exact","1658 COLUMBIA RD NW, WASHINGTON, DC, 20009","-77.038577319465,38.925210780152","76222914","L"
"1009","2350 Adam Clayton Powell Jr Blvd, New York, NY, 10030","Match","Exact","2350 ADAM CLAYTON POWELL JR BLVD, NEW YORK, NY, 10030","-73.942571744759,40.816970136194","59656398","L"
"1022","191 Malcolm X Blvd, New York, NY, 10026","Match","Exact","191 MALCOLM X BLVD, NEW YORK, NY, 10026","-73.948131336503,40.804269947538","634257252","L"
"2353","1708 Spring Green Blvd, STE 120-315, Katy, TX, 77494","Match","Exact","1708 SPRING GREEN BLVD, KATY, TX, 77494","-95.841818186745,29.764037625654","643690578","R"
"1021","2388 Adam Clayton Powell Jr Blvd, New York, NY, 10030","Match","Exact","2388 ADAM CLAYTON POWELL JR BLVD, NEW YORK, NY, 10030","-73.941705666284,40.818157567126","59656406","L"
"2352","1330 Post Oak Blvd, Floor 22, Houston, TX, 77056","Match","Exact","1330 POST OAK BLVD, HOUSTON, TX, 77056","-95.460822792649,29.751632797142","96032864","R"
"1020","66 Edgecombe Ave, New York, NY, 10030","Match","Exact","66 EDGECOMBE AVE, NEW YORK, NY, 10030","-73.946563481344,40.818831581689","59661027","L"
"2351","11161 Shadow Creek Pkwy, Suite 106, Pearland, TX, 11161","Match","Non_Exact","11161 SHADOW CREEK PKWY, PEARLAND, TX, 77584","-95.391682870423,29.580981520586","642184953","R"
"2350","5840 Darling St, B, Houston, TX, 77007","Match","Non_Exact","5840 DARLING ST, HOUSTON, TX, 77007","-95.427520564286,29.779798927678","96059866","R"
"1019","2373 Adam Clayton Powell Jr Blvd, New York, NY, 10030","Match","Exact","2373 ADAM CLAYTON POWELL JR BLVD, NEW YORK, NY, 10030","-73.941889747713,40.817662686848","59656408","R"
"1018","24 W 120th St, New York, NY, 10027","Match","Exact","24 W 120TH ST, NEW YORK, NY, 10027","-73.94547130669,40.803532296012","59657746","L"
"2349","5120 Woodway, Suite 215, Houston, TX, 77056","Match","Non_Exact","5120 WOODWAY DR, HOUSTON, TX, 77056","-95.466094161985,29.762271652676","96032439","R"
"1017","2283 Adam Clayton Powell Jr Blvd, New York, NY, 10030","Match","Exact","2283 ADAM CLAYTON POWELL JR BLVD, NEW YORK, NY, 10030","-73.944042297621,40.814717881652","59656400","R"
"2348","3808 World Houston Parkway, Houston, TX, 77032","Match","Exact","3808 WORLD HOUSTON PKWY, HOUSTON, TX, 77032","-95.329928624681,29.946191070564","642187488","L"
"1016","2217 Frederick Douglass Blvd, New York, NY, 10026","Match","Exact","2217 FREDERICK DOUGLASS BLVD, NEW YORK, NY, 10026","-73.953729531727,40.806782667882","59656098","L"
"2347","11807 Westheimer Road, Suites 550, #1058, Houston, TX, 11807","Match","Non_Exact","11807 WESTHEIMER RD, HOUSTON, TX, 77077","-95.585275215308,29.736392357624","96023520","R"
"1015","60 W 129th St, New York, NY, 10027","Match","Exact","60 W 129TH ST, NEW YORK, NY, 10027","-73.942453028793,40.809759013088","634257295","L"
"2346","7915 Cypress Creek Pkwy, STE 175, Houston, TX, 77070","No_Match"
"1014","301 W 118th St, New York, NY, 10026","Match","Exact","301 W 118TH ST, NEW YORK, NY, 10026","-73.954445415312,40.805799646598","59657655","R"
"2345","1711 Woodland Springs St., Houston, TX, 77077","Match","Exact","1711 WOODLAND SPRINGS ST, HOUSTON, TX, 77077","-95.582265773967,29.748302115328","96022533","R"
"1013","56 W 117th St, New York, NY, 10026","Match","Exact","56 W 117TH ST, NEW YORK, NY, 10026","-73.94818995671,40.802211072709","652207870","L"
"2344","1980 Post Oak Blvd., Suite 100, Houston, TX, 77056","Match","Exact","1980 POST OAK BLVD, HOUSTON, TX, 77056","-95.461163222368,29.745538400978","96553173","R"
"1012","1775 Madison Ave, New York, NY, 10035","Match","Exact","1775 MADISON AVE, NEW YORK, NY, 10035","-73.944480735538,40.800371224958","652210704","R"
"2343","1302 Merriewod Dr, Friendswood, TX, 77546","Match","Non_Exact","1302 MERRIEWOOD DR, FRIENDSWOOD, TX, 77546","-95.19381971348,29.513586968427","96700650","R"
"1033","1625 Pitkin Ave, Brooklyn, NY, 11212","Match","Exact","1625 PITKIN AVE, BROOKLYN, NY, 11212","-73.913350226762,40.66935324094","59083903","L"
"2364","18011 Channel Hill Dr, Cypress, TX, 18011","Match","Non_Exact","18011 CHANNEL HILL DR, CYPRESS, TX, 77433","-95.720670935855,29.951722105803","627710544","R"
"1032","1727 Pitkin Ave, Brooklyn, NY, 11212","Match","Exact","1727 PITKIN AVE, BROOKLYN, NY, 11212","-73.90935846356,40.669945496887","59083929","L"
"2363","13815 Nathan Ridge Lane, Cypress, TX, 13815","Match","Non_Exact","13815 NATHAN RIDGE LN, CYPRESS, TX, 77429","-95.6411177237,30.002755645884","627777588","L"
"1031","1626 Pitkin Ave, Brooklyn, NY, 11212","Match","Exact","1626 PITKIN AVE, BROOKLYN, NY, 11212","-73.913343279725,40.669237450967","59083903","R"
"2362","808 Travis Street, Suite 1424, Houston, TX, 77002","Match","Exact","808 TRAVIS ST, HOUSTON, TX, 77002","-95.364748921676,29.758912291224","96067696","R"
"1030","1512 Pitkin Ave, Brooklyn, NY, 11212","Match","Exact","1512 PITKIN AVE, BROOKLYN, NY, 11212","-73.917837537983,40.668572409828","59083797","R"
"2361","6711 Cypress Creek Pkwy, Houston, TX, 77069","No_Match"
"2360","5430 Killough St., Houston, TX, 77086","Match","Exact","5430 KILLOUGH ST, HOUSTON, TX, 77086","-95.474505478339,29.903877674973","96586559","R"
"1029","1782 Pitkin Ave, Brooklyn, NY, 11212","Match","Exact","1782 PITKIN AVE, BROOKLYN, NY, 11212","-73.907376059714,40.670130596098","59083935","R"
"1028","1728 Pitkin Ave, Brooklyn, NY, 11212","Match","Exact","1728 PITKIN AVE, BROOKLYN, NY, 11212","-73.909364692,40.669827855457","59083929","R"
"2359","1379 S Voss Rd, Suite C, Houston, TX, 77057","Match","Non_Exact","1379 S VOSS RD, HOUSTON, TX, 77057","-95.501046218806,29.753164043537","645718796","L"
"1027","1580 Pitkin Ave, Brooklyn, NY, 11212","Match","Exact","1580 PITKIN AVE, BROOKLYN, NY, 11212","-73.915128796397,40.668973187761","59083822","R"
"2358","13250 Forkland Drive, Houston, TX, 13250","Match","Non_Exact","13250 FORKLAND LN, HOUSTON, TX, 77077","-95.62072511863,29.759527364029","657298220","R"
"1026","1567 Pitkin Ave, Brooklyn, NY, 11212","Match","Exact","1567 PITKIN AVE, BROOKLYN, NY, 11212","-73.915627158912,40.669013968408","59083808","L"
"2357","258 Coach Lamp Ln, Houston, TX, 77060","Match","Exact","258 COACH LAMP LN, HOUSTON, TX, 77060","-95.399691070283,29.927443906451","96043964","R"
"1025","1533 Pitkin Ave, Brooklyn, NY, 11212","No_Match"
"2356","4333 W Sam Houston Pkwy N #150, Houston, TX, 77043","Tie"
"1024","200 W 138th St, New York, NY, 10030","Match","Exact","200 W 138TH ST, NEW YORK, NY, 10030","-73.942400527116,40.817201495383","59656150","L"
"2355","12222 N Houston Rosslyn Rd, Houston, TX, 12222","Match","Non_Exact","12222 N HOUSTON ROSSLYN RD, HOUSTON, TX, 77086","-95.495677860812,29.906784481591","646352885","R"
"1023","775 St Nicholas Ave, New York, NY, 10031","Match","Exact","775 ST NICHOLAS AVE, NEW YORK, NY, 10031","-73.943202884535,40.826504231252","640813680","L"
"2354","6500 W. Loop South, Suite 4100, Bellaire, TX, 77401","No_Match"
"1044","30 Belmont Ave, Brooklyn, NY, 11212","Match","Exact","30 BELMONT AVE, BROOKLYN, NY, 11212","-73.90924610655,40.668536985977","59083941","R"
"2375","1111 Louisiana Street, Houston, TX, 77002","Match","Exact","1111 LOUISIANA ST, HOUSTON, TX, 77002","-95.368149645313,29.757628653034","96067556","L"
"1043","23 Belmont Ave, Brooklyn, NY, 11212","Match","Exact","23 BELMONT AVE, BROOKLYN, NY, 11212","-73.909563577243,40.668606574733","59083939","L"
"2374","2211 Norfolk Suite 735, Houston, TX, 77098","Match","Non_Exact","2211 NORFOLK ST, HOUSTON, TX, 77098","-95.413152947445,29.732415329679","96063280","L"
"1042","47 Belmont Ave, Brooklyn, NY, 11212","Match","Exact","47 BELMONT AVE, BROOKLYN, NY, 11212","-73.908709261703,40.668732659141","59083941","L"
"2373","909 Fannin St, #3820, Houston, TX, 77010","Match","Exact","909 FANNIN ST, HOUSTON, TX, 77010","-95.363484487179,29.757022690215","96067704","L"
"1041","19A Belmont Ave, Brooklyn, NY, 11212","Match","Non_Exact","19A BELMONT AVE, BROOKLYN, NY, 11212","-73.909707651614,40.668584515501","59083939","L"
"2372","2020 SW Freeway, Suite 203, Houston, TX, 77098","Match","Exact","2020 SOUTHWEST FWY, HOUSTON, TX, 77098","-95.409084818967,29.731269756467","656274746","R"
"1040","16 Belmont Ave, Brooklyn, NY, 11212","Match","Exact","16 BELMONT AVE, BROOKLYN, NY, 11212","-73.909821832306,40.668450130438","59083939","R"
"2371","12333 Sowden Rd, Ste B, PMB 287913, Houston, TX, 12333","Match","Non_Exact","12333 SOWDEN RD, HOUSTON, TX, 77080","-95.497233443907,29.827637061617","96026134","L"
"2370","24 Greenway Plaza, Suite 1309, Houston, TX, 77046","Match","Non_Exact","24 E GREENWAY PLZ, HOUSTON, TX, 77046","-95.431567490914,29.732636301261","96062819","L"
"1039","379 Rockaway Ave, Brooklyn, NY, 11212","Match","Exact","379 ROCKAWAY AVE, BROOKLYN, NY, 11212","-73.910953382532,40.670809825713","59083908","L"
"1038","479 Saratoga Ave, Brooklyn, NY, 11212","Match","Exact","479 SARATOGA AVE, BROOKLYN, NY, 11212","-73.91727479036,40.668889571199","59083785","L"
"2369","14090 Southwest Freeway Suite 300, Sugar Land, TX, 14090","No_Match"
"1037","341 Rockaway Ave, Brooklyn, NY, 11212","Match","Exact","341 ROCKAWAY AVE, BROOKLYN, NY, 11212","-73.911175794931,40.671726560275","59083902","L"
"2368","611 Scarborough Lane, Pasadena, TX, 77506","Match","Exact","611 SCARBOROUGH LN, PASADENA, TX, 77506","-95.228074153447,29.703173788522","96097558","L"
"1036","451 Rockaway Ave, Brooklyn, NY, 11212","Match","Exact","451 ROCKAWAY AVE, BROOKLYN, NY, 11212","-73.910392937821,40.66862957947","59083911","L"
"2367","7015 Barker Cypress Rd, Cypress, TX, 77433","No_Match"
"1035","1522 Pitkin Ave, Brooklyn, NY, 11212","Match","Exact","1522 PITKIN AVE, BROOKLYN, NY, 11212","-73.917500054302,40.668619942734","59083797","R"
"2366","5757 Bissonnet St, Bellaire, TX, 77401","Match","Exact","5757 BISSONNET ST, BELLAIRE, TX, 77401","-95.481545111419,29.700623909314","96033434","L"
"1034","1676 Pitkin Ave, Brooklyn, NY, 11212","Match","Exact","1676 PITKIN AVE, BROOKLYN, NY, 11212","-73.911394606852,40.669526119378","59083910","R"
"2365","4700 Blaffer St, Houston, TX, 77026","Match","Non_Exact","4700 BLAFFER, HOUSTON, TX, 77026","-95.305784180749,29.802806774438","96636913","R"
"1055","727 7th Ave, New York, NY 10019, NYC, NY, 10019","Match","Non_Exact","727 7TH AVE, NEW YORK, NY, 10019","-73.983792024682,40.760252955808","59655290","R"
"2386","308 Middleton St, Houston, TX, 77003","Match","Exact","308 MIDDLETON ST, HOUSTON, TX, 77003","-95.344070095657,29.752069240435","96070460","R"
"1054","2123 Caton Ave, Brooklyn, NY 11226, NYC, NY, 11226","Match","Non_Exact","2123 CATON AVE, BROOKLYN, NY, 11226","-73.958873423821,40.653008245268","59098053","L"
"2385","600 N Shepherd St Suite 535, Houston, TX, 77007","Match","Non_Exact","600 N SHEPHERD DR, HOUSTON, TX, 77007","-95.409129201391,29.781570364433","644769087","R"
"1053","263 W 30th St #3, New York, NY 10001, NYC, NY, 10001","Match","Non_Exact","263 W 30TH ST, NEW YORK, NY, 10001","-73.994202778859,40.749272669595","59653374","R"
"2384","708 Janisch Rd., Houston, TX, 77018","Match","Exact","708 JANISCH RD, HOUSTON, TX, 77018","-95.411039588578,29.837328952199","96054179","R"
"1052","911 Broadway, Brooklyn, NY 11206, NYC, NY, 11206","Match","Non_Exact","911 BROADWAY, BROOKLYN, NY, 11206","-73.936473954892,40.697735816084","59079059","L"
"2383","8590 W. Tidwell Road, Houston, TX, 77040","Match","Exact","8590 W TIDWELL RD, HOUSTON, TX, 77040","-95.523971915592,29.850922013197","96646683","R"
"1051","411 Lewis Ave, Brooklyn, NY 11233, NYC, NY, 11233","Match","Non_Exact","411 LEWIS AVE, BROOKLYN, NY, 11233","-73.934723615506,40.681719012899","59079306","L"
"2382","3411 Cummins St., #28, Houston, TX, 77027","Match","Exact","3411 CUMMINS ST, HOUSTON, TX, 77027","-95.43844347071,29.734941579252","657525862","L"
"1050","717 Franklin Ave, Brooklyn, NY 11238, NYC, NY, 11238","Match","Non_Exact","717 FRANKLIN AVE, BROOKLYN, NY, 11238","-73.956686693568,40.673996539203","59079337","L"
"2381","8208 Westpark Dr, Houston, TX, 77063","Match","Exact","8208 WESTPARK DR, HOUSTON, TX, 77063","-95.509856181148,29.722369091304","96031419","R"
"2380","200 Hyde Park Blvd, Houston, TX, 77006","Match","Exact","200 HYDE PARK BLVD, HOUSTON, TX, 77006","-95.38488578072,29.747598402919","96066894","R"
"1049","1057 Fulton St, Brooklyn, NY 11238, NYC, NY, 11238","Match","Non_Exact","1057 FULTON ST, BROOKLYN, NY, 11238","-73.959502892233,40.681994075579","59078078","L"
"1048","1377 East New York Ave, Brooklyn, NY, 11212","Match","Exact","1377 E NEW YORK AVE, BROOKLYN, NY, 11212","-73.917582964472,40.669411571798","642653912","L"
"2379","10475 Deer Trail Dr, Houston, TX, 10475","No_Match"
"1047","110 Osborn St, Brooklyn, NY, 11212","Match","Exact","110 OSBORN ST, BROOKLYN, NY, 11212","-73.908914006881,40.669772326077","59083930","R"
"2378","7324 Southwest Freeway, Suite 266, Houston, TX, 77074","Match","Exact","7324 SOUTHWEST FWY, HOUSTON, TX, 77074","-95.517481554138,29.701071361632","657557764","R"
"1046","450 Liberty Ave, Brooklyn, NY, 11207","Match","Exact","450 LIBERTY AVE, BROOKLYN, NY, 11207","-73.893239051009,40.674827607751","59084990","R"
"2377","7070 Knights Court #1404, Missouri City, TX, 77459","Match","Exact","7070 KNIGHTS CT, MISSOURI CITY, TX, 77459","-95.552167371519,29.548273074561","227760713","R"
"1045","446 Mother Gaston Blvd, Brooklyn, NY, 11212","Match","Exact","446 MOTHER GASTON BLVD, BROOKLYN, NY, 11212","-73.906621993308,40.668468312767","59083938","R"
"2376","2480 Dallas St, Houston, TX, 77003","Match","Exact","2480 DALLAS ST, HOUSTON, TX, 77003","-95.353493871043,29.747760137329","96069733","R"
"1066","348 Douglass St, Brooklyn, NY 11217, NYC, NY, 11217","Match","Non_Exact","348 DOUGLASS ST, BROOKLYN, NY, 11217","-73.981539972814,40.67916879254","59077616","R"
"2397","3250 Bingle Rd, Houston, TX, 77055","Match","Exact","3250 BINGLE RD, HOUSTON, TX, 77055","-95.49617200614,29.823031199065","640066955","R"
"1065","302 Nostrand Ave, Brooklyn, NY 11216, NYC, NY, 11216","Match","Non_Exact","302 NOSTRAND AVE, BROOKLYN, NY, 11216","-73.951457779176,40.689442155592","634254965","R"
"2396","6015 N Shepherd Dr, Houston, TX, 77091","Match","Exact","6015 N SHEPHERD DR, HOUSTON, TX, 77091","-95.412414000582,29.852396452639","649843279","L"
"1064","613 E Tremont Ave, Bronx, NY 10457, NYC, NY, 10457","Match","Non_Exact","613 E TREMONT AVE, BRONX, NY, 10457","-73.892671367023,40.846230784468","80301509","L"
"2395","8090 Westheimer Rd, Houston, TX, 77063","Match","Exact","8090 WESTHEIMER RD, HOUSTON, TX, 77063","-95.509922353542,29.737646666651","649110391","L"
"1063","1300 E 222nd St, Bronx, NY 10469, NYC, NY, 10469","Match","Non_Exact","1300 E 222ND ST, BRONX, NY, 10469","-73.84320947007,40.879029834348","640816450","R"
"2394","8090 Westheimer Rd., Houston, TX, 77063","Match","Exact","8090 WESTHEIMER RD, HOUSTON, TX, 77063","-95.509922353542,29.737646666651","649110391","L"
"1062","2084 Frederick Douglass Blvd, New York, NY 10026, NYC, NY, 10026","Match","Non_Exact","2084 FREDERICK DOUGLASS BLVD, NEW YORK, NY, 10026","-73.956826014922,40.802306951461","59657664","R"
"2393","10040 East Fwy, Houston, TX, 10040","Match","Non_Exact","10040 EAST FWY, HOUSTON, TX, 77029","-95.25220526097,29.773323963348","96131183","R"
"1061","763 St Nicholas Ave, New York, NY 10031, NYC, NY, 10031","Match","Non_Exact","763 ST NICHOLAS AVE, NEW YORK, NY, 10031","-73.943336526028,40.8261847955","640813680","L"
"2392","1001 Fannin St, Suite 4750, Houston, TX, 77002","Match","Exact","1001 FANNIN ST, HOUSTON, TX, 77002","-95.364034353368,29.756354154079","96067720","L"
"1060","1174 St Marks Ave, Brooklyn, NY 11213, NYC, NY, 11213","Match","Non_Exact","1174 ST MARKS AVE, BROOKLYN, NY, 11213","-73.930951713995,40.674111884045","59079751","R"
"2391","3117 College Park Dr, #230, The Woodlands, TX, 77384","Match","Exact","3117 COLLEGE PARK DR, THE WOODLANDS, TX, 77384","-95.464832470866,30.206918074896","638052179","R"
"2390","7333 North Fwy, Houston, TX, 77076","No_Match"
"1059","2123 Caton Ave Lot 58, Brooklyn, NY 11226, NYC, NY, 11226","Match","Non_Exact","2123 CATON AVE, BROOKLYN, NY, 11226","-73.958873423821,40.653008245268","59098053","L"
"1058","2162 Fulton St, Brooklyn, NY 11233, NYC, NY, 11233","Match","Non_Exact","2162 FULTON ST, BROOKLYN, NY, 11233","-73.910341591819,40.678197672376","59100853","R"
"2389","2420 Baylor Street, Houston, TX, 77009","Match","Exact","2420 BAYLOR ST, HOUSTON, TX, 77009","-95.384838517535,29.808533234609","96057856","R"
"1057","239 W 116th St, New York, NY 10026, NYC, NY, 10026","Match","Non_Exact","239 W 116TH ST, NEW YORK, NY, 10026","-73.953606906009,40.80374019322","59657661","R"
"2388","6220 Westpark Dr, Suite 110, Houston, TX, 77057","Match","Exact","6220 WESTPARK DR, HOUSTON, TX, 77057","-95.49519638927,29.723534384106","647648734","R"
"1056","2041 Davidson Ave, Bronx, NY 10453, NYC, NY, 10453","Match","Non_Exact","2041 DAVIDSON AVE, BRONX, NY, 10453","-73.908522306754,40.853897354636","80299668","L"
"2387","3033 Chimney Rock, Suite 305, Houston, TX, 77056","Match","Non_Exact","3033 CHIMNEY ROCK RD, HOUSTON, TX, 77056","-95.476441648471,29.733908479841","96033080","L"
"1077","874 Lexington Ave, New York, NY, 10065","Match","Exact","874 LEXINGTON AVE, NEW YORK, NY, 10065","-73.965346253948,40.766238384197","59657465","L"
"1076","2105 Flatbush Ave, Brooklyn, NY 11234, New York, NY, 11234","Match","Non_Exact","2105 FLATBUSH AVE, BROOKLYN, NY, 11234","-73.932267758276,40.618511217636","59092335","L"
"1075","198-03 Jamaica Ave, Hollis, NY 11423, New York, NY, 11423","Match","Non_Exact","198-03 JAMAICA AVE, HOLLIS, NY, 11423","-73.761079011377,40.713496687554","59716890","L"
"1074","127 E 59th St, Suite 7, New York, NY, 10022","Match","Exact","127 E 59TH ST, NEW YORK, NY, 10022","-73.969304783075,40.762770476817","59657442","L"
"1073","174 St Nicholas Ave, New York, NY, 10026","Match","Exact","174 ST NICHOLAS AVE, NEW YORK, NY, 10026","-73.952726353563,40.805810804965","59657679","R"
"1072","3005 Church Ave, Brooklyn, NY 11226, New York, NY, 11226","Match","Non_Exact","3005 CHURCH AVE, BROOKLYN, NY, 11226","-73.949466035443,40.650867927083","59081499","L"
"1071","149-10 Linden Blvd, Jamaica, NY 11436, NYC, NY, 11436","Match","Non_Exact","149-10 LINDEN BLVD, JAMAICA, NY, 11436","-73.794295519751,40.686126352718","652209671","R"
"1070","15-11 College Point Blvd, College Point, NY 11356, NYC, NY, 11356","Match","Non_Exact","15-11 COLLEGE POINT BLVD, COLLEGE POINT, NY, 11356","-73.845739676418,40.784046958425","59699654","L"
"1069","138-24 Farmers Blvd, Jamaica, NY 11434, NYC, NY, 11434","Match","Non_Exact","138-24 FARMERS BLVD, JAMAICA, NY, 11434","-73.764206249312,40.672588202965","642135211","R"
"1068","15046 Shore Ave, Jamaica, NY 11433, NYC, NY, 15046","No_Match"
"2399","811 Main Street, #100, Houston, TX, 77002","Match","Exact","811 MAIN ST, HOUSTON, TX, 77002","-95.363774328529,29.75830126366","96067702","L"
"1067","601 Lexington Ave, New York, NY 10022, NYC, NY, 10022","Match","Non_Exact","601 LEXINGTON AVE, NEW YORK, NY, 10022","-73.970891286591,40.758395213304","59657485","R"
"2398","7018 Bender Rd, Humble, TX, 77396","Match","Exact","7018 BENDER RD, HUMBLE, TX, 77396","-95.281290723684,29.948890101535","96421619","R"
"1080","360 W 125th St, 2nd Floor, New York, NY, 10027","Match","Exact","360 W 125TH ST, NEW YORK, NY, 10027","-73.953216507773,40.810965851109","59661827","L"
"1088","218 Ralph Ave, Brooklyn, NY 11233, New York, NY, 11233","Match","Non_Exact","218 RALPH AVE, BROOKLYN, NY, 11233","-73.922654205127,40.682126324363","59082882","R"
"1087","216 7th Ave, New York, NY, 10011","Match","Exact","216 7TH AVE, NEW YORK, NY, 10011","-73.995954235376,40.743793459587","59653396","L"
"1086","2002 Church Ave, Brooklyn, NY 11226, New York, NY, 11226","Match","Non_Exact","2002 CHURCH AVE, BROOKLYN, NY, 11226","-73.96090401077,40.650039503813","59080979","R"
"1085","66 Loisaida Ave, New York, NY, 10009","No_Match"
"1084","304 Malcolm X Blvd, Brooklyn, NY 11233, New York, NY, 11233","Match","Non_Exact","304 MALCOLM X BLVD, NEW YORK, NY, 10027","-73.94527637306,40.807939961762","59656438","R"
"1083","248 Patchen Ave, Brooklyn, NY 11233, New York, NY, 11233","Match","Non_Exact","248 PATCHEN AVE, BROOKLYN, NY, 11233","-73.925992274738,40.682169602249","59082802","R"
"1082","410 Marcus Garvey Blvd, Brooklyn, NY 11216, New York, NY, 11216","Match","Non_Exact","410 MARCUS GARVEY BLVD, BROOKLYN, NY, 11216","-73.938084824831,40.682814744453","59079282","R"
"1081","423 Marcus Garvey Blvd, Brooklyn, NY 11216, New York, NY, 11216","Match","Non_Exact","423 MARCUS GARVEY BLVD, BROOKLYN, NY, 11216","-73.937887755977,40.682590617357","59079282","L"
"1079","1014 Fulton St, Brooklyn, NY 11238, New York, NY, 11238","Match","Non_Exact","1014 FULTON ST, BROOKLYN, NY, 11238","-73.960304590083,40.682041266571","59078075","R"
"1078","245 Fifth Ave, Suite 34, New York, NY, 10016","Match","Exact","245 5TH AVE, NEW YORK, NY, 10016","-73.98736196149,40.744475800831","59653461","R"
"1091","65 Kent Ave, Brooklyn, NY 11249, New York, NY, 11249","Match","Non_Exact","65 KENT AVE, BROOKLYN, NY, 11249","-73.95983130025,40.721985655799","59075938","L"
"1090","49-02A Junction Blvd, Elmhurst, NY 11373, New York, NY, 11373","Match","Non_Exact","49-02 JUNCTION BLVD, ELMHURST, NY, 11373","-73.867559265674,40.742037845029","59704832","R"
"1099","724 Prospect Pl, Brooklyn, NY 11216, New York, NY, 11216","Match","Non_Exact","724 PROSPECT PL, BROOKLYN, NY, 11216","-73.952139366534,40.674369010617","59079367","R"
"1098","121 Ludlow St Fl 2, New York, NY, 10002","Match","Exact","121 LUDLOW ST, NEW YORK, NY, 10002","-73.988640150599,40.719678632553","59654119","L"
"1097","488 Carroll St, Brooklyn, NY 11215, New York, NY, 11215","Match","Non_Exact","488 CARROLL ST, BROOKLYN, NY, 11215","-73.986201173488,40.676978372059","59075663","R"
"1096","3363 E Tremont Ave, Bronx, NY 10461, New York, NY, 10461","Match","Non_Exact","3363 E TREMONT AVE, BRONX, NY, 10461","-73.829137046625,40.834438724591","80306885","L"
"1095","158 E 188th St, Bronx, NY 10468, New York, NY, 10468","Match","Non_Exact","158 E 188TH ST, BRONX, NY, 10468","-73.898436388969,40.861600669438","640811089","R"
"1094","70 W 3rd St, New York, NY, 10012","Match","Exact","70 W 3RD ST, NEW YORK, NY, 10012","-73.998530022639,40.729572605902","59653739","L"
"1093","679 Riverside Dr, New York, NY, 10031","No_Match"
"1092","448 Dean St, Brooklyn, NY 11217, New York, NY, 11217","Match","Non_Exact","448 DEAN ST, BROOKLYN, NY, 11217","-73.976311663283,40.681947581146","59077705","R"
"1089","10 Lincoln Center Plaza, New York, NY, 10023","Match","Exact","10 LINCOLN CENTER PLZ, NEW YORK, NY, 10023","-73.981478973426,40.771039714423","611183092","L"
"200","51 Buffalo Ave, Brooklyn, NY, 11233","Match","Exact","51 BUFFALO AVE, BROOKLYN, NY, 11233","-73.92468126856,40.677265646745","59083361","L"
"201","1170 Nostrand Ave, Brooklyn, NY, 11225","Match","Exact","1170 NOSTRAND AVE, BROOKLYN, NY, 11225","-73.95051447878,40.658906472025","59079563","R"
"202","363 Lincoln Rd, Brooklyn, NY, 11225","Match","Exact","363 LINCOLN RD, BROOKLYN, NY, 11225","-73.950656967242,40.661630538729","59079583","L"
"203","532 4th Ave, Brooklyn, NY, 11215","Match","Exact","532 4TH AVE, BROOKLYN, NY, 11215","-73.991381813691,40.667263793347","59075639","R"
"204","366 Myrtle Ave, Brooklyn, NY, 11205","Match","Exact","366 MYRTLE AVE, BROOKLYN, NY, 11205","-73.971609075979,40.6931436861","59077528","R"
"205","3005 Church Ave, Brooklyn, NY, 11226","Match","Exact","3005 CHURCH AVE, BROOKLYN, NY, 11226","-73.949466035443,40.650867927083","59081499","L"
"206","1396 Fulton St, Brooklyn, NY, 11216","Match","Exact","1396 FULTON ST, BROOKLYN, NY, 11216","-73.944943378986,40.680086449088","59078935","R"
"207","1241 Flatbush Ave, Brooklyn, NY, 11226","Match","Exact","1241 FLATBUSH AVE, BROOKLYN, NY, 11226","-73.95517895436,40.640133422736","59081439","L"
"208","195 Utica Ave, Brooklyn, NY, 11213","Match","Exact","195 UTICA AVE, BROOKLYN, NY, 11213","-73.930734091936,40.672106689143","59083308","L"
"209","52 Harrison Pl, Brooklyn, NY, 11237","Match","Exact","52 HARRISON PL, BROOKLYN, NY, 11237","-73.93137826524,40.706377714078","59082320","R"
"210","685 Knickerbocker Ave, Brooklyn, NY, 11221","Match","Exact","685 KNICKERBOCKER AVE, BROOKLYN, NY, 11221","-73.911123713568,40.694768900673","59083060","L"
"211","48 Cypress Ave, Brooklyn, NY, 11237","Match","Exact","48 CYPRESS AVE, BROOKLYN, NY, 11237","-73.920567640971,40.708542296157","59082442","R"
"212","1621 Nostrand Ave, Brooklyn, NY, 11226","Match","Exact","1621 NOSTRAND AVE, BROOKLYN, NY, 11226","-73.949037532986,40.646538990007","59081496","L"
"213","563 E 26th St, Brooklyn, NY, 11210","Match","Exact","563 E 26TH ST, BROOKLYN, NY, 11210","-73.952662213795,40.637367573963","59081623","L"
"214","788 Nostrand Ave, Brooklyn, NY, 11216","Match","Exact","788 NOSTRAND AVE, BROOKLYN, NY, 11216","-73.950398699088,40.671760800239","59079424","R"
"215","160 Havemeyer St Store 4, Brooklyn, NY, 11211","Match","Non_Exact","160 HAVEMEYER ST, BROOKLYN, NY, 11211","-73.957745221741,40.711406068013","59076635","R"
"216","1215 Nostrand Ave, Brooklyn, NY, 11225","Match","Exact","1215 NOSTRAND AVE, BROOKLYN, NY, 11225","-73.950222804675,40.657573204377","59079609","L"
"217","717 Franklin Ave, Brooklyn, NY, 11238","Match","Exact","717 FRANKLIN AVE, BROOKLYN, NY, 11238","-73.956686693568,40.673996539203","59079337","L"
"218","724 Prospect Pl, Brooklyn, NY, 11216","Match","Exact","724 PROSPECT PL, BROOKLYN, NY, 11216","-73.952139366534,40.674369010617","59079367","R"
"219","315 Smith St, Brooklyn, NY, 11231","Match","Exact","315 SMITH ST, BROOKLYN, NY, 11231","-73.99408165185,40.681267963763","59075291","L"
"220","1021 Cortelyou Rd, Brooklyn, NY, 11218","Match","Exact","1021 CORTELYOU RD, BROOKLYN, NY, 11218","-73.968611289617,40.639405150781","59081050","L"
"221","115 Ralph Ave, Brooklyn, NY, 11221","Match","Exact","115 RALPH AVE, BROOKLYN, NY, 11221","-73.923296539758,40.686219373044","59082833","L"
"222","1 Boerum Pl Suite 205, Brooklyn, NY, 11201","Match","Exact","1 BOERUM PL, BROOKLYN, NY, 11201","-73.990650971992,40.689068211423","59075256","L"
"223","761 Dekalb Ave, Brooklyn, NY, 11216","Match","Exact","761 DEKALB AVE, BROOKLYN, NY, 11216","-73.945995611598,40.692051169775","59078766","L"
"224","42 Jackson St, Brooklyn, NY, 11211","Match","Exact","42 JACKSON ST, BROOKLYN, NY, 11211","-73.949849273753,40.716106264525","59076807","R"
"225","1225 Broadway, Brooklyn, NY, 11221","Match","Exact","1225 BROADWAY, BROOKLYN, NY, 11221","-73.926016773141,40.691825315254","59082622","L"
"226","4216 White Plains Rd, Bronx, NY, 10466","Match","Exact","4216 WHITE PLAINS RD, BRONX, NY, 10466","-73.857010643338,40.893907990078","80297078","R"
"227","4246 White Plains Rd, Bronx, NY, 10466","Match","Exact","4246 WHITE PLAINS RD, BRONX, NY, 10466","-73.8565467405,40.894750214927","80297074","R"
"228","5 E 167th St, Bronx, NY, 10452","Match","Exact","5 E 167TH ST, BRONX, NY, 10452","-73.92211327986,40.836078773015","80299478","L"
"229","1893 Andrews Ave S, Bronx, NY, 10453","Match","Exact","1893 ANDREWS AVE S, BRONX, NY, 10453","-73.913953832402,40.85358075859","80310477","L"
"230","1060 Morris Park Ave, Bronx, NY, 10461","Match","Exact","1060 MORRIS PARK AVE, BRONX, NY, 10461","-73.854252102566,40.848939586609","80305277","R"
"231","3363 E Tremont Ave, Bronx, NY, 10461","Match","Exact","3363 E TREMONT AVE, BRONX, NY, 10461","-73.829137046625,40.834438724591","80306885","L"
"232","4342 White Plains Rd, Bronx, NY, 10466","Match","Exact","4342 WHITE PLAINS RD, BRONX, NY, 10466","-73.855397716601,40.896832343418","80297435","R"
"233","308 W 231st St, Bronx, NY, 10463","Match","Exact","308 W 231ST ST, BRONX, NY, 10463","-73.908571680831,40.880843998023","80296132","L"
"234","621 Crescent Ave, Bronx, NY, 10458","Match","Exact","621 CRESCENT AVE, BRONX, NY, 10458","-73.887435777247,40.853870916148","80301586","L"
"235","2276 Arthur Ave Ste A, Bronx, NY, 10457","Match","Non_Exact","2276 ARTHUR AVE, BRONX, NY, 10457","-73.889855298372,40.852521468448","80301468","R"
"236","4000 White Plains Rd, Bronx, NY, 10466","Match","Exact","4000 WHITE PLAINS RD, BRONX, NY, 10466","-73.859983163278,40.888542971042","80297095","R"
"237","2140 White Plains Rd, Bronx, NY, 10462","Match","Exact","2140 WHITE PLAINS RD, BRONX, NY, 10462","-73.86762390029,40.854548899277","80304342","R"
"238","1151 Boston Rd, Bronx, NY, 10456","Match","Exact","1151 BOSTON RD, BRONX, NY, 10456","-73.903601871241,40.828502546398","80301976","L"
"239","205 W 231st St, Bronx, NY, 10463","Match","Exact","205 W 231ST ST, BRONX, NY, 10463","-73.904934468665,40.879067449846","80296565","R"
"1909","505 S Henderson St., Fort Worth, TX, 76104","Match","Exact","505 S HENDERSON ST, FORT WORTH, TX, 76104","-97.337628553072,32.739713167655","102157185","L"
"1908","6080 Southwest Blvd., Benbrook, TX, 76109","Match","Exact","6080 SOUTHWEST BLVD, BENBROOK, TX, 76109","-97.413913260591,32.690259438086","102132440","R"
"240","2235 Jerome Ave, Bronx, NY, 10453","Match","Exact","2235 JEROME AVE, BRONX, NY, 10453","-73.90464935152,40.857250899533","80300945","L"
"241","10 E 208th St, Bronx, NY, 10467","Match","Exact","10 E 208TH ST, BRONX, NY, 10467","-73.88323452264,40.880560563668","80296695","R"
"242","205 E 167th St, Bronx, NY, 10456","Match","Exact","205 E 167TH ST, BRONX, NY, 10456","-73.915683578632,40.833850030906","80299893","L"
"243","99 E 165th St, Bronx, NY, 10452","Match","Exact","99 E 165TH ST, BRONX, NY, 10452","-73.921697795374,40.831411693102","80300119","L"
"244","1446 Williamsbridge Rd, Bronx, NY, 10461","Match","Exact","1446 WILLIAMSBRIDGE RD, BRONX, NY, 10461","-73.845023859689,40.843293876076","80305577","R"
"245","4459 Matilda Ave, Bronx, NY, 10470","Match","Exact","4459 MATILDA AVE, BRONX, NY, 10470","-73.855486443111,40.900192506563","80297425","L"
"246","1234 Arnow Ave 2nd Floor, Bronx, NY, 10469","Match","Exact","1234 ARNOW AVE, BRONX, NY, 10469","-73.851522851777,40.867541489765","80303731","R"
"247","1508 Stillwell Ave, Bronx, NY, 10461","Match","Exact","1508 STILLWELL AVE, BRONX, NY, 10461","-73.842984210831,40.853183204629","80305661","R"
"248","3762 White Plains Rd, Bronx, NY, 10467","Match","Exact","3762 WHITE PLAINS RD, BRONX, NY, 10467","-73.86301078313,40.883056061391","80297035","R"
"249","2203 Belmont Ave Apt 4B, Bronx, NY, 10457","Match","Exact","2203 BELMONT AVE, BRONX, NY, 10457","-73.888061275825,40.851098065963","652209832","L"
"1907","10101 Hicks Field Rd, Suite 111, Fort Worth, TX, 10101","Match","Non_Exact","10101 HICKS FIELD RD, FORT WORTH, TX, 76179","-97.400697179178,32.907996090346","101851181","L"
"1906","9800 Hillwood Parkway, Suite 100, Fort Worth, TX, 76177","Match","Exact","9800 HILLWOOD PKWY, FORT WORTH, TX, 76177","-97.312391975042,32.919513040616","658472057","R"
"1905","2411 Weaver Street, Haltom City, TX, 76117","Match","Exact","2411 WEAVER ST, HALTOM CITY, TX, 76117","-97.247212240589,32.794969497705","101864076","L"
"1904","2200 West 7th Street, Suite 212, Fort Worth, TX, 76107","Match","Exact","2200 W 7TH ST, FORT WORTH, TX, 76107","-97.349023152909,32.751088261527","101884551","R"
"1903","1320 S. University Drive, Ste 100, Fort Worth, TX, 76107","Match","Exact","1320 S UNIVERSITY DR, FORT WORTH, TX, 76107","-97.361580842147,32.73266958933","101884322","R"
"1902","3030 LBJ Freeway, Suite 750, Dallas, TX, 75234","Match","Exact","3030 LYNDON B JOHNSON FWY, DALLAS, TX, 75234","-96.86754019981,32.914245831876","103272086","L"
"1901","3757 N. Beach St., Fort Worth, TX, 76137","Match","Exact","3757 N BEACH ST, FORT WORTH, TX, 76137","-97.290727956619,32.812009399258","657495425","L"
"1900","5465 Legacy Dr, Ste 650, Plano, TX, 75024","Match","Exact","5465 LEGACY DR, PLANO, TX, 75024","-96.811988691471,33.078048502903","210508023","L"
"1919","1500 Mall Cir., Fort Worth, TX, 76116","No_Match"
"250","721 Walton Ave, Bronx, NY, 10451","Match","Exact","721 WALTON AVE, BRONX, NY, 10451","-73.926299660678,40.823681251193","80300148","L"
"251","357 E 145th St, Bronx, NY, 10454","Match","Exact","357 E 145TH ST, BRONX, NY, 10454","-73.920992121622,40.814147039706","652205199","L"
"252","2462 Belmont Ave, Bronx, NY, 10458","Match","Exact","2462 BELMONT AVE, BRONX, NY, 10458","-73.885025709385,40.856139135866","80301573","R"
"253","86-23 Roosevelt Ave, Jackson Heights, NY 11372, Queens, NY, 11372","Match","Non_Exact","86-23 ROOSEVELT AVE, JACKSON HEIGHTS, NY, 11372","-73.879702909604,40.748131866586","59695534","L"
"1910","3107 Holbrook Rd, Springtown, TX, 76082","Match","Exact","3107 HOLBROOK RD, SPRINGTOWN, TX, 76082","-97.72347216206,32.985335009","636351333","L"
"254","77-17 37th Ave, Jackson Heights, NY 11372, Queens, NY, 11372","Match","Non_Exact","77-17 37TH AVE, JACKSON HEIGHTS, NY, 11372","-73.888781919069,40.749333917433","640905755","L"
"255","106-20 Corona Ave, Corona, NY 11368, Queens, NY, 11368","Match","Non_Exact","106-20 CORONA AVE, CORONA, NY, 11368","-73.857026726666,40.74383735715","640932070","R"
"256","32-23 Junction Blvd, Queens, NY, 11369","Match","Non_Exact","32-23 JUNCTION BLVD, EAST ELMHURST, NY, 11369","-73.87429653458,40.758166621859","59699313","L"
"257","80-03 Roosevelt Ave, Jackson Heights, NY 11372, Queens, NY, 11372","Match","Non_Exact","80-03 ROOSEVELT AVE, JACKSON HEIGHTS, NY, 11372","-73.885706246281,40.747504128107","59693864","L"
"258","86-02 37th Ave, Jackson Heights, NY 11372, Queens, NY, 11372","Match","Non_Exact","86-02 37TH AVE, JACKSON HEIGHTS, NY, 11372","-73.880492230536,40.750090647508","59695520","R"
"259","172-35 Hillside Ave, Jamaica, NY 11432, Queens, NY, 11432","Match","Non_Exact","172-35 HILLSIDE AVE, JAMAICA, NY, 11432","-73.789320900535,40.712073991024","641011293","L"
"1918","200 Taylor Street, Suite 215, Fort Worth, TX, 76102","Match","Exact","200 TAYLOR ST, FORT WORTH, TX, 76102","-97.334873555713,32.755288005807","101884655","R"
"1917","2602 Mayfield Rd, Grand Prairie, TX, 75052","Match","Exact","2602 MAYFIELD RD, GRAND PRAIRIE, TX, 75052","-97.044236726186,32.691441459927","655887878","R"
"1916","1316 Pennsylvania Avenue, Fort Worth, TX, 76104","Match","Exact","1316 PENNSYLVANIA AVE, FORT WORTH, TX, 76104","-97.34000513558,32.738541589677","624694992","R"
"1915","100 S. Village Center Dr, Southlake, TX, 76092","Match","Exact","100 S VILLAGE CENTER DR, SOUTHLAKE, TX, 76092","-97.122916039582,32.940919566448","618009650","R"
"1914","19111 Dallas Pkwy Suite 380, Dallas, TX, 19111","Match","Non_Exact","19111 DALLAS PKWY, DALLAS, TX, 75287","-96.82961026087,33.008736618981","210479287","R"
"1913","1911 Montgomery Street, Fort Worth, TX, 76107","Match","Exact","1911 MONTGOMERY ST, FORT WORTH, TX, 76107","-97.369948986236,32.740549949978","101884106","L"
"1912","6565 Headquarters Dr., Plano, TX, 75024","Match","Exact","6565 HEADQUARTERS DR, PLANO, TX, 75024","-96.845693445815,33.080217718192","103417219","R"
"1911","7400 Sand Street, Fort Worth, TX, 76118","Match","Exact","7400 SAND ST, FORT WORTH, TX, 76118","-97.219146835244,32.796035982253","640622770","R"
"260","58-13 Woodside Ave, Woodside, NY 11377, Queens, NY, 11377","Match","Non_Exact","58-13 WOODSIDE AVE, WOODSIDE, NY, 11377","-73.906235744555,40.745646107954","59693343","L"
"261","111-14 Corona Ave, Corona, NY 11368, Queens, NY, 11368","Match","Non_Exact","111-14 CORONA AVE, CORONA, NY, 11368","-73.849678804662,40.740402215029","59705736","R"
"262","132-17 Liberty Ave, South Richmond Hill, NY 11419, Queens, NY, 11419","No_Match"
"263","76-02 Roosevelt Ave, Jackson Heights, NY 11372, Queens, NY, 11372","Match","Non_Exact","76-02 ROOSEVELT AVE, JACKSON HEIGHTS, NY, 11372","-73.889471003148,40.746994039518","59693828","R"
"264","205-01 Linden Blvd Store B, St Albans, NY 11412, Queens, NY, 11412","Match","Non_Exact","205-01 LINDEN BLVD, SAINT ALBANS, NY, 11412","-73.74769910488,40.695761045126","59720357","L"
"1921","532 Commerce St, Fort Worth, TX, 76102","Match","Exact","532 COMMERCE ST, FORT WORTH, TX, 76102","-97.330243388254,32.754675158924","101888812","R"
"265","111-20 Roosevelt Ave, Corona, NY 11368, Queens, NY, 11368","Match","Non_Exact","111-20 ROOSEVELT AVE, CORONA, NY, 11368","-73.855067152957,40.75174842202","59705626","R"
"1920","4410 W. Vickery Blvd Ste 100, Fort Worth, TX, 76164","Match","Non_Exact","4410 W VICKERY BLVD, FORT WORTH, TX, 76107","-97.382768458676,32.723465865292","101884233","R"
"266","39-07 104th St, Corona, NY 11368, Queens, NY, 11368","Match","Non_Exact","39-07 104TH ST, CORONA, NY, 11368","-73.861987064404,40.750582750284","59704626","L"
"267","111-03 Lefferts Blvd, South Ozone Park, NY 11420, Queens, NY, 11420","No_Match"
"268","150-54 14th Ave, Whitestone, NY 11357, Queens, NY, 11357","Match","Non_Exact","150-54 14TH AVE, WHITESTONE, NY, 11357","-73.812532600869,40.789073829152","59700639","R"
"269","219-13 Merrick Blvd, Queens, NY, 11413","Match","Non_Exact","219-13 MERRICK BLVD, SPRINGFIELD GARDENS, NY, 11413","-73.749735033324,40.67921699157","59720592","L"
"1929","4521 Odessa Ave, Fort Worth, TX, 76133","Match","Exact","4521 ODESSA AVE, FORT WORTH, TX, 76133","-97.362629358181,32.68182131782","101886800","L"
"1928","1278 Bentley Blvd, Haslet, TX, 76052","Match","Exact","1278 BENTLEY BLVD, HASLET, TX, 76052","-97.362527253592,32.957265853598","658510714","L"
"1927","6080 S Hulen St, STE 360 PMB 205, Fort Worth, TX, 76132","Match","Non_Exact","6080 S HULEN ST, FORT WORTH, TX, 76132","-97.400846169308,32.660076341753","101882778","R"
"1926","902 Grand Ave, Fort Worth, TX, 76164","Match","Exact","902 GRAND AVE, FORT WORTH, TX, 76164","-97.350941753517,32.769639446862","101856730","R"
"1925","1010 N. Center Street, Arlington, TX, 76011","Match","Exact","1010 N CENTER ST, ARLINGTON, TX, 76011","-97.106832904792,32.75036415478","657485426","L"
"1924","3701 Southwest Blvd, Fort Worth, TX, 76123","Match","Non_Exact","3701 SOUTHWEST BLVD, FORT WORTH, TX, 76116","-97.441351420149,32.717542970266","102111131","R"
"1923","1400 Texas Star Parkway, Euless, TX, 76040","Match","Exact","1400 TEXAS STAR PKWY, EULESS, TX, 76040","-97.114450384883,32.819903602692","102097227","R"
"1922","2601 Whiskey Ranch Rd, Fort Worth, TX, 76119","No_Match"
"270","84-21 37th Ave, Jackson Heights, NY 11372, Queens, NY, 11372","Match","Non_Exact","84-21 37TH AVE, JACKSON HEIGHTS, NY, 11372","-73.882228167062,40.750021387264","59693859","L"
"271","124-12 6th Ave, College Point, NY 11356, Queens, NY, 11356","Match","Non_Exact","124-12 6TH AVE, COLLEGE POINT, NY, 11356","-73.84343926419,40.791529515004","59699611","R"
"272","82-49 Lefferts Blvd, Kew Gardens, NY 11415, Queens, NY, 11415","Match","Non_Exact","82-49 LEFFERTS BLVD, KEW GARDENS, NY, 11415","-73.831718439221,40.706686427474","59706716","L"
"273","92-27 165th St, Jamaica, NY 11433, Queens, NY, 11433","Match","Non_Exact","92-27 165TH ST, JAMAICA, NY, 11433","-73.794234112113,40.704718311788","652210249","L"
"274","150-18 Hawtree St, Ozone Park, NY 11417, Queens, NY, 11417","Match","Non_Exact","150 HAWTREE ST, OZONE PARK, NY, 11417","-73.838307711954,40.675556213435","59708653","R"
"275","272 Sand Ln, Staten Island, NY, 10305","Match","Exact","272 SAND LN, STATEN ISLAND, NY, 10305","-74.068346355754,40.592679733043","59870311","R"
"1932","2828 Rockport CV, Grapevine, TX, 76051","Match","Exact","2828 ROCK PORT COVE, GRAPEVINE, TX, 76051","-97.115118359857,32.967045884506","101867683","L"
"276","2047 Richmond Ter, Staten Island, NY, 10302","Match","Exact","2047 RICHMOND TER, STATEN ISLAND, NY, 10302","-74.13146421746,40.640386505593","59877729","R"
"1931","300 Throckmorton Street, Suite 700, Fort Worth, TX, 76102","Match","Exact","300 THROCKMORTON ST, FORT WORTH, TX, 76102","-97.333583492963,32.754939423982","101884918","R"
"277","451 Northfield Ave, Staten Island, NY, 10303","Match","Exact","451 NORTHFIELD AVE, STATEN ISLAND, NY, 10303","-74.168584814149,40.628353830812","59877252","L"
"1930","3825 S. Cravens Rd, Fort Worth, TX, 76119","Match","Exact","3825 S CRAVENS RD, FORT WORTH, TX, 76119","-97.22566877926,32.706977328897","101941938","L"
"278","236 Port Richmond Ave, Staten Island, NY, 10302","Match","Exact","236 PORT RICHMOND AVE, STATEN ISLAND, NY, 10302","-74.135159379123,40.635553654287","59877755","R"
"279","1553 Forest Ave, Staten Island, NY, 10302","Match","Exact","1553 FOREST AVE, STATEN ISLAND, NY, 10302","-74.139515141032,40.624449138464","59871378","R"
"1939","295 E Renfro, Suite 300, Burleson, TX, 76028","Match","Non_Exact","295 E RENFRO ST, BURLESON, TX, 76028","-97.316160872111,32.543516258302","614101726","L"
"1938","201 Main St, 2nd Floor Suite 200, Fort Worth, TX, 76102","Match","Exact","201 MAIN ST, FORT WORTH, TX, 76102","-97.332334596751,32.75642633304","101884696","L"
"1937","777 Main Street, Suite 1200, Fort Worth, TX, 76102","Match","Exact","777 MAIN ST, FORT WORTH, TX, 76102","-97.329951133987,32.752860135048","101888818","L"
"1936","9824 Ironwood Drive, Denton, TX, 76207","Match","Exact","9824 IRONWOOD DR, DENTON, TX, 76207","-97.232556617556,33.132826987062","646936868","L"
"1935","7940 Wyoming Dr, Fort Worth, TX, 76131","Match","Exact","7940 WYOMING DR, FORT WORTH, TX, 76131","-97.367349477604,32.887395753571","619873234","R"
"1934","6451 Silver Saddle Rd, Suite 301, Fort Worth, TX, 76126","Match","Exact","6451 SILVER SADDLE RD, FORT WORTH, TX, 76126","-97.504317076937,32.69762559444","102133631","L"
"1933","4520 Camp Bowie Blvd., Fort Worth, TX, 76107","No_Match"
"280","379 Van Duzer St, Staten Island, NY, 10304","Match","Exact","379 VAN DUZER ST, STATEN ISLAND, NY, 10304","-74.079800647604,40.628772794056","59879034","L"
"281","19 Spirit Ln, Staten Island, NY, 10303","Match","Exact","19 SPIRIT LN, STATEN ISLAND, NY, 10303","-74.156503573089,40.632744871531","59888951","L"
"282","450 Castleton Ave, Staten Island, NY, 10301","Match","Exact","450 CASTLETON AVE, STATEN ISLAND, NY, 10301","-74.097344026893,40.633944466576","59878609","L"
"283","170 Port Richmond Ave, Staten Island, NY, 10302","Match","Exact","170 PORT RICHMOND AVE, STATEN ISLAND, NY, 10302","-74.134123100373,40.637058281634","59877768","R"
"284","360 Targee St, Staten Island, NY, 10304","Match","Exact","360 TARGEE ST, STATEN ISLAND, NY, 10304","-74.084899692461,40.618734557756","59869277","R"
"285","33 Broad St, Staten Island, NY, 10304","Match","Exact","33 BROAD ST, STATEN ISLAND, NY, 10304","-74.076428665783,40.625496991224","59879201","R"
"286","704 Bay St, Staten Island, NY, 10304","Match","Exact","704 BAY ST, STATEN ISLAND, NY, 10304","-74.074743548976,40.624915584883","59883224","R"
"1943","5049 Edwards Ranch Rd, Fort Worth, TX, 76109","Match","Exact","5049 EDWARDS RANCH RD, FORT WORTH, TX, 76109","-97.397929892048,32.711379580659","658474196","R"
"287","480 Castleton Ave, Staten Island, NY, 10301","Match","Exact","480 CASTLETON AVE, STATEN ISLAND, NY, 10301","-74.098474183708,40.633952881913","59878441","L"
"1942","5825 Edwards Ranch Rd, STE 100, Fort Worth, TX, 76109","Match","Exact","5825 EDWARDS RANCH RD, FORT WORTH, TX, 76109","-97.410395928453,32.707839839114","624849662","R"
"288","420 South Ave, Staten Island, NY, 10303","Match","Exact","420 SOUTH AVE, STATEN ISLAND, NY, 10303","-74.166538274034,40.628683082551","59877260","R"
"1941","300 Throckmorton Street, Suite 1700, Fort Worth, TX, 76102","Match","Exact","300 THROCKMORTON ST, FORT WORTH, TX, 76102","-97.333583492963,32.754939423982","101884918","R"
"289","1679 Hylan Blvd, Staten Island, NY, 10305","Match","Exact","1679 HYLAN BLVD, STATEN ISLAND, NY, 10305","-74.091138115724,40.587713201744","636672629","R"
"1940","1661 S. University Drive, 1052, Fort Worth, TX, 76107","Match","Non_Exact","1661 S UNIVERSITY DR, FORT WORTH, TX, 76107","-97.36104927606,32.727352030038","102155642","L"
"1949","1328 Inwood Road, Dallas, TX, 75247","Match","Exact","1328 INWOOD RD, DALLAS, TX, 75247","-96.852500342694,32.805748826483","657145361","R"
"1948","130 North Preston Road, Suite 202, Prosper, TX, 75078","Match","Exact","130 N PRESTON RD, PROSPER, TX, 75078","-96.789230035502,33.236890069625","647714819","R"
"1947","3216 Royalty Row, Irving, TX, 75062","Match","Exact","3216 ROYALTY ROW, IRVING, TX, 75062","-96.898056638002,32.836554223153","102893863","R"
"1946","1033 Young Street, Dallas, TX, 75202","Match","Exact","1033 YOUNG ST, DALLAS, TX, 75202","-96.801659231237,32.776917510493","103267321","L"
"1945","4123 Cedar Springs Road, Dallas, TX, 75219","Match","Exact","4123 CEDAR SPRINGS RD, DALLAS, TX, 75219","-96.812683237141,32.81208613599","102908441","L"
"1944","1560 East Southlake Blvd STE 177, Southlake, TX, 76092","Match","Exact","1560 E SOUTHLAKE BLVD, SOUTHLAKE, TX, 76092","-97.127046136566,32.941041141782","619808432","L"
"290","2180 Forest Ave, Staten Island, NY, 10303","Match","Exact","2180 FOREST AVE, STATEN ISLAND, NY, 10303","-74.16230578004,40.626661242252","647707248","L"
"291","400 Victory Blvd, Staten Island, NY, 10301","Match","Exact","400 VICTORY BLVD, STATEN ISLAND, NY, 10301","-74.087035188894,40.632256617063","59878928","L"
"292","39-18 63rd St, Woodside, NY 11377, Queens, NY, 11377","Match","Non_Exact","39-18 63RD ST, WOODSIDE, NY, 11377","-73.900934215089,40.74636593388","59693370","R"
"293","1660 Amsterdam Ave, New York, NY, 10031","Match","Exact","1660 AMSTERDAM AVE, NEW YORK, NY, 10031","-73.949000316241,40.823444197236","59655959","L"
"294","71-11 Northern Blvd, Jackson Heights, NY 11372, Queens, NY, 11372","Match","Non_Exact","71-11 NORTHERN BLVD, JACKSON HEIGHTS, NY, 11372","-73.895447925708,40.75455790967","59698256","L"
"295","41 Flatbush Ave Suite 237, Brooklyn, NY, 11217","Match","Exact","41 FLATBUSH AVE, BROOKLYN, NY, 11217","-73.979738243811,40.687322676371","658240756","L"
"296","41-05 47th St 1 FL, Sunnyside, NY 11104, Queens, NY, 11104","Match","Non_Exact","41-05 47TH ST, SUNNYSIDE, NY, 11104","-73.917033644735,40.746328069079","59692671","L"
"297","2564 Amsterdam Ave Store 4, New York, NY, 10040","Match","Non_Exact","2564 AMSTERDAM AVE, NEW YORK, NY, 10033","-73.92825271915,40.851842856006","59659090","L"
"1954","901 Main Street, Suite 4700, Dallas, TX, 75202","Match","Exact","901 MAIN ST, DALLAS, TX, 75202","-96.804235790932,32.779629946101","102910076","L"
"298","736 Allerton Ave, Bronx, NY, 10467","Match","Exact","736 ALLERTON AVE, BRONX, NY, 10467","-73.865868963145,40.865401954362","80303411","R"
"1953","1221 Abrams Road, Suite 100, Richardson, TX, 75081","Match","Exact","1221 ABRAMS RD, RICHARDSON, TX, 75081","-96.735481825453,32.926977555953","103208632","L"
"299","767 Astor Ave, Bronx, NY, 10467","Match","Exact","767 ASTOR AVE, BRONX, NY, 10467","-73.864797949781,40.859660445342","80303496","L"
"1952","2155 Chenault Drive, #509, Carrollton, TX, 75006","Match","Exact","2155 CHENAULT DR, CARROLLTON, TX, 75006","-96.844979243802,32.967164388821","102991970","L"
"1951","12770 Coit Road, Suite 1000, Dallas, TX, 12770","Match","Non_Exact","12770 COIT RD, DALLAS, TX, 75251","-96.769010504482,32.920733840471","103272406","L"
"1950","4000 Cedar Springs Road, Suite E, Dallas, TX, 75219","Match","Non_Exact","4000 CEDAR SPRINGS RD, DALLAS, TX, 75219","-96.811177384928,32.811087249005","102908503","R"
"1959","2301 Flora Street, Dallas, TX, 75201","Match","Exact","2301 FLORA ST, DALLAS, TX, 75201","-96.798101119026,32.789541286345","102909894","L"
"1958","2493 N Stemmons Freeway, Dallas, TX, 75207","Match","Exact","2493 N STEMMONS FWY, DALLAS, TX, 75207","-96.838644437183,32.805326104832","103230625","L"
"1957","6025 Luther Lane, Dallas, TX, 75225","Match","Exact","6025 LUTHER LN, DALLAS, TX, 75225","-96.807997112505,32.863650543128","103203537","L"
"1956","3600 Gaston Avenue, Barnett Tower Suite 1001, Dallas, TX, 75246","Match","Non_Exact","3600 GASTON AVE, DALLAS, TX, 75246","-96.780345249632,32.790934580041","103176773","R"
"1955","2155 Chenault Drive, Suite 509, Carrollton, TX, 75006","Match","Exact","2155 CHENAULT DR, CARROLLTON, TX, 75006","-96.844979243802,32.967164388821","102991970","L"
"1965","10610 Metric Drive, Suite 175, Dallas, TX, 10610","Match","Non_Exact","10610 METRIC DR, DALLAS, TX, 75243","-96.702556394296,32.905331871752","102917285","L"
"1964","415 Century Parkway, Allen, TX, 75013","Match","Exact","415 CENTURY PKWY, ALLEN, TX, 75013","-96.674427593455,33.0982070693","210507741","L"
"1963","1117 Glade Road, Suite 120, Colleyville, TX, 76034","Match","Exact","1117 GLADE RD, COLLEYVILLE, TX, 76034","-97.151340737955,32.881409963271","101867548","R"
"1962","7200 Dutch Branch Rd, Suite 300, Fort Worth, TX, 76132","Match","Non_Exact","7200 DUTCH BRANCH, FORT WORTH, TX, 76132","-97.419182369402,32.652678509297","102131056","L"
"1961","16206 Red Cedar Trail, Dallas, TX, 16206","Match","Non_Exact","16206 RED CEDAR TRL, DALLAS, TX, 75248","-96.798487639537,32.969428241112","102899901","R"
"1960","5418 St. Charles Street, Dallas, TX, 75223","Match","Non_Exact","5418 ST CHARLES AVE, DALLAS, TX, 75223","-96.742967780651,32.79230019145","102920938","R"
"1969","3930 Cedar Springs Road, Dallas, TX, 75219","Match","Exact","3930 CEDAR SPRINGS RD, DALLAS, TX, 75219","-96.810551351946,32.810568231652","102908514","R"
"1968","633 West Davis Street, Dallas, TX, 75208","Match","Exact","633 W DAVIS ST, DALLAS, TX, 75208","-96.832397804249,32.749509555324","647956470","R"
"1967","5014 Miller Avenue, Dallas, TX, 75206","Match","Exact","5014 MILLER AVE, DALLAS, TX, 75206","-96.785017438162,32.821199958761","102908020","R"
"1966","4144 North Central Expressway, Suite 855, Dallas, TX, 75204","Match","Exact","4144 N CENTRAL EXPY, DALLAS, TX, 75204","-96.789660850728,32.814254903388","103262379","R"
"1976","12222 Merit Drive, Suite 1200, Dallas, TX, 12222","Match","Non_Exact","12222 MERIT DR, DALLAS, TX, 75251","-96.772215875662,32.913819448347","654552347","R"
"1975","8140 Walnut Hill Lane, Suite 430, Dallas, TX, 75231","Match","Exact","8140 WALNUT HILL LN, DALLAS, TX, 75231","-96.765530873603,32.882001216111","103241033","R"
"1974","3500 Oak Lawn Avenue, Suite 380, Dallas, TX, 75219","Match","Exact","3500 OAK LAWN AVE, DALLAS, TX, 75219","-96.805421569738,32.811932169152","102908859","R"
"1973","600 East John Carpenter Freeway, Suite 246, Irving, TX, 75062","Match","Exact","600 E JOHN CARPENTER FWY, IRVING, TX, 75062","-96.933003028938,32.857610442213","102891846","R"
"1972","3829 North Hall Street, Dallas, TX, 75219","Match","Exact","3829 N HALL ST, DALLAS, TX, 75219","-96.808188101362,32.810410247426","103199337","L"
"1971","2899 West Pioneer Parkway, Pantego, TX, 76013","No_Match"
"1970","4301 Belmont Ave, 2nd Floor, Dallas, TX, 75204","Match","Exact","4301 BELMONT AVE, DALLAS, TX, 75204","-96.789735307089,32.807847145489","102910441","L"
"1979","3030 Bryan Street, Suite 405, Dallas, TX, 75204","Match","Exact","3030 BRYAN ST, DALLAS, TX, 75204","-96.787947970476,32.791754676089","648445767","R"
"1978","2551 Elm Street, Dallas, TX, 75226","Match","Exact","2551 ELM ST, DALLAS, TX, 75226","-96.787542735108,32.783945009192","658375904","L"
"1977","210 S. O'Connor Road, Irving, TX, 75060","Match","Non_Exact","210 S O CONNOR RD, IRVING, TX, 75060","-96.949856093014,32.812667289208","102892686","L"
"1990","10311 Garland Road, Dallas, TX, 10311","Match","Non_Exact","10311 GARLAND RD, DALLAS, TX, 75218","-96.692902968053,32.841498247236","102922687","L"
"1987","3000 Grapevine Mills Parkway, Suite 253, Grapevine, TX, 76051","Match","Non_Exact","3000 GRAPEVINE MILLS RD, GRAPEVINE, TX, 76051","-97.045607006734,32.96284068119","648501910","L"
"1986","3838 Oak Lawn Avenue, Suite 400, Dallas, TX, 75219","Match","Exact","3838 OAK LAWN AVE, DALLAS, TX, 75219","-96.802237815596,32.81527672455","102908845","R"
"1985","3839 McKinney Avenue, Suite 100, Dallas, TX, 75204","Match","Exact","3839 MCKINNEY AVE, DALLAS, TX, 75204","-96.795675002902,32.80894433387","102909011","L"
"1984","1904 Abrams Parkway, Dallas, TX, 75214","Match","Exact","1904 ABRAMS PKWY, DALLAS, TX, 75214","-96.752891154686,32.811767919102","103268365","L"
"1983","5211 Forest Lane, Dallas, TX, 75244","Match","Exact","5211 FOREST LN, DALLAS, TX, 75244","-96.816916238495,32.909659339077","103206724","L"
"1982","17390 Preston Road, Suite 245, Dallas, TX, 17390","Match","Non_Exact","17390 PRESTON RD, DALLAS, TX, 75252","-96.801752193468,32.989727638789","210469694","R"
"1981","2613 Thomas Avenue, Dallas, TX, 75204","Match","Exact","2613 THOMAS AVE, DALLAS, TX, 75204","-96.799581833192,32.794669869208","102909232","L"
"1980","6688 North Central Expressway, Suite 500, Dallas, TX, 75206","Match","Exact","6688 N CENTRAL EXPY, DALLAS, TX, 75206","-96.771999380707,32.848098524318","102907580","R"
"1989","1201 Columbine Drive, Garland, TX, 75043","Match","Exact","1201 COLUMBINE DR, GARLAND, TX, 75043","-96.589749526879,32.859278725597","102933225","L"
"1988","8144 Walnut Hill Lane, 16th Floor, Dallas, TX, 75231","Match","Exact","8144 WALNUT HILL LN, DALLAS, TX, 75231","-96.765282490774,32.882223217909","103241033","R"
"1998","4606 Park Springs, Suite 140, Arlington, TX, 76016","Match","Non_Exact","4606 PARK SPRINGS BLVD, ARLINGTON, TX, 76017","-97.166728273083,32.670994682592","101958674","R"
"1997","4560 Mockingbird Lane, #126, Dallas, TX, 75209","Match","Non_Exact","4560 W MOCKINGBIRD LN, DALLAS, TX, 75209","-96.829123481693,32.836543275063","103235045","R"
"1996","17390 Preston Road, Suite 246, Dallas, TX, 17390","Match","Non_Exact","17390 PRESTON RD, DALLAS, TX, 75252","-96.801752193468,32.989727638789","210469694","R"
"1995","1108 Quaker Street, Dallas, TX, 75207","Match","Exact","1108 QUAKER ST, DALLAS, TX, 75207","-96.844406273681,32.80136396507","102904865","R"
"1994","9555 Lebanon Road, Suite 602, Frisco, TX, 75035","Match","Exact","9555 LEBANON RD, FRISCO, TX, 75035","-96.79865031894,33.118159673268","657225585","R"
"1993","2451 W. Grapevine Mills Circle, Suite 106, Grapevine, TX, 76051","Match","Exact","2451 W GRAPEVINE MILLS CIR, GRAPEVINE, TX, 76051","-97.042571856675,32.971892086049","102175514","L"
"1992","3818 Cedar Springs Road, #104, Dallas, TX, 75219","Match","Exact","3818 CEDAR SPRINGS RD, DALLAS, TX, 75219","-96.809219865235,32.80955433771","103199265","R"
"1991","2629 N. Stemmons Freeway, Suite 108, Dallas, TX, 75207","Match","Exact","2629 N STEMMONS FWY, DALLAS, TX, 75207","-96.841860409668,32.806780221992","102983362","L"
"1999","5925 Forest Lane, Suite 502, Dallas, TX, 75230","Match","Exact","5925 FOREST LN, DALLAS, TX, 75230","-96.806329653751,32.909611846519","102901203","L"
"2405","7303 Bellaire Blvd, Houston, TX, 77036","Match","Exact","7303 BELLAIRE BLVD, HOUSTON, TX, 77036","-95.513588831218,29.704475831917","657513548","L"
"2404","4203 Montrose Blvd, Suite 650, Houston, TX, 77006","Match","Exact","4203 MONTROSE BLVD, HOUSTON, TX, 77006","-95.391066121697,29.735239038123","96064662","L"
"2403","9494 Southwest Freeway Suite 700, Houston, TX, 77074","Match","Exact","9494 SOUTHWEST FWY, HOUSTON, TX, 77074","-95.538531934044,29.679671576955","96603870","L"
"2402","3203 N Sam Houston Pkwy W, Houston, TX, 77038","Match","Non_Exact","3203 SAM HOUSTON PKWY, HOUSTON, TX, 77038","-95.466055774896,29.937241782744","642866959","R"
"2401","25807 Westheimer Parkway, Suite 364, Katy, TX, 25807","Match","Non_Exact","25807 WESTHEIMER PKWY, KATY, TX, 77494","-95.800068059161,29.751564593833","650586725","R"
"2400","24 Greenway Plz, Suite 1800, Houston, TX, 77046","Match","Non_Exact","24 E GREENWAY PLZ, HOUSTON, TX, 77046","-95.431567490914,29.732636301261","96062819","L"
"2409","21626 Rainfall Park Dr, Spring, TX, 21626","Match","Non_Exact","21626 RAINFALL PARK DR, SPRING, TX, 77388","-95.480606512798,30.077443387912","649129817","R"
"2408","6050 North Course, Houston, TX, 77072","Match","Non_Exact","6050 N COURSE DR, HOUSTON, TX, 77072","-95.56333691748,29.710746397085","641626969","R"
"2407","3205 Harrisburg Blvd, Houston, TX, 77003","Match","Exact","3205 HARRISBURG BLVD, HOUSTON, TX, 77003","-95.342954449089,29.749345975515","638594699","L"
"2406","2950 Meadowglen Crest, Houston, TX, 77082","Match","Exact","2950 MEADOWGLEN CRST, HOUSTON, TX, 77082","-95.577344416101,29.731640842392","629579634","R"
"2416","2101 CityWest Blvd, Suite 100, Houston, TX, 77042","Match","Exact","2101 CITYWEST BLVD, HOUSTON, TX, 77042","-95.560980136598,29.744849143437","96295016","R"
"2415","14603 Cypress Meadow Dr, Cypress, TX, 14603","Match","Non_Exact","14603 CYPRESS MEADOW DR, CYPRESS, TX, 77429","-95.641689397065,29.998103343576","96003834","R"
"2414","140 Cypress Station Dr., #10019, Houston, TX, 10019","Match","Non_Exact","140 CYPRESS STATION DR, HOUSTON, TX, 77090","-95.433658979059,30.03227296686","96666966","L"
"2413","4400 Post Oak Parkway Ste 1700, Houston, TX, 77027","Match","Exact","4400 POST OAK PKWY, HOUSTON, TX, 77027","-95.451157932641,29.747582122255","96295047","L"
"2412","7324 Southwest Freeway Suite 1720 Tower II, Houston, TX, 77074","Match","Non_Exact","7324 SOUTHWEST FWY, HOUSTON, TX, 77074","-95.517481554138,29.701071361632","657557764","R"
"2411","2950 South Gessner, Houston, TX, 77063","Match","Non_Exact","2950 S GESSNER RD, HOUSTON, TX, 77063","-95.539351937991,29.734347250664","96619581","R"
"2410","8601 Almeda Genoa Road, Houston, TX, 77075","Match","Exact","8601 ALMEDA-GENOA RD, HOUSTON, TX, 77075","-95.264618522022,29.626595732127","644373281","L"
"2419","13700 Veterans Memorial Dr., Suite 420, Houston, TX, 13700","Tie"
"2418","141 Little York Rd, Houston, TX, 77076","Match","Exact","141 LITTLE YORK RD, HOUSTON, TX, 77076","-95.38405501478,29.87009979251","642867323","L"
"2417","14927 Bellaire Blvd, Houston, TX, 14927","Match","Non_Exact","14927 BELLAIRE BLVD, HOUSTON, TX, 77083","-95.64989075417,29.702084754887","642479636","R"
"2430","5300 Memorial Dr Ste 890, Houston, TX, 77007","Match","Exact","5300 MEMORIAL DR, HOUSTON, TX, 77007","-95.414480335185,29.762655809012","649856320","R"
"2427","One NRG Park, Houston, TX, 77054","No_Match"
"2426","2550 Gray Falls Drive Suite 250, Houston, TX, 77077","Match","Exact","2550 GRAY FALLS DR, HOUSTON, TX, 77077","-95.592705958942,29.73718157763","96618940","R"
"2425","2415 Town Center Drive, Suite 300, Sugar Land, TX, 77478","Match","Exact","2415 TOWN CENTER DR, SUGAR LAND, TX, 77478","-95.618107988138,29.598649685353","78336972","L"
"2424","3200 Southwest Freeway, Suite 1900, Houston, TX, 77027","Match","Exact","3200 SOUTHWEST FWY, HOUSTON, TX, 77027","-95.428680960818,29.730289607326","96615510","L"
"2423","7155 Old Katy Rd, Suite N245, Houston, TX, 77024","Match","Exact","7155 OLD KATY RD, HOUSTON, TX, 77024","-95.44724694503,29.783515720127","96631532","L"
"2422","5839 Bissonnet St, Bellaire, TX, 77401","Match","Exact","5839 BISSONNET ST, BELLAIRE, TX, 77401","-95.483263944498,29.699776881385","96033399","L"
"2421","4624 NASA Pkwy, Seabrook, TX, 77586","Match","Non_Exact","4624 E NASA PKWY, SEABROOK, TX, 77586","-95.059584866091,29.566708746326","652652628","L"
"2420","6611 North Main Street, Houston, TX, 77006","Match","Non_Exact","6611 N MAIN ST, HOUSTON, TX, 77009","-95.39032113262,29.810130238726","652303223","L"
"2429","5629 Winsome Ln, Houston, TX, 77057","Match","Exact","5629 WINSOME LN, HOUSTON, TX, 77057","-95.477141452965,29.735418992164","96033015","L"
"2428","3100 Edloe St., STE 310, Houston, TX, 77027","Match","Exact","3100 EDLOE ST, HOUSTON, TX, 77027","-95.433558965465,29.737357079512","96062726","R"
"1110","12301 W Buckeye Rd, Avondale, AZ, 12301","Match","Non_Exact","12301 BUCKEYE RD, AVONDALE, AZ, 85323","-112.323777486269,33.435283924524","647763157","L"
"2441","6060 Richmond Ave. #240, Houston, TX, 77057","Match","Exact","6060 RICHMOND AVE, HOUSTON, TX, 77057","-95.485876404214,29.731695404619","657509654","R"
"2440","4101 Greenbriar Drive, Suite 240, Houston, TX, 77098","Match","Non_Exact","4101 GREENBRIAR ST, HOUSTON, TX, 77098","-95.412765472344,29.729809080446","96063317","L"
"1107","103 W 73rd St, New York, NY, 10023","Match","Exact","103 W 73RD ST, NEW YORK, NY, 10023","-73.978377774116,40.778192937873","59656995","R"
"2438","30 Archwyck Circle, The Woodlands, TX, 77382","Tie"
"1106","185 E 108th St, New York, NY, 10029","Match","Exact","185 E 108TH ST, NEW YORK, NY, 10029","-73.94396283223,40.793037449877","59657925","L"
"2437","10508 Airline Ste C, Houston, TX, 10508","Match","Non_Exact","10508 AIRLINE DR, HOUSTON, TX, 77037","-95.402257203037,29.907707286384","96044199","R"
"1105","366 Myrtle Ave, Brooklyn, NY 11205, New York, NY, 11205","Match","Non_Exact","366 MYRTLE AVE, BROOKLYN, NY, 11205","-73.971609075979,40.6931436861","59077528","R"
"2436","9330 Camelia Crest Lane, Houston, TX, 77064","No_Match"
"1104","306 Malcolm X Blvd, Brooklyn, NY 11233, New York, NY, 11233","Match","Non_Exact","306 MALCOLM X BLVD, NEW YORK, NY, 10027","-73.945224180797,40.808011785979","59656438","R"
"2435","4900 Woodway Dr. Ste 1110, Houston, TX, 77056","Match","Exact","4900 WOODWAY DR, HOUSTON, TX, 77056","-95.461736091363,29.763450407653","96624591","R"
"1103","2916 Beverley Rd, Brooklyn, NY 11226, New York, NY, 11226","Match","Non_Exact","2916 BEVERLEY RD, BROOKLYN, NY, 11226","-73.949718281938,40.645028237035","59081536","R"
"2434","10900 Northwest Fwy, Suite 105, Houston, TX, 10900","No_Match"
"1102","315 Smith St, Brooklyn, NY 11231, New York, NY, 11231","Match","Non_Exact","315 SMITH ST, BROOKLYN, NY, 11231","-73.99408165185,40.681267963763","59075291","L"
"2433","205 Roberts, Houston, TX, 77003","Match","Non_Exact","205 ROBERTS ST, HOUSTON, TX, 77003","-95.340437923985,29.750999051729","96070581","L"
"1101","2510 Adam Clayton Powell Jr Blvd, New York, NY, 10039","Match","Exact","2510 ADAM CLAYTON POWELL JR BLVD, NEW YORK, NY, 10039","-73.938896660099,40.821998828067","59656367","L"
"2432","7043 Sliding Rock Cir, Spring, TX, 77379","Match","Exact","7043 SLIDING ROCK CIR, SPRING, TX, 77379","-95.53004774352,30.045470264916","642040492","R"
"1100","213 Pinehurst Ave, New York, NY, 10033","Match","Exact","213 PINEHURST AVE, NEW YORK, NY, 10033","-73.93805446389,40.85430290126","611227030","R"
"2431","6316 Airline Dr, Houston, TX, 77076","Match","Exact","6316 AIRLINE DR, HOUSTON, TX, 77076","-95.384451567348,29.856989999495","233423892","L"
"1109","115 Ralph Ave, Brooklyn, NY 11221, New York, NY, 11221","Match","Non_Exact","115 RALPH AVE, BROOKLYN, NY, 11221","-73.923296539758,40.686219373044","59082833","L"
"1108","772 Amsterdam Ave, New York, NY, 10025","Match","Exact","772 AMSTERDAM AVE, NEW YORK, NY, 10025","-73.969568182711,40.79526931427","59656842","L"
"2439","2002 Timberloch Place, Suite 200, The Woodlands, TX, 77380","Match","Exact","2002 TIMBERLOCH PL, THE WOODLANDS, TX, 77380","-95.465771218656,30.158335084296","657268303","R"
"1121","635 N Country Club Dr, Mesa, AZ, 85201","Match","Exact","635 N COUNTRY CLUB DR, MESA, AZ, 85201","-111.839878977501,33.426837082058","128234851","R"
"2452","1717 West Loop South, Houston, TX, 77027","Match","Non_Exact","1717 W LOOP S SVC RD, HOUSTON, TX, 77027","-95.455809862971,29.748241900301","96620636","L"
"1120","8024 N 51st Ave, Glendale, AZ, 85302","Match","Exact","8024 N 51ST AVE, GLENDALE, AZ, 85302","-112.16893811976,33.554088092688","652595703","L"
"2451","15015 W Airport Blvd, Ste 2032, Sugar Land, TX, 15015","Match","Non_Exact","15015 W AIRPORT BLVD, SUGAR LAND, TX, 77498","-95.645478934156,29.648044125362","647984782","R"
"2450","7643 Miller Rd 2, Houston, TX, 77049","Match","Exact","7643 MILLER ROAD 2, HOUSTON, TX, 77049","-95.143260834215,29.834239014757","657436262","L"
"1118","366 N Gilbert Rd, Gilbert, AZ, 85234","Match","Exact","366 N GILBERT RD, GILBERT, AZ, 85234","-111.789762615263,33.356681339777","128808981","L"
"2449","1235 North Loop West, Suite 125, Houston, TX, 77008","Match","Non_Exact","1235 NORTH LOOP W, HOUSTON, TX, 77022","-95.383147175174,29.81446057456","96057682","L"
"1117","111 W Boston St, Chandler, AZ, 85225","Match","Exact","111 W BOSTON ST, CHANDLER, AZ, 85225","-111.842981661007,33.302240286528","128243501","L"
"2448","1810 First Oaks Street, Suite 220, Richmond, TX, 77406","No_Match"
"1116","601 N Alma School Rd, Chandler, AZ, 85224","Match","Exact","601 N ALMA SCHOOL RD, CHANDLER, AZ, 85224","-111.859035130025,33.313390318097","652595955","R"
"2447","10804 Roark Road, Houston, TX, 10804","Match","Non_Exact","10804 ROARK RD, HOUSTON, TX, 77099","-95.559692803381,29.663038773068","96598363","R"
"1115","4929 E Chandler Blvd Ste 405, Phoenix, AZ, 85048","Match","Exact","4929 E CHANDLER BLVD, PHOENIX, AZ, 85048","-111.978343346649,33.305207042018","613300771","R"
"2446","9595 Six Pines, Building 8, 2nd Floor, Suite 8210, The Woodlands, TX, 77380","No_Match"
"1114","6140 W Chandler Blvd, Chandler, AZ, 85226","Match","Exact","6140 W CHANDLER BLVD, CHANDLER, AZ, 85226","-111.949089725761,33.305384918273","128923882","R"
"2445","2327 Commerce St, Unit 110, Houston, TX, 77002","Match","Exact","2327 COMMERCE ST, HOUSTON, TX, 77002","-95.34811118427,29.756985505682","646599565","L"
"1113","777 N Arizona Ave Suite 7, Chandler, AZ, 85225","Match","Exact","777 N ARIZONA AVE, CHANDLER, AZ, 85225","-111.841480476429,33.316704010692","128243202","R"
"2444","19318 Water Bridge Dr, Cypress, TX, 19318","Match","Non_Exact","19318 WATER BRIDGE DR, CYPRESS, TX, 77433","-95.744750294358,29.951450232026","641616280","L"
"1112","2081 N Arizona Ave #13, Chandler, AZ, 85225","Match","Exact","2081 N ARIZONA AVE, CHANDLER, AZ, 85225","-111.841643948846,33.336338653102","642851826","R"
"2443","4624 Fairmont Pkwy Ste 200, Pasadena, TX, 77504","Match","Exact","4624 FAIRMONT PKWY, PASADENA, TX, 77504","-95.173850435442,29.649439476754","657454378","R"
"1111","1368 N Arizona Ave #102, Chandler, AZ, 85225","Match","Exact","1368 N ARIZONA AVE, CHANDLER, AZ, 85225","-111.841729449632,33.327346406665","128243111","L"
"2442","7575 North Sam Houston Pkwy W, Houston, TX, 77064","Match","Non_Exact","7575 SAM HOUSTON PKWY, HOUSTON, TX, 77065","-95.55392445493,29.87486146205","654295579","L"
"1119","6031 N 67th Ave, Glendale, AZ, 85301","Match","Exact","6031 N 67TH AVE, GLENDALE, AZ, 85301","-112.203028222254,33.524438157267","128194145","R"
"1132","340 W Northern Ave, Phoenix, AZ, 85021","Match","Exact","340 W NORTHERN AVE, PHOENIX, AZ, 85021","-112.080482676204,33.55293649257","128302647","R"
"2463","401 Franklin St, Suite 1400, Houston, TX, 77002","Match","Exact","401 FRANKLIN ST, HOUSTON, TX, 77002","-95.366226090581,29.765376684335","96067426","L"
"1131","2317 E Indian School Rd, Phoenix, AZ, 85016","Match","Exact","2317 E INDIAN SCHOOL RD, PHOENIX, AZ, 85016","-112.031965274455,33.494772219764","128209980","R"
"2462","2200 Post Oak Blvd, Floor 20, Houston, TX, 77056","Match","Exact","2200 POST OAK BLVD, HOUSTON, TX, 77056","-95.461140149305,29.743225980864","96620541","R"
"1130","8375 N 7th St, Phoenix, AZ, 85020","Match","Exact","8375 N 7TH ST, PHOENIX, AZ, 85020","-112.06520564548,33.559224905323","128207006","R"
"2461","1001 Louisiana Street, Suite 2300, Houston, TX, 77002","Match","Exact","1001 LOUISIANA ST, HOUSTON, TX, 77002","-95.367495824586,29.758442000617","96067554","L"
"2460","12852 Westheimer, Houston, TX, 12852","Match","Non_Exact","12852 WESTHEIMER RD, HOUSTON, TX, 77077","-95.613005648715,29.736081476394","657373003","L"
"1129","3950 E Indian School Rd Suite 100, Phoenix, AZ, 85018","Match","Exact","3950 E INDIAN SCHOOL RD, PHOENIX, AZ, 85018","-111.996483145631,33.495188785861","128220260","L"
"1128","222 E Portland St, Phoenix, AZ, 85004","Match","Exact","222 E PORTLAND ST, PHOENIX, AZ, 85004","-112.070791515379,33.460060911892","128213077","L"
"2459","10001 Six Pines Drive, The Woodlands, TX, 10001","Match","Non_Exact","10001 SIX PINES RD, THE WOODLANDS, TX, 77380","-95.462027825486,30.15845966636","79282842","L"
"1127","1740 E McDowell Rd, Phoenix, AZ, 85006","Match","Exact","1740 E MCDOWELL RD, PHOENIX, AZ, 85006","-112.044606401303,33.465814174721","128214283","L"
"2458","845 Texas Avenue, Suite 1250, Houston, TX, 77002","Match","Non_Exact","845 TEXAS ST, HOUSTON, TX, 77002","-95.363842867798,29.760823542011","96067455","L"
"1126","1624 E Broadway Rd, Phoenix, AZ, 85040","Match","Exact","1624 E BROADWAY RD, PHOENIX, AZ, 85040","-112.046581157232,33.406848534605","128216041","L"
"2457","750 Town and Country Boulevard, Suite 175, Houston, TX, 77024","Match","Exact","750 TOWN AND COUNTRY BLVD, HOUSTON, TX, 77024","-95.560438030236,29.778048389271","96630217","R"
"1125","842 E Indian School Rd, Phoenix, AZ, 85014","Match","Exact","842 E INDIAN SCHOOL RD, PHOENIX, AZ, 85014","-112.063283367035,33.494794171745","128382846","L"
"2456","8590 W. Tidwell Road, Houston, TX, 77040","Match","Exact","8590 W TIDWELL RD, HOUSTON, TX, 77040","-95.523971915592,29.850922013197","96646683","R"
"1124","2235 S Power Rd Ste 114, Mesa, AZ, 85209","Match","Exact","2235 S POWER RD, MESA, AZ, 85209","-111.687767908078,33.375062741927","128812650","R"
"2455","701 E 6th 1/2 Street, Houston, TX, 77007","No_Match"
"1123","1140 N Higley Rd Ste 103, Mesa, AZ, 85205","Match","Exact","1140 N HIGLEY RD, MESA, AZ, 85205","-111.719073822404,33.436384289103","128925157","L"
"2454","5900 Memorial Drive, Suite 300, Houston, TX, 77007","Match","Exact","5900 MEMORIAL DR, HOUSTON, TX, 77007","-95.420988844749,29.761409544748","96060583","R"
"1122","1130 W University Dr, Mesa, AZ, 85201","Match","Exact","1130 W UNIVERSITY DR, MESA, AZ, 85201","-111.85507913525,33.422236540002","128234251","R"
"2453","2501 Central Parkway, C-9, Houston, TX, 77092","Match","Non_Exact","2501 CENTRAL PKWY, HOUSTON, TX, 77092","-95.465237471616,29.810968903291","657515966","L"
"1143","610 E Roosevelt St #136, Phoenix, AZ, 85004","Match","Exact","610 E ROOSEVELT ST, PHOENIX, AZ, 85004","-112.066070601927,33.458738426248","128213526","L"
"2474","507 Westheimer Rd, Houston, TX, 77006","Match","Exact","507 WESTHEIMER RD, HOUSTON, TX, 77006","-95.387386250921,29.744475898307","96064605","L"
"1142","1804 W Glendale Ave, Phoenix, AZ, 85021","Match","Exact","1804 W GLENDALE AVE, PHOENIX, AZ, 85021","-112.098127131089,33.538674412439","612880298","R"
"2473","910 Louisiana Street, Houston, TX, 77002","Match","Exact","910 LOUISIANA ST, HOUSTON, TX, 77002","-95.367066787298,29.759187339607","96067552","R"
"1141","1638 E Southern Ave, Phoenix, AZ, 85040","Match","Exact","1638 E SOUTHERN AVE, PHOENIX, AZ, 85040","-112.046515999416,33.392841937399","128216129","L"
"2472","2929 Allen Parkway, Suite 200 - PMB 995, Houston, TX, 77019","Match","Non_Exact","2929 ALLEN PKWY, HOUSTON, TX, 77019","-95.397016814068,29.761588609117","96624829","L"
"1140","4220 W Northern Ave Ste 104, Phoenix, AZ, 85051","Match","Exact","4220 W NORTHERN AVE, PHOENIX, AZ, 85051","-112.149885039518,33.553170173557","128197160","R"
"2471","520 Waugh Drive, Houston, TX, 77019","Match","Exact","520 WAUGH DR, HOUSTON, TX, 77019","-95.398245277596,29.760910572158","96624809","R"
"2470","3210 W Dallas St., Houston, TX, 77019","Match","Exact","3210 W DALLAS ST, HOUSTON, TX, 77019","-95.399191584859,29.757358718327","96062116","R"
"1139","2010 E Broadway Rd, Phoenix, AZ, 85040","Match","Exact","2010 E BROADWAY RD, PHOENIX, AZ, 85040","-112.038304306336,33.406891182442","128216195","L"
"1138","1635 E Baseline Rd Suite 105, Phoenix, AZ, 85042","Match","Exact","1635 E BASELINE RD, PHOENIX, AZ, 85042","-112.046076775602,33.377690137969","244030768","R"
"2469","411 Lantern Bend Drive, Suite 210, Houston, TX, 77090","Match","Exact","411 LANTERN BEND DR, HOUSTON, TX, 77090","-95.437220551949,30.023154088631","96555361","R"
"1137","1145 E Washington St Suite 200, Phoenix, AZ, 85034","Match","Exact","1145 E WASHINGTON ST, PHOENIX, AZ, 85034","-112.057813906105,33.448221586415","128213972","R"
"2468","1333 W Loop South, Suite 1600, Houston, TX, 77027","Match","Non_Exact","1333 W LOOP S SVC RD, HOUSTON, TX, 77027","-95.455036657277,29.754978452193","657467778","L"
"1136","3015 E Thomas Rd, Phoenix, AZ, 85016","Match","Exact","3015 E THOMAS RD, PHOENIX, AZ, 85016","-112.01623427421,33.480404427608","128222876","R"
"2467","700 Louisiana Street, Suite 3950, Houston, TX, 77002","Match","Exact","700 LOUISIANA ST, HOUSTON, TX, 77002","-95.365844424829,29.760739761864","96067449","R"
"1135","4432 N 19th Ave, Phoenix, AZ, 85015","Match","Exact","4432 N 19TH AVE, PHOENIX, AZ, 85015","-112.099961708384,33.501591857806","128205849","L"
"2466","6550 Fannin St, 235, Houston, TX, 77030","Match","Non_Exact","6550 FANNIN ST, HOUSTON, TX, 77030","-95.399499263481,29.711557385432","642478626","R"
"1134","4213 W Bell Rd, Phoenix, AZ, 85053","Match","Exact","4213 W BELL RD, PHOENIX, AZ, 85053","-112.149363133892,33.639303238186","128175784","L"
"2465","9555 West Sam Houston Parkway South, Suite 550, Houston, TX, 77099","No_Match"
"1133","1334 E Van Buren St, Phoenix, AZ, 85006","Match","Exact","1334 E VAN BUREN ST, PHOENIX, AZ, 85006","-112.053287522313,33.451443683038","128213983","L"
"2464","2020 North Loop West, Suite 205, Houston, TX, 77018","Match","Exact","2020 NORTH LOOP W, HOUSTON, TX, 77018","-95.435434990658,29.811771444723","96054321","R"
"1154","7660 S McClintock Dr, Tempe, AZ, 85284","Match","Exact","7660 S MCCLINTOCK DR, TEMPE, AZ, 85284","-111.911242351879,33.348152584991","128942681","R"
"2485","2526 Wilshire St, Houston, TX, 77023","Match","Exact","2526 WILSHIRE ST, HOUSTON, TX, 77023","-95.319695351916,29.714296056224","96082651","R"
"1153","4415 S Rural Rd Ste 6, Tempe, AZ, 85282","Match","Exact","4415 S RURAL RD, TEMPE, AZ, 85282","-111.926425549157,33.384536040603","642850320","L"
"2484","15207 Vickery Dr Ste B, Houston, TX, 15207","Match","Non_Exact","15207 VICKERY DR, HOUSTON, TX, 77032","-95.315684121756,29.939842004497","642210697","L"
"1152","1936 E University Dr, Tempe, AZ, 85281","Match","Non_Exact","1936 E UNIVERSITY DR, TEMPE, AZ, 85288","-111.903047399884,33.422138702618","128922856","L"
"2483","6314 St Augustine St, Houston, TX, 77021","Match","Exact","6314 SAINT AUGUSTINE ST, HOUSTON, TX, 77021","-95.356410417318,29.697323617853","96074136","R"
"1151","849 W University Dr, Tempe, AZ, 85281","Match","Exact","849 W UNIVERSITY DR, TEMPE, AZ, 85281","-111.950979286536,33.421860584452","128921691","L"
"2482","3905 Hain St, Houston, TX, 77009","Match","Exact","3905 HAIN ST, HOUSTON, TX, 77009","-95.364135603425,29.79568441606","96066044","L"
"1150","790 W Broadway Rd, Tempe, AZ, 85282","Match","Exact","790 W BROADWAY RD, TEMPE, AZ, 85282","-111.949848828135,33.407440177766","128226719","R"
"2481","4213 Emancipation Ave, Houston, TX, 77004","No_Match"
"2480","14608 S Post Oak Rd, Houston, TX, 14608","Match","Non_Exact","14608 S POST OAK RD, HOUSTON, TX, 77045","-95.464985928948,29.614910075981","96040691","R"
"1149","655 W Warner Rd Ste 110, Tempe, AZ, 85284","Match","Non_Exact","655 E WARNER RD, TEMPE, AZ, 85284","-111.931569832314,33.334587595417","647640348","L"
"1148","1712 E Broadway Rd Unit 3, Tempe, AZ, 85282","Match","Exact","1712 E BROADWAY RD, TEMPE, AZ, 85282","-111.910847974781,33.407566175721","650137361","L"
"2479","4814 Almeda Rd, Houston, TX, 77004","Match","Exact","4814 ALMEDA RD, HOUSTON, TX, 77004","-95.377539911944,29.726548627443","96071371","R"
"1147","15414 N 19th Ave C, Phoenix, AZ, 15414","Match","Non_Exact","15414 N 19TH AVE, PHOENIX, AZ, 85023","-112.099742497963,33.625782910347","128181599","L"
"2478","1035 Clear Lake City Blvd, Houston, TX, 77062","Match","Exact","1035 CLEAR LAKE CITY BLVD, HOUSTON, TX, 77062","-95.155581709587,29.581663417643","645480233","R"
"1146","815 N 1st Ave, Phoenix, AZ, 85003","Match","Exact","815 N 1ST AVE, PHOENIX, AZ, 85003","-112.075046808595,33.457026093323","128213401","R"
"2477","712 1/2 Fairview St, Houston, TX, 77006","Match","Non_Exact","712 1/2 FAIRVIEW ST, HOUSTON, TX, 77006","-95.389012116304,29.748209110095","96062622","R"
"1145","10720 W Indian School Rd #20, Phoenix, AZ, 10720","Match","Non_Exact","10720 W INDIAN SCHOOL RD, PHOENIX, AZ, 85037","-112.291437987919,33.493756891951","128421489","L"
"2476","17776 Tomball Pkwy #21, Houston, TX, 17776","No_Match"
"1144","610 E Roosevelt St #144, Phoenix, AZ, 85004","Match","Exact","610 E ROOSEVELT ST, PHOENIX, AZ, 85004","-112.066070601927,33.458738426248","128213526","L"
"2475","2923 Walnut Bend Ln, Houston, TX, 77042","Match","Exact","2923 WALNUT BEND LN, HOUSTON, TX, 77042","-95.567709363563,29.731812718474","96613437","R"
"1165","901 N 1st St, Phoenix, AZ, 85004","Match","Exact","901 N 1ST ST, PHOENIX, AZ, 85004","-112.072465060811,33.457704972641","128213414","R"
"2496","11530 Northwest Fwy, Houston, TX, 11530","Match","Non_Exact","11530 NORTHWEST FWY, HOUSTON, TX, 77092","-95.471974652764,29.82307370176","96639420","R"
"1164","130 N Central Ave #200, Phoenix, AZ, 85004","Match","Exact","130 N CENTRAL AVE, PHOENIX, AZ, 85004","-112.073883676607,33.449655897208","128213462","L"
"2495","8191 Southwest Fwy #204, Houston, TX, 77074","Match","Exact","8191 SOUTHWEST FWY, HOUSTON, TX, 77074","-95.528886888738,29.68958023024","96603706","L"
"1163","114 W Adams St Ste C-109, Phoenix, AZ, 85003","Match","Non_Exact","114 W ADAMS ST, PHOENIX, AZ, 85003","-112.075353744633,33.449362178572","128213451","R"
"2494","4922 Hwy 6 N #4904, Houston, TX, 77084","Match","Non_Exact","4922 STATE HWY 6, HOUSTON, TX, 77084","-95.645712370465,29.847654083234","96642252","R"
"1162","622 E Adams St, Phoenix, AZ, 85004","Match","Exact","622 E ADAMS ST, PHOENIX, AZ, 85004","-112.065951160777,33.449436111992","128213598","L"
"2493","2607 North Fwy, Houston, TX, 77009","Match","Exact","2607 NORTH FWY, HOUSTON, TX, 77009","-95.371940774293,29.79807145437","638084274","L"
"1161","850 N 5th St Suite 120, Phoenix, AZ, 85004","Match","Exact","850 N 5TH ST, PHOENIX, AZ, 85004","-112.067544656799,33.45710836517","128213518","L"
"2492","16430 W Lake Houston Pkwy #700, Houston, TX, 16430","Match","Non_Exact","16430 W LAKE HOUSTON PKWY, HOUSTON, TX, 77044","-95.168320904938,29.962534052222","627683446","R"
"1160","147 E Adams St, Phoenix, AZ, 85004","Match","Exact","147 E ADAMS ST, PHOENIX, AZ, 85004","-112.071940682056,33.449274587009","128213482","R"
"2491","8800 Katy Fwy #280, Houston, TX, 77024","Match","Exact","8800 KATY FWY, HOUSTON, TX, 77024","-95.510308976461,29.78507509833","642473653","R"
"2490","8027 Hwy 6 Ste 600, Missouri City, TX, 77459","Match","Exact","8027 STATE HWY 6, MISSOURI CITY, TX, 77459","-95.548117045363,29.545003242662","657173222","R"
"1159","112 N Central Ave, Phoenix, AZ, 85004","Match","Exact","112 N CENTRAL AVE, PHOENIX, AZ, 85004","-112.073884412429,33.449485189393","128213462","L"
"1158","1020 N 1st Ave, Phoenix, AZ, 85003","Match","Exact","1020 N 1ST AVE, PHOENIX, AZ, 85003","-112.074436211475,33.4589463641","243973856","L"
"2489","8542 W Bellfort Ave, Houston, TX, 77071","Match","Non_Exact","8542 W BELLFORT ST, HOUSTON, TX, 77071","-95.527471989469,29.655751683972","96598694","L"
"1157","16 W Adams St, Phoenix, AZ, 85003","Match","Exact","16 W ADAMS ST, PHOENIX, AZ, 85003","-112.074056000265,33.449369528602","128213454","R"
"2488","14226 Sunwick St, Houston, TX, 14226","Match","Non_Exact","14226 SUNWICK ST, HOUSTON, TX, 77060","-95.390091068736,29.905628342861","96044364","R"
"1156","101 N 1st Ave Suite 110, Phoenix, AZ, 85003","Match","Exact","101 N 1ST AVE, PHOENIX, AZ, 85003","-112.075051949387,33.449361449703","128213448","R"
"2487","8000 S Gessner Rd #400, Houston, TX, 77036","Match","Exact","8000 S GESSNER RD, HOUSTON, TX, 77036","-95.535200959344,29.691057799151","96603682","R"
"1155","45 W Jefferson St Suite M, Phoenix, AZ, 85003","Match","Non_Exact","45 W JEFFERSON ST, PHOENIX, AZ, 85003","-112.074387911091,33.447087587435","128213458","L"
"2486","2202 Richmond Ave, Houston, TX, 77098","Match","Exact","2202 RICHMOND AVE, HOUSTON, TX, 77098","-95.412990380988,29.734268776984","96063289","R"
"1176","2301 S Stearman Dr, Chandler, AZ, 85286","Match","Exact","2301 S STEARMAN DR, CHANDLER, AZ, 85286","-111.793328352218,33.272660467893","640935169","L"
"1175","6807 S Central Ave, Phoenix, AZ, 85042","Match","Exact","6807 S CENTRAL AVE, PHOENIX, AZ, 85042","-112.073212367977,33.384219059418","128215540","L"
"1174","10841 W Swayback Pass, Peoria, AZ, 10841","Match","Non_Exact","10841 W SWAYBACK PASS, PEORIA, AZ, 85383","-112.291843902723,33.711974908393","619139826","L"
"1173","20715 N Pima Rd Suite 108 #1101, Scottsdale, AZ, 20715","Match","Non_Exact","20715 N PIMA RD, SCOTTSDALE, AZ, 85255","-111.890413153009,33.673309138298","128957822","R"
"1172","18002 N 29th Ave, Phoenix, AZ, 18002","Match","Non_Exact","18002 N 29TH AVE, PHOENIX, AZ, 85053","-112.121108285018,33.649587562346","128179409","L"
"1171","765 Grand Ave, Phoenix, AZ, 85007","Match","Exact","765 GRAND AVE, PHOENIX, AZ, 85007","-112.083328061869,33.452033070588","128211833","L"
"1170","301 W Roosevelt St Suite 113, Phoenix, AZ, 85003","Match","Exact","301 W ROOSEVELT ST, PHOENIX, AZ, 85003","-112.077805277111,33.458617108655","128211913","L"
"1169","1301 Grand Ave #1, Phoenix, AZ, 85007","Match","Exact","1301 GRAND AVE, PHOENIX, AZ, 85007","-112.089308097595,33.456981368895","128211570","L"
"1168","504 E Roosevelt St, Phoenix, AZ, 85004","Match","Exact","504 E ROOSEVELT ST, PHOENIX, AZ, 85004","-112.067357717697,33.458740176875","128213521","L"
"2499","1447 Woodward Ave., Detroit, MI, 48226","Match","Exact","1447 WOODWARD AVE, DETROIT, MI, 48226","-83.049134766591,42.33446815278","95479971","L"
"1167","20 W Adams St, Phoenix, AZ, 85003","Match","Exact","20 W ADAMS ST, PHOENIX, AZ, 85003","-112.074104653026,33.449369193069","128213454","R"
"2498","15703 Longenbaugh Dr Ste J, Houston, TX, 15703","Match","Non_Exact","15703 LONGENBAUGH DR, HOUSTON, TX, 77095","-95.641414819932,29.891087150329","96650965","R"
"1166","310 S 4th St Suite 120, Phoenix, AZ, 85004","Match","Exact","310 S 4TH ST, PHOENIX, AZ, 85004","-112.068753747327,33.444932534069","128213728","R"
"2497","12569 Westheimer Rd, Houston, TX, 12569","Match","Non_Exact","12569 WESTHEIMER RD, HOUSTON, TX, 77077","-95.605467056175,29.736084845386","96618910","R"
"1187","1300 S Litchfield Rd Suite 115-E, Goodyear, AZ, 85338","Match","Non_Exact","1300 S LITCHFIELD RD, GOODYEAR, AZ, 85338","-112.358445231155,33.433929571002","636984270","R"
"1186","8501 N Scottsdale Rd, Scottsdale, AZ, 85253","No_Match"
"1185","3012 N 41st Dr, Phoenix, AZ, 85019","Match","Exact","3012 N 41ST DR, PHOENIX, AZ, 85019","-112.147396143162,33.482947607335","128918240","L"
"1184","410 N Scottsdale Rd Suite 1000, Tempe, AZ, 85288","Match","Exact","410 N SCOTTSDALE RD, TEMPE, AZ, 85288","-111.926327249123,33.433806506608","651803585","L"
"1183","23200 N Pima Rd Suite 101, Scottsdale, AZ, 23200","Match","Non_Exact","23200 N PIMA RD, SCOTTSDALE, AZ, 85255","-111.89066786417,33.696359208056","128959979","L"
"1182","2162 E Williams Field Rd Ste 111, Gilbert, AZ, 85295","Match","Exact","2162 E WILLIAMS FIELD RD, GILBERT, AZ, 85295","-111.753654878548,33.306847181449","128255790","L"
"1181","2301 W Glendale Ave #7, Phoenix, AZ, 85021","Match","Exact","2301 W GLENDALE AVE, PHOENIX, AZ, 85021","-112.108831247828,33.538553787686","128203193","L"
"1180","2555 E Camelback Rd Suite 850, Phoenix, AZ, 85016","Match","Exact","2555 E CAMELBACK RD, PHOENIX, AZ, 85016","-112.026550663846,33.509405061987","128601102","R"
"1179","4435 E Chandler Blvd Suite 200, Phoenix, AZ, 85048","Match","Exact","4435 E CHANDLER BLVD, PHOENIX, AZ, 85048","-111.988604862662,33.305179128137","128875284","R"
"1178","15169 N Scottsdale Rd #205, Scottsdale, AZ, 15169","No_Match"
"1177","4067 E Carla Vista Dr, Gilbert, AZ, 85295","Match","Exact","4067 E CARLA VISTA DR, GILBERT, AZ, 85295","-111.702376633874,33.311652564872","646160444","R"
"1190","3311 W Donner Dr, Phoenix, AZ, 85041","Match","Exact","3311 W DONNER DR, PHOENIX, AZ, 85041","-112.131382083861,33.37830059979","649110101","R"
"1198","7840 W Lower Buckeye Rd, Phoenix, AZ, 85043","Tie"
"1197","2050 N Alma School Rd, Chandler, AZ, 85224","Match","Exact","2050 N ALMA SCHOOL RD, CHANDLER, AZ, 85224","-111.859130195538,33.335810090641","128924382","L"
"1196","4432 N 19th Ave, Phoenix, AZ, 85015","Match","Exact","4432 N 19TH AVE, PHOENIX, AZ, 85015","-112.099961708384,33.501591857806","128205849","L"
"1195","1524 E University Dr, Mesa, AZ, 85203","Match","Exact","1524 E UNIVERSITY DR, MESA, AZ, 85203","-111.798045792302,33.422565087601","128245444","L"
"1194","5834 W Camelback Rd, Glendale, AZ, 85301","Match","Exact","5834 W CAMELBACK RD, GLENDALE, AZ, 85301","-112.18484684978,33.509639727772","640589521","R"
"1193","1423 S Country Club Dr, Mesa, AZ, 85210","Match","Exact","1423 S COUNTRY CLUB DR, MESA, AZ, 85210","-111.840010530672,33.390686651565","243919525","L"
"1192","2714 W Thomas Rd, Phoenix, AZ, 85017","Match","Exact","2714 W THOMAS RD, PHOENIX, AZ, 85017","-112.117739727279,33.480493176544","128919154","R"
"1191","4041 N 15th Ave, Phoenix, AZ, 85015","Match","Exact","4041 N 15TH AVE, PHOENIX, AZ, 85015","-112.091251399015,33.49414199196","652594769","R"
"1189","8845 N 28th Ave, Phoenix, AZ, 85051","Match","Exact","8845 N 28TH AVE, PHOENIX, AZ, 85051","-112.119402017612,33.566671229067","128202626","R"
"1188","12534 W Ashwood Dr, Sun City West, AZ, 12534","Match","Non_Exact","12534 W ASHWOOD DR, SUN CITY WEST, AZ, 85375","-112.329304328368,33.653750436751","128161730","L"
"1199","6031 N 67th Ave, Glendale, AZ, 85301","Match","Exact","6031 N 67TH AVE, GLENDALE, AZ, 85301","-112.203028222254,33.524438157267","128194145","R"
"300","41 Flatbush Ave 2nd Floor, Brooklyn, NY, 11217","Match","Exact","41 FLATBUSH AVE, BROOKLYN, NY, 11217","-73.979738243811,40.687322676371","658240756","L"
"301","124-13 Jamaica Ave, Richmond Hill, NY 11418, Queens, NY, 11418","Match","Non_Exact","124-13 JAMAICA AVE, RICHMOND HILL, NY, 11418","-73.826217799704,40.70090819002","59712604","L"
"302","106-04 Corona Ave, Corona, NY 11368, Queens, NY, 11368","Match","Non_Exact","106-04 CORONA AVE, CORONA, NY, 11368","-73.857212078814,40.743858316876","640932070","R"
"303","1352 Granville Payne Ave, Brooklyn, NY, 11239","No_Match"
"304","88-16 Jamaica Ave, Woodhaven, NY 11421, Queens, NY, 11421","Match","Non_Exact","88-16 JAMAICA AVE, WOODHAVEN, NY, 11421","-73.856217534809,40.692627760508","59706893","R"
"305","1225 Manor Ave, Bronx, NY, 10472","Match","Exact","1225 MANOR AVE, BRONX, NY, 10472","-73.876629718961,40.829618140745","80303103","L"
"306","43-20 52nd St 1 FL, Woodside, NY 11377, Queens, NY, 11377","Match","Non_Exact","43-20 52ND ST, WOODSIDE, NY, 11377","-73.912628521819,40.743837873086","640906572","R"
"307","100-12 Northern Blvd, Corona, NY 11368, Queens, NY, 11368","Match","Non_Exact","100-12 NORTHERN BLVD, CORONA, NY, 11368","-73.868291987649,40.75730018959","59699415","R"
"308","93-05 37th Ave #1C, Jackson Heights, NY 11372, Queens, NY, 11372","Match","Non_Exact","93-05 37TH AVE, JACKSON HEIGHTS, NY, 11372","-73.873989474221,40.750888924729","59704332","L"
"309","1741 Hunt Ave, Bronx, NY, 10462","Match","Exact","1741 HUNT AVE, BRONX, NY, 10462","-73.864962381263,40.844549229732","80304441","L"
"310","1442 Williamsbridge Rd, Bronx, NY, 10461","Match","Exact","1442 WILLIAMSBRIDGE RD, BRONX, NY, 10461","-73.844933709303,40.843192973787","80305577","R"
"311","2255 Grand Concourse #4, Bronx, NY, 10453","Match","Exact","2255 GRAND CONCOURSE, BRONX, NY, 10453","-73.900580927229,40.856885041016","640811038","L"
"312","259 Warren St, Brooklyn, NY, 11201","Match","Exact","259 WARREN ST, BROOKLYN, NY, 11201","-73.993195785091,40.686232866458","59075236","L"
"313","300 Manhattan Ave, New York, NY, 10026","Match","Exact","300 MANHATTAN AVE, NEW YORK, NY, 10026","-73.958401279788,40.802761112402","59656891","R"
"314","168 Java St, Brooklyn, NY, 11222","Match","Exact","168 JAVA ST, BROOKLYN, NY, 11222","-73.954139875587,40.731591239309","59076281","R"
"315","226 E 54th St #200, New York, NY, 10022","Match","Exact","226 E 54TH ST, NEW YORK, NY, 10022","-73.968350045605,40.758013880768","59657506","R"
"316","357 W 127th St #1, New York, NY, 10027","Match","Exact","357 W 127TH ST, NEW YORK, NY, 10027","-73.951977408146,40.812275383956","59656086","R"
"317","470 Malcolm X Blvd #1D, New York, NY, 10037","Match","Exact","470 MALCOLM X BLVD, NEW YORK, NY, 10037","-73.941623434612,40.812940230999","59656418","R"
"318","511 Clinton Ave, Brooklyn, NY, 11238","Match","Exact","511 CLINTON AVE, BROOKLYN, NY, 11238","-73.966771172475,40.683249887715","59077989","L"
"319","82 6th Ave 2nd Fl, Brooklyn, NY, 11217","Match","Exact","82 6TH AVE, BROOKLYN, NY, 11217","-73.975060242112,40.679849854745","59077728","R"
"320","40 W 117th St, New York, NY, 10026","Match","Exact","40 W 117TH ST, NEW YORK, NY, 10026","-73.947821240714,40.802055376858","652207870","L"
"321","640 Dean St, Brooklyn, NY, 11238","Match","Exact","640 DEAN ST, BROOKLYN, NY, 11238","-73.968989323578,40.680345462639","59077741","R"
"322","30 E 40th St Ste 1002, New York, NY, 10016","Match","Exact","30 E 40TH ST, NEW YORK, NY, 10016","-73.980034369411,40.751379639281","59658660","R"
"323","50 Riverside Blvd, New York, NY, 10069","Match","Non_Exact","50 RIVERSIDE DR, NEW YORK, NY, 10024","-73.983793845009,40.783780644168","59656625","R"
"324","1035 Fulton St Ste 1, Brooklyn, NY, 11238","Match","Exact","1035 FULTON ST, BROOKLYN, NY, 11238","-73.960501771012,40.68220091577","59078075","L"
"325","278 Van Brunt St, Brooklyn, NY, 11231","Match","Exact","278 VAN BRUNT ST, BROOKLYN, NY, 11231","-74.010017354741,40.679897848246","59093484","R"
"326","876 McDonald Ave, Brooklyn, NY, 11218","Match","Exact","876 MCDONALD AVE, BROOKLYN, NY, 11218","-73.977599177563,40.632650778544","59080738","R"
"327","333 Flatbush Ave, Brooklyn, NY, 11217","Match","Exact","333 FLATBUSH AVE, BROOKLYN, NY, 11217","-73.972841766917,40.677822155929","652212120","L"
"328","849 Rogers Ave, Brooklyn, NY, 11226","Match","Exact","849 ROGERS AVE, BROOKLYN, NY, 11226","-73.952325258578,40.650027283669","59081380","L"
"329","125 Nassau Ave, Brooklyn, NY, 11222","Match","Exact","125 NASSAU AVE, BROOKLYN, NY, 11222","-73.948813597486,40.724487864286","59076521","L"
"330","3440 Atlantic Ave, Brooklyn, NY, 11208","Match","Exact","3440 ATLANTIC AVE, BROOKLYN, NY, 11208","-73.869710071823,40.682153804796","59095136","R"
"331","651 Bushwick Ave, Brooklyn, NY, 11221","Match","Exact","651 BUSHWICK AVE, BROOKLYN, NY, 11221","-73.932961744606,40.697769934998","59079101","L"
"332","42 West St Suite 1-2, Brooklyn, NY, 11222","Match","Exact","42 WEST ST, BROOKLYN, NY, 11222","-73.958831723818,40.727674284292","59075911","R"
"333","16 Court St, Brooklyn, NY, 11241","Match","Non_Exact","16 COURT ST, BROOKLYN, NY, 11201","-73.990659251326,40.693409675487","59075039","R"
"334","419 B Mother Gaston Blvd, Brooklyn, NY, 11212","Match","Non_Exact","419 MOTHER GASTON BLVD, BROOKLYN, NY, 11212","-73.906562847604,40.66884936537","59083938","L"
"335","2831 Atlantic Ave, Brooklyn, NY, 11207","Match","Exact","2831 ATLANTIC AVE, BROOKLYN, NY, 11207","-73.889730380645,40.676778678724","59085016","L"
"336","1134 Liberty Ave, Brooklyn, NY, 11208","Match","Exact","1134 LIBERTY AVE, BROOKLYN, NY, 11208","-73.867496999797,40.678580362143","59095189","R"
"337","425-429 Bushwick Ave, Brooklyn, NY, 11206","Match","Non_Exact","429 BUSHWICK AVE, BROOKLYN, NY, 11206","-73.937183028448,40.702585677683","59079037","L"
"338","157 13th St, Brooklyn, NY, 11215","Match","Exact","157 13TH ST, BROOKLYN, NY, 11215","-73.992564176254,40.668898426188","59075624","L"
"339","2127 Flatbush Ave, Brooklyn, NY, 11234","Match","Exact","2127 FLATBUSH AVE, BROOKLYN, NY, 11234","-73.931766913186,40.618050317147","59092335","L"
"340","172 Alabama Ave, Brooklyn, NY, 11207","Match","Exact","172 ALABAMA AVE, BROOKLYN, NY, 11207","-73.899162166175,40.673115636259","59084650","R"
"341","300 Cadman Plz W 12th Floor, Brooklyn, NY, 11201","Match","Exact","300 CADMAN PLZ W, BROOKLYN, NY, 11201","-73.991153184657,40.695958703827","641018516","R"
"342","1733 Sheepshead Bay Rd #26, Brooklyn, NY, 11235","Match","Exact","1733 SHEEPSHEAD BAY RD, BROOKLYN, NY, 11235","-73.951363051667,40.585248215582","59091749","L"
"343","686 4th Ave, Brooklyn, NY, 11232","Match","Exact","686 4TH AVE, BROOKLYN, NY, 11232","-73.995584056868,40.662896328737","59075734","R"
"344","327 Ocean Pkwy, Brooklyn, NY, 11218","Match","Exact","327 OCEAN PKWY, BROOKLYN, NY, 11218","-73.973355766032,40.641297876615","59080629","R"
"345","727 Washington Ave, Brooklyn, NY, 11238","Match","Exact","727 WASHINGTON AVE, BROOKLYN, NY, 11238","-73.963120416283,40.674874419361","59078440","L"
"346","1429 Flatbush Ave, Brooklyn, NY, 11210","Match","Exact","1429 FLATBUSH AVE, BROOKLYN, NY, 11210","-73.950523830564,40.635618431271","59102397","L"
"347","8801 4th Ave, Brooklyn, NY, 11209","Match","Exact","8801 4TH AVE, BROOKLYN, NY, 11209","-74.028958120184,40.621123143046","59087464","L"
"348","706 Washington Ave, Brooklyn, NY, 11238","Match","Exact","706 WASHINGTON AVE, BROOKLYN, NY, 11238","-73.963659286461,40.676841458993","59078426","R"
"349","215 Smith St, Brooklyn, NY, 11201","Match","Exact","215 SMITH ST, BROOKLYN, NY, 11201","-73.991910321073,40.684470110256","59075302","L"
"350","1277 E 14th St Unit 608B, Brooklyn, NY, 11230","Match","Exact","1277 E 14TH ST, BROOKLYN, NY, 11230","-73.9610212189,40.61861733804","59089696","L"
"351","530 Driggs Ave, Brooklyn, NY, 11211","Match","Exact","530 DRIGGS AVE, BROOKLYN, NY, 11211","-73.956020735985,40.717511258661","59076443","R"
"352","62 5th Ave, Brooklyn, NY, 11217","Match","Exact","62 5TH AVE, BROOKLYN, NY, 11217","-73.977327221707,40.681167830783","59077714","R"
"353","733 Fulton St, Brooklyn, NY, 11217","Match","Exact","733 FULTON ST, BROOKLYN, NY, 11217","-73.975199787516,40.686691258448","59077663","L"
"354","181 Smith St, Brooklyn, NY, 11201","Match","Exact","181 SMITH ST, BROOKLYN, NY, 11201","-73.991111329857,40.685649605799","59075265","L"
"355","18 Bridge St #4A, Brooklyn, NY, 11201","Match","Exact","18 BRIDGE ST, BROOKLYN, NY, 11201","-73.984679805998,40.704019919156","59075109","R"
"356","155 Columbia St, Brooklyn, NY, 11231","Match","Exact","155 COLUMBIA ST, BROOKLYN, NY, 11231","-74.001858374254,40.686609817204","653448139","L"
"357","672 Driggs Ave, Brooklyn, NY, 11211","Match","Exact","672 DRIGGS AVE, BROOKLYN, NY, 11211","-73.959287019515,40.714470343448","59076110","R"
"358","603 Bergen St #204, Brooklyn, NY, 11238","Match","Exact","603 BERGEN ST, BROOKLYN, NY, 11238","-73.969674395694,40.679784408323","59077745","L"
"359","488 Court St, Brooklyn, NY, 11231","Match","Exact","488 COURT ST, BROOKLYN, NY, 11231","-73.99846248998,40.677203087474","59075444","R"
"10","8001 Lawndale St, Houston, TX, 77012","Match","Exact","8001 LAWNDALE ST, HOUSTON, TX, 77012","-95.279535084995,29.715712989173","96085578","L"
"11","5807 Little York Rd, Houston, TX, 77016","Match","Exact","5807 LITTLE YORK RD, HOUSTON, TX, 77016","-95.304164114499,29.871379868318","96075504","L"
"12","4600 Hwy 6 N #320, Houston, TX, 77084","Match","Non_Exact","4600 STATE HWY 6, HOUSTON, TX, 77084","-95.645639124537,29.841291782911","657541904","R"
"13","10101 Fondren Rd, Houston, TX, 10101","No_Match"
"14","11902 Jones Rd Q, Houston, TX, 11902","Match","Non_Exact","11902 JONES RD, HOUSTON, TX, 77070","-95.584746013163,29.947295162586","642192098","R"
"15","2617 Bissonnet St #483, Houston, TX, 77005","Match","Exact","2617 BISSONNET ST, HOUSTON, TX, 77005","-95.418956621248,29.72542289135","96063247","L"
"16","16526 Park Row Blvd, Houston, TX, 16526","Match","Non_Exact","16526 PARK ROW, HOUSTON, TX, 77084","-95.669627928137,29.789395436963","644395892","L"
"17","2810 Riverby Rd, Houston, TX, 77020","No_Match"
"18","12222 Bissonnet St Suite L, Houston, TX, 12222","Match","Non_Exact","12222 BISSONNET ST, HOUSTON, TX, 77099","-95.594386961189,29.67580209269","657208887","R"
"19","4151 Southwest Fwy #630, Houston, TX, 77027","Match","Exact","4151 SOUTHWEST FWY, HOUSTON, TX, 77027","-95.443660186264,29.728569005142","96615433","L"
"360","147 Prince St, Brooklyn, NY, 11201","No_Match"
"361","1112 Cortelyou Rd, Brooklyn, NY, 11218","Match","Exact","1112 CORTELYOU RD, BROOKLYN, NY, 11218","-73.967721852895,40.639673495571","59081062","R"
"362","2402 McDonald Ave, Brooklyn, NY, 11223","Match","Exact","2402 MCDONALD AVE, BROOKLYN, NY, 11223","-73.973760901021,40.593766350794","59101779","R"
"363","50 Mother Gaston Blvd, Brooklyn, NY, 11233","Match","Exact","50 MOTHER GASTON BLVD, BROOKLYN, NY, 11233","-73.908579559875,40.680210962532","59083286","R"
"364","176 E 116th St 2nd Floor, New York, NY, 10029","Match","Exact","176 E 116TH ST, NEW YORK, NY, 10029","-73.940795150284,40.798207396875","59658061","R"
"365","82 Reade St, New York, NY, 10007","Match","Exact","82 READE ST, NEW YORK, NY, 10007","-74.007388413385,40.715430033547","59660359","R"
"366","750 Lexington Ave 9th Floor, New York, NY, 10022","Match","Exact","750 LEXINGTON AVE, NEW YORK, NY, 10022","-73.967829839291,40.762832250692","59657447","L"
"367","176 Spring St, New York, NY, 10012","Match","Exact","176 SPRING ST, NEW YORK, NY, 10012","-74.002456734163,40.724736781169","59660277","L"
"368","69 Murray St, New York, NY, 10007","Match","Exact","69 MURRAY ST, NEW YORK, NY, 10007","-74.01026338519,40.714506339402","59659540","R"
"369","524 Main St, New York, NY, 10044","Match","Exact","524 MAIN ST, NEW YORK, NY, 10044","-73.950457639997,40.761109115289","656933174","R"
"20","5239 Browncroft St, Houston, TX, 77021","Match","Exact","5239 BROWNCROFT ST, HOUSTON, TX, 77021","-95.336512186729,29.69541925261","96089476","L"
"21","15300 Westheimer Rd #104, Houston, TX, 15300","Match","Non_Exact","15300 WESTHEIMER RD, HOUSTON, TX, 77082","-95.655034402939,29.731435621194","96017317","R"
"22","8300 FM 1960 W #450, Houston, TX, 77070","Match","Non_Exact","8300 FM 1960 RD W, HOUSTON, TX, 77070","-95.55184746015,29.957157432745","96658376","L"
"23","800 Town and Country Blvd Ste 500, Houston, TX, 77024","No_Match"
"24","1415 Louisiana St 18th Floor, Houston, TX, 77002","Match","Exact","1415 LOUISIANA ST, HOUSTON, TX, 77002","-95.369935409334,29.755360944918","96067532","L"
"25","2800 N Loop W #900, Houston, TX, 77092","No_Match"
"26","2101 Smith St Ste 255, Houston, TX, 77002","Match","Exact","2101 SMITH ST, HOUSTON, TX, 77002","-95.374856854197,29.750747155206","96067146","L"
"27","1920 Rankin Rd Suite 145, Houston, TX, 77073","Match","Exact","1920 RANKIN RD, HOUSTON, TX, 77073","-95.369590185339,29.965481372146","96659387","R"
"28","8040 Montgomery Road, Cincinnati, OH, 45236","Match","Exact","8040 MONTGOMERY RD, CINCINNATI, OH, 45236","-84.371790582283,39.202217326877","103938898","R"
"29","10979 Reed Hartman Hwy Suite 331 D, Cincinnati, OH, 10979","Match","Non_Exact","10979 REED HARTMAN HWY, CINCINNATI, OH, 45242","-84.37965812738,39.265776219844","650328763","L"
"370","53 Elizabeth St, New York, NY, 10013","Match","Exact","53 ELIZABETH ST, NEW YORK, NY, 10013","-73.996641267789,40.717227366772","59653978","L"
"371","110 E 25th St, New York, NY, 10010","Match","Exact","110 E 25TH ST, NEW YORK, NY, 10010","-73.982512946494,40.740175053386","639380195","R"
"372","654 Madison Ave 5th Fl, New York, NY, 10065","Match","Exact","654 MADISON AVE, NEW YORK, NY, 10065","-73.970986871096,40.764291766933","642471663","L"
"373","166 Allen St, New York, NY, 10002","No_Match"
"374","30 Broad St Suite 1401, New York, NY, 10004","Match","Exact","30 BROAD ST, NEW YORK, NY, 10004","-74.01131644789,40.706189976734","59659657","R"
"375","445 W 50th St, New York, NY, 10019","Match","Exact","445 W 50TH ST, NEW YORK, NY, 10019","-73.990193886962,40.764075069071","59655177","R"
"376","100 William St, New York, NY, 10038","No_Match"
"377","874 Lexington Ave, New York, NY, 10065","Match","Exact","874 LEXINGTON AVE, NEW YORK, NY, 10065","-73.965346253948,40.766238384197","59657465","L"
"378","2488 Adam Clayton Powell Jr Blvd, New York, NY, 10030","Match","Exact","2488 ADAM CLAYTON POWELL JR BLVD, NEW YORK, NY, 10030","-73.939410105094,40.821297174387","59656316","L"
"379","46 Howard St, New York, NY, 10013","Match","Exact","46 HOWARD ST, NEW YORK, NY, 10013","-74.001551929942,40.720068268551","59660306","R"
"30","9032 Union Centre Blvd, West Chester, OH, 45069","Match","Exact","9032 UNION CENTER BLVD, WEST CHESTER, OH, 45069","-84.435015019277,39.329489314083","604773810","L"
"31","9321 Montgomery Rd, Cincinnati, OH, 45238","Match","Non_Exact","9321 MONTGOMERY RD, CINCINNATI, OH, 45242","-84.355614254756,39.225161492363","103938532","L"
"32","5323 Tompkins Ave, Cincinnati, OH, 45227","Match","Exact","5323 TOMPKINS AVE, CINCINNATI, OH, 45227","-84.40209335135,39.15662882474","103971792","R"
"33","1883 Langdon Farm Rd, Cincinnati, OH, 45237","Match","Exact","1883 LANGDON FARM RD, CINCINNATI, OH, 45237","-84.460427676109,39.182166709504","637588514","R"
"34","7812 Hamilton Ave, Cincinnati, OH, 45231","Match","Exact","7812 HAMILTON AVE, CINCINNATI, OH, 45231","-84.547920936916,39.234827783351","103919667","R"
"35","2639 Erie Ave #8391, Cincinnati, OH, 45208","Match","Exact","2639 ERIE AVE, CINCINNATI, OH, 45208","-84.444393753601,39.139745632219","103931119","R"
"36","218 W Pike St, Covington, KY, 41011","Match","Exact","218 W PIKE ST, COVINGTON, KY, 41011","-84.513573041935,39.0818005586","103901745","R"
"37","1960 Fairfax Ave, Cincinnati, OH, 45207","Match","Exact","1960 FAIRFAX AVE, CINCINNATI, OH, 45207","-84.465498247098,39.135000395583","103971059","L"
"38","7613 Reading Rd 2nd Floor, Cincinnati, OH, 45237","Match","Exact","7613 READING RD, CINCINNATI, OH, 45237","-84.457670481378,39.199093888052","103928479","L"
"39","3435 Reading Rd, Cincinnati, OH, 45229","Match","Exact","3435 READING RD, CINCINNATI, OH, 45229","-84.492370742489,39.142175346124","103926165","L"
"380","56 King St, New York, NY, 10014","Match","Exact","56 KING ST, NEW YORK, NY, 10014","-74.00495427572,40.727777963829","59660098","L"
"381","222 E 34th St Studio 24, New York, NY, 10016","Match","Non_Exact","222 E 34TH ST, NEW YORK, NY, 10016","-73.977332026919,40.745325858366","59654451","R"
"382","40 Grand St, New York, NY, 10013","Match","Exact","40 GRAND ST, NEW YORK, NY, 10013","-74.00420438361,40.722664048951","59660218","L"
"383","184B Lafayette St, New York, NY, 10013","Match","Non_Exact","184B LAFAYETTE ST, NEW YORK, NY, 10013","-73.998643230424,40.720638800798","59653769","L"
"384","14 E 125th St, New York, NY, 10035","Match","Exact","14 E 125TH ST, NEW YORK, NY, 10035","-73.941845018794,40.806175232907","59656443","R"
"385","745 5th Ave #500, New York, NY, 10151","Match","Non_Exact","745 5TH AVE, NEW YORK, NY, 10022","-73.973804229702,40.763069934781","59657189","R"
"386","1673 Lexington Ave, New York, NY, 10029","Match","Exact","1673 LEXINGTON AVE, NEW YORK, NY, 10029","-73.946740852252,40.791486883079","59657916","R"
"387","77 Bowery Apt #203, New York, NY, 10002","Match","Exact","77 BOWERY, NEW YORK, NY, 10002","-73.995675310781,40.71673291083","59653982","R"
"388","2795 Frederick Douglass Blvd, New York, NY, 10039","Match","Exact","2795 FREDERICK DOUGLASS BLVD, NEW YORK, NY, 10039","-73.940321956078,40.825132626245","59656310","L"
"389","100 Pearl St, New York, NY, 10004","Match","Non_Exact","100 PEARL ST, NEW YORK, NY, 10005","-74.008797344973,40.704842462384","59660493","R"
"40","824 W North Bend Rd Box 5, Cincinnati, OH, 45224","Match","Exact","824 W NORTH BEND RD, CINCINNATI, OH, 45224","-84.514870467981,39.203039327905","650407330","R"
"41","260 Northland Blvd Suite 107B, Cincinnati, OH, 45246","Match","Exact","260 NORTHLAND BLVD, CINCINNATI, OH, 45246","-84.479521570178,39.282843660239","103956432","R"
"42","6718 Montgomery Rd, Cincinnati, OH, 45236","Match","Exact","6718 MONTGOMERY RD, CINCINNATI, OH, 45236","-84.410289245425,39.189907477086","642177844","R"
"43","9910 Coventry Ct, Mason, OH, 45040","Match","Exact","9910 COVENTRY CT, MASON, OH, 45040","-84.346349753724,39.294368559292","159025224","L"
"44","1797 Sycamore St, Cincinnati, OH, 45202","Match","Exact","1797 SYCAMORE ST, CINCINNATI, OH, 45202","-84.51043530168,39.117264884662","103925223","L"
"45","891 W North Bend Rd, Cincinnati, OH, 45224","Match","Exact","891 W NORTH BEND RD, CINCINNATI, OH, 45224","-84.518687666737,39.201148964756","656486915","L"
"46","9674 Colerain Ave #246, Cincinnati, OH, 45251","Match","Exact","9674 COLERAIN AVE, CINCINNATI, OH, 45251","-84.596199895161,39.247234803897","103915206","R"
"47","1644 E Kemper Rd Ste 4 & 5, Sharonville, OH, 45240","No_Match"
"48","7609 Hamilton Ave, Cincinnati, OH, 45231","Match","Exact","7609 HAMILTON AVE, CINCINNATI, OH, 45231","-84.548254206264,39.232648049347","103919678","L"
"49","6974 Creekside Way, Fairfield Township, OH, 45011","Match","Non_Exact","6974 CREEKSIDE, FAIRFIELD TOWNSHIP, OH, 45011","-84.518515326731,39.398471919816","604776773","R"
"390","40 Wall St Suite 3100, New York, NY, 10005","Match","Exact","40 WALL ST, NEW YORK, NY, 10005","-74.009750987115,40.706610124847","639542765","L"
"391","229 W 145th St, New York, NY, 10039","Match","Exact","229 W 145TH ST, NEW YORK, NY, 10039","-73.939878091799,40.822040274141","59656287","R"
"392","19 E 26th St, New York, NY, 10010","Match","Exact","19 E 26TH ST, NEW YORK, NY, 10010","-73.987821018142,40.743359141527","59653466","L"
"393","654 Madison Ave, New York, NY, 10065","Match","Exact","654 MADISON AVE, NEW YORK, NY, 10065","-73.970986871096,40.764291766933","642471663","L"
"394","3496 Broadway, New York, NY, 10031","Match","Exact","3496 BROADWAY, NEW YORK, NY, 10031","-73.951409357334,40.824998976689","59655945","R"
"395","41 Wooster St Floor 3, New York, NY, 10012","Match","Non_Exact","41 WOOSTER ST, NEW YORK, NY, 10013","-74.002663817617,40.722461499219","59660289","L"
"396","536 W 112th St, New York, NY, 10025","Match","Exact","536 W 112TH ST, NEW YORK, NY, 10025","-73.964434001824,40.804823424454","639467241","L"
"397","575 Madison Ave Fl 3, New York, NY, 10022","Match","Exact","575 MADISON AVE, NEW YORK, NY, 10022","-73.97233226441,40.762209910428","59657203","R"
"398","160 W 71st St #2B, New York, NY, 10023","Match","Exact","160 W 71ST ST, NEW YORK, NY, 10023","-73.980982784868,40.777381699091","59655117","R"
"399","150 Nassau St, New York, NY, 10038","Match","Exact","150 NASSAU ST, NEW YORK, NY, 10038","-74.006264066223,40.71129458027","59660413","R"
"50","1984 Ridgetop Way, Cincinnati, OH, 45238","Match","Exact","1984 RIDGETOP WAY, CINCINNATI, OH, 45238","-84.583534883996,39.12749558312","103975948","R"
"51","1821 Elm St, Norwood, OH, 45212","Match","Non_Exact","1821 ELM AVE, NORWOOD, OH, 45212","-84.465647534839,39.162830070498","103929720","R"
"52","7505 Reading Rd Suite 104, Cincinnati, OH, 45237","Match","Exact","7505 READING RD, CINCINNATI, OH, 45237","-84.458644818248,39.19745316624","103928493","L"
"53","1121 Broadway St, Cincinnati, OH, 45202","Match","Exact","1121 BROADWAY ST, CINCINNATI, OH, 45202","-84.508324538319,39.10916063339","103966516","L"
"54","175 Tri County Pkwy Suite 50, Cincinnati, OH, 45246","Match","Exact","175 TRI COUNTY PKWY, CINCINNATI, OH, 45246","-84.476230004427,39.282809317603","103956449","R"
"55","312 Elm St, Cincinnati, OH, 45202","Match","Exact","312 ELM ST, CINCINNATI, OH, 45202","-84.515528160569,39.098337992844","103936499","R"
"56","6596 Harrison Ave, Cincinnati, OH, 45247","Match","Exact","6596 HARRISON AVE, CINCINNATI, OH, 45247","-84.661152931262,39.194643498681","103915563","R"
"57","3189 Princeton Rd Suite 266, Hamilton, OH, 45011","Match","Exact","3189 PRINCETON RD, HAMILTON, OH, 45011","-84.508626002905,39.39089771975","640813775","R"
"58","1172 W Galbraith Rd Ste 208, Cincinnati, OH, 45231","Match","Exact","1172 W GALBRAITH RD, CINCINNATI, OH, 45231","-84.529914138032,39.216064128219","642177953","R"
"59","6718 Montgomery Rd #2, Cincinnati, OH, 45236","Match","Exact","6718 MONTGOMERY RD, CINCINNATI, OH, 45236","-84.410289245425,39.189907477086","642177844","R"
"60","201 E 5th St Suite 1900, Cincinnati, OH, 45202","Match","Exact","201 E 5TH ST, CINCINNATI, OH, 45202","-84.509650068384,39.101562207746","640627485","R"
"61","14 Brittany Ln, Fairfield, OH, 45014","Match","Exact","14 BRITTANY LN, FAIRFIELD, OH, 45014","-84.504942218692,39.318658129035","604777656","L"
"62","2300 Montana Ave Suite 245, Cincinnati, OH, 45211","Match","Exact","2300 MONTANA AVE, CINCINNATI, OH, 45211","-84.569531738684,39.155343365292","103971501","R"
"63","3730 Susanna Dr, Cincinnati, OH, 45251","Match","Exact","3730 SUSANNA DR, CINCINNATI, OH, 45251","-84.602154897481,39.247333406792","103915199","R"
"64","1579 Goodman Ave, Cincinnati, OH, 45224","Match","Exact","1579 GOODMAN AVE, CINCINNATI, OH, 45224","-84.548462300192,39.216380284803","103921013","L"
"65","260 Northland Blvd Suite 208, Cincinnati, OH, 45246","Match","Exact","260 NORTHLAND BLVD, CINCINNATI, OH, 45246","-84.479521570178,39.282843660239","103956432","R"
"66","963 E McMillan St, Cincinnati, OH, 45206","Match","Exact","963 E MCMILLAN ST, CINCINNATI, OH, 45206","-84.488402317164,39.125762404249","103926362","R"
"67","1715 DeSales Ln, Cincinnati, OH, 45206","Match","Exact","1715 DE SALES LN, CINCINNATI, OH, 45206","-84.474414082069,39.131633554315","103930109","R"
"68","2206 Langdon Farm Rd, Cincinnati, OH, 45237","Match","Exact","2206 LANGDON FARM RD, CINCINNATI, OH, 45237","-84.452624839466,39.182368602732","103929119","L"
"69","1329 Vine St, Cincinnati, OH, 45202","Match","Exact","1329 VINE ST, CINCINNATI, OH, 45202","-84.515369641799,39.110371862912","103935946","L"
"70","264 Parkway Ave, Cincinnati, OH, 45216","Match","Exact","264 PARKWAY AVE, CINCINNATI, OH, 45216","-84.466729254276,39.20828994738","103928056","L"
"71","3054 Mentor St, Cincinnati, OH, 45206","Match","Exact","3054 MENTOR ST, CINCINNATI, OH, 45206","-84.484988960125,39.134199148073","103926303","R"
"72","7140 Montgomery Rd, Cincinnati, OH, 45236","Match","Exact","7140 MONTGOMERY RD, CINCINNATI, OH, 45236","-84.402462651147,39.192747870827","103932597","R"
"73","10979 Reed Hartman Hwy, Cincinnati, OH, 10979","Match","Non_Exact","10979 REED HARTMAN HWY, CINCINNATI, OH, 45242","-84.37965812738,39.265776219844","650328763","L"
"74","1001 B Kiely Pl, Crittenden, KY, 41030","No_Match"
"75","3252 North Bend Rd, Cincinnati, OH, 45239","Match","Exact","3252 N BEND RD, CINCINNATI, OH, 45239","-84.591406598968,39.190204067715","103916658","R"
"76","806 8th Ave, Middletown, OH, 45044","Match","Exact","806 8TH AVE, MIDDLETOWN, OH, 45044","-84.412216485077,39.508326534336","113795387","R"
"77","7661 Beechmont Ave, Cincinnati, OH, 45255","Match","Exact","7661 BEECHMONT AVE, CINCINNATI, OH, 45255","-84.345308309165,39.072696316606","103940818","R"
"78","1860 Wynnewood Ln, Cincinnati, OH, 45237","Match","Exact","1860 WYNNEWOOD LN, CINCINNATI, OH, 45237","-84.454134916372,39.206493051352","103928472","L"
"79","1719 Elm St, Cincinnati, OH, 45202","Match","Exact","1719 ELM ST, CINCINNATI, OH, 45202","-84.519742906189,39.114386576405","103970360","L"
"80","8075 Reading Rd Suite 206, Cincinnati, OH, 45237","Match","Exact","8075 READING RD, CINCINNATI, OH, 45237","-84.448988537686,39.209353089328","655740682","L"
"81","1719 Elm St, Cincinnati, OH, 45202","Match","Exact","1719 ELM ST, CINCINNATI, OH, 45202","-84.519742906189,39.114386576405","103970360","L"
"82","6322 Elwynne Dr, Cincinnati, OH, 45236","Match","Exact","6322 ELWYNNE DR, CINCINNATI, OH, 45236","-84.397886448341,39.18429721622","103932646","R"
"83","11427 Reed Hartman Hwy, Cincinnati, OH, 11427","Match","Non_Exact","11427 REED HARTMAN HWY, CINCINNATI, OH, 45241","-84.373986356125,39.276952777749","103945295","L"
"84","1719 Elm St, Cincinnati, OH, 45202","Match","Exact","1719 ELM ST, CINCINNATI, OH, 45202","-84.519742906189,39.114386576405","103970360","L"
"85","5128 Hawaiian Ter, Cincinnati, OH, 45223","Match","Exact","5128 HAWAIIAN TER, CINCINNATI, OH, 45223","-84.566372026999,39.183378203126","103920875","R"
"86","7085 Lakota Ridge Dr, Liberty Township, OH, 45011","Match","Exact","7085 LAKOTA RIDGE DR, LIBERTY TWP, OH, 45011","-84.412245291692,39.374478186237","113811010","R"
"87","6019 Vine St, Cincinnati, OH, 45216","No_Match"
"88","4598 Randall Dr, Cincinnati, OH, 45225","No_Match"
"89","7613 Hamilton Ave, Cincinnati, OH, 45231","Match","Exact","7613 HAMILTON AVE, CINCINNATI, OH, 45231","-84.548251108851,39.23268489223","103919678","L"
"90","9933 Alliance Rd, Cincinnati, OH, 45242","Match","Exact","9933 ALLIANCE RD, CINCINNATI, OH, 45242","-84.381770425555,39.239729378086","103927797","L"
"91","800 Compton Rd Ste 8, Cincinnati, OH, 45231","Match","Exact","800 COMPTON RD, CINCINNATI, OH, 45231","-84.511443056288,39.233825481284","103960783","R"
"92","6050 Montgomery Rd Loft 4, Cincinnati, OH, 45213","Match","Exact","6050 MONTGOMERY RD, CINCINNATI, OH, 45213","-84.429614926715,39.181513702154","103931696","R"
"93","891 W North Bend Rd, Cincinnati, OH, 45224","Match","Exact","891 W NORTH BEND RD, CINCINNATI, OH, 45224","-84.518687666737,39.201148964756","656486915","L"
"94","9674 Colerain Ave Ste 238, Cincinnati, OH, 45251","Match","Exact","9674 COLERAIN AVE, CINCINNATI, OH, 45251","-84.596199895161,39.247234803897","103915206","R"
"95","2643 Westbrook Dr, Cincinnati, OH, 45211","Match","Exact","2643 WESTBROOK DR, CINCINNATI, OH, 45211","-84.591862766468,39.133732154293","103917955","L"
"96","72 E Crescentville Rd, Cincinnati, OH, 45246","Match","Non_Exact","72 W CRESCENTVILLE RD, CINCINNATI, OH, 45246","-84.468189987759,39.302789534828","103941322","L"
"97","7875 Montgomery Rd, Cincinnati, OH, 45236","Match","Exact","7875 MONTGOMERY RD, CINCINNATI, OH, 45236","-84.376920136446,39.200268131505","641337785","L"
"98","1327 Vine St, Cincinnati, OH, 45202","Match","Exact","1327 VINE ST, CINCINNATI, OH, 45202","-84.515368357536,39.110367582035","103935946","L"
"99","1323 Vine St, Cincinnati, OH, 45202","Match","Exact","1323 VINE ST, CINCINNATI, OH, 45202","-84.515337007727,39.110253416626","103935947","L"
"2504","1630 First National Building, Detroit, MI, 48226","Match","Non_Exact","1630 1ST ST, DETROIT, MI, 48226","-83.054959522149,42.332944000591","95479819","R"
"2503","39001 W. 12 Mile Rd., Suite 200, Farmington Hills, MI, 39001","Match","Non_Exact","39001 W 12 MILE RD, FARMINGTON HILLS, MI, 48331","-83.432537164394,42.496956454685","647512473","L"
"2502","26500 American Drive, Southfield, MI, 26500","Match","Non_Exact","26500 AMERICAN DR, SOUTHFIELD, MI, 48034","-83.302594843226,42.491172055132","69807395","R"
"2501","2601 Cambridge Ct., Suite 260, Auburn Hills, MI, 48326","No_Match"
"2500","1426 Pacific Dr., Auburn Hills, MI, 48326","Match","Exact","1426 PACIFIC DR, AUBURN HILLS, MI, 48326","-83.271022712588,42.695222684223","630330993","L"
"2509","500 Woodward Ave., Detroit, MI, 48226","Match","Exact","500 WOODWARD AVE, DETROIT, MI, 48226","-83.045014801931,42.329590108925","95484320","R"
"2508","1595 Ferdinand St., Detroit, MI, 48209","Match","Exact","1595 FERDINAND ST, DETROIT, MI, 48209","-83.098266365913,42.316932321965","95474334","L"
"2507","600 Lafayette East, Detroit, MI, 48226","Match","Non_Exact","600 LAFAYETTE ST E, DETROIT, MI, 48226","-83.040170937041,42.334533117203","95729795","R"
"2506","3730 Martin St., Detroit, MI, 48210","Match","Exact","3730 MARTIN ST, DETROIT, MI, 48210","-83.12393419839,42.326312348439","95473183","R"
"2505","2203 Kristin Dr., Troy, MI, 48084","Match","Exact","2203 KRISTIN DR, TROY, MI, 48084","-83.191724865659,42.56905507807","69736607","L"
"2515","56371 Varenna Ct., Macomb, MI, 56371","Match","Non_Exact","56371 VARENNA CT, MACOMB, MI, 48042","-82.968636610947,42.710256104567","650788519","L"
"2514","3439 Woodward Ave., Apt. 526, Detroit, MI, 48201","Match","Exact","3439 WOODWARD AVE, DETROIT, MI, 48201","-83.057002444669,42.345945137662","95477877","L"
"2513","14707 Keel Street, Plymouth, MI, 14707","Match","Non_Exact","14707 KEEL ST, PLYMOUTH, MI, 48170","-83.496539039148,42.390363434607","95495397","R"
"2512","7457 Franklin Road, Suite 230, Bloomfield Hills, MI, 48301","Match","Exact","7457 FRANKLIN RD, BLOOMFIELD HILLS, MI, 48301","-83.304928169181,42.530263689431","69727934","L"
"2511","1502 Longfellow Ave., Royal Oak, MI, 48067","Match","Exact","1502 LONGFELLOW AVE, ROYAL OAK, MI, 48067","-83.134445465904,42.477420415307","69746193","R"
"2510","91 N Saginaw St., Suite 200, Pontiac, MI, 48342","Match","Exact","91 N SAGINAW ST, PONTIAC, MI, 48342","-83.293090466398,42.639761753244","69705507","L"
"2519","32600 Telegraph Rd., Bingham Farms, MI, 32600","Match","Non_Exact","32600 TELEGRAPH RD, BINGHAM FARMS, MI, 48025","-83.285343202826,42.524873000875","647548149","R"
"2518","220 S Main St., Royal Oak, MI, 48067","Match","Exact","220 S MAIN ST, ROYAL OAK, MI, 48067","-83.144332414035,42.488765459044","69745734","R"
"2517","6201 Plumer St., Detroit, MI, 48209","Match","Exact","6201 PLUMER ST, DETROIT, MI, 48209","-83.111063474942,42.320110425987","95474019","L"
"2516","440 Burroughs St., Suite 642, Detroit, MI, 48202","Match","Exact","440 BURROUGHS ST, DETROIT, MI, 48202","-83.072351753252,42.365018403193","95476191","R"
"2526","25225 Dequindre Road, Madison Heights, MI, 25225","Match","Non_Exact","25225 DEQUINDRE RD, MADISON HEIGHTS, MI, 48071","-83.084712946069,42.478961320033","69807887","L"
"2525","2100 Woodward Avenue, Detroit, MI, 48201","Match","Exact","2100 WOODWARD AVE, DETROIT, MI, 48201","-83.051304600755,42.337742860175","95479870","R"
"2524","One Dauch Drive, Detroit, MI, 48211","Match","Exact","1 DAUCH DR, DETROIT, MI, 48211","-83.065853083832,42.388029701672","645877219","R"
"2523","3711 W. Thirteen Mile Rd., Royal Oak, MI, 48073","Match","Exact","3711 W 13 MILE RD, ROYAL OAK, MI, 48073","-83.192815855998,42.517651745207","641241021","L"
"2522","30555 Southfield Rd., Suite 520, Southfield, MI, 30555","Match","Non_Exact","30555 SOUTHFIELD RD, SOUTHFIELD, MI, 48076","-83.223156818676,42.512649179521","658045571","L"
"2521","2126 Hollywood Ave., Grosse Pointe Woods, MI, 48236","Match","Exact","2126 HOLLYWOOD AVE, GROSSE POINTE WOODS, MI, 48236","-82.910325268562,42.447361748643","95496346","R"
"2520","3700 Larkwood Ct., Bloomfield Township, MI, 48302","Match","Exact","3700 LARKWOOD CT, BLOOMFIELD TOWNSHIP, MI, 48302","-83.269782153693,42.586031960727","69728853","R"
"2529","888 W Big Beaver Rd., Suite 200, Troy, MI, 48084","Match","Exact","888 W BIG BEAVER RD, TROY, MI, 48084","-83.164458427631,42.562135609719","630327775","R"
"2528","38291 Schoolcraft Rd., Ste. 105, Livonia, MI, 38291","Match","Non_Exact","38291 SCHOOLCRAFT RD, LIVONIA, MI, 48150","-83.421989950778,42.381450180502","95716629","L"
"2527","1387 Marina Pointe, Lake Orion, MI, 48362","Match","Non_Exact","1387 MARINA POINTE BLVD, LAKE ORION, MI, 48362","-83.272412232394,42.77908836444","69792130","R"
"2540","3000 University Drive, Auburn Hills, MI, 48326","Match","Exact","3000 UNIVERSITY DR, AUBURN HILLS, MI, 48326","-83.233189518594,42.669499186722","644606415","R"
"1206","10933 W Buckeye Rd, Avondale, AZ, 10933","No_Match"
"2537","2800 High Meadow Circle, Auburn Hills, MI, 48326","Match","Exact","2800 HIGH MEADOW CIR, AUBURN HILLS, MI, 48326","-83.235702202988,42.661710732936","653390591","R"
"1205","1733 N Dysart Rd, Avondale, AZ, 85392","Match","Exact","1733 N DYSART RD, AVONDALE, AZ, 85392","-112.340875642122,33.464762114953","128948834","R"
"2536","615 Griswold St., Ste. 719, Detroit, MI, 48226","Match","Exact","615 GRISWOLD ST, DETROIT, MI, 48226","-83.046879764332,42.329972923213","95480000","L"
"1204","606 E Western Ave, Avondale, AZ, 85323","Match","Exact","606 E WESTERN AVE, AVONDALE, AZ, 85323","-112.343104964656,33.435385194455","128168243","L"
"2535","5679 W. Vernor Hwy., Detroit, MI, 48209","Match","Exact","5679 W VERNOR HWY, DETROIT, MI, 48209","-83.102586249673,42.317445754869","95474320","L"
"1203","725 N Central Ave, Avondale, AZ, 85323","Match","Exact","725 N CENTRAL AVE, AVONDALE, AZ, 85323","-112.349610623002,33.442725438942","128168035","R"
"2534","305 W. Big Beaver Rd., Troy, MI, 48084","Match","Exact","305 W BIG BEAVER RD, TROY, MI, 48084","-83.152083890969,42.562142820735","647526822","L"
"1202","8258 W Thunderbird Rd Unit 206, Peoria, AZ, 85381","Match","Exact","8258 W THUNDERBIRD RD, PEORIA, AZ, 85381","-112.236722656405,33.610052853999","640591665","R"
"2533","440 Burroughs St., Suite 121, Detroit, MI, 48202","Match","Exact","440 BURROUGHS ST, DETROIT, MI, 48202","-83.072351753252,42.365018403193","95476191","R"
"1201","144 N Country Club Dr, Mesa, AZ, 85201","Match","Exact","144 N COUNTRY CLUB DR, MESA, AZ, 85201","-111.840033781161,33.418060973749","128234945","L"
"2532","One Energy Plaza, Detroit, MI, 48226","No_Match"
"1200","933 E University Dr #112, Tempe, AZ, 85288","Match","Exact","933 E UNIVERSITY DR, TEMPE, AZ, 85288","-111.925270909851,33.421979049271","128921790","R"
"2531","33533 W. 12 Mile Rd., Suite 101, Farmington Hills, MI, 33533","Match","Non_Exact","33533 W 12 MILE RD, FARMINGTON HILLS, MI, 48331","-83.379937704606,42.498559483698","69723238","L"
"2530","91 N Saginaw St., Suite 111, Pontiac, MI, 48342","Match","Exact","91 N SAGINAW ST, PONTIAC, MI, 48342","-83.293090466398,42.639761753244","69705507","L"
"1209","51 S McQueen Rd, Gilbert, AZ, 85233","Match","Exact","51 S MCQUEEN RD, GILBERT, AZ, 85233","-111.824289054064,33.348698060652","637414683","R"
"1208","13319 W McDowell Rd, Goodyear, AZ, 13319","Match","Non_Exact","13319 W MCDOWELL RD, GOODYEAR, AZ, 85395","-112.345672372282,33.464245577474","657460819","L"
"2539","5663 E. 9 Mile Rd., Warren, MI, 48091","Match","Non_Exact","5663 9 MILE RD, WARREN, MI, 48091","-83.046263310799,42.462539352377","110676701","L"
"1207","10220 W McDowell Rd #100, Avondale, AZ, 10220","Match","Non_Exact","10220 W MCDOWELL RD, AVONDALE, AZ, 85392","-112.279260676821,33.464716201169","657376154","R"
"2538","18900 Michigan Ave., Dearborn, MI, 18900","Match","Non_Exact","18900 MICHIGAN AVE, DEARBORN, MI, 48126","-83.219656953929,42.310063604351","95740244","L"
"1220","4428 N 7th Ave, Phoenix, AZ, 85013","Match","Exact","4428 N 7TH AVE, PHOENIX, AZ, 85013","-112.082515052772,33.501281905993","128206192","L"
"2551","3848 S. Rochester Rd., Suite 14, Rochester Hills, MI, 48307","Match","Exact","3848 S ROCHESTER RD, ROCHESTER HILLS, MI, 48307","-83.130989254087,42.624721960714","69765195","R"
"2550","100 W Big Beaver Rd., Troy, MI, 48306","Match","Non_Exact","100 W BIG BEAVER RD, TROY, MI, 48084","-83.148973140257,42.562575847805","635624890","R"
"1217","628 E Adams St, Phoenix, AZ, 85004","Match","Exact","628 E ADAMS ST, PHOENIX, AZ, 85004","-112.065890504119,33.44943662386","128213598","L"
"2548","400 Maple Park Blvd., Suite 400, St. Clair Shores, MI, 48081","No_Match"
"1216","4129 N 7th Ave, Phoenix, AZ, 85013","Match","Exact","4129 N 7TH AVE, PHOENIX, AZ, 85013","-112.083405654501,33.495441942414","128206303","R"
"2547","4000 Town Center, Ste. 1800, Southfield, MI, 48075","Match","Exact","4000 TOWN CENTER, SOUTHFIELD, MI, 48075","-83.243092049917,42.476644920353","630354435","L"
"1215","5730 W Peoria Ave #104, Glendale, AZ, 85302","Match","Exact","5730 W PEORIA AVE, GLENDALE, AZ, 85302","-112.182470828107,33.581977166154","128417795","R"
"2546","6112 Executive Drive, Westland, MI, 48185","Match","Non_Exact","6112 EXECUTIVE DR E, WESTLAND, MI, 48185","-83.415259669099,42.327376129911","95739205","L"
"1214","717 N 7th St, Phoenix, AZ, 85006","Match","Exact","717 N 7TH ST, PHOENIX, AZ, 85006","-112.065142421069,33.456343315125","128213533","R"
"2545","100 W Big Beaver Rd., Suite 200, Troy, MI, 48084","Match","Exact","100 W BIG BEAVER RD, TROY, MI, 48084","-83.148973140257,42.562575847805","635624890","R"
"1213","3424 N 19th Ave, Phoenix, AZ, 85015","Match","Exact","3424 N 19TH AVE, PHOENIX, AZ, 85015","-112.099993823492,33.487335221468","128205990","L"
"2544","2761 E Jefferson Ave., Ste. 4, Detroit, MI, 48207","Match","Exact","2761 E JEFFERSON AVE, DETROIT, MI, 48207","-83.02113465198,42.338960844078","95484620","L"
"1212","901 N 4th St, Phoenix, AZ, 85004","Match","Exact","901 N 4TH ST, PHOENIX, AZ, 85004","-112.068660957793,33.457689307164","128318873","R"
"2543","29218 Cotton Road, New Baltimore, MI, 29218","Match","Non_Exact","29218 COTTON RD, NEW BALTIMORE, MI, 48047","-82.814616125154,42.651479892374","110665678","R"
"1211","4301 N 7th Ave, Phoenix, AZ, 85013","Match","Exact","4301 N 7TH AVE, PHOENIX, AZ, 85013","-112.083137027574,33.49850449278","128206201","R"
"2542","2800 Livernois Rd., Ste. 170, Troy, MI, 48082","Match","Non_Exact","2800 LIVERNOIS RD, TROY, MI, 48083","-83.147478571947,42.560236835489","642870420","R"
"1210","4343 N 7th Ave, Phoenix, AZ, 85013","Match","Exact","4343 N 7TH AVE, PHOENIX, AZ, 85013","-112.082766333126,33.499243049829","128206201","R"
"2541","1670 Highwood E., Pontiac, MI, 48340","Match","Non_Exact","1670 E HIGHWOOD, PONTIAC, MI, 48340","-83.287477798568,42.684495176935","69771542","R"
"1219","1544 E McDowell Rd, Phoenix, AZ, 85006","Match","Exact","1544 E MCDOWELL RD, PHOENIX, AZ, 85006","-112.048864145409,33.465792761989","128214225","L"
"1218","8801 N Central Ave #104, Phoenix, AZ, 85020","Match","Exact","8801 N CENTRAL AVE, PHOENIX, AZ, 85020","-112.073819998109,33.564157399882","128206465","R"
"2549","38380 Abruzzi Dr., Westland, MI, 38380","Match","Non_Exact","38380 ABRUZZI DR, WESTLAND, MI, 48185","-83.416764688257,42.316410734004","95492845","R"
"1231","2935 N Dysart Rd, Avondale, AZ, 85392","Match","Exact","2935 N DYSART RD, AVONDALE, AZ, 85392","-112.340867734561,33.479396511068","128847832","R"
"2562","415 W. 11 Mile Road, Madison Heights, MI, 48071","Match","Exact","415 W 11 MILE RD, MADISON HEIGHTS, MI, 48071","-83.109065543885,42.490711404385","69747265","L"
"1230","2935 N Dysart Rd, Avondale, AZ, 85392","Match","Exact","2935 N DYSART RD, AVONDALE, AZ, 85392","-112.340867734561,33.479396511068","128847832","R"
"2561","22777 Harper Ave., Suite 207, St. Clair Shores, MI, 22777","Match","Non_Exact","22777 HARPER AVE, SAINT CLAIR SHORES, MI, 48080","-82.908913359336,42.463738224069","110721663","L"
"2560","Pontiac, MI 48341, Detroit, MI, 48341","No_Match"
"1228","909 N 5th St, Phoenix, AZ, 85004","Match","Exact","909 N 5TH ST, PHOENIX, AZ, 85004","-112.067406736175,33.457755313643","128213516","R"
"2559","23278 Cranbrooke Dr., Novi, MI, 23278","Match","Non_Exact","23278 CRANBROOKE DR, NOVI, MI, 48375","-83.440127119886,42.460377679098","630321298","R"
"1227","50 W Jefferson St, Phoenix, AZ, 85003","Match","Exact","50 W JEFFERSON ST, PHOENIX, AZ, 85003","-112.074448642818,33.44720217882","128213458","R"
"2558","346 Lochaven Rd., Waterford Township, MI, 48327","Match","Non_Exact","346 LOCHAVEN RD, WATERFORD, MI, 48327","-83.415782862644,42.638810420319","69825484","R"
"1226","15222 N Cave Creek Rd, Phoenix, AZ, 15222","Match","Non_Exact","15222 N CAVE CREEK RD, PHOENIX, AZ, 85032","-112.03076872385,33.625662677118","128183779","L"
"2557","363 W Big Beaver Rd., Suite 100, Troy, MI, 48084","Match","Exact","363 W BIG BEAVER RD, TROY, MI, 48084","-83.152679035846,42.562154376978","647526822","L"
"1225","3581 W Northern Ave Suite 13, Phoenix, AZ, 85051","Match","Exact","3581 W NORTHERN AVE, PHOENIX, AZ, 85051","-112.136857143094,33.553035576282","128917573","L"
"2556","1711 Junction Ave., Detroit, MI, 48209","Match","Non_Exact","1711 JUNCTION ST, DETROIT, MI, 48209","-83.101184285892,42.316790970074","95474321","L"
"1224","4139 W Bell Rd #7, Phoenix, AZ, 85053","Match","Exact","4139 W BELL RD, PHOENIX, AZ, 85053","-112.14756206007,33.639325921392","128175853","L"
"2555","1150 Elijah McCoy Dr., Detroit, MI, 48202","Match","Exact","1150 ELIJAH MC COY DR, DETROIT, MI, 48202","-83.080784987948,42.359786373585","642520363","R"
"1223","4220 W Northern Ave Ste 104, Phoenix, AZ, 85051","Match","Exact","4220 W NORTHERN AVE, PHOENIX, AZ, 85051","-112.149885039518,33.553170173557","128197160","R"
"2554","27800 W Jefferson Ave., Gibraltar, MI, 27800","Match","Non_Exact","27800 W JEFFERSON AVE, GIBRALTAR, MI, 48173","-83.196799127817,42.106282080203","95701524","R"
"1222","727 W Camelback Rd, Phoenix, AZ, 85013","Match","Exact","727 W CAMELBACK RD, PHOENIX, AZ, 85013","-112.082832179806,33.509291557534","128602746","L"
"2553","4444 35th St., Detroit, MI, 48210","Match","Exact","4444 35TH ST, DETROIT, MI, 48210","-83.115685281289,42.335175801029","95473836","R"
"1221","702 N Central Ave, Phoenix, AZ, 85004","Match","Exact","702 N CENTRAL AVE, PHOENIX, AZ, 85004","-112.07389383553,33.455646260732","128213413","L"
"2552","660 Woodward Ave., 2290 First National Building, Detroit, MI, 48226","Match","Non_Exact","660 WOODWARD AVE, DETROIT, MI, 48226","-83.045915121545,42.330766864712","95484318","R"
"1229","2535 N Central Ave Ste 103, Phoenix, AZ, 85004","Match","Exact","2535 N CENTRAL AVE, PHOENIX, AZ, 85004","-112.07370278896,33.476191174826","128212921","R"
"1242","11340 W Bell Rd Ste 125, Surprise, AZ, 11340","Match","Non_Exact","11340 W BELL RD, SURPRISE, AZ, 85378","-112.303233564027,33.638801595457","657393801","R"
"2573","18481 W. 10 Mile Rd., Suite 202, Southfield, MI, 18481","Match","Non_Exact","18481 W 10 MILE RD, SOUTHFIELD, MI, 48075","-83.225332831845,42.473229912865","69793355","L"
"1241","13863 W Bell Rd, Surprise, AZ, 13863","Match","Non_Exact","13863 W BELL RD, SURPRISE, AZ, 85374","-112.358322639412,33.638526576411","244016279","R"
"2572","9014 S Main Street, Plymouth, MI, 48170","Match","Non_Exact","9014 MAIN ST, PLYMOUTH, MI, 48170","-83.469205954707,42.354043388241","95408533","R"
"1240","3107 S Gilbert Rd #109, Gilbert, AZ, 85295","Match","Exact","3107 S GILBERT RD, GILBERT, AZ, 85295","-111.789521817028,33.293732663492","638384803","R"
"2571","1130 Tienken Ct., Suite 223, Rochester Hills, MI, 48306","Match","Exact","1130 TIENKEN CT, ROCHESTER HILLS, MI, 48306","-83.138149069905,42.696307689573","69773107","L"
"2570","27000 Evergreen Rd., Lathrup Village, MI, 27000","Match","Non_Exact","27000 EVERGREEN RD, LATHRUP VILLAGE, MI, 48076","-83.241153977563,42.487691653901","69778540","R"
"1239","861 N Higley Rd #113, Gilbert, AZ, 85234","Match","Exact","861 N HIGLEY RD, GILBERT, AZ, 85234","-111.721744910166,33.365895526426","128822827","R"
"1238","607 S Gilbert Rd, Gilbert, AZ, 85296","Match","Exact","607 S GILBERT RD, GILBERT, AZ, 85296","-111.789860964582,33.337224856357","657348895","L"
"2569","1 Concourse Dr., Pontiac, MI, 48341","No_Match"
"1237","876 N McQueen Rd #104, Gilbert, AZ, 85233","Match","Exact","876 N MCQUEEN RD, GILBERT, AZ, 85233","-111.824528343106,33.365586171879","243927546","L"
"2568","13214 Michigan Ave., Dearborn, MI, 13214","Match","Non_Exact","13214 MICHIGAN AVE, DEARBORN, MI, 48126","-83.172603605925,42.323206618651","95700775","R"
"1236","235 E Warner Rd Ste B102, Gilbert, AZ, 85296","Match","Exact","235 E WARNER RD, GILBERT, AZ, 85296","-111.781344594178,33.33546958753","128967533","R"
"2567","2175 Avon Industrial Dr., Rochester Hills, MI, 48309","Match","Exact","2175 AVON INDUSTRIAL DR, ROCHESTER HILLS, MI, 48309","-83.174433837226,42.647522881768","69711768","R"
"1235","1464 E Williams Field Rd #107, Gilbert, AZ, 85295","Match","Exact","1464 E WILLIAMS FIELD RD, GILBERT, AZ, 85295","-111.756672408615,33.306828642079","128810458","L"
"2566","29701 W. Six Mile Rd., Ste. 140A, Livonia, MI, 29701","Match","Non_Exact","29701 6 MILE RD, LIVONIA, MI, 48152","-83.338300216035,42.412475827312","95694270","L"
"1234","8995 W Olive Ave Ste 116, Peoria, AZ, 85345","Match","Exact","8995 W OLIVE AVE, PEORIA, AZ, 85345","-112.252025211244,33.566280314424","243921921","L"
"2565","150 W Jefferson Ave., Suite 2500, Detroit, MI, 48226","Match","Non_Exact","150 W JEFFERSON SVC RD, DETROIT, MI, 48226","-83.04630820913,42.328199353585","95509226","L"
"1233","2025 Pebble Creek Pkwy Suite 2, Goodyear, AZ, 85395","Match","Non_Exact","2025 N PEBBLE CREEK PKWY, GOODYEAR, AZ, 85395","-112.392385441384,33.469003617937","642055086","R"
"2564","750 Tower Drive, Troy, MI, 48098","Match","Exact","750 TOWER DR, TROY, MI, 48098","-83.164340299974,42.59264069942","69762360","L"
"1232","210 N Avondale Blvd Ste 101, Avondale, AZ, 85323","Match","Non_Exact","210 S AVONDALE BLVD, AVONDALE, AZ, 85323","-112.306551808517,33.441710801051","128871383","L"
"2563","28795 Goddard Rd., Bldg. 6 Suite 201, Romulus, MI, 28795","Match","Non_Exact","28795 GODDARD RD, ROMULUS, MI, 48174","-83.321569920173,42.224501402645","95709742","L"
"1253","5202 S 46th St, Phoenix, AZ, 85040","Match","Exact","5202 S 46TH ST, PHOENIX, AZ, 85040","-111.983039321473,33.399467657632","128921398","L"
"2584","13101 Eckles Road, Bldg. 3, Plymouth, MI, 13101","Match","Non_Exact","13101 ECKLES RD, PLYMOUTH, MI, 48170","-83.431024881683,42.3742703344","95410804","L"
"1252","7001 E Main St Ste 104, Scottsdale, AZ, 85251","Match","Exact","7001 E MAIN ST, SCOTTSDALE, AZ, 85251","-111.930376782445,33.493033436948","128222720","R"
"2583","30002 Commerce Blvd., Chesterfield, MI, 30002","Match","Non_Exact","30002 COMMERCE BLVD, CHESTERFIELD, MI, 48051","-82.812347611383,42.704392827948","644360573","R"
"1251","9393 N 90th St Ste 112, Scottsdale, AZ, 85258","Match","Exact","9393 N 90TH ST, SCOTTSDALE, AZ, 85258","-111.887134583763,33.570320685529","128228655","L"
"2582","5958 N Canton Center Road, Suite 500, Canton, MI, 48187","Match","Exact","5958 N CANTON CENTER RD, CANTON, MI, 48187","-83.488057877606,42.325845068659","95688311","R"
"1250","53 N Val Vista Dr #101, Gilbert, AZ, 85234","Match","Exact","53 N VAL VISTA DR, GILBERT, AZ, 85234","-111.75564187698,33.351244236668","128969422","L"
"2581","1433 E Larned St., Apt. 203, Detroit, MI, 48207","Match","Exact","1433 E LARNED ST, DETROIT, MI, 48207","-83.032678548327,42.335095618454","650158029","L"
"2580","888 W Big Beaver Rd., Ste. 200, Troy, MI, 48084","Match","Exact","888 W BIG BEAVER RD, TROY, MI, 48084","-83.164458427631,42.562135609719","630327775","R"
"1249","11340 W Bell Rd #100, Surprise, AZ, 11340","Match","Non_Exact","11340 W BELL RD, SURPRISE, AZ, 85378","-112.303233564027,33.638801595457","657393801","R"
"1248","14557 W Grand Ave Ste 105, Surprise, AZ, 14557","Match","Non_Exact","14557 N GRAND AVE, SURPRISE, AZ, 85374","-112.374098736129,33.657060102177","619032582","L"
"2579","456 Kensington Dr., Apt. 189, Rochester Hills, MI, 48307","Match","Exact","456 KENSINGTON DR, ROCHESTER HILLS, MI, 48307","-83.126093840736,42.651731194701","644638153","L"
"1247","17221 N Litchfield Rd Unit 59, Surprise, AZ, 17221","Match","Non_Exact","17221 N LITCHFIELD RD, SURPRISE, AZ, 85374","-112.359392291876,33.641394223313","128362526","R"
"2578","801 W. Big Beaver Rd., Suite 300, Troy, MI, 48084","Match","Exact","801 W BIG BEAVER RD, TROY, MI, 48084","-83.160323495697,42.561938506558","639249064","L"
"1246","13833 W Bell Rd Ste 100, Surprise, AZ, 13833","Match","Non_Exact","13833 W BELL RD, SURPRISE, AZ, 85374","-112.357478512413,33.638526576366","244016279","R"
"2577","35 W Huron St., Ste. 201, Pontiac, MI, 48342","Match","Exact","35 W HURON ST, PONTIAC, MI, 48342","-83.294456166654,42.638403047477","69705504","L"
"1245","15403 W Greenway Rd #101, Surprise, AZ, 15403","Match","Non_Exact","15403 W GREENWAY RD, SURPRISE, AZ, 85374","-112.392193290723,33.623992070218","128851213","L"
"2576","719 Griswold St., Suite 630, Detroit, MI, 48226","Match","Exact","719 GRISWOLD ST, DETROIT, MI, 48226","-83.047554719708,42.330765268456","95479993","L"
"1244","13621 N Litchfield Rd #131, Surprise, AZ, 13621","Match","Non_Exact","13621 N LITCHFIELD RD, SURPRISE, AZ, 85379","-112.359111656675,33.607585271138","624273074","R"
"2575","13770 Merriman Rd., Livonia, MI, 13770","Match","Non_Exact","13770 MERRIMAN RD, LIVONIA, MI, 48150","-83.353183764298,42.381884662071","647863858","R"
"1243","17239 N Litchfield Rd Unit 68, Surprise, AZ, 17239","Match","Non_Exact","17239 N LITCHFIELD RD, SURPRISE, AZ, 85374","-112.359395505052,33.641608066113","128362526","R"
"2574","14924 Hall Road, Sterling Heights, MI, 14924","Match","Non_Exact","14924 HALL RD, STERLING HEIGHTS, MI, 48313","-82.976850040707,42.627039301507","618492286","R"
"1264","1010 E Jefferson St, Phoenix, AZ, 85034","Match","Exact","1010 E JEFFERSON ST, PHOENIX, AZ, 85034","-112.060217014118,33.447238178072","637414739","L"
"2595","29446 Somerset Dr., Southfield, MI, 29446","Match","Non_Exact","29446 SOMERSET DR, SOUTHFIELD, MI, 48076","-83.226915406188,42.504710175818","69778241","R"
"1263","1903 S 80th Dr, Phoenix, AZ, 85043","Match","Exact","1903 S 80TH DR, PHOENIX, AZ, 85043","-112.232747363377,33.431277043925","243946363","R"
"2594","56851 Gratiot Avenue, Chesterfield, MI, 56851","Match","Non_Exact","56851 GRATIOT AVE, CHESTERFIELD, MI, 48051","-82.79870097266,42.717746465899","110706285","R"
"1262","3301 N 34th St, Phoenix, AZ, 85018","Match","Exact","3301 N 34TH ST, PHOENIX, AZ, 85018","-112.007829504961,33.486169499433","128219734","R"
"2593","335 E Maple Rd., Birmingham, MI, 48009","Match","Exact","335 E MAPLE RD, BIRMINGHAM, MI, 48009","-83.212448633986,42.546802091049","69735539","L"
"1261","12020 N 35th Ave Ste 108, Phoenix, AZ, 12020","Match","Non_Exact","12020 N 35TH AVE, PHOENIX, AZ, 85029","-112.134032243409,33.594928161842","128178170","L"
"2592","29558 English Way, Novi, MI, 29558","Match","Non_Exact","29558 ENGLISH WAY, NOVI, MI, 48377","-83.469152251451,42.511286193117","69781765","R"
"1260","1640 S Stapley Dr Suite 221, Mesa, AZ, 85204","Match","Exact","1640 S STAPLEY DR, MESA, AZ, 85204","-111.80563466096,33.383991208133","128966570","L"
"2591","18600 Haggerty Rd., Livonia, MI, 18600","Match","Non_Exact","18600 HAGGERTY RD, LIVONIA, MI, 48152","-83.432538954161,42.414854635036","654970820","R"
"2590","14100 33 Mile Rd., Bruce Township, MI, 14100","Match","Non_Exact","14100 33 MILE RD, BRUCE TOWNSHIP, MI, 48065","-82.99361622159,42.818487693441","648186156","R"
"1259","2700 Hayden Apt 1009, Scottsdale, AZ, 85257","Match","Non_Exact","2700 N HAYDEN RD, SCOTTSDALE, AZ, 85257","-111.90897873145,33.477693721811","128936510","L"
"1258","909 E Camelback Rd Unit 2110, Phoenix, AZ, 85014","Match","Exact","909 E CAMELBACK RD, PHOENIX, AZ, 85014","-112.061780495857,33.509169578309","128208880","R"
"2589","800 Chrysler Dr., Auburn Hills, MI, 48326","Match","Exact","800 CHRYSLER DR, AUBURN HILLS, MI, 48326","-83.224562904432,42.651571073278","630343006","R"
"1257","8144 W Trafalgar Ave, Phoenix, AZ, 85033","Match","Exact","8144 W TRAFALGAR AVE, PHOENIX, AZ, 85033","-112.234572386741,33.49173002311","243917391","R"
"2588","3001 W. Big Beaver Rd., Ste. 400, Troy, MI, 48084","Match","Exact","3001 W BIG BEAVER RD, TROY, MI, 48084","-83.187070846818,42.561004736398","69736741","L"
"1256","12733 W Fletcher St, Surprise, AZ, 12733","Match","Non_Exact","12733 N FLETCHER ST, SURPRISE, AZ, 85374","-112.33512110966,33.623784791784","128426023","R"
"2587","1615 E Wattles Rd., Troy, MI, 48085","Match","Exact","1615 E WATTLES RD, TROY, MI, 48085","-83.116168318783,42.578030980385","658034805","L"
"1255","2222 S Dobson Rd #503, Mesa, AZ, 85202","Match","Exact","2222 S DOBSON RD, MESA, AZ, 85202","-111.880023689291,33.37428946888","128239743","R"
"2586","38505 Woodward Ave., Suite 100, Bloomfield Hills, MI, 38505","Match","Non_Exact","38505 WOODWARD AVE, BLOOMFIELD HILLS, MI, 48304","-83.230425546975,42.56764108537","69829308","L"
"1254","2914 W Lincoln St, Phoenix, AZ, 85009","Match","Exact","2914 W LINCOLN ST, PHOENIX, AZ, 85009","-112.122032636013,33.442257036066","128210680","R"
"2585","755 W. Big Beaver Rd., Troy, MI, 48084","Match","Exact","755 W BIG BEAVER RD, TROY, MI, 48084","-83.162187777847,42.561822724096","639249064","L"
"1275","24 W Camelback Rd Suite A730, Phoenix, AZ, 85013","Match","Exact","24 W CAMELBACK RD, PHOENIX, AZ, 85013","-112.07408197677,33.509347170327","649105487","R"
"1274","17900 N Hayden Rd, Scottsdale, AZ, 17900","No_Match"
"1273","13185 W Windsor Ave, Goodyear, AZ, 13185","Match","Non_Exact","13185 W WINDSOR AVE, GOODYEAR, AZ, 85395","-112.342622569986,33.475487967113","128384848","R"
"1272","509 W Diana Ave, Phoenix, AZ, 85021","Match","Exact","509 W DIANA AVE, PHOENIX, AZ, 85021","-112.080568430052,33.562672548464","128203719","L"
"1271","60 E Rio Salado Pkwy Suite 900, Tempe, AZ, 85281","Match","Exact","60 E RIO SALADO PKWY, TEMPE, AZ, 85281","-111.93768134423,33.430408555017","642853955","L"
"1270","25794 W Samantha Way, Buckeye, AZ, 25794","Match","Non_Exact","25794 W SAMANTHA WAY, BUCKEYE, AZ, 85326","-112.605637296868,33.367416534109","640928425","L"
"1269","3617 W Townley Ave, Phoenix, AZ, 85051","Match","Exact","3617 W TOWNLEY AVE, PHOENIX, AZ, 85051","-112.138048471743,33.565334873257","128917519","L"
"1268","3225 W Juniper Ave, Phoenix, AZ, 85053","Match","Exact","3225 W JUNIPER AVE, PHOENIX, AZ, 85053","-112.128160975842,33.639047720608","655456876","R"
"2599","8111 Tireman Ave., Dearborn, MI, 48126","Match","Exact","8111 TIREMAN AVE, DEARBORN, MI, 48126","-83.149743581252,42.351817361863","95698319","L"
"1267","2627 N 27th St, Phoenix, AZ, 85008","Match","Exact","2627 N 27TH ST, PHOENIX, AZ, 85008","-112.023656973109,33.476962086833","128222816","R"
"2598","15701 Technology Dr., Northville, MI, 15701","Match","Non_Exact","15701 TECHNOLOGY DR, NORTHVILLE, MI, 48168","-83.505609441946,42.396931426428","617695438","L"
"1266","6630 W Cactus Rd Suite B104, Glendale, AZ, 85304","Match","Exact","6630 W CACTUS RD, GLENDALE, AZ, 85304","-112.200457537529,33.596299828359","642851172","R"
"2597","535 Griswold St., Suite 600, Detroit, MI, 48226","Match","Exact","535 GRISWOLD ST, DETROIT, MI, 48226","-83.046360476623,42.32931440979","95480002","L"
"1265","12353 W Sheridan St, Avondale, AZ, 12353","Match","Non_Exact","12353 W SHERIDAN ST, AVONDALE, AZ, 85392","-112.325314439197,33.474021735746","637535956","R"
"2596","5751 E 13 Mile Rd., Warren, MI, 48092","Match","Non_Exact","5751 13 MILE RD, WARREN, MI, 48092","-83.049938397463,42.520818761195","110738329","L"
"1286","6424 E Greenway Pkwy Suite 100, Scottsdale, AZ, 85254","Match","Exact","6424 E GREENWAY PKWY, SCOTTSDALE, AZ, 85254","-111.942382120654,33.625996147498","128373839","L"
"1285","9375 E Shea Blvd Suite 100, Scottsdale, AZ, 85260","Match","Exact","9375 E SHEA BLVD, SCOTTSDALE, AZ, 85260","-111.878868199801,33.582483558694","128956875","R"
"1284","11322 W Harrison St, Avondale, AZ, 11322","No_Match"
"1283","11042 W Levi Dr, Tolleson, AZ, 11042","Match","Non_Exact","11042 W LEVI DR, TOLLESON, AZ, 85353","-112.296664659121,33.403351817852","658412044","L"
"1282","3654 E Trinity Ln, Chandler, AZ, 85286","Match","Exact","3654 E TRINITY LN, CHANDLER, AZ, 85286","-111.777341807356,33.260660933659","654839636","R"
"1281","2375 E Camelback Rd Suite 600, Phoenix, AZ, 85016","Match","Exact","2375 E CAMELBACK RD, PHOENIX, AZ, 85016","-112.030680805295,33.509260251347","128209857","R"
"1280","2800 N Central Ave Ste A100, Phoenix, AZ, 85004","Match","Exact","2800 N CENTRAL AVE, PHOENIX, AZ, 85004","-112.073844671586,33.478891174466","128212917","L"
"1279","1001 E Jefferson St Ste 6, Phoenix, AZ, 85034","Match","Exact","1001 E JEFFERSON ST, PHOENIX, AZ, 85034","-112.060351316668,33.447123586698","637414739","R"
"1278","1530 E Brill St, Phoenix, AZ, 85006","Match","Exact","1530 E BRILL ST, PHOENIX, AZ, 85006","-112.049157300593,33.464781609822","128214247","L"
"1277","2025 N 3rd St Suite B300 Office 301, Phoenix, AZ, 85004","Match","Exact","2025 N 3RD ST, PHOENIX, AZ, 85004","-112.069340128351,33.46982754817","128213052","R"
"1276","1550 E Camelback Rd, Phoenix, AZ, 85014","Match","Exact","1550 E CAMELBACK RD, PHOENIX, AZ, 85014","-112.048600731756,33.509266169002","128209590","L"
"1297","1185 N 163rd Ln, Goodyear, AZ, 85338","Match","Exact","1185 N 163RD LN, GOODYEAR, AZ, 85338","-112.410823889929,33.458883929686","642217098","R"
"1296","7021 W Augusta Ave, Glendale, AZ, 85345","Match","Non_Exact","7021 W AUGUSTA AVE, GLENDALE, AZ, 85303","-112.210060456098,33.550444252357","128263686","L"
"1295","4111 E Valley Auto Dr Suite 201, Mesa, AZ, 85206","Match","Exact","4111 E VALLEY AUTO DR, MESA, AZ, 85206","-111.743913965325,33.379554165878","657271852","R"
"1294","12525 W Sherman St, Avondale, AZ, 12525","Match","Non_Exact","12525 W SHERMAN ST, AVONDALE, AZ, 85323","-112.329657733929,33.43839417962","128848256","R"
"1293","1962 E Apache Blvd #8179, Tempe, AZ, 85281","Match","Exact","1962 E APACHE BLVD, TEMPE, AZ, 85281","-111.90149237579,33.414838174237","128922894","L"
"1292","2920 N 63rd Dr, Phoenix, AZ, 85033","Match","Exact","2920 N 63RD DR, PHOENIX, AZ, 85033","-112.196050090661,33.480728889448","128917931","L"
"1291","200 N Nebraska St, Chandler, AZ, 85225","Match","Exact","200 N NEBRASKA ST, CHANDLER, AZ, 85225","-111.846500584617,33.306153772056","128243224","L"
"1290","15290 N 93rd Pl, Scottsdale, AZ, 15290","Match","Non_Exact","15290 N 93RD PL, SCOTTSDALE, AZ, 85260","-111.879457603478,33.625035730202","128945508","L"
"1289","1802 E Campo Bello Dr Lot 72, Phoenix, AZ, 85022","Match","Exact","1802 E CAMPO BELLO DR, PHOENIX, AZ, 85022","-112.042854606154,33.644114425335","655375503","L"
"1288","14050 N 83rd Ave Ste 100, Peoria, AZ, 14050","Match","Non_Exact","14050 N 83RD AVE, PEORIA, AZ, 85381","-112.237605661612,33.612226217798","619133974","L"
"1287","2001 E McDowell Rd, Phoenix, AZ, 85006","Match","Exact","2001 E MCDOWELL RD, PHOENIX, AZ, 85006","-112.039327304654,33.465735583059","128590463","R"
"3002","500 Park Avenue, Baltimore, MD, 21201","No_Match"
"3001","232 N Liberty Street, Baltimore, MD, 21201","Match","Exact","232 N LIBERTY ST, BALTIMORE, MD, 21201","-76.616720946111,39.29251174341","206420522","L"
"3000","210 W Saratoga Street, Baltimore, MD, 21201","Match","Exact","210 W SARATOGA ST, BALTIMORE, MD, 21201","-76.618582567675,39.292994694969","206420463","R"
"1299","1745 W Deer Valley Rd Suite 104, Phoenix, AZ, 85027","Match","Exact","1745 W DEER VALLEY RD, PHOENIX, AZ, 85027","-112.095964024863,33.683787556375","243920443","R"
"1298","4631 S 6th St, Phoenix, AZ, 85040","Match","Exact","4631 S 6TH ST, PHOENIX, AZ, 85040","-112.065966523298,33.403953267505","128215483","L"
"3013","110 W Saratoga Street, Baltimore, MD, 21201","Match","Exact","110 W SARATOGA ST, BALTIMORE, MD, 21201","-76.616981458579,39.293068204909","206420518","R"
"3012","308 W Saratoga Street, Baltimore, MD, 21201","Match","Exact","308 W SARATOGA ST, BALTIMORE, MD, 21201","-76.62048627949,39.29299222414","657029309","R"
"3011","113 N Eutaw Street, Baltimore, MD, 21201","Match","Exact","113 N EUTAW ST, BALTIMORE, MD, 21201","-76.621004443723,39.291076739086","206418383","R"
"3010","119 N Eutaw Street, Baltimore, MD, 21201","Match","Exact","119 N EUTAW ST, BALTIMORE, MD, 21201","-76.62100495155,39.291087911295","206418383","R"
"3009","306 N Eutaw Street, Baltimore, MD, 21201","Match","Exact","306 N EUTAW ST, BALTIMORE, MD, 21201","-76.621249816157,39.293020341807","206418352","L"
"3008","107 W Saratoga Street, Baltimore, MD, 21201","Match","Exact","107 W SARATOGA ST, BALTIMORE, MD, 21201","-76.616922394291,39.292956108307","206420518","L"
"3007","310 N Eutaw Street, Baltimore, MD, 21201","Match","Exact","310 N EUTAW ST, BALTIMORE, MD, 21201","-76.621251927818,39.293056077646","206418352","L"
"400","104 W 40th St, New York, NY, 10018","Match","Exact","104 W 40TH ST, NEW YORK, NY, 10018","-73.985214696102,40.75356361002","59658601","L"
"3006","108 N Eutaw Street, Baltimore, MD, 21201","Match","Exact","108 N EUTAW ST, BALTIMORE, MD, 21201","-76.621140657564,39.290839621987","206418387","L"
"401","114 W 26th St, New York, NY, 10001","Match","Exact","114 W 26TH ST, NEW YORK, NY, 10001","-73.991909913724,40.744943013803","59653389","L"
"3005","405 N Paca Street, Baltimore, MD, 21201","Match","Exact","405 N PACA ST, BALTIMORE, MD, 21201","-76.622513400778,39.294027582058","206418329","R"
"402","160 Broadway Fl 2 Ste 210, New York, NY, 10038","Match","Exact","160 BROADWAY, NEW YORK, NY, 10038","-74.010132149091,40.709529466667","59659642","R"
"3004","100 Park Avenue, Baltimore, MD, 21201","Match","Exact","100 PARK AVE, BALTIMORE, MD, 21201","-76.618061887391,39.290553667599","206420499","L"
"403","341 E 78th St, New York, NY, 10075","Match","Exact","341 E 78TH ST, NEW YORK, NY, 10075","-73.954106734408,40.772109376325","654554414","L"
"3003","416 N Howard Street, Baltimore, MD, 21201","Match","Exact","416 N HOWARD ST, BALTIMORE, MD, 21201","-76.619856748269,39.294158525608","206420449","L"
"404","213 Pinehurst Ave, New York, NY, 10033","Match","Exact","213 PINEHURST AVE, NEW YORK, NY, 10033","-73.93805446389,40.85430290126","611227030","R"
"405","3153 Broadway, New York, NY, 10027","Match","Exact","3153 BROADWAY, NEW YORK, NY, 10027","-73.959390100465,40.814287945551","656935248","L"
"406","350 W 124th St, New York, NY, 10027","Match","Exact","350 W 124TH ST, NEW YORK, NY, 10027","-73.953919315661,40.810373317156","59656077","L"
"407","1 State St 15th Floor, New York, NY, 10004","Match","Exact","1 STATE ST, NEW YORK, NY, 10004","-74.013825430915,40.702482510471","59662188","R"
"408","519 8th Ave, New York, NY, 10018","Match","Exact","519 8TH AVE, NEW YORK, NY, 10018","-73.992629376023,40.753454407664","59658579","L"
"409","369 Lexington Ave Suite 3150, New York, NY, 10017","Match","Exact","369 LEXINGTON AVE, NEW YORK, NY, 10017","-73.97658878803,40.750583113936","59662082","R"
"3024","6470 Dobbin Rd Suite B, Columbia, MD, 21045","Match","Non_Exact","6470 DOBBIN RD, COLUMBIA, MD, 21045","-76.820573569404,39.194270146638","158926369","R"
"3023","100 International Dr #2350, Baltimore, MD, 21202","Match","Exact","100 INTERNATIONAL DR, BALTIMORE, MD, 21202","-76.601984716926,39.282718745493","652081671","R"
"3022","5968 Avalon Drive, Elkridge, MD, 21075","Match","Exact","5968 AVALON DR, ELKRIDGE, MD, 21075","-76.772923151894,39.210670210596","158933591","R"
"3021","9631 Liberty Rd Suites F&G, Randallstown, MD, 21133","Match","Non_Exact","9631 LIBERTY RD, RANDALLSTOWN, MD, 21133","-76.816696852203,39.377746268085","191550642","L"
"3020","2603 Waterview Ave, Baltimore, MD, 21230","Match","Exact","2603 WATERVIEW AVE, BALTIMORE, MD, 21230","-76.640641259004,39.261129839391","206450087","L"
"3019","145 W Ostend St Suite 600, Baltimore, MD, 21230","Match","Exact","145 W OSTEND ST, BALTIMORE, MD, 21230","-76.617275557731,39.274629261266","206421008","L"
"410","11 E Broadway 6th Floor, New York, NY, 10038","Match","Exact","11 E BROADWAY, NEW YORK, NY, 10038","-73.997494939562,40.7133903685","656935989","R"
"3018","2300 York Rd Suite 208, Timonium, MD, 21093","Match","Exact","2300 YORK RD, TIMONIUM, MD, 21093","-76.629893275226,39.4485956505","657793942","L"
"411","105 W 26th St, New York, NY, 10001","Match","Exact","105 W 26TH ST, NEW YORK, NY, 10001","-73.991559304344,40.74492565829","59653389","R"
"3017","3000 Druid Park Drive, Baltimore, MD, 21215","Match","Exact","3000 DRUID PARK DR, BALTIMORE, MD, 21215","-76.662159007277,39.323303252952","206464835","R"
"412","75 Varick St, New York, NY, 10013","Match","Exact","75 VARICK ST, NEW YORK, NY, 10013","-74.006297876975,40.723184463585","59660091","L"
"3016","1055 Taylor Ave Suite 207, Towson, MD, 21286","Match","Exact","1055 TAYLOR AVE, TOWSON, MD, 21286","-76.574253083465,39.383936310217","655613955","R"
"413","36 Gouverneur St, New York, NY, 10002","Match","Exact","36 GOUVERNEUR ST, NEW YORK, NY, 10002","-73.98381653822,40.713265767685","59665163","L"
"3015","2200 Van Deman St Suite 300, Baltimore, MD, 21224","Match","Exact","2200 VAN DEMAN ST, BALTIMORE, MD, 21224","-76.535658541932,39.265969026666","206454985","R"
"414","153 W 36th St, New York, NY, 10018","Match","Exact","153 W 36TH ST, NEW YORK, NY, 10018","-73.988692079899,40.751922560427","59658607","R"
"3014","10 W Eager St Suite 326, Baltimore, MD, 21201","Match","Exact","10 W EAGER ST, BALTIMORE, MD, 21201","-76.616735047863,39.301062468057","206419358","R"
"415","11 W 42nd St Suite 226, New York, NY, 10036","Match","Exact","11 W 42ND ST, NEW YORK, NY, 10036","-73.981234382162,40.753688596929","59658622","R"
"416","1469 5th Ave, New York, NY, 10035","Match","Exact","1469 5TH AVE, NEW YORK, NY, 10035","-73.945191165972,40.802285675345","59657991","R"
"417","115 Broadway 5th Floor, New York, NY, 10006","Match","Exact","115 BROADWAY, NEW YORK, NY, 10006","-74.010993834698,40.708727072044","59659635","L"
"418","1508 Inwood Ave, Bronx, NY, 10452","Match","Exact","1508 INWOOD AVE, BRONX, NY, 10452","-73.916892960139,40.843227688972","80299786","R"
"419","779 Bruckner Blvd, Bronx, NY, 10455","Match","Exact","779 BRUCKNER BLVD, BRONX, NY, 10455","-73.896090114266,40.815296817109","80302288","L"
"3035","209 Homevale Rd, Reisterstown, MD, 21136","Match","Exact","209 HOMEVALE RD, REISTERSTOWN, MD, 21136","-76.817483149263,39.459348758459","191462391","R"
"3034","1829 Reisterstown Rd Suite 350, Pikesville, MD, 21208","Match","Exact","1829 REISTERSTOWN RD, PIKESVILLE, MD, 21208","-76.737815636617,39.387962365254","657737931","R"
"3033","21132 Old York Road, Parkton, MD, 21132","Match","Non_Exact","21132 OLD YORK RD, PARKTON, MD, 21120","-76.635931335127,39.703316215115","191547449","L"
"3032","2322 Annapolis Road, Baltimore, MD, 21230","Match","Exact","2322 ANNAPOLIS RD, BALTIMORE, MD, 21230","-76.634223664365,39.262804059555","206422260","R"
"3031","100 E Pratt St 22nd Floor, Baltimore, MD, 21202","Match","Exact","100 E PRATT ST, BALTIMORE, MD, 21202","-76.613376619849,39.286617884776","206420815","L"
"3030","826 E Baltimore St, Baltimore, MD, 21202","Match","Exact","826 E BALTIMORE ST, BALTIMORE, MD, 21202","-76.604726301499,39.290223952507","206421415","L"
"420","4408 White Plains Rd 1st Floor, Bronx, NY, 10470","Match","Exact","4408 WHITE PLAINS RD, BRONX, NY, 10470","-73.853988764877,40.898708381818","652208224","R"
"421","1086 Southern Blvd Store 2, Bronx, NY, 10459","Match","Non_Exact","1086 SOUTHERN BLVD, BRONX, NY, 10459","-73.891832227785,40.825649129797","80302342","R"
"3029","1 N Charles Street Suite 1400, Baltimore, MD, 21201","Match","Non_Exact","1 S CHARLES ST, BALTIMORE, MD, 21201","-76.61509701473,39.289123330859","206420605","L"
"422","1455 Townsend Ave, Bronx, NY, 10452","Match","Exact","1455 TOWNSEND AVE, BRONX, NY, 10452","-73.91598573912,40.841126522807","80299815","L"
"3028","1501 S Clinton St Suite 1302, Baltimore, MD, 21224","Match","Exact","1501 S CLINTON ST, BALTIMORE, MD, 21224","-76.569206245909,39.275434157389","206450420","L"
"423","3902 White Plains Rd, Bronx, NY, 10467","Match","Non_Exact","3902 WHITE PLAINS RD, BRONX, NY, 10466","-73.861510040178,40.885780930244","634255452","R"
"3027","2930 Hammonds Ferry Rd, Baltimore, MD, 21227","Match","Exact","2930 HAMMONDS FERRY RD, BALTIMORE, MD, 21227","-76.665091532538,39.240464653504","657798877","R"
"424","2375 Marion Ave, Bronx, NY, 10458","Match","Exact","2375 MARION AVE, BRONX, NY, 10458","-73.895238071859,40.858863742962","80298783","L"
"3026","101 N Haven St Suite 301, Baltimore, MD, 21224","Match","Exact","101 N HAVEN ST, BALTIMORE, MD, 21224","-76.562849630185,39.294298939054","206466438","R"
"425","2666 Miles Ave Ste #3, Bronx, NY, 10465","Match","Exact","2666 MILES AVE, BRONX, NY, 10465","-73.825367123978,40.815853783018","80307294","R"
"3025","1100 Wicomico Street Suite 300, Baltimore, MD, 21230","Match","Exact","1100 WICOMICO ST, BALTIMORE, MD, 21230","-76.628797945547,39.279810426192","206418587","R"
"426","209 W 242nd St, Bronx, NY, 10471","Match","Exact","209 W 242ND ST, BRONX, NY, 10471","-73.898549059052,40.889477999019","80296447","R"
"427","374 E Fordham Rd, Bronx, NY, 10458","Match","Exact","374 E FORDHAM RD, BRONX, NY, 10458","-73.892301838921,40.861769838937","80298932","R"
"428","4627 White Plains Rd, Bronx, NY, 10470","Match","Exact","4627 WHITE PLAINS RD, BRONX, NY, 10470","-73.851283420632,40.902467676724","80297418","L"
"429","503 Wales Ave, Bronx, NY, 10455","Match","Exact","503 WALES AVE, BRONX, NY, 10455","-73.907795273787,40.811535078281","80300911","L"
"3046","4485 Forbes Blvd, Lanham, MD, 20706","Match","Exact","4485 FORBES BLVD, LANHAM, MD, 20706","-76.832724668389,38.950333732762","76378901","L"
"3045","583 Frederick Rd Suite 6B, Catonsville, MD, 21228","Match","Exact","583 FREDERICK RD, CATONSVILLE, MD, 21228","-76.728446087727,39.272653434797","657761925","L"
"3044","1202 Jenny Road, Bel Air, MD, 21014","Match","Exact","1202 JENNY RD, BEL AIR, MD, 21014","-76.390778094356,39.536067766153","191654767","R"
"3043","510 McCormick Dr Suites P-Q, Glen Burnie, MD, 21061","Match","Non_Exact","510 MCCORMICK DR, GLEN BURNIE, MD, 21061","-76.674349289576,39.157224532923","68203627","R"
"3042","26 8th Street, Glen Burnie, MD, 21061","Match","Non_Exact","26 8TH AVE NW, GLEN BURNIE, MD, 21061","-76.621069660505,39.177283053835","68157017","R"
"3041","98 Alco Place, Halethorpe, MD, 21227","Match","Exact","98 ALCO PL, HALETHORPE, MD, 21227","-76.651431546676,39.247121497424","657788578","L"
"3040","14725-A Baltimore Ave, Laurel, MD, 14725","Match","Non_Exact","14725 BALTIMORE AVE, LAUREL, MD, 20707","-76.855394812064,39.093073381959","657093381","R"
"430","3813 White Plains Rd, Bronx, NY, 10467","Match","Exact","3813 WHITE PLAINS RD, BRONX, NY, 10467","-73.862666699777,40.883976510557","80297039","L"
"431","1405 Bronx River Ave, Bronx, NY, 10472","Match","Exact","1405 BRONX RIVER AVE, BRONX, NY, 10472","-73.879510658487,40.834214491234","80303049","L"
"432","1672 Webster Ave, Bronx, NY, 10457","Match","Exact","1672 WEBSTER AVE, BRONX, NY, 10457","-73.903669676852,40.842686907483","80301215","R"
"433","4713 White Plains Rd, Bronx, NY, 10470","Match","Exact","4713 WHITE PLAINS RD, BRONX, NY, 10470","-73.850182477263,40.903783510108","80297421","L"
"3039","6506 Park Heights Avenue Unit B, Baltimore, MD, 21215","Match","Non_Exact","6506 PARK HEIGHTS AVE, BALTIMORE, MD, 21215","-76.698056889623,39.36085622328","641074876","L"
"434","1934 Williamsbridge Rd, Bronx, NY, 10461","Match","Exact","1934 WILLIAMSBRIDGE RD, BRONX, NY, 10461","-73.853367252105,40.852976289855","80305230","R"
"3038","1313 Cheswick Lane, Odenton, MD, 21113","Match","Exact","1313 CHESWICK LN, ODENTON, MD, 21113","-76.706389676023,39.091482632836","649048304","L"
"435","3014 Riverdale Ave, Bronx, NY, 10463","Match","Exact","3014 RIVERDALE AVE, BRONX, NY, 10463","-73.910046845216,40.880807568181","80308104","R"
"3037","2115 Brigadier Blvd, Odenton, MD, 21113","Match","Exact","2115 BRIGADIER BLVD, ODENTON, MD, 21113","-76.71949799468,39.108437477385","617602949","L"
"436","1003 Soundview Ave, Bronx, NY, 10472","Match","Exact","1003 SOUND VIEW AVE, BRONX, NY, 10472","-73.870000263025,40.824977137145","80304850","L"
"3036","1812 Ridgeway Ave, Lutherville, MD, 21093","Match","Exact","1812 RIDGEWAY AVE, LUTHERVILLE, MD, 21093","-76.713614834787,39.436821468125","651576395","R"
"437","736 Allerton Ave Suite 206, Bronx, NY, 10467","Match","Exact","736 ALLERTON AVE, BRONX, NY, 10467","-73.865868963145,40.865401954362","80303411","R"
"438","3843A E Tremont Ave, Bronx, NY, 10465","Match","Non_Exact","3843A E TREMONT AVE, BRONX, NY, 10465","-73.81998016258,40.82403654115","80307250","L"
"439","5981 Broadway, Bronx, NY, 10471","Match","Exact","5981 BROADWAY, BRONX, NY, 10471","-73.898248079501,40.889931434808","80296444","L"
"3057","2714 39th Avenue, Long Island City, NY, 11101","Match","Exact","27-14 39TH AVE, LONG ISLAND CITY, NY, 11101","-73.935900892887,40.754211179685","59696425","R"
"3056","11919 192nd Street, Saint Albans, NY, 11919","Match","Non_Exact","119-19 192ND ST, SAINT ALBANS, NY, 11412","-73.757860748681,40.689231894244","59719401","L"
"3055","218-10 Hillside Ave, Queens Village, NY, 11427","Match","Exact","218-10 HILLSIDE AVE, QUEENS VILLAGE, NY, 11427","-73.746541370734,40.72851774886","641009239","R"
"3054","104 Charlotte Avenue, Hicksville, NY, 11801","Match","Exact","104 CHARLOTTE AVE, HICKSVILLE, NY, 11801","-73.547824321217,40.759701221438","147626011","L"
"3053","89-04 130th Street, Richmond Hill, NY, 11418","Match","Exact","89-04 130TH ST, RICHMOND HILL, NY, 11418","-73.821096731402,40.699309089709","59712695","R"
"3052","77-13 25th Avenue, East Elmhurst, NY, 11370","Match","Exact","77-13 25TH AVE, EAST ELMHURST, NY, 11370","-73.891215469442,40.762632603921","59725041","R"
"3051","3801 23 Avenue Suite 311, Astoria, NY, 11105","Match","Exact","38-01 23RD AVE, ASTORIA, NY, 11105","-73.908841157528,40.771596700171","59697084","L"
"3050","36 New Hyde Park Road, Franklin Square, NY, 11010","Match","Exact","36 NEW HYDE PARK RD, FRANKLIN SQUARE, NY, 11010","-73.675486876964,40.708390696602","147672030","R"
"440","4105 Boston Rd, Bronx, NY, 10466","Match","Exact","4105 BOSTON RD, BRONX, NY, 10466","-73.827886419888,40.886173221634","640816235","R"
"441","1801 Jerome Ave, Bronx, NY, 10453","Match","Exact","1801 JEROME AVE, BRONX, NY, 10453","-73.911397718971,40.849153344778","80299700","L"
"442","788 Morris Park Ave, Bronx, NY, 10462","Match","Exact","788 MORRIS PARK AVE, BRONX, NY, 10462","-73.862915471677,40.845832728663","80304464","R"
"443","277 E 169th St, Bronx, NY, 10456","Match","Exact","277 E 169TH ST, BRONX, NY, 10456","-73.912354225244,40.835177626793","80299957","L"
"444","2044 McGraw Ave, Bronx, NY, 10462","Match","Exact","2044 MCGRAW AVE, BRONX, NY, 10462","-73.856691393726,40.835357937301","609089837","R"
"445","3204 Bronxwood Ave, Bronx, NY, 10469","Match","Exact","3204 BRONXWOOD AVE, BRONX, NY, 10469","-73.86129711687,40.871536360856","80303346","R"
"3049","9010 195th Street, Hollis, NY, 11423","Match","Exact","90-10 195TH ST, HOLLIS, NY, 11423","-73.76656419844,40.71413279369","59716570","R"
"446","99 E 165th St, Bronx, NY, 10452","Match","Exact","99 E 165TH ST, BRONX, NY, 10452","-73.921697795374,40.831411693102","80300119","L"
"3048","1 Hazel Avenue, Farmingdale, NY, 11735","Match","Exact","1 HAZEL AVE, FARMINGDALE, NY, 11735","-73.43819783557,40.718709705051","147650751","R"
"447","753 Burke Ave, Bronx, NY, 10467","Match","Exact","753 BURKE AVE, BRONX, NY, 10467","-73.864792277774,40.87145306358","80303322","L"
"3047","6755 Business Parkway, Elkridge, MD, 21075","Match","Exact","6755 BUSINESS PKWY, ELKRIDGE, MD, 21075","-76.769682995387,39.183789275056","158968623","R"
"448","3817 White Plains Rd, Bronx, NY, 10467","Match","Exact","3817 WHITE PLAINS RD, BRONX, NY, 10467","-73.862606823354,40.884086516076","80297039","L"
"449","4063 Boston Rd, Bronx, NY, 10466","Match","Exact","4063 BOSTON RD, BRONX, NY, 10466","-73.829460676713,40.885393308039","639317433","L"
"3060","101 New South Rd, Hicksville, NY, 11801","Match","Exact","101 NEW SOUTH RD, HICKSVILLE, NY, 11801","-73.506416990455,40.761284318574","147641700","L"
"3068","112-52 Guy R Brewer Blvd, Jamaica, NY, 11433","Match","Exact","112-52 GUY R BREWER BLVD, JAMAICA, NY, 11433","-73.786355532269,40.689750367697","59714923","R"
"3067","2929 Third Avenue 4th Floor, Bronx, NY, 10455","Match","Exact","2929 3RD AVE, BRONX, NY, 10455","-73.915701452828,40.817528054062","80300755","L"
"3066","71-05 Metropolitan Avenue, Middle Village, NY, 11379","Match","Exact","71-05 METROPOLITAN AVE, MIDDLE VILLAGE, NY, 11379","-73.884198268286,40.712302495063","59694987","L"
"3065","640 Parkside Avenue Suite 401, Brooklyn, NY, 11226","Match","Exact","640 PARKSIDE AVE, BROOKLYN, NY, 11226","-73.952075028111,40.656081889954","59079612","R"
"3064","166 East Industrial Loop, Staten Island, NY, 10309","Match","Non_Exact","166 INDUSTRIAL LOOP, STATEN ISLAND, NY, 10309","-74.230717127609,40.549602527304","59888434","L"
"3063","358 Legion Street, Brooklyn, NY, 11212","Match","Exact","358 LEGION ST, BROOKLYN, NY, 11212","-73.9161015067,40.659837459896","59083993","R"
"3062","640 Parkside Avenue Suite 501, Brooklyn, NY, 11226","Match","Exact","640 PARKSIDE AVE, BROOKLYN, NY, 11226","-73.952075028111,40.656081889954","59079612","R"
"450","3400 Mickle Ave, Bronx, NY, 10469","Match","Exact","3400 MICKLE AVE, BRONX, NY, 10469","-73.845067859293,40.876733847441","80298027","R"
"3061","117-02 Atlantic Avenue, South Richmond Hill, NY, 11419","Match","Exact","117-02 ATLANTIC AVE, SOUTH RICHMOND HILL, NY, 11419","-73.829555337603,40.693490105616","59712625","R"
"451","995 Southern Blvd, Bronx, NY, 10459","Match","Exact","995 SOUTHERN BLVD, BRONX, NY, 10459","-73.891841681049,40.822662011591","642559149","L"
"452","598 Grand Concourse, Bronx, NY, 10451","Match","Exact","598 GRAND CONCOURSE, BRONX, NY, 10451","-73.926674318669,40.819749430009","80300094","R"
"453","412 E 167th St, Bronx, NY, 10456","Match","Exact","412 E 167TH ST, BRONX, NY, 10456","-73.90997299164,40.830496188781","80300577","R"
"454","1219 Woodycrest Ave, Bronx, NY, 10452","Match","Exact","1219 WOODYCREST AVE, BRONX, NY, 10452","-73.924675294199,40.837057006457","80299455","L"
"455","615 E 138th St, Bronx, NY, 10454","Match","Exact","615 E 138TH ST, BRONX, NY, 10454","-73.916096916891,40.806301193349","80300803","L"
"456","820 St Ann's Ave, Bronx, NY, 10456","Match","Exact","820 SAINT ANNS AVE, BRONX, NY, 10456","-73.90987261048,40.821117342199","634255190","R"
"457","2300 Eastchester Rd #1, Bronx, NY, 10469","Match","Exact","2300 EASTCHESTER RD, BRONX, NY, 10469","-73.842937656097,40.859568670154","80303915","R"
"3059","74-03 71st Avenue, Middle Village, NY, 11379","Match","Exact","74-03 71ST AVE, MIDDLE VILLAGE, NY, 11379","-73.875508502409,40.706986243258","59696001","L"
"458","53 Bruckner Blvd, Bronx, NY, 10454","Match","Exact","53 BRUCKNER BLVD, BRONX, NY, 10454","-73.926814582621,40.80662129004","640940082","L"
"3058","26-14 123rd Street, Flushing, NY, 11354","Match","Exact","26-14 123RD ST, FLUSHING, NY, 11354","-73.845512167834,40.774185878979","59699973","R"
"459","1796 Vyse Ave Suite S-3, Bronx, NY, 10460","Match","Exact","1796 VYSE AVE, BRONX, NY, 10460","-73.885448729115,40.837494615201","80301851","R"
"3071","340 W 42nd St Unit 477, New York, NY, 10108","Match","Non_Exact","340 W 42ND ST, NEW YORK, NY, 10036","-73.991506268736,40.757886391752","650074727","L"
"3070","4016 Church Avenue Suite A, Brooklyn, NY, 11203","Match","Non_Exact","4016 CHURCH AVE, BROOKLYN, NY, 11203","-73.939810143113,40.651227244973","59081830","R"
"3079","32-08 38th Ave 2nd Floor, Long Island City, NY, 11101","Match","Exact","32-08 38TH AVE, LONG ISLAND CITY, NY, 11101","-73.931179455239,40.753269464209","59698042","R"
"3078","15 Garfield Ave, Bay Shore, NY, 11706","Match","Exact","15 GARFIELD AVE, BAY SHORE, NY, 11706","-73.286201963527,40.770156110872","114231986","L"
"3077","132-02 89th Avenue Suite 222, Jamaica, NY, 11418","Match","Exact","132-02 89TH AVE, JAMAICA, NY, 11418","-73.819647919405,40.700219664042","59728050","R"
"3076","239 Lexington Ave, Mount Kisco, NY, 10549","Match","Exact","239 LEXINGTON AVE, MOUNT KISCO, NY, 10549","-73.731893686034,41.199818472023","139843870","R"
"3075","120 Otis Street, West Babylon, NY, 11704","Match","Exact","120 OTIS ST, WEST BABYLON, NY, 11704","-73.374276505325,40.738802745802","114053948","L"
"3074","612 Corporate Way, Valley Cottage, NY, 10989","Match","Exact","612 CORPORATE WAY, VALLEY COTTAGE, NY, 10989","-73.943891808402,41.129477744491","124604121","L"
"460","2408 Grand Concourse 2nd Floor, Bronx, NY, 10458","Match","Exact","2408 GRAND CONCOURSE, BRONX, NY, 10458","-73.898143803103,40.860081113706","640811100","R"
"3073","200-06 Linden Blvd 1st Floor, Saint Albans, NY, 11412","Match","Exact","200-06 LINDEN BLVD, SAINT ALBANS, NY, 11412","-73.75209448061,40.694423960016","59720314","R"
"461","10 E 208th St, Bronx, NY, 10467","Match","Exact","10 E 208TH ST, BRONX, NY, 10467","-73.88323452264,40.880560563668","80296695","R"
"3072","2737 Ocean Ave Suite 2A, Brooklyn, NY, 11229","Match","Exact","2737 OCEAN AVE, BROOKLYN, NY, 11229","-73.950432154973,40.594626031552","59091631","L"
"462","1969 Walton Ave, Bronx, NY, 10453","Match","Exact","1969 WALTON AVE, BRONX, NY, 10453","-73.907991100262,40.851882861263","80299681","L"
"463","1967 Turnbull Ave Suite 127 2nd Fl, Bronx, NY, 10473","Match","Exact","1967 TURNBULL AVE, BRONX, NY, 10473","-73.856374191436,40.823108553912","80306046","L"
"464","1938 Williamsbridge Rd, Bronx, NY, 10461","Match","Exact","1938 WILLIAMSBRIDGE RD, BRONX, NY, 10461","-73.85342582008,40.853051242935","80305230","R"
"465","269 W 231st St, Bronx, NY, 10463","Match","Exact","269 W 231ST ST, BRONX, NY, 10463","-73.907197164909,40.880222448234","80296140","R"
"466","3813 Boston Rd, Bronx, NY, 10466","Match","Exact","3813 BOSTON RD, BRONX, NY, 10466","-73.838282542851,40.881503343128","80298081","L"
"467","3081 Middletown Rd, Bronx, NY, 10461","Match","Exact","3081 MIDDLETOWN RD, BRONX, NY, 10461","-73.827673769722,40.844758331573","80306817","L"
"468","1443 E Gun Hill Rd Suite 2, Bronx, NY, 10469","Match","Exact","1443 E GUN HILL RD, BRONX, NY, 10469","-73.844020087637,40.86938497701","80303856","L"
"469","2000 White Plains Rd, Bronx, NY, 10462","Match","Exact","2000 WHITE PLAINS RD, BRONX, NY, 10462","-73.867741731863,40.849959542227","80304357","R"
"3069","32-27 105th St, East Elmhurst, NY, 11369","Match","Exact","32-27 105TH ST, EAST ELMHURST, NY, 11369","-73.863895510256,40.759147345338","59699434","L"
"3082","114 West 26th Street 9th Floor, New York, NY, 10001","Match","Exact","114 W 26TH ST, NEW YORK, NY, 10001","-73.991909913724,40.744943013803","59653389","L"
"3081","1384 Broadway Suite 604, New York, NY, 10018","Match","Exact","1384 BROADWAY, NEW YORK, NY, 10018","-73.987332563922,40.752492994646","59658604","R"
"3080","3550 White Plains Rd Suite 9, Bronx, NY, 10467","Match","Exact","3550 WHITE PLAINS RD, BRONX, NY, 10467","-73.865633207331,40.878292542429","80297266","R"
"3089","68 Prospect Ave, Ossining, NY, 10562","Match","Exact","68 PROSPECT AVE, OSSINING, NY, 10562","-73.853088627304,41.163367563663","139730221","L"
"3088","420 W 49th St Front 1, New York, NY, 10019","Match","Exact","420 W 49TH ST, NEW YORK, NY, 10019","-73.990055480727,40.763067426967","59655179","L"
"3087","88 Grattan St, Brooklyn, NY, 11237","Match","Exact","88 GRATTAN ST, BROOKLYN, NY, 11237","-73.929597572781,40.705934341201","59082344","R"
"3086","2237 Schenectady Ave, Brooklyn, NY, 11234","Match","Exact","2237 SCHENECTADY AVE, BROOKLYN, NY, 11234","-73.929539912363,40.617270123507","59092343","L"
"470","1930 Bartow Ave, Bronx, NY, 10469","Match","Exact","1930 BARTOW AVE, BRONX, NY, 10469","-73.833623745251,40.868104147848","80312852","R"
"3085","101 Bay Ave, Hicksville, NY, 11801","Match","Exact","101 BAY AVE, HICKSVILLE, NY, 11801","-73.521698633377,40.770505133304","147641119","R"
"471","709 Burke Ave, Bronx, NY, 10467","Match","Exact","709 BURKE AVE, BRONX, NY, 10467","-73.866698896941,40.871488838711","80303295","L"
"3084","2568 E 17th St Suite 101, Brooklyn, NY, 11235","Match","Exact","2568 E 17TH ST, BROOKLYN, NY, 11235","-73.952656930801,40.588834955663","59091577","R"
"472","127 E 59th St Fl 2, Ste. 37, New York, NY, 10022","Match","Exact","127 E 59TH ST, NEW YORK, NY, 10022","-73.969304783075,40.762770476817","59657442","L"
"3083","155 Tompkins Ave, Brooklyn, NY, 11206","Match","Exact","155 TOMPKINS AVE, BROOKLYN, NY, 11206","-73.94596461907,40.694044751736","59078761","L"
"473","2244 7th Ave, New York, NY, 10027","Match","Exact","2244 7TH AVE, NEW YORK, NY, 10027","-73.94513033883,40.813467662303","652209805","L"
"474","4842 Broadway, New York, NY, ","Match","Exact","4842 BROADWAY, NEW YORK, NY, 10034","-73.923956933966,40.866646462317","59658847","R"
"475","177 Wadsworth Ave, New York, NY, ","Match","Exact","177 WADSWORTH AVE, NEW YORK, NY, 10033","-73.934864068682,40.849861977787","59655632","R"
"476","854 W 181st St, New York, NY, ","Match","Exact","854 W 181ST ST, NEW YORK, NY, 10033","-73.940108010651,40.85127619614","59655460","L"
"477","4961 Broadway, New York, NY, ","Match","Exact","4961 BROADWAY, NEW YORK, NY, 10034","-73.920227398515,40.868036475638","59658865","L"
"478","348 Dyckman St, New York, NY, ","Match","Exact","348 DYCKMAN ST, NEW YORK, NY, 10034","-73.929742401953,40.867503064002","59658774","L"
"479","600 W 218th St, New York, NY, ","Match","Exact","600 W 218TH ST, NEW YORK, NY, 10034","-73.917276658136,40.872478300641","59658913","L"
"3093","540 Manida St, Bronx, NY, 10474","Match","Exact","540 MANIDA ST, BRONX, NY, 10474","-73.887361598908,40.810839988578","80302626","R"
"3092","1076 Castleton Ave, Staten Island, NY, 10310","Match","Exact","1076 CASTLETON AVE, STATEN ISLAND, NY, 10310","-74.118561480174,40.6343793446","59878015","L"
"3091","464 S 10th Ave, Mount Vernon, NY, 10550","Match","Exact","464 S 10TH AVE, MOUNT VERNON, NY, 10550","-73.838501142733,40.899114668102","139747508","R"
"3090","1833 Bathgate Ave, Bronx, NY, 10457","Match","Exact","1833 BATHGATE AVE, BRONX, NY, 10457","-73.898083975723,40.845114004493","80301164","L"
"3099","232-06 121st Ave, Cambria Heights, NY, 11411","Match","Exact","232-06 121ST AVE, CAMBRIA HEIGHTS, NY, 11411","-73.732997107329,40.685294924612","59720995","R"
"3098","150 South Terrace Ave, Mount Vernon, NY, 10550","Match","Exact","150 S TERRACE AVE, MOUNT VERNON, NY, 10550","-73.850030167165,40.909889649997","139842329","R"
"480","219 Dyckman St, New York, NY, ","Match","Exact","219 DYCKMAN ST, NEW YORK, NY, 10034","-73.927261592821,40.865616613408","59658793","R"
"3097","37-20 34th St, Long Island City, NY, 11101","Match","Exact","37-20 34TH ST, LONG ISLAND CITY, NY, 11101","-73.929061128909,40.753462639476","59698060","R"
"481","4179 Broadway, New York, NY, ","Match","Exact","4179 BROADWAY, NEW YORK, NY, 10033","-73.938126918604,40.847510794131","59655606","L"
"3096","1510 Surprise St, Elmont, NY, 11003","Match","Exact","1510 SURPRISE ST, ELMONT, NY, 11003","-73.696750170676,40.704093810683","147666732","R"
"482","4932 Broadway, New York, NY, ","Match","Exact","4932 BROADWAY, NEW YORK, NY, 10034","-73.921376352737,40.867573988761","59658863","R"
"3095","30 Summit Ave, Staten Island, NY, 10306","Match","Exact","30 SUMMIT AVE, STATEN ISLAND, NY, 10306","-74.123932883981,40.576611958653","640846095","L"
"483","586 W 207th St, New York, NY, ","Match","Exact","586 W 207TH ST, NEW YORK, NY, 10034","-73.92085646632,40.8670082534","59658864","L"
"3094","932 Nostrand Ave, Brooklyn, NY, 11225","Match","Exact","932 NOSTRAND AVE, BROOKLYN, NY, 11225","-73.950940356423,40.665969663707","59079456","R"
"484","122 Dyckman St, New York, NY, ","Match","Exact","122 DYCKMAN ST, NEW YORK, NY, 10040","-73.925258000677,40.862270771366","59658880","L"
"485","800 W 181st St, New York, NY, ","Match","Exact","800 W 181ST ST, NEW YORK, NY, 10033","-73.938381052208,40.850877129966","59655463","L"
"486","4059 Broadway, New York, NY, ","Match","Exact","4059 BROADWAY, NEW YORK, NY, 10032","-73.939260119878,40.843171747988","59655694","L"
"487","3569 Broadway, New York, NY, ","Match","Exact","3569 BROADWAY, NEW YORK, NY, 10031","-73.949881723423,40.827332387196","59655921","L"
"488","237 Dyckman St, New York, NY, ","Match","Exact","237 DYCKMAN ST, NEW YORK, NY, 10034","-73.927948088303,40.866197192571","59658793","R"
"489","4247 Broadway, New York, NY, ","Match","Exact","4247 BROADWAY, NEW YORK, NY, 10033","-73.936227603691,40.849800091833","59655600","L"
"490","4131 Broadway, New York, NY, ","Match","Exact","4131 BROADWAY, NEW YORK, NY, 10033","-73.938619074184,40.845893970618","59655612","L"
"491","431 W 202nd St, New York, NY, ","Match","Exact","431 W 202ND ST, NEW YORK, NY, 10034","-73.919934940639,40.860825974859","59658904","R"
"492","827 W 181st St, New York, NY, ","Match","Exact","827 W 181ST ST, NEW YORK, NY, 10033","-73.939404228484,40.851296605703","59655460","R"
"493","1 Bennett Ave, New York, NY, ","Match","Exact","1 BENNETT AVE, NEW YORK, NY, 10033","-73.936561421779,40.850485036533","647335784","R"
"494","568 W 207th St, New York, NY, ","Match","Exact","568 W 207TH ST, NEW YORK, NY, 10034","-73.920500455014,40.866453877633","59658873","L"
"495","4959 Broadway, New York, NY, ","Match","Exact","4959 BROADWAY, NEW YORK, NY, 10034","-73.920321725999,40.868009773705","59658865","L"
"496","4863 Broadway, New York, NY, ","Match","Exact","4863 BROADWAY, NEW YORK, NY, 10034","-73.923580382087,40.866907298868","59658847","L"
"497","213 Pinehurst Ave, New York, NY, ","Match","Exact","213 PINEHURST AVE, NEW YORK, NY, 10033","-73.93805446389,40.85430290126","611227030","R"
"498","3931 Broadway, New York, NY, ","Match","Exact","3931 BROADWAY, NEW YORK, NY, 10032","-73.941553349102,40.83873497046","59655706","L"
"499","4996 Broadway, New York, NY, ","Match","Exact","4996 BROADWAY, NEW YORK, NY, 10034","-73.918689187452,40.868376849875","59658968","R"
"2603","31660 John R Rd., Madison Heights, MI, 31660","Match","Non_Exact","31660 JOHN R RD, MADISON HEIGHTS, MI, 48071","-83.106564499424,42.525254515401","69744655","R"
"2602","2792 Quincy Dr., Troy, MI, 48085","Match","Exact","2792 QUINCY DR, TROY, MI, 48085","-83.093986693277,42.585968474549","69745172","R"
"2601","16362 Johnson Creek Drive, Northville, MI, 16362","Match","Non_Exact","16362 JOHNSON CREEK DR, NORTHVILLE, MI, 48168","-83.524718567545,42.404628848687","617695028","R"
"2600","888 W. Big Beaver Rd., Suite 1000, Troy, MI, 48084","Match","Exact","888 W BIG BEAVER RD, TROY, MI, 48084","-83.164458427631,42.562135609719","630327775","R"
"2609","7752 Norse Ave., Suite B, Shelby Township, MI, 48317","Match","Non_Exact","7752 NORSE AVE, SHELBY TOWNSHIP, MI, 48317","-83.035215852765,42.647768478838","110693925","R"
"2608","607 Shelby St., Ste. 700, Detroit, MI, 48226","Match","Exact","607 SHELBY ST, DETROIT, MI, 48226","-83.048210935545,42.329302194706","95479995","L"
"2607","2525 Clark Street, Detroit, MI, 48209","Match","Exact","2525 CLARK ST, DETROIT, MI, 48209","-83.099685487998,42.325527613606","95474289","L"
"2606","950 Selden St., Detroit, MI, 48201","Match","Exact","950 SELDEN ST, DETROIT, MI, 48201","-83.068326634092,42.346286937097","95477571","R"
"2605","607 Shelby St., Suite 715, Detroit, MI, 48226","Match","Exact","607 SHELBY ST, DETROIT, MI, 48226","-83.048210935545,42.329302194706","95479995","L"
"2604","21516 Roosevelt Ave., Farmington Hills, MI, 21516","Match","Non_Exact","21516 ROOSEVELT AVE, FARMINGTON HILLS, MI, 48336","-83.334658900814,42.449628904133","69731100","R"
"2614","5300 Schaefer Rd., Suite B, Dearborn, MI, 48126","Match","Non_Exact","5300 SCHAEFER RD, DEARBORN, MI, 48126","-83.176057378423,42.327062188277","95444057","R"
"2613","6600 Schaefer Rd., Dearborn, MI, 48126","Match","Exact","6600 SCHAEFER RD, DEARBORN, MI, 48126","-83.176566152561,42.33917272913","95443907","R"
"2612","23300 Goddard Rd., Taylor, MI, 23300","Match","Non_Exact","23300 GODDARD RD, TAYLOR, MI, 48180","-83.260429412544,42.226697624595","95438096","R"
"2611","25305 John R Rd., Madison Heights, MI, 25305","Match","Non_Exact","25305 JOHN R RD, MADISON HEIGHTS, MI, 48071","-83.104870485841,42.478522973693","69832522","L"
"2610","7020 Orchard Lake Rd., Suite 212, West Bloomfield, MI, 48322","Match","Exact","7020 ORCHARD LAKE RD, WEST BLOOMFIELD, MI, 48322","-83.360460814455,42.534787799501","658023872","R"
"2619","24724 W. Warren Ave., Dearborn Heights, MI, 24724","Match","Non_Exact","24724 W WARREN ST, DEARBORN HEIGHTS, MI, 48127","-83.280649000109,42.341318552315","95432217","R"
"2618","25411 W Warren Ave., Dearborn Heights, MI, 25411","Match","Non_Exact","25411 W WARREN ST, DEARBORN HEIGHTS, MI, 48127","-83.288075669848,42.341060464061","95432164","L"
"2617","35830 Dequindre Rd., Sterling Heights, MI, 35830","Match","Non_Exact","35830 DEQUINDRE RD, STERLING HEIGHTS, MI, 48310","-83.08830044671,42.555096161552","69832186","R"
"2616","10820 W Warren Ave., Dearborn, MI, 10820","Match","Non_Exact","10820 W WARREN AVE, DEARBORN, MI, 48126","-83.166070409861,42.344322813384","95443297","R"
"2615","25001 Michigan Ave., Dearborn, MI, 25001","Match","Non_Exact","25001 MICHIGAN AVE, DEARBORN, MI, 48124","-83.281013518298,42.297932452739","95727005","R"
"2625","3250 W. Big Beaver Rd., Suite 342, Troy, MI, 48084","Match","Exact","3250 W BIG BEAVER RD, TROY, MI, 48084","-83.192646501924,42.561272319352","630327569","R"
"2624","38607 Filly Drive, Sterling Heights, MI, 38607","Match","Non_Exact","38607 FILLY DR, STERLING HEIGHTS, MI, 48310","-83.074615794131,42.575591572189","110667511","L"
"2623","4220 15 Mile Rd., Sterling Heights, MI, 48310","Match","Exact","4220 15 MILE RD, STERLING HEIGHTS, MI, 48310","-83.06592660624,42.549970894926","110700975","R"
"2622","36862 Ryan Rd., Sterling Heights, MI, 36862","Match","Non_Exact","36862 RYAN RD, STERLING HEIGHTS, MI, 48310","-83.069820073111,42.563451754806","110668142","R"
"2621","5843 17 Mile Rd., Sterling Heights, MI, 48310","Match","Exact","5843 17 MILE RD, STERLING HEIGHTS, MI, 48310","-83.050700898623,42.579813022475","110727555","L"
"2620","4321 Metro Pkwy., Sterling Heights, MI, 48310","No_Match"
"2629","9400 W. Fort St., Detroit, MI, 48209","Match","Exact","9400 W FORT ST, DETROIT, MI, 48209","-83.132316474346,42.295265484281","95473602","R"
"2628","32000 Northwestern Hwy., Suite 120, Farmington Hills, MI, 32000","Match","Non_Exact","32000 NORTHWESTERN HWY, FARMINGTON HILLS, MI, 48334","-83.345706770276,42.522616049612","658026890","R"
"2627","33882 Dequindre Rd., Sterling Heights, MI, 33882","Match","Non_Exact","33882 DEQUINDRE RD, STERLING HEIGHTS, MI, 48310","-83.087385217456,42.541360373297","69745399","R"
"2626","2456 Metropolitan Pkwy., Sterling Heights, MI, 48310","Match","Exact","2456 METROPOLITAN PKWY, STERLING HEIGHTS, MI, 48310","-83.082973780271,42.563900242676","618494342","R"
"1305","6290 W Northern Ave, Glendale, AZ, 85301","Match","Exact","6290 W NORTHERN AVE, GLENDALE, AZ, 85301","-112.194699026481,33.553017142041","128192831","R"
"2636","17006 W Warren Ave., Detroit, MI, 17006","Match","Non_Exact","17006 W WARREN AVE, DETROIT, MI, 48228","-83.212850135373,42.343480472704","657348418","R"
"1304","4428 N 27th Dr, Phoenix, AZ, 85017","Match","Exact","4428 N 27TH DR, PHOENIX, AZ, 85017","-112.118154609355,33.501015901344","128204917","L"
"2635","2226 Inkster Rd., Inkster, MI, 48141","Match","Exact","2226 INKSTER RD, INKSTER, MI, 48141","-83.310206715173,42.294984867211","95429968","R"
"1303","3612 W Bethany Home Rd, Phoenix, AZ, 85019","Match","Exact","3612 W BETHANY HOME RD, PHOENIX, AZ, 85019","-112.136318461223,33.52402354735","128198782","R"
"2634","20727 W Seven Mile Rd., Detroit, MI, 20727","Match","Non_Exact","20727 W 7 MILE RD, DETROIT, MI, 48219","-83.24674098055,42.429322098797","95421597","L"
"1302","10105 E Via Linda #103-697, Scottsdale, AZ, 10105","Tie"
"2633","23689 W 7 Mile Rd., Detroit, MI, 23689","Match","Non_Exact","23689 W 7 MILE RD, DETROIT, MI, 48219","-83.274313776786,42.428961774435","95420515","L"
"1301","9431 W Northern Ave, Glendale, AZ, 85305","No_Match"
"2632","29758 Southfield Rd., Southfield, MI, 29758","Match","Non_Exact","29758 SOUTHFIELD RD, SOUTHFIELD, MI, 48076","-83.222761397044,42.507886055648","629087351","R"
"1300","501 E Thomas Rd Suite 200, Phoenix, AZ, 85012","Match","Exact","501 E THOMAS RD, PHOENIX, AZ, 85012","-112.067187127161,33.480162299981","128212962","R"
"2631","2873 Haggerty Road, Commerce Township, MI, 48390","No_Match"
"2630","24170 Sherwood St., Center Line, MI, 24170","Match","Non_Exact","24170 SHERWOOD AVE, CENTER LINE, MI, 48015","-83.036067032734,42.471647160849","648186236","R"
"1309","4539 N 22nd St #4619 Ste 300, Phoenix, AZ, 85016","Match","Exact","4539 N 22ND ST, PHOENIX, AZ, 85016","-112.034481719303,33.502732491881","128209843","R"
"1308","2340 E University Dr Suite 135, Tempe, AZ, 85288","Match","Exact","2340 E UNIVERSITY DR, TEMPE, AZ, 85288","-111.888575674659,33.42212257681","128789254","L"
"2639","21308 W McNichols Rd., Detroit, MI, 21308","Match","Non_Exact","21308 W MCNICHOLS RD, DETROIT, MI, 48219","-83.251021130773,42.414911912728","95421928","R"
"1307","3303 W Twain Ct, Phoenix, AZ, 85086","Match","Exact","3303 W TWAIN CT, PHOENIX, AZ, 85086","-112.130649287478,33.847895001355","128856939","L"
"2638","12930 Beech Daly Rd., Taylor, MI, 12930","Match","Non_Exact","12930 BEECH DALY RD, TAYLOR, MI, 48180","-83.287891647939,42.211907338693","95437609","R"
"1306","4405 E Baseline Rd Suite 114, Phoenix, AZ, 85042","Match","Exact","4405 E BASELINE RD, PHOENIX, AZ, 85042","-111.988546520282,33.378066099159","128235791","R"
"2637","32633 Cherry Hill Rd., Westland, MI, 32633","Match","Non_Exact","32633 CHERRY HILL RD, WESTLAND, MI, 48186","-83.362295441399,42.310395525948","95494149","L"
"2650","7340 McGraw Ave., Detroit, MI, 48210","Match","Non_Exact","7340 MCGRAW ST, DETROIT, MI, 48210","-83.137886399914,42.336709117935","95472775","R"
"1316","4227 W Sheridan St, Phoenix, AZ, 85009","Match","Exact","4227 W SHERIDAN ST, PHOENIX, AZ, 85009","-112.150258770834,33.475365587547","128201401","L"
"2647","2650 Bagley St., Detroit, MI, 48216","Match","Exact","2650 BAGLEY ST, DETROIT, MI, 48216","-83.078805664211,42.325258217503","95478837","R"
"1315","4539 N 22nd St Suite 5266, Phoenix, AZ, 85016","Match","Exact","4539 N 22ND ST, PHOENIX, AZ, 85016","-112.034481719303,33.502732491881","128209843","R"
"2646","3362 Bagley St., Detroit, MI, 48216","Match","Exact","3362 BAGLEY ST, DETROIT, MI, 48216","-83.084614399324,42.323451302741","95494361","R"
"1314","8605 N 18th Dr, Phoenix, AZ, 85021","Match","Exact","8605 N 18TH DR, PHOENIX, AZ, 85021","-112.097935209493,33.562111433002","128203371","R"
"2645","4114 W. Vernor Hwy., Detroit, MI, 48209","Match","Exact","4114 W VERNOR HWY, DETROIT, MI, 48209","-83.093333904457,42.321324147544","95478268","R"
"1313","3131 W Lewis Ave #200, Phoenix, AZ, 85009","Match","Exact","3131 W LEWIS AVE, PHOENIX, AZ, 85009","-112.126430889103,33.475077586339","128201781","L"
"2644","6500 Woodward Ave., Detroit, MI, 48202","Match","Exact","6500 WOODWARD AVE, DETROIT, MI, 48202","-83.072534535893,42.369197601296","95475612","R"
"1312","5720 W Jefferson St, Phoenix, AZ, 85043","Match","Exact","5720 W JEFFERSON ST, PHOENIX, AZ, 85043","-112.183381524039,33.446233628784","651958780","L"
"2643","8029 Agnes St., Detroit, MI, 48214","Match","Exact","8029 AGNES ST, DETROIT, MI, 48214","-82.997072710108,42.355157061813","95484093","L"
"1311","9832 N 7th St Ste 4, Phoenix, AZ, 85020","Match","Exact","9832 N 7TH ST, PHOENIX, AZ, 85020","-112.065226647232,33.575274229453","128206412","L"
"2642","29702 Southfield Rd., Southfield, MI, 29702","Match","Non_Exact","29702 SOUTHFIELD RD, SOUTHFIELD, MI, 48076","-83.222741315619,42.507488077535","629087351","R"
"1310","9825 E Kinetic Dr, Mesa, AZ, 85212","Match","Exact","9825 E KINETIC DR, MESA, AZ, 85212","-111.62167311695,33.322463689022","649102703","L"
"2641","16155 Wyoming St., Detroit, MI, 16155","Match","Non_Exact","16155 WYOMING ST, DETROIT, MI, 48221","-83.160098605043,42.410081589985","95425996","L"
"2640","8973 Wayne Rd., Livonia, MI, 48150","Match","Non_Exact","8973 N WAYNE RD, LIVONIA, MI, 48150","-83.386400973851,42.355672190418","647841025","L"
"1319","2022 N 18th St, Phoenix, AZ, 85006","Match","Exact","2022 N 18TH ST, PHOENIX, AZ, 85006","-112.043384170798,33.470160377602","128214270","L"
"1318","2210 S Mill Ave Suite 2, Tempe, AZ, 85282","Match","Exact","2210 S MILL AVE, TEMPE, AZ, 85282","-111.939824697018,33.404443437244","647560332","R"
"2649","7934 W Vernor Hwy., Detroit, MI, 48209","Match","Exact","7934 W VERNOR HWY, DETROIT, MI, 48209","-83.127119508515,42.311542225878","95473511","R"
"1317","12778 E Desert Cove Ave, Scottsdale, AZ, 12778","Match","Non_Exact","12778 E DESERT COVE AVE, SCOTTSDALE, AZ, 85259","-111.817298267399,33.586225146339","128363995","L"
"2648","2443 Bagley St., Detroit, MI, 48216","Match","Exact","2443 BAGLEY ST, DETROIT, MI, 48216","-83.076452274134,42.325859457465","95478844","L"
"1330","2128 S Paseo Loma Cir, Mesa, AZ, 85202","Match","Non_Exact","2128 S PSO LOMA, MESA, AZ, 85202","-111.880612779796,33.376477756122","128924116","L"
"2661","830 Germantown Parkway North, Cordova, TN, 38016","Match","Non_Exact","830 N GERMANTOWN PKWY, CORDOVA, TN, 38018","-89.795243206244,35.148006454958","72949094","R"
"2660","1150 Germantown Parkway North, Cordova, TN, 38016","Match","Non_Exact","1150 N GERMANTOWN PKWY, CORDOVA, TN, 38016","-89.79519820066,35.157405273341","72979654","R"
"1327","2555 E Camelback Rd Ste 350, Phoenix, AZ, 85016","Match","Exact","2555 E CAMELBACK RD, PHOENIX, AZ, 85016","-112.026550663846,33.509405061987","128601102","R"
"2658","11695 Highway 70, Arlington, TN, 11695","Match","Non_Exact","11695 US HWY 70, ARLINGTON, TN, 38002","-89.672427078854,35.294713018541","72901278","R"
"1326","7537 W Thomas Rd Suite N17, Phoenix, AZ, 85033","Match","Exact","7537 W THOMAS RD, PHOENIX, AZ, 85033","-112.221156372407,33.480119281217","128948758","L"
"2657","1068 Cresthaven Rd, Memphis, TN, 38119","Match","Exact","1068 CRESTHAVEN RD, MEMPHIS, TN, 38119","-89.87497476023,35.102557625195","607440985","L"
"1325","4415 N Maryvale Pkwy #14892, Phoenix, AZ, 14892","Match","Non_Exact","4415 N MARYVALE PKWY, PHOENIX, AZ, 85031","-112.172929823159,33.501505888825","128198096","R"
"2656","1741 North Green St., Detroit, MI, 48209","Match","Exact","1741 N GREEN ST, DETROIT, MI, 48209","-83.118640991257,42.310080615247","95474366","L"
"1324","5070 W Bethany Home Rd Suite 3, Phoenix, AZ, 85031","No_Match"
"2655","4300 W Vernor Hwy., Detroit, MI, 48209","Match","Exact","4300 W VERNOR HWY, DETROIT, MI, 48209","-83.095016709136,42.320661911793","95478259","R"
"1323","910 W Carver Rd, Tempe, AZ, 85284","Match","Exact","910 W CARVER RD, TEMPE, AZ, 85284","-111.951593246369,33.341932218894","128349471","R"
"2654","2244 Junction Ave., Detroit, MI, 48209","Match","Non_Exact","2244 JUNCTION ST, DETROIT, MI, 48209","-83.103693934436,42.32052049656","95474267","R"
"1322","6601 W Sweetwater Ave, Glendale, AZ, 85304","Match","Exact","6601 W SWEETWATER AVE, GLENDALE, AZ, 85304","-112.200815595308,33.603364929988","128348903","L"
"2653","3345 Bagley St., Detroit, MI, 48216","Match","Exact","3345 BAGLEY ST, DETROIT, MI, 48216","-83.084506913617,42.323360360424","95494361","L"
"1321","914 E Broadway Rd #1058, Tempe, AZ, 85282","Match","Exact","914 E BROADWAY RD, TEMPE, AZ, 85282","-111.925866495388,33.407566176502","128227594","L"
"2652","6343 Michigan Ave., Detroit, MI, 48210","Match","Exact","6343 MICHIGAN AVE, DETROIT, MI, 48210","-83.121095034781,42.331060448851","95473795","L"
"1320","2600 S 20th Ave, Phoenix, AZ, 85009","Match","Exact","2600 S 20TH AVE, PHOENIX, AZ, 85009","-112.102079087421,33.423878484447","654332257","L"
"2651","5458 W Vernor Hwy., Detroit, MI, 48209","Match","Exact","5458 W VERNOR HWY, DETROIT, MI, 48209","-83.10107458219,42.318196740869","95474331","R"
"1329","7017 S 25th Dr, Phoenix, AZ, 85041","Match","Exact","7017 S 25TH DR, PHOENIX, AZ, 85041","-112.112541662284,33.383668268439","128861447","L"
"1328","1513 W Thomas Rd, Phoenix, AZ, 85015","Match","Exact","1513 W THOMAS RD, PHOENIX, AZ, 85015","-112.09205001683,33.48043353","652595747","L"
"2659","11615 Highway 70, Arlington, TN, 11615","Match","Non_Exact","11615 US HWY 70, ARLINGTON, TN, 38002","-89.67496568824,35.293691768755","72901278","R"
"1341","8502 E Princess Dr Suite 260, Scottsdale, AZ, 85255","Match","Exact","8502 E PRINCESS DR, SCOTTSDALE, AZ, 85255","-111.897670230376,33.644743738156","243927297","L"
"2672","1308 Getwell Road, Memphis, TN, 38111","Match","Exact","1308 GETWELL RD, MEMPHIS, TN, 38111","-89.930886197905,35.096030474756","72920576","L"
"1340","1910 S Stapley Dr Ste 120, Mesa, AZ, 85204","Match","Exact","1910 S STAPLEY DR, MESA, AZ, 85204","-111.807141039767,33.380469025394","128942705","R"
"2671","1535 Wells Station Road, Memphis, TN, 38108","Match","Exact","1535 WELLS STATION RD, MEMPHIS, TN, 38108","-89.916958367335,35.173623376243","72916219","L"
"2670","1477 Wells Station Road, Memphis, TN, 38108","Match","Exact","1477 WELLS STATION RD, MEMPHIS, TN, 38108","-89.917024603702,35.171788505332","72916222","L"
"1338","11363 W Pima St, Avondale, AZ, 11363","Match","Non_Exact","11363 W PIMA ST, AVONDALE, AZ, 85323","-112.303839943929,33.43136659691","128848355","R"
"2669","40 North Cleveland, Memphis, TN, 38104","Match","Non_Exact","40 N CLEVELAND ST, MEMPHIS, TN, 38104","-90.016149748922,35.140054713068","607425523","R"
"1337","1375 N Scottsdale Rd #180, Scottsdale, AZ, 85257","Match","Exact","1375 N SCOTTSDALE RD, SCOTTSDALE, AZ, 85257","-111.926190696216,33.463216050021","646790411","R"
"2668","1718 Madison Ave, Memphis, TN, 38103","Match","Non_Exact","1718 MADISON AVE, MEMPHIS, TN, 38104","-90.004003425659,35.138210080769","72912311","L"
"1336","10250 E Mountain View Rd Unit 218, Scottsdale, AZ, 10250","Match","Non_Exact","10250 E MOUNTAIN VIEW RD, SCOTTSDALE, AZ, 85258","-111.86019520986,33.57134093716","128264182","L"
"2667","1620 Madison Ave, Memphis, TN, 38103","Match","Non_Exact","1620 MADISON AVE, MEMPHIS, TN, 38104","-90.007211512033,35.138088443319","72912300","L"
"1335","6419 W Villa Linda Dr, Glendale, AZ, 85310","Match","Exact","6419 W VILLA LINDA DR, GLENDALE, AZ, 85310","-112.197887192083,33.711577673136","128866934","L"
"2666","880 Germantown Parkway North, Cordova, TN, 38018","Match","Non_Exact","880 N GERMANTOWN PKWY, CORDOVA, TN, 38018","-89.795208708932,35.149232041345","639850857","R"
"1334","1459 W 1st St, Mesa, AZ, 85201","Match","Exact","1459 W 1ST ST, MESA, AZ, 85201","-111.86227006522,33.417103305468","128234193","L"
"2665","694 Germantown Parkway North, Cordova, TN, 38018","Match","Non_Exact","694 N GERMANTOWN PKWY, CORDOVA, TN, 38018","-89.795328714864,35.145187710811","607423913","R"
"1333","17505 N 79th Ave Ste 210, Glendale, AZ, 17505","Match","Non_Exact","17505 N 79TH AVE, GLENDALE, AZ, 85308","-112.231105812903,33.642978527244","128388890","L"
"2664","2050 Poplar Avenue West, Collierville, TN, 38017","Match","Non_Exact","2050 W POPLAR AVE, COLLIERVILLE, TN, 38017","-89.730408326543,35.05106738756","632632849","L"
"1332","14103 S 179th Ave, Goodyear, AZ, 14103","Match","Non_Exact","14103 S 179TH AVE, GOODYEAR, AZ, 85338","-112.43585621081,33.318964921901","618476523","L"
"2663","765 West Poplar Ave, Collierville, TN, 38017","Match","Exact","765 W POPLAR AVE, COLLIERVILLE, TN, 38017","-89.688113389467,35.046014782925","607494369","L"
"1331","7259 E Olla Ave, Mesa, AZ, 85212","Match","Exact","7259 E OLLA AVE, MESA, AZ, 85212","-111.676250773837,33.363794294727","646789580","R"
"2662","255 New Byhalia Road, Collierville, TN, 38017","Match","Exact","255 NEW BYHALIA RD, COLLIERVILLE, TN, 38017","-89.689147105241,35.047700222394","607493749","R"
"1339","2300 E Campbell Ave Unit 324, Phoenix, AZ, 85016","Match","Exact","2300 E CAMPBELL AVE, PHOENIX, AZ, 85016","-112.032618604748,33.502109068277","612219874","L"
"1352","8843 N 3rd St Apt 4, Phoenix, AZ, 85020","Match","Exact","8843 N 3RD ST, PHOENIX, AZ, 85020","-112.069497162418,33.564906599832","128206531","R"
"2683","2838 Hickory Hill Road, Memphis, TN, 38115","Match","Exact","2838 HICKORY HILL RD, MEMPHIS, TN, 38115","-89.863902205784,35.071442538084","72927720","L"
"1351","3104 E Camelback Rd Ste 2634, Phoenix, AZ, 85016","Match","Exact","3104 E CAMELBACK RD, PHOENIX, AZ, 85016","-112.015762908864,33.509970026566","657310509","L"
"2682","6505 E. Raines Road, Memphis, TN, 38115","Match","Exact","6505 E RAINES RD, MEMPHIS, TN, 38115","-89.846834226932,35.034911226128","652884051","R"
"1350","7580 E Dobson Rd Suite 301, Scottsdale, AZ, 85256","Match","Non_Exact","7580 N DOBSON RD, SCOTTSDALE, AZ, 85256","-111.87407175583,33.547811079972","657430841","L"
"2681","2366 Ketchum Road, Memphis, TN, 38114","Match","Exact","2366 KETCHUM RD, MEMPHIS, TN, 38114","-89.984517932288,35.0793970668","72917725","L"
"2680","3019 Summer Ave, Memphis, TN, 38112","Match","Exact","3019 SUMMER AVE, MEMPHIS, TN, 38112","-89.959820711638,35.149418208548","72913313","R"
"1349","4435 E Chandler Blvd Suite 200, Phoenix, AZ, 85048","Match","Exact","4435 E CHANDLER BLVD, PHOENIX, AZ, 85048","-111.988604862662,33.305179128137","128875284","R"
"1348","4215 S 77th Ave, Phoenix, AZ, 85043","Match","Exact","4215 S 77TH AVE, PHOENIX, AZ, 85043","-112.225403870133,33.410038621717","243954989","R"
"2679","2877 Summer Ave, Memphis, TN, 38112","Match","Exact","2877 SUMMER AVE, MEMPHIS, TN, 38112","-89.965118238487,35.149506871067","72913255","R"
"1347","16165 N 83rd Ave, Peoria, AZ, 16165","Match","Non_Exact","16165 N 83RD AVE, PEORIA, AZ, 85382","-112.234746313268,33.633793632276","128399252","R"
"2678","2617 Poplar Avenue, Memphis, TN, 38111","Match","Non_Exact","2617 POPLAR AVE, MEMPHIS, TN, 38112","-89.974490532963,35.137385389644","72913442","R"
"1346","60 E Rio Salado Pkwy Ste 900, Tempe, AZ, 85281","Match","Exact","60 E RIO SALADO PKWY, TEMPE, AZ, 85281","-111.93768134423,33.430408555017","642853955","L"
"2677","4002 Park Avenue, Memphis, TN, 38111","Match","Exact","4002 PARK AVE, MEMPHIS, TN, 38111","-89.929230549249,35.107522067672","72920381","L"
"1345","705 N Tamarisk St, Gilbert, AZ, 85234","No_Match"
"2676","3561 Park Avenue, Memphis, TN, 38111","Match","Exact","3561 PARK AVE, MEMPHIS, TN, 38111","-89.943860863906,35.107777425974","72919699","R"
"1344","125 N 2nd St Ste 423, Phoenix, AZ, 85004","Match","Exact","125 N 2ND ST, PHOENIX, AZ, 85004","-112.071211040059,33.449619196785","128213474","R"
"2675","1620 New Getwell Road, Memphis, TN, 38111","Match","Non_Exact","1620 GETWELL RD, MEMPHIS, TN, 38111","-89.93108748216,35.087539659032","72920611","L"
"1343","6623 S 8th St, Phoenix, AZ, 85042","Match","Non_Exact","6623 S 8TH PL, PHOENIX, AZ, 85042","-112.060787993951,33.386372909429","128811342","L"
"2674","65 Highland Avenue South, Memphis, TN, 38111","Match","Non_Exact","65 S HIGHLAND ST, MEMPHIS, TN, 38111","-89.945209662825,35.130201829318","72915916","R"
"1342","40 W Baseline Rd Ste 115, Tempe, AZ, 85283","Match","Exact","40 W BASELINE RD, TEMPE, AZ, 85283","-111.940218588298,33.378289181263","128237310","R"
"2673","1414 Getwell Road, Memphis, TN, 38111","Match","Exact","1414 GETWELL RD, MEMPHIS, TN, 38111","-89.930948986571,35.09348744455","72920591","L"
"1363","6625 N 48th Ave, Glendale, AZ, 85301","Match","Exact","6625 N 48TH AVE, GLENDALE, AZ, 85301","-112.162732787344,33.533206494573","128283098","R"
"2694","6063 Mt. Moriah Road, Memphis, TN, 38115","Match","Non_Exact","6063 MT MORIAH RD EXD, MEMPHIS, TN, 38115","-89.859741413287,35.070860277573","72953201","R"
"1362","11201 N Tatum Blvd Suite 200, Phoenix, AZ, 11201","Match","Non_Exact","11201 N TATUM BLVD, PHOENIX, AZ, 85028","-111.977820926021,33.586350915626","128187045","R"
"2693","3500 Mendenhall South, Memphis, TN, 38115","Tie"
"1361","6125 E Indian School Rd Studio 1005, Scottsdale, AZ, 85251","Match","Non_Exact","6125 E INDIAN SCHOOL RD, SCOTTSDALE, AZ, 85251","-111.949641374044,33.489940949612","638561699","R"
"2692","3151 Mendenhall South, Memphis, TN, 38115","Match","Non_Exact","3151 S MENDENHALL RD, MEMPHIS, TN, 38115","-89.885857831647,35.06263921019","652883873","R"
"1360","8101 W Windrose Dr, Peoria, AZ, 85381","Match","Exact","8101 W WINDROSE DR, PEORIA, AZ, 85381","-112.233458251242,33.60057237063","128261547","L"
"2691","5724 Mt Moriah, Memphis, TN, 38115","Tie"
"2690","5959 Knight Arnold Rd, Memphis, TN, 38115","Match","Exact","5959 KNIGHT ARNOLD RD, MEMPHIS, TN, 38115","-89.866354124371,35.060693327536","607460168","R"
"1359","6424 S Glory Ct, Gilbert, AZ, 85298","Match","Exact","6424 S GLORY CT, GILBERT, AZ, 85298","-111.703422153047,33.232994447312","128874297","L"
"1358","9163 W Union Hills Dr Suite 114, Peoria, AZ, 85382","Match","Exact","9163 W UNION HILLS DR, PEORIA, AZ, 85382","-112.256883865574,33.652566569138","647442658","L"
"2689","5967 Knight Arnold Road, Memphis, TN, 38115","Match","Exact","5967 KNIGHT ARNOLD RD, MEMPHIS, TN, 38115","-89.866317034037,35.060692444431","607460168","R"
"1357","14739 N 147th Dr, Surprise, AZ, 14739","Match","Non_Exact","14739 N 147TH DR, SURPRISE, AZ, 85379","-112.377228612846,33.617870411362","128855701","R"
"2688","5945 Knight Arnold Road, Memphis, TN, 38115","Match","Exact","5945 KNIGHT ARNOLD RD, MEMPHIS, TN, 38115","-89.866419032455,35.06069487297","607460168","R"
"1356","5104 N 32nd St Unit 153, Phoenix, AZ, 85018","Match","Exact","5104 N 32ND ST, PHOENIX, AZ, 85018","-112.013086402931,33.512319521189","128219172","L"
"2687","5411 Knight Arnold Road, Memphis, TN, 38115","Match","Exact","5411 KNIGHT ARNOLD RD, MEMPHIS, TN, 38115","-89.882561156605,35.061717640262","72978276","R"
"1355","4201 N 45th Ave, Phoenix, AZ, 85031","Match","Exact","4201 N 45TH AVE, PHOENIX, AZ, 85031","-112.155877255027,33.49659417635","128284800","L"
"2686","5963 Knight Arnold Road, Memphis, TN, 38115","Match","Exact","5963 KNIGHT ARNOLD RD, MEMPHIS, TN, 38115","-89.866335579204,35.060692885984","607460168","R"
"1354","5305 N Ginning Dr, Litchfield Park, AZ, 85340","Match","Exact","5305 N GINNING DR, LITCHFIELD PARK, AZ, 85340","-112.354390202569,33.512225181894","649119966","L"
"2685","3699 Hickory Hill Road, Memphis, TN, 38115","Match","Exact","3699 HICKORY HILL RD, MEMPHIS, TN, 38115","-89.866450746279,35.048109565903","607494359","R"
"1353","2058 S Dobson Rd Bldg 7, Mesa, AZ, 85202","Match","Exact","2058 S DOBSON RD, MESA, AZ, 85202","-111.878112110259,33.377303235413","128239782","R"
"2684","3530 Hickory Hill Road, Memphis, TN, 38115","Match","Exact","3530 HICKORY HILL RD, MEMPHIS, TN, 38115","-89.865905063176,35.053155622775","607465244","L"
"1374","19713 W Avalon Dr, Buckeye, AZ, 19713","Match","Non_Exact","19713 W AVALON DR, BUCKEYE, AZ, 85396","-112.483632825618,33.48213934317","657469293","L"
"1373","4235 N 83rd Dr, Phoenix, AZ, 85037","Match","Exact","4235 N 83RD DR, PHOENIX, AZ, 85037","-112.238290239,33.497211321567","128170859","R"
"1372","15663 W Berkeley Rd, Goodyear, AZ, 15663","Match","Non_Exact","15663 W BERKELEY RD, GOODYEAR, AZ, 85395","-112.396335602202,33.468745110839","618472533","L"
"1371","865 W Juanita Ave, Mesa, AZ, 85210","Match","Exact","865 W JUANITA AVE, MESA, AZ, 85210","-111.850718858277,33.381586515548","128792458","L"
"1370","2205 E Fox St, Mesa, AZ, 85213","Match","Exact","2205 E FOX ST, MESA, AZ, 85213","-111.783456040103,33.435829690067","128244997","R"
"1369","20226 W Palo Verde Dr, Litchfield Park, AZ, 20226","No_Match"
"1368","1755 N PebbleCreek Pkwy 1018, Goodyear, AZ, 85395","Match","Non_Exact","1755 N PEBBLE CREEK PKWY, GOODYEAR, AZ, 85395","-112.392390414474,33.466057755725","642055085","R"
"2699","3766 Ridgeway Road, Memphis, TN, 38115","Match","Exact","3766 RIDGEWAY RD, MEMPHIS, TN, 38115","-89.856617663974,35.046172223588","607494700","L"
"1367","3100 W Ray Rd Suite 201, Chandler, AZ, 85226","Match","Exact","3100 W RAY RD, CHANDLER, AZ, 85226","-111.895905891883,33.320364692324","128349541","R"
"2698","5744 Rayben Cir, Memphis, TN, 38115","Match","Exact","5744 RAYBEN CIR, MEMPHIS, TN, 38115","-89.871754063878,35.073973969605","607452086","L"
"1366","505 S Val Vista Dr Ste 4, Mesa, AZ, 85204","Match","Exact","505 S VAL VISTA DR, MESA, AZ, 85204","-111.753694411311,33.406513038453","128965065","L"
"2697","3678 Ridgeway Road, Memphis, TN, 38115","Match","Exact","3678 RIDGEWAY RD, MEMPHIS, TN, 38115","-89.857096738359,35.047815361019","607494699","L"
"1365","3334 W Fraktur Rd, Phoenix, AZ, 85041","Match","Exact","3334 W FRAKTUR RD, PHOENIX, AZ, 85041","-112.129782932206,33.395439928627","243999750","L"
"2696","6041 Mt. Moriah Road, Memphis, TN, 38115","Match","Non_Exact","6041 MT MORIAH RD EXD, MEMPHIS, TN, 38115","-89.861012337919,35.07135164834","72953201","R"
"1364","918 N 5th St, Phoenix, AZ, 85004","Match","Exact","918 N 5TH ST, PHOENIX, AZ, 85004","-112.067543677018,33.457852393152","128213516","L"
"2695","6063 Mt. Moriah Road, Memphis, TN, 38115","Match","Non_Exact","6063 MT MORIAH RD EXD, MEMPHIS, TN, 38115","-89.859741413287,35.070860277573","72953201","R"
"1385","1975 E Browning Pl, Chandler, AZ, 85286","Match","Exact","1975 E BROWNING PL, CHANDLER, AZ, 85286","-111.807733388887,33.28885562497","244002376","R"
"1384","13613 N Main St, El Mirage, AZ, 13613","Match","Non_Exact","13613 N MAIN ST, EL MIRAGE, AZ, 85335","-112.311645146717,33.606671832521","128163351","R"
"1383","4410 S 12th Dr Unit 2, Phoenix, AZ, 85041","Match","Exact","4410 S 12TH DR, PHOENIX, AZ, 85041","-112.088041521121,33.406445776288","128919411","R"
"1382","4141 N Scottsdale Rd Suite 150, Scottsdale, AZ, 85251","Match","Exact","4141 N SCOTTSDALE RD, SCOTTSDALE, AZ, 85251","-111.92604626859,33.495757643762","128222726","R"
"1381","6755 N 83rd Ave Apt 9201, Glendale, AZ, 85303","Match","Exact","6755 N 83RD AVE, GLENDALE, AZ, 85303","-112.237582371094,33.534698429487","642858205","R"
"1380","7084 S Hazelton Ln, Tempe, AZ, 85283","Match","Exact","7084 S HAZELTON LN, TEMPE, AZ, 85283","-111.905864620922,33.354253611529","640591630","R"
"1379","600 N 96th Ave #145, Tolleson, AZ, 85353","Match","Exact","600 N 96TH AVE, TOLLESON, AZ, 85353","-112.266165615634,33.45318718802","243948929","L"
"1378","1942 E Paradise Ln, Phoenix, AZ, 85022","Match","Exact","1942 E PARADISE LN, PHOENIX, AZ, 85022","-112.040036950681,33.633296930621","128914860","L"
"1377","13232 W Edgemont Ave, Goodyear, AZ, 13232","Match","Non_Exact","13232 W EDGEMONT AVE, GOODYEAR, AZ, 85395","-112.343431490563,33.476825371921","128410443","L"
"1376","11200 W Wisconsin Ave Ste 1, Youngtown, AZ, 11200","Match","Non_Exact","11200 W WISCONSIN AVE, YOUNGTOWN, AZ, 85363","-112.300572124547,33.603298658749","128163614","R"
"1375","1608 W Sequoia Dr, Phoenix, AZ, 85027","Match","Exact","1608 W SEQUOIA DR, PHOENIX, AZ, 85027","-112.094165677576,33.66383030375","128180126","R"
"1396","7139 E Main St, Mesa, AZ, 85206","Match","Non_Exact","7139 E MAIN ST, MESA, AZ, 85207","-111.677396646256,33.415333047414","128839634","R"
"1395","2557 E Cathedral Rock Dr, Phoenix, AZ, 85048","Match","Exact","2557 E CATHEDRAL ROCK DR, PHOENIX, AZ, 85048","-112.029769850268,33.307262698484","647517888","R"
"1394","15850 N Cave Creek Rd #1, Phoenix, AZ, 15850","Match","Non_Exact","15850 N CAVE CREEK RD, PHOENIX, AZ, 85032","-112.030840925915,33.631215362867","128600850","L"
"1393","250 E Aster Dr, Chandler, AZ, 85286","Match","Exact","250 E ASTER DR, CHANDLER, AZ, 85286","-111.837928981954,33.255920951201","658411908","L"
"1392","3114 N 127th Ln, Avondale, AZ, 85392","Match","Exact","3114 N 127TH LN, AVONDALE, AZ, 85392","-112.334462864806,33.481814978639","128847901","R"
"1391","2133 W Turney Ave #87C, Phoenix, AZ, 85015","Match","Exact","2133 W TURNEY AVE, PHOENIX, AZ, 85015","-112.104518626393,33.500403581743","657444277","L"
"1390","2375 E Camelback Rd Suite 635, Phoenix, AZ, 85016","Match","Exact","2375 E CAMELBACK RD, PHOENIX, AZ, 85016","-112.030680805295,33.509260251347","128209857","R"
"1389","2686 N Acacia Way, Buckeye, AZ, 85396","Match","Exact","2686 N ACACIA WAY, BUCKEYE, AZ, 85396","-112.50008008767,33.4774363618","645616559","L"
"1388","1430 S 9th St, Phoenix, AZ, 85034","Match","Exact","1430 S 9TH ST, PHOENIX, AZ, 85034","-112.061640446305,33.434634804185","128214039","R"
"1387","10308 W Hilton Ave, Tolleson, AZ, 10308","Match","Non_Exact","10308 W HILTON AVE, TOLLESON, AZ, 85353","-112.281239673694,33.426294067771","640977134","R"
"1386","7625 W Lower Buckeye Rd #10, Phoenix, AZ, 85043","Match","Exact","7625 W LOWER BUCKEYE RD, PHOENIX, AZ, 85043","-112.22388160434,33.422922598526","128392763","L"
"3101","9-11 40 Avenue, Long Island City, NY, 11101","Match","Exact","9-11 40TH AVE, LONG ISLAND CITY, NY, 11101","-73.944897421018,40.757297764865","59696174","L"
"3100","14-37 30th Rd, Astoria, NY, 11102","Match","Exact","14-37 30TH RD, ASTORIA, NY, 11102","-73.929738691671,40.769722636911","59696564","L"
"1399","659 E Main St Suite 108, Mesa, AZ, 85204","Match","Non_Exact","659 E MAIN ST, MESA, AZ, 85203","-111.816657389369,33.415043774127","128245259","R"
"1398","11226 W Baden St, Avondale, AZ, 11226","Match","Non_Exact","11226 W BADEN ST, AVONDALE, AZ, 85323","-112.300974097898,33.454416459258","128871486","L"
"1397","715 E Sierra Vista Dr Suite 3, Phoenix, AZ, 85014","Match","Exact","715 E SIERRA VISTA DR, PHOENIX, AZ, 85014","-112.064760271181,33.531955181848","128307784","R"
"3112","145-33 228 Street, Springfield Gardens, NY, 11413","Match","Exact","145-33 228TH ST, SPRINGFIELD GARDENS, NY, 11413","-73.752012894493,40.661099582725","59721335","L"
"3111","2350 Rugby Street, East Meadow, NY, 11554","Match","Exact","2350 RUGBY ST, EAST MEADOW, NY, 11554","-73.556710388451,40.71540917533","147632808","R"
"3110","112-33 Guy R. Brewer Blvd, Jamaica, NY, 11433","Match","Exact","112-33 GUY R BREWER BLVD, JAMAICA, NY, 11433","-73.786332271038,40.68995825551","59714916","L"
"3109","370 E 149th Street 3rd Floor Suite 2, Bronx, NY, 10455","Match","Exact","370 E 149TH ST, BRONX, NY, 10455","-73.91884934446,40.816323322423","80300724","R"
"3108","220 36th St Suite B-538 Mailbox 29, Brooklyn, NY, 11232","Match","Non_Exact","220 36TH ST, BROOKLYN, NY, 11232","-74.008356944975,40.656621214412","59099520","L"
"3107","34-18 Northern Blvd 1st Floor, Long Island City, NY, 11101","Match","Exact","34-18 NORTHERN BLVD, LONG ISLAND CITY, NY, 11101","-73.929919696662,40.751958737985","59698070","R"
"3106","34-11 10th Street, Astoria, NY, 11106","Match","Exact","34-11 10TH ST, ASTORIA, NY, 11106","-73.93867423294,40.764676281682","59696233","L"
"3105","156-15 146th Ave Suite 206, Jamaica, NY, 11434","Match","Exact","156-15 146TH AVE, JAMAICA, NY, 11434","-73.782389771619,40.663722083625","59715611","L"
"500","714 W 181st St, New York, NY, ","Match","Exact","714 W 181ST ST, NEW YORK, NY, 10033","-73.93644866748,40.850322556855","59655597","L"
"3104","1439 Bassett Ave, Bronx, NY, 10461","Match","Exact","1439 BASSETT AVE, BRONX, NY, 10461","-73.843047346396,40.85160404566","80305662","L"
"501","4316 Broadway, New York, NY, ","Match","Exact","4316 BROADWAY, NEW YORK, NY, 10033","-73.934761664617,40.851922946092","59655579","R"
"3103","404 W 145th Street, New York, NY, 10031","Match","Exact","404 W 145TH ST, NEW YORK, NY, 10031","-73.945124577054,40.82411869934","59655978","L"
"502","126A Dyckman St, New York, NY, ","Match","Non_Exact","126A DYCKMAN ST, NEW YORK, NY, 10040","-73.925333239578,40.862389003953","59658880","L"
"3102","715 Church Ave, Brooklyn, NY, 11218","Match","Exact","715 CHURCH AVE, BROOKLYN, NY, 11218","-73.972727366995,40.645667234005","59080632","L"
"503","5 Edward M Morgan Pl, New York, NY, ","Match","Exact","5 EDWARD M MORGAN PL, NEW YORK, NY, 10032","-73.945306111087,40.834364054494","59664647","L"
"504","4863 Broadway, New York, NY, ","Match","Exact","4863 BROADWAY, NEW YORK, NY, 10034","-73.923580382087,40.866907298868","59658847","L"
"505","4193 Broadway, New York, NY, ","Match","Exact","4193 BROADWAY, NEW YORK, NY, 10033","-73.937862471027,40.848138749769","59655594","L"
"506","4020 Broadway, New York, NY, ","Match","Exact","4020 BROADWAY, NEW YORK, NY, 10032","-73.939216591158,40.842067230598","59655696","R"
"507","603 W 168th St, New York, NY, ","Match","Exact","603 W 168TH ST, NEW YORK, NY, 10032","-73.939841200161,40.841172713027","59655674","R"
"508","4933 Broadway, New York, NY, ","Match","Exact","4933 BROADWAY, NEW YORK, NY, 10034","-73.921497921359,40.867657078895","59658863","L"
"509","158 Dyckman St, New York, NY, ","Match","Exact","158 DYCKMAN ST, NEW YORK, NY, 10040","-73.926046915826,40.863497088611","59658879","L"
"3123","370 E 146 Street, Bronx, NY, 10455","Match","Exact","370 E 146TH ST, BRONX, NY, 10455","-73.919593415269,40.814246488021","80300371","R"
"3122","4120 46th St Suite 4B, Sunnyside, NY, 11104","Match","Exact","41-20 46TH ST, SUNNYSIDE, NY, 11104","-73.918165016185,40.746199994569","59692670","R"
"3121","4235 Katonah Ave, Bronx, NY, 10470","Match","Exact","4235 KATONAH AVE, BRONX, NY, 10470","-73.867094140644,40.896636848877","80296868","L"
"3120","140 Miller Place, Hicksville, NY, 11801","Match","Non_Exact","140 MILLER RD, HICKSVILLE, NY, 11801","-73.51639729401,40.781886773888","147640719","L"
"3119","1841 Steinway Street, Astoria, NY, 11105","Match","Exact","1841 STEINWAY ST, ASTORIA, NY, 11105","-73.898016509055,40.779354351809","59697389","L"
"3118","31 Brighton 8th Place, Brooklyn, NY, 11235","Match","Exact","31 BRIGHTON 8TH PL, BROOKLYN, NY, 11235","-73.960314414709,40.580746244245","59096329","R"
"3117","291 Broadway, New York, NY, 10007","Match","Exact","291 BROADWAY, NEW YORK, NY, 10007","-74.005910290008,40.714756834008","59660386","L"
"510","3915 Broadway, New York, NY, ","Match","Exact","3915 BROADWAY, NEW YORK, NY, 10032","-73.94179287752,40.838405019682","59655748","L"
"3116","105-17 Jamaica Avenue, Richmond Hill, NY, 11418","Match","Exact","105-17 JAMAICA AVE, RICHMOND HILL, NY, 11418","-73.841805168114,40.695290786529","59707804","L"
"511","603 Fort Washington Ave, New York, NY, ","Match","Exact","603 FORT WASHINGTON AVE, NEW YORK, NY, 10040","-73.936916378344,40.855249087309","59655558","L"
"3115","2845 Briggs Ave, Bronx, NY, 10458","Match","Exact","2845 BRIGGS AVE, BRONX, NY, 10458","-73.889050742712,40.869183068602","80298994","L"
"512","4060 Broadway, New York, NY, ","Match","Exact","4060 BROADWAY, NEW YORK, NY, 10032","-73.939092266367,40.843272191232","59655692","R"
"3114","21 Dodworth St, Brooklyn, NY, 11221","Match","Exact","21 DODWORTH ST, BROOKLYN, NY, 11221","-73.930285799527,40.694650956542","59082577","L"
"513","233 Dyckman St, New York, NY, ","Match","Exact","233 DYCKMAN ST, NEW YORK, NY, 10034","-73.927795533751,40.866068174979","59658793","R"
"3113","3271 43rd Street Apt 2R, Astoria, NY, 11103","Match","Exact","32-71 43RD ST, ASTORIA, NY, 11103","-73.917665456096,40.756433746512","652206196","L"
"514","827 W 181st St, New York, NY, ","Match","Exact","827 W 181ST ST, NEW YORK, NY, 10033","-73.939404228484,40.851296605703","59655460","R"
"515","4762 Broadway, New York, NY, ","Match","Exact","4762 BROADWAY, NEW YORK, NY, 10034","-73.927167036197,40.865507682386","634257376","R"
"516","5025 Broadway, New York, NY, ","Match","Exact","5025 BROADWAY, NEW YORK, NY, 10034","-73.916719786785,40.869396113217","59658994","L"
"517","206 Dyckman St, New York, NY, ","Match","Exact","206 DYCKMAN ST, NEW YORK, NY, 10040","-73.927140781083,40.865202883157","652209084","L"
"518","107 Dyckman St, New York, NY, ","Match","Exact","107 DYCKMAN ST, NEW YORK, NY, 10040","-73.924837879411,40.861874819896","59658880","R"
"519","4716 Broadway, New York, NY, ","Match","Exact","4716 BROADWAY, NEW YORK, NY, 10040","-73.929381858314,40.864175790005","59658788","R"
"3134","41 Springer Avenue, Yonkers, NY, 10704","Match","Exact","41 SPRINGER AVE, YONKERS, NY, 10704","-73.847959174536,40.925207599945","139746414","L"
"3133","79-45 77th Avenue, Glendale, NY, 11385","Match","Exact","79-45 77TH AVE, GLENDALE, NY, 11385","-73.870535620628,40.706479035208","59705218","L"
"3132","231 W 29th Street Suite 305, New York, NY, 10001","Match","Exact","231 W 29TH ST, NEW YORK, NY, 10001","-73.993767140028,40.748279034355","59653387","R"
"3131","491 East 166th Street, Bronx, NY, 10456","Match","Exact","491 E 166TH ST, BRONX, NY, 10456","-73.908021521855,40.828096723688","80300616","L"
"3130","749 E 135th Street Office 209, Bronx, NY, 10454","Match","Exact","749 E 135TH ST, BRONX, NY, 10454","-73.912773686183,40.802389009004","80302829","L"
"3129","300 Northern Blvd Suite 201, Great Neck, NY, 11021","Match","Exact","300 NORTHERN BLVD, GREAT NECK, NY, 11021","-73.725840330409,40.777790111377","147660268","R"
"520","544 W 181st St, New York, NY, ","Match","Exact","544 W 181ST ST, NEW YORK, NY, 10033","-73.932782107362,40.848853545557","59655647","L"
"3128","57-12 Grand Avenue, Maspeth, NY, 11378","Match","Exact","57-12 GRAND AVE, MASPETH, NY, 11378","-73.912146336402,40.719335816802","59693068","R"
"521","1447 St Nicholas Ave, New York, NY, ","Match","Exact","1447 ST NICHOLAS AVE, NEW YORK, NY, 10033","-73.933214989346,40.850142254568","59655642","L"
"3127","1320 Beach Avenue, Bronx, NY, 10472","Match","Exact","1320 BEACH AVE, BRONX, NY, 10472","-73.866414380711,40.832624146508","80304692","R"
"522","546 W 207th St, New York, NY, ","Match","Exact","546 W 207TH ST, NEW YORK, NY, 10034","-73.920096776296,40.865823313643","59658873","L"
"3126","13219 107th Street, Ozone Park, NY, 13219","Match","Non_Exact","132-19 107TH ST, OZONE PARK, NY, 11417","-73.832666758225,40.676339499607","59708785","L"
"523","101 Dyckman St, New York, NY, ","Match","Exact","101 DYCKMAN ST, NEW YORK, NY, 10040","-73.924707658237,40.861670186573","59658880","R"
"3125","95 S 2nd Street Suite 203, Bay Shore, NY, 11706","Tie"
"524","4139 Broadway, New York, NY, ","Match","Exact","4139 BROADWAY, NEW YORK, NY, 10033","-73.938540835863,40.84615169683","59655612","L"
"3124","2861 Bruckner Blvd Suite 3, Bronx, NY, 10465","Match","Exact","2861 BRUCKNER BLVD, BRONX, NY, 10465","-73.829974238876,40.832426036525","80306888","R"
"525","3915 Broadway, New York, NY, ","Match","Exact","3915 BROADWAY, NEW YORK, NY, 10032","-73.94179287752,40.838405019682","59655748","L"
"526","4162 Broadway, New York, NY, ","Match","Exact","4162 BROADWAY, NEW YORK, NY, 10033","-73.938122725862,40.847015679717","59655606","R"
"527","83 Audubon Ave, New York, NY, ","Match","Exact","83 AUDUBON AVE, NEW YORK, NY, 10032","-73.937705541205,40.841269829489","59655796","R"
"528","512 W 207th St, New York, NY, ","Match","Exact","512 W 207TH ST, NEW YORK, NY, 10034","-73.919462290808,40.864833279508","59658875","L"
"529","4235 Broadway, New York, NY, ","Match","Exact","4235 BROADWAY, NEW YORK, NY, 10033","-73.936565101999,40.84948150497","59655598","L"
"3145","2612 Borough Place Suite 3A, Woodside, NY, 11377","Match","Exact","26-12 BOROUGH PL, WOODSIDE, NY, 11377","-73.903334818265,40.762096216796","59697526","R"
"3144","129-09 26th Ave Suite C, Flushing, NY, 11354","Match","Non_Exact","129-09 26TH AVE, FLUSHING, NY, 11354","-73.841252393149,40.774316048892","59700051","L"
"3143","2251 Schenectady Avenue, Brooklyn, NY, 11234","Match","Exact","2251 SCHENECTADY AVE, BROOKLYN, NY, 11234","-73.929500178185,40.616931405713","59092343","L"
"3142","30 Railroad Ave, Copiague, NY, 11726","Match","Exact","30 RAILROAD AVE, COPIAGUE, NY, 11726","-73.403761157161,40.680724497418","113972699","R"
"3141","576 Cary Ave, Staten Island, NY, 10310","Match","Exact","576 CARY AVE, STATEN ISLAND, NY, 10310","-74.121074760573,40.632106364797","59878025","L"
"3140","1261 Theriot Ave, Bronx, NY, 10472","Match","Non_Exact","1261 THIERIOT AVE, BRONX, NY, 10472","-73.864440879268,40.831511276987","80304714","L"
"530","3892 Broadway, New York, NY, ","Match","Exact","3892 BROADWAY, NEW YORK, NY, 10032","-73.942240670901,40.837552163337","59655732","R"
"531","4384 Broadway, New York, NY, ","Match","Exact","4384 BROADWAY, NEW YORK, NY, 10040","-73.933575070657,40.854327674773","59655569","R"
"3139","280 N Columbus Avenue, Freeport, NY, 11520","Match","Exact","280 N COLUMBUS AVE, FREEPORT, NY, 11520","-73.579656011385,40.667601851049","147631541","R"
"532","4231 Broadway, New York, NY, ","Match","Exact","4231 BROADWAY, NEW YORK, NY, 10033","-73.936625416516,40.849427262383","59655598","L"
"3138","18-44 123rd Street, College Point, NY, 11356","Match","Exact","18-44 123RD ST, COLLEGE POINT, NY, 11356","-73.845047443716,40.782527438507","59699702","R"
"533","3855 10th Ave, New York, NY, ","Match","Exact","3855 10TH AVE, NEW YORK, NY, 10034","-73.919279198774,40.863861352193","59658986","R"
"3137","215-20 43rd Ave, Bayside, NY, 11361","Match","Exact","215-20 43RD AVE, BAYSIDE, NY, 11361","-73.767035153249,40.761877410546","59703349","R"
"534","606 W 207th St, New York, NY, ","Match","Exact","606 W 207TH ST, NEW YORK, NY, 10034","-73.921214222002,40.867563575788","59658864","L"
"3136","1094 Utica Avenue, Brooklyn, NY, 11203","Match","Exact","1094 UTICA AVE, BROOKLYN, NY, 11203","-73.929855103866,40.646108963958","642653336","L"
"535","500 W 207th St, New York, NY, ","Match","Exact","500 W 207TH ST, NEW YORK, NY, 10034","-73.919042115707,40.86443474122","59658985","L"
"3135","224 Dahill Road Suite 2, Brooklyn, NY, 11218","Match","Exact","224 DAHILL RD, BROOKLYN, NY, 11218","-73.980385605465,40.641783164706","59080507","R"
"536","4141 Broadway, New York, NY, ","Match","Exact","4141 BROADWAY, NEW YORK, NY, 10033","-73.938506917824,40.846263388021","59655609","L"
"537","247 Dyckman St, New York, NY, ","Match","Exact","247 DYCKMAN ST, NEW YORK, NY, 10034","-73.928126357718,40.86634351699","59658786","R"
"538","59 Audubon Ave, New York, NY, ","Match","Exact","59 AUDUBON AVE, NEW YORK, NY, 10032","-73.938216210214,40.840572684382","59655807","R"
"539","1466 St Nicholas Ave, New York, NY, ","Match","Exact","1466 ST NICHOLAS AVE, NEW YORK, NY, 10033","-73.932600702739,40.850743567292","59659099","R"
"3156","2614 W 13th St, Brooklyn, NY, 11223","Match","Exact","2614 W 13TH ST, BROOKLYN, NY, 11223","-73.982067540785,40.584678709528","59090808","R"
"3155","1101 East Gun Hill Road, Bronx, NY, 10469","Match","Exact","1101 E GUN HILL RD, BRONX, NY, 10469","-73.855420277773,40.873936141944","80303612","L"
"3154","1765 Stillwell Avenue, Brooklyn, NY, 11223","Match","Exact","1765 STILLWELL AVE, BROOKLYN, NY, 11223","-73.986468821821,40.603497678968","59088601","L"
"3153","1688 Utica Avenue 2nd Floor, Brooklyn, NY, 11234","Match","Exact","1688 UTICA AVE, BROOKLYN, NY, 11234","-73.92825607887,40.631129553213","59086016","R"
"3152","112-20 14th Avenue, College Point, NY, 11356","Match","Exact","112-20 14TH AVE, COLLEGE POINT, NY, 11356","-73.854855206801,40.785612643986","59699530","R"
"3151","30-49 72nd St, East Elmhurst, NY, 11370","Match","Exact","30-49 72ND ST, EAST ELMHURST, NY, 11370","-73.895441800537,40.759272497007","59697636","L"
"3150","516 Industrial Loop Suite 201, Staten Island, NY, 10309","Match","Exact","516 INDUSTRIAL LOOP, STATEN ISLAND, NY, 10309","-74.230798368348,40.547471510602","59888434","L"
"540","421 W 202nd St, New York, NY, ","Match","Exact","421 W 202ND ST, NEW YORK, NY, 10034","-73.91975921883,40.860750909215","59658904","R"
"541","501 W 214th St, New York, NY, ","Match","Exact","501 W 214TH ST, NEW YORK, NY, 10034","-73.915711438375,40.868970188738","59658979","R"
"542","1390 St Nicholas Ave, New York, NY, ","Match","Exact","1390 ST NICHOLAS AVE, NEW YORK, NY, 10033","-73.934377610569,40.848311679758","59655638","R"
"543","4195 Broadway, New York, NY, ","Match","Exact","4195 BROADWAY, NEW YORK, NY, 10033","-73.937830773182,40.848210661295","59655594","L"
"3149","357 Herkimer Street, Brooklyn, NY, 11216","Match","Exact","357 HERKIMER ST, BROOKLYN, NY, 11216","-73.941507370375,40.679251786436","59079218","L"
"544","711 W 181st St, New York, NY, ","Match","Exact","711 W 181ST ST, NEW YORK, NY, 10033","-73.936273037824,40.850390964978","59655597","R"
"3148","150-80 70th Road Floor 3, Flushing, NY, 11367","No_Match"
"545","1555 St Nicholas Ave, New York, NY, ","Match","Exact","1555 ST NICHOLAS AVE, NEW YORK, NY, 10040","-73.930718172139,40.853557333085","652205688","L"
"3147","2761 Bath Ave Unit B2, Brooklyn, NY, 11224","Match","Non_Exact","2761 BATH AVE, BROOKLYN, NY, 11214","-73.984778974544,40.59068965429","59088996","L"
"546","597 W 207th St, New York, NY, ","Match","Exact","597 W 207TH ST, NEW YORK, NY, 10034","-73.920892807955,40.86732630313","59658864","R"
"3146","1412 Gravesend Neck Road, Brooklyn, NY, 11229","Match","Exact","1412 GRAVESEND NECK RD, BROOKLYN, NY, 11229","-73.956370517907,40.594627659083","59091531","R"
"547","3950 10th Ave, New York, NY, ","Match","Exact","3950 10TH AVE, NEW YORK, NY, 10034","-73.916945387453,40.867275675539","59658980","L"
"548","591 Fort Washington Ave, New York, NY, ","Match","Exact","591 FORT WASHINGTON AVE, NEW YORK, NY, 10033","-73.937013137744,40.854955110229","59655544","L"
"549","1495 St Nicholas Ave, New York, NY, ","Match","Exact","1495 ST NICHOLAS AVE, NEW YORK, NY, 10033","-73.93209988466,40.85167097592","59659055","L"
"3167","148 George Street, Brooklyn, NY, 11237","Match","Exact","148 GEORGE ST, BROOKLYN, NY, 11237","-73.929072450168,40.703739481374","59082350","R"
"3166","4020 Broadway Avenue, New York, NY, 10032","Match","Non_Exact","4020 BROADWAY, NEW YORK, NY, 10032","-73.939216591158,40.842067230598","59655696","R"
"3165","616 E9th Street Storefront East, New York, NY, 10009","Match","Non_Exact","616 E 9TH ST, NEW YORK, NY, 10009","-73.979939487401,40.726048285129","59654724","R"
"3164","33 Dayton Street, Westbury, NY, 11590","Match","Exact","33 DAYTON ST, WESTBURY, NY, 11590","-73.569572298955,40.753952443508","147631841","L"
"3163","1420 White Plains Rd Apt 1, Bronx, NY, 10462","Match","Exact","1420 WHITE PLAINS RD, BRONX, NY, 10462","-73.863172741489,40.836068958828","652209131","R"
"3162","1106 East 43rd Street, Brooklyn, NY, 11210","Match","Exact","1106 E 43RD ST, BROOKLYN, NY, 11210","-73.934702467526,40.627845566405","59082153","R"
"3161","1358 Kitchawan Road, Ossining, NY, 10562","Match","Exact","1358 KITCHAWAN RD, OSSINING, NY, 10562","-73.819388518278,41.206615219194","139728957","L"
"3160","95-44 115 St, South Richmond Hill, NY, 11419","Match","Exact","95-44 115TH ST, SOUTH RICHMOND HILL, NY, 11419","-73.830059332901,40.690314261002","59708143","R"
"550","4484 Broadway, New York, NY, ","Match","Exact","4484 BROADWAY, NEW YORK, NY, 10040","-73.932040605478,40.857687993508","59658807","R"
"551","120 Broadway; 36th Floor, New York, NY, ","Match","Exact","120 BROADWAY, NEW YORK, NY, 10271","-74.010987831178,40.708514912577","59659634","R"
"552","2120 Atlantic Avenue, Brooklyn, NY, ","Match","Exact","2120 ATLANTIC AVE, BROOKLYN, NY, 11233","-73.91676321584,40.676574834636","641264127","R"
"553","234 India Street, Brooklyn, NY, ","Match","Exact","234 INDIA ST, BROOKLYN, NY, 11222","-73.951075662703,40.732602155149","641033139","R"
"554","58-09 28th Avenue, Woodside, NY, ","Match","Exact","58-09 28TH AVE, WOODSIDE, NY, 11377","-73.902289684604,40.760228164994","59697554","L"
"555","892 Metropolitan Avenue, Brooklyn, NY, ","Match","Exact","892 METROPOLITAN AVE, BROOKLYN, NY, 11211","-73.939178212749,40.714557871032","59077208","R"
"3159","68 Horseblock Road, Centereach, NY, 11720","Match","Exact","68 HORSEBLOCK RD, CENTEREACH, NY, 11720","-73.075752411573,40.857324272043","624674118","L"
"556","6 Fairmount St, Valley Stream, NY, ","Match","Exact","6 FAIRMOUNT ST, VALLEY STREAM, NY, 11580","-73.72168221933,40.675572311487","147668249","R"
"3158","4 Pinehurst Drive, Bellport, NY, 11713","Match","Exact","4 PINEHURST DR, BELLPORT, NY, 11713","-72.944361416847,40.806844655723","641618476","R"
"557","224 56th Street, Brooklyn, NY, ","Match","Exact","224 56TH ST, BROOKLYN, NY, 11220","-74.019915308229,40.645352734519","59099557","R"
"3157","220-11 139th Ave, Laurelton, NY, 11413","Match","Exact","220-11 139TH AVE, LAURELTON, NY, 11413","-73.752669695851,40.672398061975","59721110","L"
"558","33 W. 19th Street/4th Fl. Suite. 303, New York, NY, ","Match","Exact","33 W 19TH ST, NEW YORK, NY, 10011","-73.992411261852,40.739589217339","59653504","R"
"559","3537 36th Street 2nd FL, Astoria, NY, ","Match","Exact","35-37 36TH ST, ASTORIA, NY, 11106","-73.924910092422,40.755646200677","59696860","L"
"3170","34 Evans Street 2nd Floor, New Rochelle, NY, 10801","Match","Exact","34 EVANS ST, NEW ROCHELLE, NY, 10801","-73.774738896459,40.912291316086","139752292","R"
"3178","303 125 College Point, College Point, NY, 11356","No_Match"
"3177","420 Carlton Ave 3rd Floor, Brooklyn, NY, 11238","Match","Exact","420 CARLTON AVE, BROOKLYN, NY, 11238","-73.971180372296,40.684485089694","612458682","R"
"3176","459 East 149th Street, Bronx, NY, 10455","Match","Exact","459 E 149TH ST, BRONX, NY, 10455","-73.916513247594,40.815660398064","80300750","L"
"3175","115-38 222nd Street, Cambria Heights, NY, 11411","Match","Exact","115-38 222ND ST, CAMBRIA HEIGHTS, NY, 11411","-73.73640028838,40.69858336015","59720733","R"
"3174","2465 Tratman Avenue Unit 6D, Bronx, NY, 10461","Match","Exact","2465 TRATMAN AVE, BRONX, NY, 10461","-73.846244714493,40.838643921793","80305593","L"
"3173","587 Riverside Drive Apt 4D, New York, NY, 10031","Match","Non_Exact","587 RIVERSIDE DR, NEW YORK, NY, 10027","-73.96069184439,40.817077275418","654534702","R"
"3172","100 North 3rd, Brooklyn, NY, 11249","Match","Non_Exact","100 N 3RD ST, BROOKLYN, NY, 11249","-73.961942403591,40.716635213963","59076063","R"
"560","104-35 205th Place, Queens, NY, ","No_Match"
"3171","188-42 Mnagin Ave, Saint Albans, NY, 11412","Match","Non_Exact","188-42 MANGIN AVE, SAINT ALBANS, NY, 11412","-73.766485710525,40.699572287814","59718755","R"
"561","40 Broad Street, 4th Floor, New York, NY, ","Match","Exact","40 BROAD ST, NEW YORK, NY, 10004","-74.011468322507,40.705897689737","59659657","R"
"562","226-03 Linden Blvd., Cambria Heights, NY, ","Match","Exact","226-03 LINDEN BLVD, CAMBRIA HEIGHTS, NY, 11411","-73.734788182886,40.693527391192","59720786","L"
"563","18-34 127th Street, College Point, NY, ","Match","Exact","18-34 127TH ST, COLLEGE POINT, NY, 11356","-73.841428344101,40.782675806216","59699788","R"
"564","850 3rd Ave, Suite 408, Brooklyn, NY, ","Match","Exact","850 3RD AVE, BROOKLYN, NY, 11232","-74.003488041127,40.658714065685","59100995","R"
"565","48 WEST 37TH STREET – 9TH FL., New York, NY, ","Match","Exact","48 W 37TH ST, NEW YORK, NY, 10018","-73.984758976011,40.750947024218","59658628","L"
"566","267 Jewett Avenue, Staten Island, NY, ","Match","Exact","267 JEWETT AVE, STATEN ISLAND, NY, 10302","-74.130348712638,40.630679386912","59877902","L"
"567","32-10 Greenpoint Ave, Long Island City, NY, ","Match","Exact","32-10 GREENPOINT AVE, LONG ISLAND CITY, NY, 11101","-73.936044219482,40.735017548285","59692349","R"
"3169","1033 86th Street, Brooklyn, NY, 11228","Match","Exact","1033 86TH ST, BROOKLYN, NY, 11228","-74.019736633101,40.617651328197","59087709","L"
"568","222 E 34th St #25, New York, NY, ","Match","Exact","222 E 34TH ST, NEW YORK, NY, 10016","-73.977332026919,40.745325858366","59654451","R"
"3168","159 21st Street, Brooklyn, NY, 11232","Match","Exact","159 21ST ST, BROOKLYN, NY, 11232","-73.996398121075,40.663220236351","59075519","L"
"569","49-02A Junction Blvd, Elmhurst, NY, ","Match","Non_Exact","49-02 JUNCTION BLVD, ELMHURST, NY, 11373","-73.867559265674,40.742037845029","59704832","R"
"3181","1500 Lexington Ave, New York, NY, 10029","Match","Exact","1500 LEXINGTON AVE, NEW YORK, NY, 10029","-73.950761734561,40.786206197181","611222448","L"
"3180","172-70 Highland Avenue Apt 7T, Jamaica, NY, 11432","Match","Exact","172-70 HIGHLAND AVE, JAMAICA, NY, 11432","-73.788709516311,40.713405014414","59712376","R"
"3189","236 W 27th Street Suite 802, New York, NY, 10001","Match","Exact","236 W 27TH ST, NEW YORK, NY, 10001","-73.995316697237,40.747194320665","639429221","L"
"3188","538 Throggs Neck Expwy Suite 2, Bronx, NY, 10465","Match","Non_Exact","538 THROGGS NECK BLVD, BRONX, NY, 10465","-73.814648027562,40.823480257214","80310696","R"
"3187","3084 Coney Island Avenue, Brooklyn, NY, 11235","Match","Exact","3084 CONEY ISLAND AVE, BROOKLYN, NY, 11235","-73.959946592053,40.580976585719","59091359","R"
"3186","71 Hobson St, Staten Island, NY, 10314","No_Match"
"3185","1140 East 92nd Street, Brooklyn, NY, 11236","Match","Exact","1140 E 92ND ST, BROOKLYN, NY, 11236","-73.905242608712,40.641549976541","59086636","R"
"3184","619 Oakside Road, New York, NY, 10026","No_Match"
"570","4008 Boston Rd, Bronx, NY, ","Match","Exact","4008 BOSTON RD, BRONX, NY, 10475","-73.832467133434,40.884477805236","80297902","R"
"3183","213-08 99th Avenue, Queens Village, NY, 11429","Match","Exact","213-08 99TH AVE, QUEENS VILLAGE, NY, 11429","-73.74532139477,40.714323598067","59717956","R"
"571","1127 Nostrand Ave, Brooklyn, NY, ","Match","Exact","1127 NOSTRAND AVE, BROOKLYN, NY, 11225","-73.950499436856,40.660181518717","59079559","L"
"3182","11 Bittercrest Ct, New York, NY, 10025","No_Match"
"572","3717 Boston Rd, Bronx, NY, ","Match","Exact","3717 BOSTON RD, BRONX, NY, 10466","-73.841016694066,40.880475514166","80298053","L"
"573","1206 Nostrand Ave, Brooklyn, NY, ","Match","Exact","1206 NOSTRAND AVE, BROOKLYN, NY, 11225","-73.950394946085,40.657772141399","59079609","R"
"574","625 Rogers Ave, Brooklyn, NY, ","Match","Exact","625 ROGERS AVE, BROOKLYN, NY, 11225","-73.952997645594,40.656321963959","634254527","L"
"575","1165 St Marks Ave, Brooklyn, NY, ","Match","Exact","1165 ST MARKS AVE, BROOKLYN, NY, 11213","-73.931039053933,40.674231607879","59079751","L"
"576","29 Clinton St, New York, NY, ","Match","Exact","29 CLINTON ST, NEW YORK, NY, 10002","-73.984478557113,40.720380870008","59654142","R"
"577","518 W 134th St, New York, NY, ","Match","Exact","518 W 134TH ST, NEW YORK, NY, 10031","-73.953208112286,40.818371092495","634257330","L"
"578","1400 Inwood Ave, Bronx, NY, ","Match","Exact","1400 INWOOD AVE, BRONX, NY, 10452","-73.918905241335,40.840667327823","80299781","R"
"579","571 W 173rd St, New York, NY, ","Match","Exact","571 W 173RD ST, NEW YORK, NY, 10032","-73.936697808579,40.843856440541","652207958","R"
"3179","2099 9th Avenue, New York, NY, 10027","No_Match"
"3192","100 Duffy Avenue Suite 510, Hicksville, NY, 11801","Match","Exact","100 DUFFY AVE, HICKSVILLE, NY, 11801","-73.527469288616,40.766286285598","147626404","R"
"3191","54 Pyngyp Rd, Stony Point, NY, 10980","Match","Exact","54 PYNGYP RD, STONY POINT, NY, 10980","-74.026633580563,41.233136992482","124629374","L"
"3190","22 Beaver Street, New York, NY, 10004","Match","Exact","22 BEAVER ST, NEW YORK, NY, 10004","-74.012219728787,40.704924909139","59659659","R"
"3199","747 New Lots Ave, Brooklyn, NY, ","Match","Exact","747 NEW LOTS AVE, BROOKLYN, NY, 11207","-73.883410136598,40.666135115542","59085228","L"
"3198","250 44th St #211, Brooklyn, NY, ","Match","Exact","250 44TH ST, BROOKLYN, NY, 11232","-74.012343076929,40.651723453179","59099533","R"
"3197","420 Park Ave, Perth Amboy, NJ, 08862","Match","Non_Exact","420 PARK AVE, PERTH AMBOY, NJ, 08861","-74.268677530933,40.514744239114","60281118","R"
"3196","60 Fadem Road, Springfield, NJ, 07081","Match","Exact","60 FADEM RD, SPRINGFIELD, NJ, 07081","-74.311976205393,40.681805769694","60604055","R"
"580","41-05 47th St 1 FL, Sunnyside, NY, ","Match","Exact","41-05 47TH ST, SUNNYSIDE, NY, 11104","-73.917033644735,40.746328069079","59692671","L"
"3195","107 67th Street, West New York, NJ, 07093","Match","Exact","107 67TH ST, WEST NEW YORK, NJ, 07093","-74.004969275959,40.790694714315","59599844","L"
"581","40-32 National St, Corona, NY, ","Match","Exact","40-32 NATIONAL ST, CORONA, NY, 11368","-73.863138309165,40.748875579661","59738527","R"
"3194","300-2 State Route 17 S Suite 3, Lodi, NJ, 07644","No_Match"
"582","35-19 Queens Blvd, Long Island City, NY, ","Match","Exact","35-19 QUEENS BLVD, LONG ISLAND CITY, NY, 11101","-73.929567461204,40.7446317694","59692376","L"
"3193","500 College Road East Suite 225, Princeton, NJ, 08540","Match","Exact","500 COLLEGE RD E, PRINCETON, NJ, 08540","-74.593736055094,40.351576686204","60369405","R"
"583","77-17 37th Ave, Jackson Heights, NY, ","Match","Exact","77-17 37TH AVE, JACKSON HEIGHTS, NY, 11372","-73.888781919069,40.749333917433","640905755","L"
"584","86-23 Roosevelt Ave, Jackson Heights, NY, ","Match","Exact","86-23 ROOSEVELT AVE, JACKSON HEIGHTS, NY, 11372","-73.879702909604,40.748131866586","59695534","L"
"585","96-11 Northern Blvd, Corona, NY, ","Match","Exact","96-11 NORTHERN BLVD, CORONA, NY, 11368","-73.872077982989,40.757013709879","59699335","L"
"586","106-20 Corona Ave., Corona, NY, ","Match","Exact","106-20 CORONA AVE, CORONA, NY, 11368","-73.857026726666,40.74383735715","640932070","R"
"587","86-02 37th Ave, Jackson Heights, NY, ","Match","Exact","86-02 37TH AVE, JACKSON HEIGHTS, NY, 11372","-73.880492230536,40.750090647508","59695520","R"
"588","32-23 Junction Blvd, Queens, NY, ","No_Match"
"589","33-01 Broadway, Astoria, NY, ","Match","Exact","33-01 BROADWAY, ASTORIA, NY, 11106","-73.923684750084,40.761243661302","59696852","L"
"590","81-42 Baxter Ave, Elmhurst, NY, ","Match","Exact","81-42 BAXTER AVE, ELMHURST, NY, 11373","-73.883529694019,40.746117458598","59693899","R"
"591","52-27 69th St, Maspeth, NY, ","Match","Exact","52-27 69TH ST, MASPETH, NY, 11378","-73.89581983651,40.732683897497","59693760","L"
"592","41-20 34th Ave, Astoria, NY, ","Match","Exact","41-20 34TH AVE, ASTORIA, NY, 11101","-73.919903890449,40.75615903691","59696883","R"
"593","108-45 Roosevelt Ave, Corona, NY, ","Match","Exact","108-45 ROOSEVELT AVE, CORONA, NY, 11368","-73.857469058295,40.75115716275","59704769","L"
"594","90-01 31st Ave, East Elmhurst, NY, ","Match","Exact","90-01 31ST AVE, EAST ELMHURST, NY, 11369","-73.878531248192,40.760075463714","59698002","L"
"595","54-08 Roosevelt Ave, Woodside, NY, ","Match","Exact","54-08 ROOSEVELT AVE, WOODSIDE, NY, 11377","-73.910387048759,40.744727789188","59692775","R"
"596","172-35 Hillside Ave., Jamaica, NY, ","Match","Exact","172-35 HILLSIDE AVE, JAMAICA, NY, 11432","-73.789320900535,40.712073991024","641011293","L"
"597","76-02 Roosevelt Ave, Jackson Heights, NY, ","Match","Exact","76-02 ROOSEVELT AVE, JACKSON HEIGHTS, NY, 11372","-73.889471003148,40.746994039518","59693828","R"
"598","3399 Atlantic Ave., Long Beach, CA, ","Match","Exact","3399 ATLANTIC AVE, LONG BEACH, CA, 90807","-118.185082304451,33.818850870906","141686238","L"
"599","2020 Barranca Street Suite 103, Los Angeles, CA, ","Match","Exact","2020 BARRANCA ST, LOS ANGELES, CA, 90031","-118.22209617887,34.076329746398","141621859","R"
"2702","5393 Winchester Road, Memphis, TN, 38115","Match","Exact","5393 WINCHESTER RD, MEMPHIS, TN, 38115","-89.883763445753,35.050440409152","607467488","R"
"2701","4212 Winchester Road, Memphis, TN, 38115","Match","Non_Exact","4212 WINCHESTER RD, MEMPHIS, TN, 38118","-89.923294322866,35.051672530983","607466575","L"
"2700","3813 Riverdale Rd, Memphis, TN, 38115","Match","Exact","3813 RIVERDALE RD, MEMPHIS, TN, 38115","-89.83099195387,35.043878909159","635381360","L"
"2709","6616 Winchester Road, Memphis, TN, 38115","Match","Exact","6616 WINCHESTER RD, MEMPHIS, TN, 38115","-89.841882685921,35.049528406056","607470162","L"
"2708","6616 Winchester Road, Memphis, TN, 38115","Match","Exact","6616 WINCHESTER RD, MEMPHIS, TN, 38115","-89.841882685921,35.049528406056","607470162","L"
"2707","6500 Winchester Road, Memphis, TN, 38115","Match","Exact","6500 WINCHESTER RD, MEMPHIS, TN, 38115","-89.846528372989,35.049620613818","607468459","L"
"2706","6496 Winchester Road, Memphis, TN, 38115","Match","Exact","6496 WINCHESTER RD, MEMPHIS, TN, 38115","-89.846666067897,35.049623902061","607468459","L"
"2705","6466 Winchester Road, Memphis, TN, 38115","Match","Exact","6466 WINCHESTER RD, MEMPHIS, TN, 38115","-89.847699156541,35.049647443131","607468459","L"
"2704","6376 Winchester Road, Memphis, TN, 38115","Match","Exact","6376 WINCHESTER RD, MEMPHIS, TN, 38115","-89.850758662542,35.049677814783","610867986","L"
"2703","5847 Winchester Road, Memphis, TN, 38115","Match","Exact","5847 WINCHESTER RD, MEMPHIS, TN, 38115","-89.868227188935,35.050047789088","655489262","R"
"2713","402 Perkins Road North, Memphis, TN, 38117","Match","Non_Exact","402 N PERKINS RD, MEMPHIS, TN, 38117","-89.90800663249,35.142071367083","72916769","R"
"2712","3993 Lamar Avenue, Memphis, TN, 38115","Match","Non_Exact","3993 LAMAR AVE, MEMPHIS, TN, 38118","-89.930327620624,35.055018645957","633810505","R"
"2711","6661 Winchester Road, Memphis, TN, 38115","Match","Exact","6661 WINCHESTER RD, MEMPHIS, TN, 38115","-89.841367195031,35.049403038184","607470162","R"
"2710","6635 Winchester Road, Memphis, TN, 38115","Match","Exact","6635 WINCHESTER RD, MEMPHIS, TN, 38115","-89.84167390749,35.049409428041","607470162","R"
"2719","6084 Apple Tree, Memphis, TN, 38118","Match","Non_Exact","6084 APPLE TREE DR, MEMPHIS, TN, 38115","-89.861471768864,35.068965641766","607454564","L"
"2718","4273 American Way, Memphis, TN, 38118","Match","Exact","4273 AMERICAN WAY, MEMPHIS, TN, 38118","-89.921339628792,35.075510642474","607451972","R"
"2717","4668 American Way, Memphis, TN, 38118","Match","Exact","4668 AMERICAN WAY, MEMPHIS, TN, 38118","-89.907856824316,35.073692984463","607452273","L"
"2716","4281 American Way, Memphis, TN, 38118","Match","Exact","4281 AMERICAN WAY, MEMPHIS, TN, 38118","-89.921197443305,35.075427791898","607451972","R"
"2715","5163 Winchester Rd, Memphis, TN, 38118","Match","Exact","5163 WINCHESTER RD, MEMPHIS, TN, 38118","-89.89156627927,35.050610618024","72928211","R"
"2714","4539 Winchester Rd, Memphis, TN, 38118","Match","Exact","4539 WINCHESTER RD, MEMPHIS, TN, 38118","-89.912739237546,35.051198402823","72956685","R"
"2724","2841 Perkins Road, Memphis, TN, 38118","Match","Non_Exact","2841 S PERKINS RD, MEMPHIS, TN, 38118","-89.905549284327,35.071287235183","72926946","R"
"2723","3663 Cherry Rd, Memphis, TN, 38118","Match","Exact","3663 CHERRY RD, MEMPHIS, TN, 38118","-89.917391481129,35.04948928459","72954953","L"
"2722","2838 Mt. Moriah Road, Memphis, TN, 38118","No_Match"
"2721","3991 Lamar Avenue, Memphis, TN, 38118","Match","Exact","3991 LAMAR AVE, MEMPHIS, TN, 38118","-89.930393895191,35.055074300472","633810505","R"
"2720","4771 Knight Arnold Road, Memphis, TN, 38118","Match","Exact","4771 KNIGHT ARNOLD RD, MEMPHIS, TN, 38118","-89.903995559037,35.062280223245","607458992","R"
"2729","4430 Winchester Road, Memphis, TN, 38118","Match","Exact","4430 WINCHESTER RD, MEMPHIS, TN, 38118","-89.916572455825,35.051449759852","72954952","L"
"2728","4299 Winchester Road, Memphis, TN, 38118","Match","Exact","4299 WINCHESTER RD, MEMPHIS, TN, 38118","-89.919389876278,35.051418679276","72921744","R"
"2727","3214 Perkins Road South, Memphis, TN, 38118","Match","Non_Exact","3214 S PERKINS RD, MEMPHIS, TN, 38118","-89.905678719299,35.06098987637","633811272","R"
"2726","2860 Perkins Road South, Memphis, TN, 38118","Match","Non_Exact","2860 S PERKINS RD, MEMPHIS, TN, 38118","-89.905428099256,35.070666086597","639168783","L"
"2725","2889 Perkins Road, Memphis, TN, 38118","Match","Non_Exact","2889 S PERKINS RD, MEMPHIS, TN, 38118","-89.905588190405,35.07007720996","639168783","R"
"1404","3030 N Central Ave Suite 200, Phoenix, AZ, 85012","Match","Exact","3030 N CENTRAL AVE, PHOENIX, AZ, 85012","-112.07384017329,33.4815063196","128212913","L"
"2735","685 Avon Road, Memphis, TN, 38122","Match","Exact","685 AVON RD, MEMPHIS, TN, 38122","-89.902075204045,35.150141558079","72924712","L"
"1403","2820 S Alma School Rd Ste 18 PMB 758, Chandler, AZ, 85286","Match","Non_Exact","2820 S ALMA SCHOOL RD, CHANDLER, AZ, 85286","-111.85875722626,33.267480782365","658415120","L"
"2734","681 Avon Road, Memphis, TN, 38122","Match","Exact","681 AVON RD, MEMPHIS, TN, 38122","-89.9020770078,35.15007055594","72924712","L"
"1402","17550 N Perimeter Dr Suite 450, Scottsdale, AZ, 17550","Match","Non_Exact","17550 N PERIMETER DR, SCOTTSDALE, AZ, 85255","-111.898224753962,33.645617136782","128584510","L"
"2733","673 Avon Road, Memphis, TN, 38122","Match","Exact","673 AVON RD, MEMPHIS, TN, 38122","-89.90208161176,35.149927833476","72924712","L"
"1401","2611 S 218th Ln, Buckeye, AZ, 85326","Match","Exact","2611 S 218TH LN, BUCKEYE, AZ, 85326","-112.520875446536,33.422561542528","627324784","R"
"2732","665 Avon Road, Memphis, TN, 38122","Match","Exact","665 AVON RD, MEMPHIS, TN, 38122","-89.902086215719,35.149785111013","72924712","L"
"1400","8562 W Dana Ave, Peoria, AZ, 85345","Match","Non_Exact","8562 W DIANA AVE, PEORIA, AZ, 85345","-112.243451168913,33.561412934372","128263609","R"
"2731","5583 Murray Ave, Memphis, TN, 38119","Match","Non_Exact","5583 MURRAY RD, MEMPHIS, TN, 38119","-89.875851261642,35.10213600191","72927229","R"
"2730","5689 Quince, Memphis, TN, 38119","Match","Non_Exact","5689 QUINCE RD, MEMPHIS, TN, 38119","-89.873666301499,35.089448187111","607445953","R"
"1409","3428 N 15th Ave, Phoenix, AZ, 85015","Match","Exact","3428 N 15TH AVE, PHOENIX, AZ, 85015","-112.091420716645,33.486993771525","128206080","L"
"1408","1910 E Robb Ln, Phoenix, AZ, 85024","No_Match"
"2739","4312 Macon Road, Memphis, TN, 38122","Match","Exact","4312 MACON RD, MEMPHIS, TN, 38122","-89.916860386578,35.162069070348","72916271","L"
"1407","18530 N Scottsdale Rd, Phoenix, AZ, 18530","No_Match"
"2738","3900 Macon Road, Memphis, TN, 38122","Match","Exact","3900 MACON RD, MEMPHIS, TN, 38122","-89.930359230001,35.162384796088","72916033","L"
"1406","6141 W Alvarado Rd, Phoenix, AZ, 85035","Match","Exact","6141 W ALVARADO RD, PHOENIX, AZ, 85035","-112.192118841479,33.471614692909","128200108","L"
"2737","3896 Macon Road, Memphis, TN, 38122","Match","Exact","3896 MACON RD, MEMPHIS, TN, 38122","-89.930513695562,35.162385626809","72916033","L"
"1405","1445 S 15th Ave, Phoenix, AZ, 85007","Match","Exact","1445 S 15TH AVE, PHOENIX, AZ, 85007","-112.091150354642,33.433771767387","128936449","L"
"2736","3662 Macon Road, Memphis, TN, 38122","Match","Exact","3662 MACON RD, MEMPHIS, TN, 38122","-89.938553080164,35.162546796419","72915436","L"
"1415","404 E Coconino Pl, Chandler, AZ, 85249","Match","Exact","404 E COCONINO PL, CHANDLER, AZ, 85249","-111.836246813534,33.242399396857","128872638","L"
"2746","4774 Summer Ave, Memphis, TN, 38122","Match","Exact","4774 SUMMER AVE, MEMPHIS, TN, 38122","-89.901583714429,35.14863169992","72924904","L"
"1414","14010 W La Reata Ave, Goodyear, AZ, 14010","Match","Non_Exact","14010 W LA REATA AVE, GOODYEAR, AZ, 85395","-112.362779608194,33.481007602929","244011857","L"
"2745","4091 Summer Ave, Memphis, TN, 38122","Match","Exact","4091 SUMMER AVE, MEMPHIS, TN, 38122","-89.924476523349,35.148986886076","607422678","R"
"1413","6509 W Frye Rd Ste 4, Chandler, AZ, 85226","Match","Exact","6509 W FRYE RD, CHANDLER, AZ, 85226","-111.950276465334,33.298103214868","658415098","R"
"2744","4090 Summer Ave, Memphis, TN, 38122","Match","Exact","4090 SUMMER AVE, MEMPHIS, TN, 38122","-89.924543607697,35.149105353756","607422678","L"
"1412","3536 W Glendale Ave, Phoenix, AZ, 85051","Match","Exact","3536 W GLENDALE AVE, PHOENIX, AZ, 85051","-112.135546287306,33.538566809853","128917597","R"
"2743","4090 Summer Ave, Memphis, TN, 38122","Match","Exact","4090 SUMMER AVE, MEMPHIS, TN, 38122","-89.924543607697,35.149105353756","607422678","L"
"1411","550 W Portland St, Phoenix, AZ, 85003","Match","Exact","550 W PORTLAND ST, PHOENIX, AZ, 85003","-112.081408103567,33.459761763434","128211459","R"
"2742","4069 Summer Ave, Memphis, TN, 38122","Match","Exact","4069 SUMMER AVE, MEMPHIS, TN, 38122","-89.925387448039,35.149003105839","607422678","R"
"1410","2175 N Alma School Rd Suite A-104, Chandler, AZ, 85224","Match","Non_Exact","2175 N ALMA SCHOOL RD, CHANDLER, AZ, 85224","-111.858979536182,33.337462272887","128924382","R"
"2741","3937 Summer Ave, Memphis, TN, 38122","Match","Exact","3937 SUMMER AVE, MEMPHIS, TN, 38122","-89.929458553882,35.149087837394","658132870","R"
"2740","681 Summer Ave, Memphis, TN, 38122","No_Match"
"1419","515 E Grant St Suite 101, Phoenix, AZ, 85004","Match","Exact","515 E GRANT ST, PHOENIX, AZ, 85004","-112.067243081442,33.440868587911","128213787","R"
"1418","1825 E Southern Ave Ste 468, Tempe, AZ, 85282","Match","Exact","1825 E SOUTHERN AVE, TEMPE, AZ, 85282","-111.90603041601,33.39291898649","128232465","R"
"2749","4514 Summer Avenue, Memphis, TN, 38122","Match","Exact","4514 SUMMER AVE, MEMPHIS, TN, 38122","-89.910718228107,35.148827661265","72916464","L"
"1417","3212 W Pierson St, Phoenix, AZ, 85017","Match","Exact","3212 W PIERSON ST, PHOENIX, AZ, 85017","-112.127971236357,33.507256889966","128204788","R"
"2748","3987 Summer Avenue, Memphis, TN, 38122","Match","Exact","3987 SUMMER AVE, MEMPHIS, TN, 38122","-89.927681528585,35.149051092031","607422862","R"
"1416","361 E Coronado Rd Suite 101, Phoenix, AZ, 85004","Match","Exact","361 E CORONADO RD, PHOENIX, AZ, 85004","-112.067663599582,33.46748107988","128213058","R"
"2747","5110 Summer Ave, Memphis, TN, 38122","Match","Exact","5110 SUMMER AVE, MEMPHIS, TN, 38122","-89.890764291261,35.151303525841","72971919","L"
"2760","3160 Austin Peay Highway, Memphis, TN, 38128","Match","Exact","3160 AUSTIN PEAY HWY, MEMPHIS, TN, 38128","-89.91851048505,35.211653593548","607400861","R"
"1426","2120 E Northview Ave, Phoenix, AZ, 85020","Match","Exact","2120 E NORTHVIEW AVE, PHOENIX, AZ, 85020","-112.036464563174,33.543530403742","243915839","L"
"2757","668 Waring, Memphis, TN, 38122","Match","Non_Exact","668 WARING RD, MEMPHIS, TN, 38122","-89.915927686194,35.14917004568","72916396","R"
"1425","4343 N Scottsdale Rd #150, Scottsdale, AZ, 85251","Match","Exact","4343 N SCOTTSDALE RD, SCOTTSDALE, AZ, 85251","-111.926025490834,33.49928272962","128840546","R"
"2756","4511 Summer Avenue #1, Memphis, TN, 38122","Match","Exact","4511 SUMMER AVE, MEMPHIS, TN, 38122","-89.910255888098,35.148701933337","72916464","R"
"1424","1300 E Missouri Ave Suite 210, Phoenix, AZ, 85014","Match","Exact","1300 E MISSOURI AVE, PHOENIX, AZ, 85014","-112.053780862689,33.516537836936","128208644","L"
"2755","5159 Wheelies Drive, Memphis, TN, 38122","Match","Non_Exact","5159 WHEELIS DR, MEMPHIS, TN, 38117","-89.890245265917,35.114570872808","72926663","R"
"1423","4326 N 13th Pl Unit A, Phoenix, AZ, 85014","Match","Non_Exact","4326 N 13TH PL, PHOENIX, AZ, 85014","-112.052818934512,33.499160863968","128888979","L"
"2754","5715 Summer Avenue, Memphis, TN, 38122","Match","Non_Exact","5715 SUMMER AVE, MEMPHIS, TN, 38134","-89.872116993843,35.168283560916","72959107","R"
"1422","15029 N Thompson Peak Pkwy B109, Scottsdale, AZ, 15029","No_Match"
"2753","4894 Summer Avenue, Memphis, TN, 38122","Match","Exact","4894 SUMMER AVE, MEMPHIS, TN, 38122","-89.897566164898,35.148690438325","72924773","L"
"1421","12425 W Bell Rd Bldg B Ste 137, Surprise, AZ, 12425","Match","Non_Exact","12425 W BELL RD, SURPRISE, AZ, 85378","-112.32763455244,33.638538227849","244016964","R"
"2752","4818 Summer Avenue, Memphis, TN, 38122","Match","Exact","4818 SUMMER AVE, MEMPHIS, TN, 38122","-89.900131615012,35.14860125282","72924904","L"
"1420","11000 N Scottsdale Rd Ste 180, Scottsdale, AZ, 11000","Match","Non_Exact","11000 N SCOTTSDALE RD, SCOTTSDALE, AZ, 85254","-111.926053544582,33.587978396707","128930525","L"
"2751","4770 Summer Avenue, Memphis, TN, 38122","Match","Exact","4770 SUMMER AVE, MEMPHIS, TN, 38122","-89.90171572758,35.148634554265","72924904","L"
"2750","4721 Summer Ave, Memphis, TN, 38122","Match","Exact","4721 SUMMER AVE, MEMPHIS, TN, 38122","-89.903777899988,35.148564293442","72924892","R"
"1429","1086 North 4th Street, Columbus, OH, 43201","Match","Exact","1086 N 4TH ST, COLUMBUS, OH, 43201","-82.999102961836,39.984789423745","135575685","R"
"1428","2531 Tiller Lane, Suite C, Columbus, OH, 43231","Match","Non_Exact","2531 TILLER LN, COLUMBUS, OH, 43231","-82.949682322728,40.097085051819","218698928","R"
"2759","682 Waring Road, Memphis, TN, 38122","Match","Exact","682 WARING RD, MEMPHIS, TN, 38122","-89.915859357548,35.149993094687","72916396","R"
"1427","350 East 1st Street suite 111, Columbus, OH, 43201","Match","Non_Exact","350 E 1ST AVE, COLUMBUS, OH, 43201","-82.995655220346,39.980575994097","624421617","L"
"2758","670 Waring, Memphis, TN, 38122","Match","Non_Exact","670 WARING RD, MEMPHIS, TN, 38122","-89.915917924959,35.14928762411","72916396","R"
"1440","3280 Morse Road, Suite 203, Columbus, OH, 43231","Match","Exact","3280 MORSE RD, COLUMBUS, OH, 43231","-82.931653162198,40.058586006328","135588486","L"
"2771","4209 Jackson Avenue, Memphis, TN, 38128","Match","Exact","4209 JACKSON AVE, MEMPHIS, TN, 38128","-89.927971108364,35.18891614736","72914824","R"
"2770","4203 Jackson Avenue, Memphis, TN, 38128","Match","Exact","4203 JACKSON AVE, MEMPHIS, TN, 38128","-89.928011042291,35.188867625494","72914824","R"
"1437","134 N Hamilton Rd, Gahanna, OH, 43230","Match","Exact","134 N HAMILTON RD, GAHANNA, OH, 43230","-82.866323491871,40.020653240831","218655716","R"
"2768","4024 Jackson Avenue, Memphis, TN, 38128","Match","Exact","4024 JACKSON AVE, MEMPHIS, TN, 38128","-89.931194036663,35.185186207694","607409572","L"
"1436","3850 E. Livingston Ave, Columbus, OH, 43227","Match","Exact","3850 E LIVINGSTON AVE, COLUMBUS, OH, 43227","-82.893414967937,39.945738178368","135592029","L"
"2767","3970 Jackson Avenue, Memphis, TN, 38128","Match","Exact","3970 JACKSON AVE, MEMPHIS, TN, 38128","-89.932008269883,35.184187526977","648858099","L"
"1435","554 Saddletree Drive, Reynoldsburg, OH, 43068","Match","Exact","554 SADDLETREE DR, REYNOLDSBURG, OH, 43068","-82.807663480211,39.972393041696","135594982","L"
"2766","3968 Jackson Avenue, Memphis, TN, 38128","Match","Exact","3968 JACKSON AVE, MEMPHIS, TN, 38128","-89.932033016043,35.184157831587","648858099","L"
"1434","2770 East Main Street, Suite 24, Columbus, OH, 43209","Match","Exact","2770 E MAIN ST, COLUMBUS, OH, 43209","-82.924632707535,39.956895577763","135591091","L"
"2765","3960 Jackson Avenue, Memphis, TN, 38128","Match","Exact","3960 JACKSON AVE, MEMPHIS, TN, 38128","-89.932130396974,35.184036877265","648858099","L"
"1433","8445 Mallard Circle, Plain City, OH, 43064","Match","Exact","8445 MALLARD CIR, PLAIN CITY, OH, 43064","-83.196639745042,40.141147526978","618731197","R"
"2764","3030 Covington Pike, Memphis, TN, 38128","Match","Exact","3030 COVINGTON PIKE, MEMPHIS, TN, 38128","-89.894513212943,35.20785549833","658114941","R"
"1432","180 East Maynard Avenue, Columbus, OH, 43202","Match","Exact","180 E MAYNARD AVE, COLUMBUS, OH, 43202","-83.005432083608,40.010762459204","218691847","L"
"2763","3024 Covington Pike, Memphis, TN, 38128","Match","Exact","3024 COVINGTON PIKE, MEMPHIS, TN, 38128","-89.894517872643,35.207698604704","658114941","R"
"1431","161 North Grant Avenue, Columbus, OH, 43215","Match","Exact","161 N GRANT AVE, COLUMBUS, OH, 43215","-82.991789721385,39.966754522849","218680126","L"
"2762","2829 Covington Pike, Memphis, TN, 38128","Match","Exact","2829 COVINGTON PIKE, MEMPHIS, TN, 38128","-89.894844750115,35.204379638962","658138755","L"
"1430","3443 Agler Road, Suite 103, Columbus, OH, 43219","Match","Exact","3443 AGLER RD, COLUMBUS, OH, 43219","-82.918318370149,40.020561275757","656667771","R"
"2761","2532 Covington Pike, Memphis, TN, 38128","Match","Exact","2532 COVINGTON PIKE, MEMPHIS, TN, 38128","-89.895300394546,35.195189662391","658134953","R"
"1439","4449 Easton Way, 2nd Floor, Columbus, OH, 43219","Match","Exact","4449 EASTON WAY, COLUMBUS, OH, 43219","-82.909469932789,40.048135112674","135712941","L"
"1438","7279 Cimmaron Station, Columbus, OH, 43235","Match","Exact","7279 CIMMARON STATION, COLUMBUS, OH, 43235","-83.086411208172,40.10517744361","218686753","R"
"2769","4122 Jackson Avenue, Memphis, TN, 38128","Match","Exact","4122 JACKSON AVE, MEMPHIS, TN, 38128","-89.929345071633,35.187443571741","72914821","L"
"1451","5154 Pecan Street, Groveport, OH, 43125","Match","Exact","5154 PECAN ST, GROVEPORT, OH, 43125","-82.868606717479,39.868726563016","613621586","L"
"2782","2248 Whitten Rd, Memphis, TN, 38134","Match","Non_Exact","2248 WHITTEN RD, MEMPHIS, TN, 38133","-89.835874253176,35.186871784932","643494256","R"
"1450","93 N. High Street, Gahanna, OH, 43230","Match","Exact","93 N HIGH ST, GAHANNA, OH, 43230","-82.878299486973,40.019911208674","617924550","L"
"2781","6075 Stage Road, Bartlett, TN, 38134","Match","Exact","6075 STAGE RD, BARTLETT, TN, 38134","-89.860971480174,35.204696193289","658113508","R"
"2780","5811 Stage Road, Bartlett, TN, 38134","Match","Exact","5811 STAGE RD, BARTLETT, TN, 38134","-89.869672816106,35.204085139219","658102460","R"
"1448","824 Rose Ave, Columbus, OH, 43219","Match","Exact","824 ROSE AVE, COLUMBUS, OH, 43219","-82.956811494495,39.983935680751","218689545","R"
"2779","5717 Raleigh La Grange, Memphis, TN, 38134","Match","Non_Exact","5717 RALEIGH LAGRANGE RD, MEMPHIS, TN, 38134","-89.872913190526,35.182918085246","607409813","R"
"1447","5544 North Hamilton Road, Columbus, OH, 43230","No_Match"
"2778","6195 Macon Road, Memphis, TN, 38134","Match","Exact","6195 MACON RD, MEMPHIS, TN, 38134","-89.856549068724,35.162963064041","607415496","R"
"1446","1700 Old Leonard Avenue, Columbus, OH, 43219","Match","Exact","1700 OLD LEONARD AVE, COLUMBUS, OH, 43219","-82.958988007167,39.983561109274","218651377","L"
"2777","6194 Macon Road, Memphis, TN, 38134","Match","Exact","6194 MACON RD, MEMPHIS, TN, 38134","-89.856487657025,35.16308042382","607415496","L"
"1445","100 Dorchester Square N., Westerville, OH, 43081","Match","Non_Exact","100 DORCHESTER SQ S, WESTERVILLE, OH, 43081","-82.921488039837,40.106402045032","616666763","L"
"2776","2465 Whitten Rd, Memphis, TN, 38133","Match","Exact","2465 WHITTEN RD, MEMPHIS, TN, 38133","-89.836374898121,35.192834925336","72925912","L"
"1444","2868 Stelzer Road, Columbus, OH, 43219","Match","Exact","2868 STELZER RD, COLUMBUS, OH, 43219","-82.910396317211,40.031261297269","218692129","R"
"2775","2465 Whitten Rd, Memphis, TN, 38133","Match","Exact","2465 WHITTEN RD, MEMPHIS, TN, 38133","-89.836374898121,35.192834925336","72925912","L"
"1443","8114 Reynoldswood Drive, Reynoldsburg, OH, 43068","Match","Exact","8114 REYNOLDSWOOD DR, REYNOLDSBURG, OH, 43068","-82.78295441511,39.97379774819","218664976","R"
"2774","2465 Whitten Rd, Memphis, TN, 38133","Match","Exact","2465 WHITTEN RD, MEMPHIS, TN, 38133","-89.836374898121,35.192834925336","72925912","L"
"1442","2021 E. Dublin Grandville Road, Columbus, OH, 43229","Match","Non_Exact","2021 E DUBLIN GRANVILLE RD, COLUMBUS, OH, 43229","-82.963121946819,40.086580261832","640023332","R"
"2773","2204 Whitten Rd, Memphis, TN, 38133","Match","Exact","2204 WHITTEN RD, MEMPHIS, TN, 38133","-89.835762819608,35.185463907352","72954066","R"
"1441","8601 Portwod Lane, Lewis Center, OH, 43035","Match","Non_Exact","8601 PORTWOOD LN, LEWIS CENTER, OH, 43035","-83.002004653296,40.140926466809","213001929","L"
"2772","4213 Jackson Avenue, Memphis, TN, 38128","Match","Exact","4213 JACKSON AVE, MEMPHIS, TN, 38128","-89.927944485746,35.188948495271","72914824","R"
"1449","947 W. 3rd Avenue, Columbus, OH, 43212","Match","Exact","947 W 3RD AVE, COLUMBUS, OH, 43212","-83.03066270967,39.984441325344","135574377","L"
"1462","796 City Park Avenue, Columbus, OH, 43206","Match","Exact","796 CITY PARK AVE, COLUMBUS, OH, 43206","-82.995677445712,39.946144816259","135576900","L"
"2793","8565 Highway 51 North, Horn Lake, MS, 38637","No_Match"
"1461","224 East First Avenue, Apartment 317, Columbus, OH, 43201","Match","Exact","224 E 1ST AVE, COLUMBUS, OH, 43201","-82.997956832254,39.980669275784","635591611","L"
"2792","2037 Exeter Road, Memphis, TN, 38138","Match","Exact","2037 EXETER RD, MEMPHIS, TN, 38138","-89.802450863764,35.093259512452","607445390","L"
"1460","2681 Edencreek Lane, Columbus, OH, 43207","Match","Exact","2681 EDENCREEK LN, COLUMBUS, OH, 43207","-82.924147462884,39.907656035694","632034945","L"
"2791","5721 Raleigh Lagrange, Germantown, TN, 38138","No_Match"
"2790","1920 Kirby Parkway, Memphis, TN, 38138","Match","Exact","1920 KIRBY PKWY, MEMPHIS, TN, 38138","-89.83950329203,35.096903179965","607444254","L"
"1459","3152 East 17th Avenue, Suite 208, Columbus, OH, 43219","No_Match"
"1458","4600 International Gateway, Columbus, OH, 43215","No_Match"
"2789","5070 Raleigh Lagrange, Memphis, TN, 38134","Match","Non_Exact","5070 RALEIGH LAGRANGE RD, MEMPHIS, TN, 38134","-89.89368681298,35.192490991386","607408394","L"
"1457","15 West Cherry Street, Columbus, OH, 43215","Match","Exact","15 W CHERRY ST, COLUMBUS, OH, 43215","-83.000019974739,39.956698991543","218487079","L"
"2788","5070 Raleigh Lagrange, Memphis, TN, 38134","Match","Non_Exact","5070 RALEIGH LAGRANGE RD, MEMPHIS, TN, 38134","-89.89368681298,35.192490991386","607408394","L"
"1456","175 South Third Street, Suite 200, Columbus, OH, 43215","Match","Exact","175 S 3RD ST, COLUMBUS, OH, 43215","-82.997193879916,39.958126609746","650006031","R"
"2787","5070 Raleigh La Grange, Memphis, TN, 38134","Match","Non_Exact","5070 RALEIGH LAGRANGE RD, MEMPHIS, TN, 38134","-89.89368681298,35.192490991386","607408394","L"
"1455","1890 E. Main Street Suite 204, Columbus, OH, 43205","Match","Exact","1890 E MAIN ST, COLUMBUS, OH, 43205","-82.948394068564,39.957472126766","135582067","L"
"2786","5070 Raleigh La Grange, Memphis, TN, 38134","Match","Non_Exact","5070 RALEIGH LAGRANGE RD, MEMPHIS, TN, 38134","-89.89368681298,35.192490991386","607408394","L"
"1454","3195 Crossing Hill Way, Columbus, OH, 43219","Match","Exact","3195 CROSSING HILL WAY, COLUMBUS, OH, 43219","-82.92623930976,40.032308024157","624654966","R"
"2785","6220 Stage Road, Bartlett, TN, 38134","Match","Exact","6220 STAGE RD, BARTLETT, TN, 38134","-89.855893397183,35.204702171319","72941588","L"
"1453","1660 E Long Street, Columbus, OH, 43215","Match","Non_Exact","1660 E LONG ST, COLUMBUS, OH, 43203","-82.957911827379,39.968691262105","135581359","L"
"2784","4286 Stage Road, Bartlett, TN, 38134","No_Match"
"1452","1470 Felix Drive, Columbus, OH, 43207","Match","Exact","1470 FELIX DR, COLUMBUS, OH, 43207","-82.955080737466,39.900347673823","218675360","L"
"2783","2548 Covington Pike, Memphis, TN, 38134","Match","Non_Exact","2548 COVINGTON PIKE, MEMPHIS, TN, 38128","-89.895263096549,35.1956610842","658134953","R"
"1473","1201 Dublin Road, Columbus, OH, 43215","Match","Exact","1201 DUBLIN RD, COLUMBUS, OH, 43215","-83.053516858775,39.974785048355","218689350","L"
"1472","1209 Hill Rd. N., Suite 207, Pickerington, OH, 43147","No_Match"
"1471","175 South Third Street, Suite 200, Columbus, OH, 43215","Match","Exact","175 S 3RD ST, COLUMBUS, OH, 43215","-82.997193879916,39.958126609746","650006031","R"
"1470","2101 South Hamilton Road, Columbus, OH, 43232","Match","Exact","2101 S HAMILTON RD, COLUMBUS, OH, 43232","-82.879135244319,39.932203450085","218688307","R"
"1469","486 W. Cherry St., Sunbury, OH, 43074","Match","Exact","486 W CHERRY ST, SUNBURY, OH, 43074","-82.871380651206,40.250075149424","642862540","R"
"1468","723 Taylor Avenue, Columbus, OH, 43219","Match","Exact","723 TAYLOR AVE, COLUMBUS, OH, 43219","-82.960764180374,39.981767040848","135707977","L"
"2799","650 E Service Rd, West Memphis, AR, 72301","No_Match"
"1467","1475 North High Street, Columbus, OH, 43215","Match","Non_Exact","1475 N HIGH ST, COLUMBUS, OH, 43201","-83.006669057142,39.992592913663","135573949","L"
"2798","1100 Ingram Blvd, West Memphis, AR, 72301","Match","Exact","1100 INGRAM BLVD, WEST MEMPHIS, AR, 72301","-90.157887343353,35.155793397044","69373926","R"
"1466","5129 Vinings Bnd, Dublin, OH, 43016","Match","Exact","5129 VININGS BEND, DUBLIN, OH, 43016","-83.154361431057,40.068245612068","218701124","L"
"2797","2510 Goodman Road West, Horn Lake, MS, 38637","Match","Exact","2510 GOODMAN RD W, HORN LAKE, MS, 38637","-90.035212448836,34.962698098993","657828128","L"
"1465","704 Polo Dr N, Columbus, OH, 43229","Match","Exact","704 POLO DR N, COLUMBUS, OH, 43229","-82.995026218513,40.093274347111","135569930","L"
"2796","2508 Goodman Road West, Horn Lake, MS, 38637","Match","Exact","2508 GOODMAN RD W, HORN LAKE, MS, 38637","-90.035134671057,34.962698368116","657828128","L"
"1464","3622 Gender Road, Canal Winchester, OH, 43110","Match","Exact","3622 GENDER RD, CANAL WINCHESTER, OH, 43110","-82.824464548941,39.907483790621","218644006","L"
"2795","2500 Goodman Road West, Horn Lake, MS, 38637","Match","Exact","2500 GOODMAN RD W, HORN LAKE, MS, 38637","-90.034823559938,34.962699444612","657828128","L"
"1463","1650 Watermark Drive, Columbus, OH, 43215","Match","Exact","1650 WATERMARK DR, COLUMBUS, OH, 43215","-83.048358982706,39.971219987693","218648898","L"
"2794","7058 Highway 51 North, Horn Lake, MS, 38637","Match","Exact","7058 HWY 51 N, HORN LAKE, MS, 38637","-90.016404392238,34.963848734447","641090119","R"
"1484","3410 Pine Ridge Drive, Columbus, OH, 43035","Match","Non_Exact","3410 PINE RIDGE DR, LEWIS CENTER, OH, 43035","-82.964182660368,40.158700595213","24593483","L"
"1483","2606 Hilliard Rome Rd Unit #V259, Hilliard, OH, 43026","Match","Non_Exact","2606 HILLIARD ROME RD, HILLIARD, OH, 43026","-83.153789901692,40.004467214389","135622863","R"
"1482","961 Oakland Park Avenue, Columbus, OH, 43224","Match","Exact","961 OAKLAND PARK AVE, COLUMBUS, OH, 43224","-82.988269926609,40.0324128152","218657147","R"
"1481","1581 North High Street, Columbus, OH, 43201","Match","Exact","1581 N HIGH ST, COLUMBUS, OH, 43201","-83.007032638931,39.994487459062","135573921","L"
"1480","3815 Hendron Road, Groveport, OH, 43125","Match","Exact","3815 HENDRON RD, GROVEPORT, OH, 43125","-82.893417537547,39.891498844295","135596184","R"
"1479","1710 Shanley Drive #3, Columbus, OH, 43224","Match","Exact","1710 SHANLEY DR, COLUMBUS, OH, 43224","-82.972664727596,40.054824405571","218697262","L"
"1478","3711 Rubythroat Drive, Columbus, OH, 43230","Match","Exact","3711 RUBYTHROAT DR, COLUMBUS, OH, 43230","-82.851039279815,40.057659328998","656258643","R"
"1477","1438 East 20th Avenue, Columbus, OH, 43211","Match","Exact","1438 E 20TH AVE, COLUMBUS, OH, 43211","-82.969613148442,40.002917314106","218487644","L"
"1476","1890 East Main Street, Suite 305, Columbus, OH, 43205","Match","Exact","1890 E MAIN ST, COLUMBUS, OH, 43205","-82.948394068564,39.957472126766","135582067","L"
"1475","1338 Fairview Ave, Columbus, OH, 43212","Match","Exact","1338 FAIRVIEW AVE, COLUMBUS, OH, 43212","-83.047678184651,39.984510476992","656619649","R"
"1474","1695 Sugarmaple Drive, Columbus, OH, 43229","Match","Exact","1695 SUGARMAPLE DR, COLUMBUS, OH, 43229","-82.972511826831,40.072410332529","218686212","R"
"1495","558 Fairholme Road, Columbus, OH, 43230","Match","Exact","558 FAIRHOLME RD, COLUMBUS, OH, 43230","-82.897935348811,40.024780355522","218692164","R"
"1494","5671 Eagle Harbor Drive, Westerville, OH, 43081","Match","Exact","5671 EAGLE HARBOR DR, WESTERVILLE, OH, 43081","-82.860318860139,40.095652119651","624563888","R"
"1493","2750 South Hamilton Road, Suite 19, Columbus, OH, 43232","Match","Exact","2750 S HAMILTON RD, COLUMBUS, OH, 43232","-82.879934866971,39.922313770058","641180809","L"
"1492","6227 Oonas Way, Suite 104, Westerville, OH, 43081","No_Match"
"1491","2500 E Livingston Ave, Columbus, OH, 43209","Match","Exact","2500 E LIVINGSTON AVE, COLUMBUS, OH, 43209","-82.930600625004,39.947751476335","135591208","L"
"1490","290 Fayer Court, Groveport, OH, 43125","Match","Exact","290 FAYER CT, GROVEPORT, OH, 43125","-82.893513074368,39.847261111364","135751587","L"
"1489","2318 Liston Avenue, Columbus, OH, 43207","Match","Exact","2318 LISTON AVE, COLUMBUS, OH, 43207","-82.933784297309,39.912865524972","218676787","L"
"1488","1864 Fairhaven Road, Columbus, OH, 43229","Match","Exact","1864 FAIRHAVEN RD, COLUMBUS, OH, 43229","-82.968418934193,40.091902537802","218662301","L"
"1487","1720 Zollinger Road, Suite 1, Upper Arlington, OH, 43221","Match","Exact","1720 ZOLLINGER RD, UPPER ARLINGTON, OH, 43221","-83.058021948946,40.018847688059","135565424","R"
"1486","6954 Americana Pkwy, Reynoldsburg, OH, 43068","Match","Exact","6954 AMERICANA PKWY, REYNOLDSBURG, OH, 43068","-82.815945557067,39.92994770981","218677092","L"
"1485","80 South 18th Street 440, Columbus, OH, 43205","Match","Non_Exact","80 S 18TH ST, COLUMBUS, OH, 43205","-82.9762758618,39.96307137868","135579609","L"
"3200","166 21st St Suite 201, Brooklyn, NY, ","Match","Exact","166 21ST ST, BROOKLYN, NY, 11232","-73.996044414293,40.662858864405","59075519","R"
"1499","3737 Easton Market #1631, Columbus, OH, 43219","Match","Exact","3737 EASTON MARKET, COLUMBUS, OH, 43219","-82.921306189235,40.051283520348","135779716","L"
"1498","7244 Fablegate Court, Reynoldsburg, OH, 43068","Match","Exact","7244 FABLEGATE CT, REYNOLDSBURG, OH, 43068","-82.805826858316,39.916105592661","37236472","L"
"1497","1250 Jensen Park Drive, New Albany, OH, 43054","Match","Exact","1250 JENSEN PARK DR, NEW ALBANY, OH, 43054","-82.823135545863,40.049385683949","218684681","R"
"1496","1399 West Lane Avenue, Unit 700, Columbus, OH, 43221","Match","Exact","1399 W LANE AVE, COLUMBUS, OH, 43221","-83.047921033217,40.006851953853","637538364","L"
"3211","79 West St, Brooklyn, NY, ","Match","Exact","79 WEST ST, BROOKLYN, NY, 11222","-73.959237943694,40.729202626565","59075907","L"
"3210","115 York St 1st floor, Brooklyn, NY, ","Match","Exact","115 YORK ST, BROOKLYN, NY, 11201","-73.984428863628,40.701482091532","59075120","L"
"3208","3504 Church Ave, Brooklyn, NY, ","Match","Exact","3504 CHURCH AVE, BROOKLYN, NY, 11203","-73.944655614656,40.651012573559","59081806","R"
"3207","441 Marcus Garvey Blvd, Brooklyn, NY, ","Match","Exact","441 MARCUS GARVEY BLVD, BROOKLYN, NY, 11216","-73.937765520714,40.681966026713","59079284","L"
"3206","259 E 92nd St, Brooklyn, NY, ","Match","Exact","259 E 92ND ST, BROOKLYN, NY, 11212","-73.924328362354,40.659089632675","59083603","L"
"3205","139 Clifton Pl, Brooklyn, NY, ","Match","Exact","139 CLIFTON PL, BROOKLYN, NY, 11238","-73.958357324062,40.688377403369","59078776","L"
"3204","535 Flatbush Ave, Brooklyn, NY, ","Match","Exact","535 FLATBUSH AVE, BROOKLYN, NY, 11225","-73.961102672707,40.661345658411","59078520","L"
"3203","1087 Rutland Rd, Brooklyn, NY, ","Match","Exact","1087 RUTLAND RD, BROOKLYN, NY, 11212","-73.92391734783,40.664343650147","59083597","L"
"600","55 South Raymond Avenue, Pasadena, CA, ","Match","Exact","55 S RAYMOND AVE, PASADENA, CA, 91105","-118.148952599872,34.144973273911","141629530","R"
"3202","1134 Stanley Ave, Brooklyn, NY, ","Match","Exact","1134 STANLEY AVE, BROOKLYN, NY, 11208","-73.867697971817,40.665384588202","59095532","R"
"601","5615 Hollywood Blvd., Los Angeles, CA, ","Match","Exact","5615 HOLLYWOOD BLVD, LOS ANGELES, CA, 90028","-118.311945562558,34.101772438108","141597184","R"
"3201","9819 Avenue K, Brooklyn, NY, ","Match","Exact","9819 AVE K, BROOKLYN, NY, 11236","-73.896008044324,40.641095516698","59086763","L"
"602","5668 York Blvd., Los Angeles, CA, ","Match","Exact","5668 YORK BLVD, LOS ANGELES, CA, 90042","-118.194482661353,34.118948171951","141614858","R"
"603","3513 Johnson Ave., El Monte, CA, ","Match","Exact","3513 JOHNSON AVE, EL MONTE, CA, 91731","-118.030260377366,34.071406697561","142838789","L"
"604","13002 Philadelphia St., Whittier, CA, 13002","Match","Non_Exact","13002 PHILADELPHIA ST, WHITTIER, CA, 90601","-118.037252375034,33.979043011924","142797227","R"
"605","5528 Satsuma Ave., North Hollywood, CA, ","Match","Exact","5528 SATSUMA AVE, NORTH HOLLYWOOD, CA, 91601","-118.367460113621,34.171151097105","141591679","R"
"606","69 N. Raymond Ave., Pasadena, CA, ","Match","Exact","69 N RAYMOND AVE, PASADENA, CA, 91103","-118.148975107836,34.147268311636","141629503","L"
"607","117 E. 162nd St., Carson, CA, ","No_Match"
"608","2811 E. Olympic Blvd., Los Angeles, CA, ","Match","Exact","2811 E OLYMPIC BLVD, LOS ANGELES, CA, 90023","-118.217428617988,34.023307085736","141624420","L"
"609","6254 Wilshire Blvd., Los Angeles, CA, ","Match","Exact","6254 WILSHIRE BLVD, LOS ANGELES, CA, 90048","-118.364376607391,34.063246683183","141598822","L"
"3209","5502 Kings Hwy, Brooklyn, NY, ","Match","Exact","5502 KINGS HWY, BROOKLYN, NY, 11203","-73.925130159817,40.644079868591","59085893","L"
"3222","41 Flatbush Ave Floor 1 PMB 765, Brooklyn, NY, ","Match","Non_Exact","41 FLATBUSH AVE, BROOKLYN, NY, 11217","-73.979738243811,40.687322676371","658240756","L"
"3221","129 Havemeyer St, Brooklyn, NY, ","Match","Exact","129 HAVEMEYER ST, BROOKLYN, NY, 11211","-73.957033248883,40.712265680671","59076633","L"
"3220","545 Bradford St, Brooklyn, NY, ","Match","Exact","545 BRADFORD ST, BROOKLYN, NY, 11207","-73.890271011362,40.665498836478","59085071","L"
"3219","BKLYN Commons, 495 Flatbush Ave, Brooklyn, NY, ","Tie"
"3218","900 Fulton St, Brooklyn, NY, ","Match","Exact","900 FULTON ST, BROOKLYN, NY, 11238","-73.965128403518,40.683055719627","59077992","R"
"3217","583 Sutter Ave, Brooklyn, NY, ","Match","Exact","583 SUTTER AVE, BROOKLYN, NY, 11207","-73.897399204722,40.66910725459","59084701","L"
"3216","276 Knickerbocker Ave, Brooklyn, NY, ","Match","Exact","276 KNICKERBOCKER AVE, BROOKLYN, NY, 11237","-73.924335256111,40.702142449384","59082628","R"
"3215","4140 1st Ave, Brooklyn, NY, ","Match","Exact","4140 1ST AVE, BROOKLYN, NY, 11232","-74.014198466416,40.655265844058","59093573","R"
"610","2900 W. Sunset Blvd., Los Angeles, CA, ","Match","Exact","2900 W SUNSET BLVD, LOS ANGELES, CA, 90026","-118.273454919348,34.082964567055","141604812","L"
"3214","569 Grand Ave, Brooklyn, NY, ","Match","Exact","569 GRAND AVE, BROOKLYN, NY, 11238","-73.96213555166,40.678205281851","59078069","L"
"611","1451 W. 3rd St., Los Angeles, CA, ","Match","Exact","1451 W 3RD ST, LOS ANGELES, CA, 90017","-118.263078169531,34.058957890213","637367269","R"
"3213","232 Varet St, Brooklyn, NY, ","Match","Exact","232 VARET ST, BROOKLYN, NY, 11206","-73.934484565832,40.70393156038","59079076","R"
"612","11045 Hawthorne Blvd., Lennox, CA, 11045","No_Match"
"3212","426 Rockaway Pkwy g2, Brooklyn, NY, ","Match","Non_Exact","426 ROCKAWAY PKWY, BROOKLYN, NY, 11212","-73.91631364221,40.657615985615","59084009","R"
"613","2380 Santa Fe Ave., Long Beach, CA, ","Match","Exact","2380 SANTA FE AVE, LONG BEACH, CA, 90810","-118.215363576275,33.80037718624","141685535","R"
"614","501 S. Olive St., Los Angeles, CA, ","Match","Exact","501 S OLIVE ST, LOS ANGELES, CA, 90013","-118.252938820714,34.049459896842","141617280","R"
"615","1721 W. Katella Ave., Anaheim, CA, ","Match","Exact","1721 W KATELLA AVE, ANAHEIM, CA, 92804","-117.942328262445,33.803210731368","144024348","R"
"616","4717 Maybank Ave., Lakewood, CA, ","Match","Exact","4717 MAYBANK AVE, LAKEWOOD, CA, 90712","-118.161010191059,33.843074852296","141698947","L"
"617","123 E. Washington Blvd., Montebello, CA, ","Match","Non_Exact","123 WASHINGTON BLVD, MONTEBELLO, CA, 90640","-118.112616612651,33.992306322172","141737612","L"
"618","950 E. Colorado Blvd., Pasadena, CA, ","Match","Exact","950 E COLORADO BLVD, PASADENA, CA, 91106","-118.131431253039,34.14584988032","141630841","R"
"619","7238 Canoga Ave., Canoga Park, CA, ","Match","Exact","7238 CANOGA AVE, CANOGA PARK, CA, 91303","-118.597658994632,34.201748382371","141533282","R"
"3233","495 Flatbush Ave Suite 54, Brooklyn, NY, ","Tie"
"3232","6502 11th Ave, Brooklyn, NY, ","Match","Exact","6502 11TH AVE, BROOKLYN, NY, 11219","-74.006044431622,40.628626714429","59094912","R"
"3231","14 Paerdegat 8th St, Brooklyn, NY, ","Match","Exact","14 PAERDEGAT 8TH ST, BROOKLYN, NY, 11236","-73.907172527005,40.629479978043","59086519","R"
"3230","157 Washington Park, Brooklyn, NY, ","Match","Exact","157 WASHINGTON PARK, BROOKLYN, NY, 11205","-73.973554611695,40.692159643722","59077514","L"
"3229","320 Franklin Ave, Brooklyn, NY, ","Match","Exact","320 FRANKLIN AVE, BROOKLYN, NY, 11238","-73.957170067596,40.688258614225","642653719","R"
"3228","746 Utica Ave, Brooklyn, NY, ","Match","Exact","746 UTICA AVE, BROOKLYN, NY, 11203","-73.930798014471,40.654905874586","59083558","R"
"3227","1900 Flatbush Ave, Brooklyn, NY, ","Match","Exact","1900 FLATBUSH AVE, BROOKLYN, NY, 11210","-73.937604709267,40.62322742753","59090329","R"
"620","934 S. Los Angeles St., Los Angeles, CA, ","Match","Exact","934 S LOS ANGELES ST, LOS ANGELES, CA, 90015","-118.254673193234,34.040278619626","141619305","L"
"3226","2219 Avenue X, Brooklyn, NY, ","Match","Exact","2219 AVE X, BROOKLYN, NY, 11235","-73.947981931011,40.593050753198","59091648","L"
"621","1263 W. 2nd St., Los Angeles, CA, ","Match","Exact","1263 W 2ND ST, LOS ANGELES, CA, 90026","-118.257831493882,34.060178197064","141617055","R"
"3225","175 Pearl St, Brooklyn, NY, ","Match","Exact","175 PEARL ST, BROOKLYN, NY, 11201","-73.987785490299,40.699382151067","647009763","L"
"622","3544 W. Imperial Hwy., Inglewood, CA, ","Match","Exact","3544 W IMPERIAL HWY, INGLEWOOD, CA, 90303","-118.333953209153,33.930898195405","241242705","L"
"3224","Storefront #4, 165 Willoughby St, Brooklyn, NY, ","Match","Non_Exact","165 WILLOUGHBY ST, BROOKLYN, NY, 11201","-73.981858423095,40.692086609101","59077463","L"
"623","4532 S. Centinela Ave., Del Rey, CA, ","No_Match"
"3223","2601 Pitkin Ave, Brooklyn, NY, ","Match","Exact","2601 PITKIN AVE, BROOKLYN, NY, 11208","-73.87613171021,40.674856329748","59085554","L"
"624","934 Hermosa Ave., Hermosa Beach, CA, ","Match","Exact","934 HERMOSA AVE, HERMOSA BEACH, CA, 90254","-118.399457739384,33.86031203126","141583142","R"
"625","429 East 11th Street, Los Angeles, CA, ","Match","Exact","429 E 11TH ST, LOS ANGELES, CA, 90015","-118.254777885316,34.036987807539","141619317","L"
"626","6367 Atlantic Ave., Bell, CA, ","Match","Exact","6367 ATLANTIC AVE, BELL, CA, 90201","-118.187033991214,33.978383088686","241167946","R"
"627","3400 East 8th Street, Los Angeles, CA, ","Match","Exact","3400 E 8TH ST, LOS ANGELES, CA, 90023","-118.204802133193,34.02148381306","141625111","R"
"628","1555 Adams Ave., Costa Mesa, CA, ","Match","Exact","1555 ADAMS AVE, COSTA MESA, CA, 92626","-117.92195104993,33.67324887269","657910546","L"
"629","10935 Rosecrans Ave., Norwalk, CA, 10935","Match","Non_Exact","10935 ROSECRANS AVE, NORWALK, CA, 90650","-118.101762371808,33.902206886175","241253365","R"
"3244","250a E 88th St, Brooklyn, NY, ","Match","Non_Exact","250A E 88TH ST, BROOKLYN, NY, 11236","-73.916852591762,40.647633097182","59086153","R"
"3243","1322 Troy Ave, Brooklyn, NY, ","Match","Exact","1322 TROY AVE, BROOKLYN, NY, 11203","-73.935050855023,40.640267530465","59081960","R"
"3242","794 Washington Ave, Brooklyn, NY, ","Match","Exact","794 WASHINGTON AVE, BROOKLYN, NY, 11238","-73.96314000187,40.674183603556","59078441","R"
"3241","5512 Snyder Ave, Brooklyn, NY, ","Match","Exact","5512 SNYDER AVE, BROOKLYN, NY, 11203","-73.925208815487,40.650363062115","59085822","R"
"3240","1247 37th St, Brooklyn, NY, ","Match","Exact","1247 37TH ST, BROOKLYN, NY, 11218","-73.986240970935,40.642491133925","59080139","L"
"3239","12 Wyckoff Ave, Brooklyn, NY, ","Match","Exact","12 WYCKOFF AVE, BROOKLYN, NY, 11237","-73.923070376281,40.706632432069","59082415","R"
"630","2400 W. 7th St., Los Angeles, CA, ","Match","Exact","2400 W 7TH ST, LOS ANGELES, CA, 90057","-118.279962442411,34.057816741731","141605373","L"
"3238","4 Newkirk Plaza, Brooklyn, NY, ","Match","Exact","4 NEWKIRK PLZ, BROOKLYN, NY, 11226","-73.962715585815,40.63570947215","59100564","L"
"631","3946 Illinois St., San Diego, CA, ","Match","Exact","3946 ILLINOIS ST, SAN DIEGO, CA, 92104","-117.127754759642,32.74935246707","195663308","L"
"3237","643 Decatur St, Brooklyn, NY, ","Match","Exact","643 DECATUR ST, BROOKLYN, NY, 11233","-73.917428936884,40.683342332675","642653279","L"
"632","4533 E. Cesar Chavez Ave., Los Angeles, CA, ","Match","Non_Exact","4533 E CESAR E CHAVEZ AVE, LOS ANGELES, CA, 90022","-118.168465337591,34.040644436728","141637397","L"
"3236","851 Utica Ave, Brooklyn, NY, ","Match","Exact","851 UTICA AVE, BROOKLYN, NY, 11203","-73.930371146568,40.652345108089","59083562","L"
"633","5559 N. Azusa Ave., Azusa, CA, ","No_Match"
"3235","391 Arlington Ave, Brooklyn, NY, ","Match","Exact","391 ARLINGTON AVE, BROOKLYN, NY, 11208","-73.880078091026,40.681572947754","59085465","L"
"634","245 E. Bonita Ave., San Dimas, CA, ","Match","Exact","245 E BONITA AVE, SAN DIMAS, CA, 91773","-117.803910334877,34.106718337245","141726361","L"
"3234","225 Montauk Ave, Brooklyn, NY, ","Match","Exact","225 MONTAUK AVE, BROOKLYN, NY, 11208","-73.877734091829,40.673606750423","59085526","L"
"635","5225 York Blvd., Los Angeles, CA, ","Match","Exact","5225 YORK BLVD, LOS ANGELES, CA, 90042","-118.202064132361,34.120610242009","141613946","L"
"636","4136 Peck Rd., El Monte, CA, ","Match","Exact","4136 PECK RD, EL MONTE, CA, 91732","-118.020077685282,34.079259492077","655821851","R"
"637","1640 Orange Ave., Long Beach, CA, ","Match","Exact","1640 ORANGE AVE, LONG BEACH, CA, 90813","-118.176261069732,33.787614064501","142691337","R"
"638","3350 E. Olympic Blvd., Los Angeles, CA, ","Match","Exact","3350 E OLYMPIC BLVD, LOS ANGELES, CA, 90023","-118.206408017339,34.018698530545","141625098","R"
"639","5111 Walnut Grove Ave., San Gabriel, CA, ","Match","Non_Exact","5111 S WALNUT GROVE AVE, SAN GABRIEL, CA, 91776","-118.083765023998,34.094423799778","141640742","L"
"3255","225 Stanhope St, Brooklyn, NY, ","Match","Exact","225 STANHOPE ST, BROOKLYN, NY, 11237","-73.920446233063,40.700790034175","59082909","L"
"3254","227 Prospect Park W, Brooklyn, NY, ","Match","Exact","227 PROSPECT PARK W, BROOKLYN, NY, 11215","-73.980630792853,40.659982202142","59078290","L"
"3253","12 Columbia Pl, Brooklyn, NY, ","Match","Exact","12 COLUMBIA PL, BROOKLYN, NY, 11201","-73.998475479288,40.693558668218","59101755","R"
"3252","9060 Fort Hamilton Pkwy, Brooklyn, NY, ","Match","Exact","9060 FORT HAMILTON PKWY, BROOKLYN, NY, 11209","-74.026786292028,40.617874964662","59087560","R"
"3251","823b Park Pl, Brooklyn, NY, ","Match","Non_Exact","823B PARK PL, BROOKLYN, NY, 11216","-73.950439217352,40.67349418718","59079369","L"
"3250","2618 Cortelyou Rd, Brooklyn, NY, ","Match","Exact","2618 CORTELYOU RD, BROOKLYN, NY, 11226","-73.9523272776,40.644229254032","59081456","R"
"640","4106 San Fernando Road., Glendale, CA, ","Match","Exact","4106 SAN FERNANDO RD, GLENDALE, CA, 91204","-118.259843357153,34.129200958947","141610039","R"
"641","5818 Temple City Blvd., Temple City, CA, ","Match","Exact","5818 TEMPLE CITY BLVD, TEMPLE CITY, CA, 91780","-118.060543935808,34.105273638266","141644633","R"
"3249","750 Classon Ave, Brooklyn, NY, ","Match","Exact","750 CLASSON AVE, BROOKLYN, NY, 11238","-73.960444901817,40.6740681768","59078456","R"
"642","3333 N. Eastern Ave., Los Angeles, CA, ","Match","Exact","3333 N EASTERN AVE, LOS ANGELES, CA, 90032","-118.178121000982,34.08463733563","141623310","L"
"3248","2708 Glenwood Rd, Brooklyn, NY, ","Match","Exact","2708 GLENWOOD RD, BROOKLYN, NY, 11210","-73.950903775941,40.633593385376","59081712","R"
"643","133 N. La Cienega Blvd., Beverly Hills, CA, ","Match","Exact","133 N LA CIENEGA BLVD, BEVERLY HILLS, CA, 90211","-118.376340299974,34.067926403761","141572932","L"
"3247","220 Atlantic Ave, Brooklyn, NY, ","Match","Exact","220 ATLANTIC AVE, BROOKLYN, NY, 11201","-73.991747703094,40.689429589636","59075246","R"
"644","311 S. State College Blvd., Brea, CA, ","Match","Exact","311 S STATE COLLEGE BLVD, BREA, CA, 92821","-117.88817158741,33.911654365392","144007970","R"
"3246","3440A Atlantic Ave, Brooklyn, NY, ","Match","Non_Exact","3440A ATLANTIC AVE, BROOKLYN, NY, 11208","-73.869710071823,40.682153804796","59095136","R"
"645","1551 Ocean Avenue, Santa Monica, CA, ","Match","Exact","1551 OCEAN AVE, SANTA MONICA, CA, 90401","-118.495613318144,34.01210297308","141559510","L"
"3245","155 Water St, Brooklyn, NY, ","No_Match"
"646","3957 S. Western Ave., Los Angeles, CA, ","Match","Exact","3957 S WESTERN AVE, LOS ANGELES, CA, 90062","-118.308976704175,34.012747087362","141606531","R"
"647","7806 Santa Fe Ave., Huntington Park, CA, ","Match","Exact","7806 SANTA FE AVE, HUNTINGTON PARK, CA, 90255","-118.230115861393,33.968526203071","141672659","L"
"648","1740 W. Chapman Ave., Orange, CA, ","Match","Exact","1740 W CHAPMAN AVE, ORANGE, CA, 92868","-117.871059202929,33.787827856951","144041208","L"
"649","518 W. 7th St., Los Angeles, CA, ","Match","Exact","518 W 7TH ST, LOS ANGELES, CA, 90014","-118.255797565296,34.046703583618","141619257","L"
"3266","3051 Ocean Ave apt C6, Brooklyn, NY, ","Match","Exact","3051 OCEAN AVE, BROOKLYN, NY, 11235","-73.948946593914,40.586795737235","59091837","L"
"3265","5366 Kings Hwy, Brooklyn, NY, ","Match","Exact","5366 KINGS HWY, BROOKLYN, NY, 11234","-73.92638735314,40.637071624387","59086043","L"
"3264","131 Wyckoff Ave, Brooklyn, NY, ","Match","Exact","131 WYCKOFF AVE, BROOKLYN, NY, 11237","-73.918986132475,40.704231982424","59082906","L"
"3263","1148 Union St, Brooklyn, NY, ","Match","Exact","1148 UNION ST, BROOKLYN, NY, 11225","-73.953595410169,40.669065919162","59079386","R"
"3262","2918 Avenue I #1091, Brooklyn, NY, ","Match","Exact","2918 AVE I, BROOKLYN, NY, 11210","-73.948082438079,40.629029011202","59081795","R"
"3261","2602 Avenue U #1012, Brooklyn, NY, ","Match","Exact","2602 AVE U, BROOKLYN, NY, 11229","-73.945566972725,40.599961701508","59091940","R"
"3260","1466 E 89th St, Brooklyn, NY, ","Match","Exact","1466 E 89TH ST, BROOKLYN, NY, 11236","-73.896450496299,40.630404584653","59086938","R"
"650","2409 E. Slauson Ave., Huntington Park, CA, ","Match","Exact","2409 E SLAUSON AVE, HUNTINGTON PARK, CA, 90255","-118.229744922599,33.989272445875","241109677","L"
"651","1909 E. 4th St., Long Beach, CA, ","Match","Exact","1909 E 4TH ST, LONG BEACH, CA, 90802","-118.168494858582,33.771760466634","141701318","L"
"652","4493 Beverly Blvd., Los Angeles, CA, ","Match","Exact","4493 BEVERLY BLVD, LOS ANGELES, CA, 90004","-118.306542558428,34.076320440603","141603370","R"
"653","7308 Foothill Blvd., Tujunga, CA, ","Match","Exact","7308 FOOTHILL BLVD, TUJUNGA, CA, 91042","-118.29111636508,34.250083904756","657158552","L"
"3259","54 Kosciuszko St, Brooklyn, NY, ","Match","Exact","54 KOSCIUSZKO ST, BROOKLYN, NY, 11205","-73.953243094569,40.690351946685","59078802","R"
"654","837 S. Union Ave., Los Angeles, CA, ","Match","Exact","837 S UNION AVE, LOS ANGELES, CA, 90017","-118.27259752567,34.051791698604","141616670","R"
"3258","1414 Bergen St, Brooklyn, NY, ","Match","Exact","1414 BERGEN ST, BROOKLYN, NY, 11213","-73.938252869034,40.675388577869","642653710","R"
"655","5344 Long Beach Blvd, Long Beach, CA, ","Match","Exact","5344 LONG BEACH BLVD, LONG BEACH, CA, 90805","-118.196127293232,33.8531880196","141683414","R"
"3257","227 DeKalb Ave, Brooklyn, NY, ","Match","Exact","227 DEKALB AVE, BROOKLYN, NY, 11205","-73.970288158809,40.689567726681","59077925","L"
"656","13788 Foothill Blvd., Sylmar, CA, 13788","Match","Non_Exact","13788 FOOTHILL BLVD, SYLMAR, CA, 91342","-118.433568038516,34.309900620697","141546013","L"
"3256","835 Classon Ave, Brooklyn, NY, ","Match","Exact","835 CLASSON AVE, BROOKLYN, NY, 11238","-73.960977082408,40.672172828295","640853010","L"
"657","1096 N. Western Ave., Los Angeles, CA, ","Match","Exact","1096 N WESTERN AVE, LOS ANGELES, CA, 90029","-118.309107734298,34.090667797105","141603179","R"
"658","5700 E. Whittier Blvd., Commerce, CA, ","Match","Non_Exact","5700 WHITTIER BLVD, COMMERCE, CA, 90022","-118.147667364368,34.018319945368","142655958","R"
"659","6365 Pacific Blvd., Huntington Park, CA, ","Match","Exact","6365 PACIFIC BLVD, HUNTINGTON PARK, CA, 90255","-118.225244919302,33.982313526928","141672234","R"
"3277","777 St Marks Ave #1c, Brooklyn, NY, ","Match","Exact","777 ST MARKS AVE, BROOKLYN, NY, 11213","-73.946596760799,40.675077844434","650085810","L"
"3276","154 South 3rd Street, Brooklyn, NY, ","Match","Exact","154 S 3RD ST, BROOKLYN, NY, 11211","-73.961715159922,40.712156058155","59076085","R"
"3275","212 Patchen Ave, Brooklyn, NY, ","Match","Exact","212 PATCHEN AVE, BROOKLYN, NY, 11233","-73.926286915378,40.683617218114","59082798","R"
"3274","1144 Nostrand Ave, Brooklyn, NY, ","Match","Exact","1144 NOSTRAND AVE, BROOKLYN, NY, 11225","-73.950596845411,40.659678210855","59079561","R"
"3273","498 E 40th St, Brooklyn, NY, ","Match","Exact","498 E 40TH ST, BROOKLYN, NY, 11203","-73.939272945538,40.643583855827","59081883","R"
"3272","1263 Ralph Ave, Brooklyn, NY, ","Match","Exact","1263 RALPH AVE, BROOKLYN, NY, 11236","-73.919990423254,40.645866767587","59085919","L"
"3271","234 3rd Ave 3rd floor, Brooklyn, NY, ","Match","Exact","234 3RD AVE, BROOKLYN, NY, 11215","-73.985594898915,40.678226508564","59075666","R"
"3270","252 Knickerbocker Ave, Brooklyn, NY, ","Match","Exact","252 KNICKERBOCKER AVE, BROOKLYN, NY, 11237","-73.925086794083,40.702565277606","59082626","R"
"660","6001 Rosemead Blvd., Pico Rivera, CA, ","No_Match"
"661","6727 Greenleaf Ave., Whittier, CA, ","Match","Exact","6727 GREENLEAF AVE, WHITTIER, CA, 90601","-118.037393471203,33.980686819926","141747833","R"
"662","1300 Wilshire Blvd., Santa Monica, CA, ","Match","Exact","1300 WILSHIRE BLVD, SANTA MONICA, CA, 90403","-118.489691506595,34.02602484902","141559321","R"
"663","1001 Mission St., South Pasadena, CA, ","Match","Exact","1001 MISSION ST, SOUTH PASADENA, CA, 91030","-118.157044116623,34.115679836377","640107142","R"
"664","3630 E. Cesar E. Chavez Avenue, Los Angeles, CA, ","Match","Exact","3630 E CESAR E CHAVEZ AVE, LOS ANGELES, CA, 90063","-118.186655950859,34.040466846378","141625466","R"
"665","14126 Sherman Way, Los Angeles, CA, 14126","No_Match"
"3269","395 Gateway Dr #176, Brooklyn, NY, ","Match","Exact","395 GATEWAY DR, BROOKLYN, NY, 11239","-73.87442830597,40.649768810532","59103278","R"
"666","6944 Almaden Expy, San Jose, CA, ","Match","Exact","6944 ALMADEN EXPY, SAN JOSE, CA, 95120","-121.84675669919,37.21017652872","636308309","L"
"3268","4204 Avenue J, Brooklyn, NY, ","Match","Exact","4204 AVE J, BROOKLYN, NY, 11210","-73.935434680522,40.627641840074","59082156","R"
"667","7229 Melrose Ave., Los Angeles, CA, ","Match","Exact","7229 MELROSE AVE, LOS ANGELES, CA, 90046","-118.346914793546,34.083553916462","141599547","R"
"3267","2916 Brighton 8th St, Brooklyn, NY, ","Match","Exact","2916 BRIGHTON 8TH ST, BROOKLYN, NY, 11235","-73.960976873062,40.581261119741","639217808","R"
"668","11935 Ventura Blvd., Studio City, CA, 11935","Match","Non_Exact","11935 VENTURA BLVD, STUDIO CITY, CA, 91604","-118.391505973981,34.143078927384","141565825","R"
"669","3851 Atlantic Ave., Long Beach, CA, ","Match","Exact","3851 ATLANTIC AVE, LONG BEACH, CA, 90807","-118.185071535558,33.8281444748","141686194","L"
"3280","Green Spa Facilities, 8804 3rd Ave, Brooklyn, NY, ","Match","Non_Exact","8804 3RD AVE, BROOKLYN, NY, 11209","-74.031744548608,40.621988524586","59087447","R"
"3288","195 Broadway 4th Floor, Brooklyn, NY, ","Match","Exact","195 BROADWAY, BROOKLYN, NY, 11211","-73.961520890878,40.709713728333","658240796","L"
"3287","796 Saratoga Ave, Brooklyn, NY, ","Match","Exact","796 SARATOGA AVE, BROOKLYN, NY, 11212","-73.915449844093,40.661166312875","59083989","R"
"3286","801 Van Siclen Ave, Brooklyn, NY, ","Match","Exact","801 VAN SICLEN AVE, BROOKLYN, NY, 11207","-73.88552241484,40.660418275151","640860400","L"
"3285","388 Avenue X Suite 4K, Brooklyn, NY, ","Match","Exact","388 AVE X, BROOKLYN, NY, 11223","-73.968516628119,40.590674308332","59090952","R"
"3284","76 Saint Marks Avenue, Brooklyn, NY, ","Match","Exact","76 ST MARKS AVE, BROOKLYN, NY, 11217","-73.975390165364,40.67997975434","59077637","R"
"3283","12 Park St, Brooklyn, NY, ","Match","Exact","12 PARK ST, BROOKLYN, NY, 11206","-73.938681882775,40.699165157041","59079045","R"
"3282","853 Troy Ave, Brooklyn, NY, ","Match","Exact","853 TROY AVE, BROOKLYN, NY, 11203","-73.936176826805,40.652211820944","59079937","L"
"670","217 E. Nutwood Street, Inglewood, CA, ","Match","Exact","217 E NUTWOOD ST, INGLEWOOD, CA, 90301","-118.353141697704,33.960553455994","142750133","L"
"3281","6 Kingston Ave, Brooklyn, NY, ","Match","Exact","6 KINGSTON AVE, BROOKLYN, NY, 11213","-73.941302730231,40.67974849999","652207592","R"
"671","10804 Washington Blvd., Culver City, CA, 10804","Match","Non_Exact","10804 WASHINGTON BLVD, CULVER CITY, CA, 90232","-118.407246760043,34.015162778048","141574206","L"
"672","4814 Melrose Ave., Los Angeles, CA, ","Match","Exact","4814 MELROSE AVE, LOS ANGELES, CA, 90029","-118.305194292559,34.083468848342","141603324","L"
"673","2881 E. Florence Ave., Huntington Park, CA, ","Match","Exact","2881 E FLORENCE AVE, HUNTINGTON PARK, CA, 90255","-118.217914864159,33.973504275637","141675618","L"
"674","640 N. Broadway, Los Angeles, CA, ","Match","Exact","640 N BROADWAY, LOS ANGELES, CA, 90012","-118.239771547317,34.059269958971","141618151","R"
"675","520 W. Whittier Blvd., Montebello, CA, ","Match","Non_Exact","520 WHITTIER BLVD, MONTEBELLO, CA, 90640","-118.105226098732,34.009494024804","141642350","R"
"676","4301 W. Jefferson Blvd., Los Angeles, CA, ","Match","Exact","4301 W JEFFERSON BLVD, LOS ANGELES, CA, 90016","-118.34293343025,34.025605448248","141601848","R"
"677","3832 Wilshire Blvd., Los Angeles, CA, ","Match","Exact","3832 WILSHIRE BLVD, LOS ANGELES, CA, 90010","-118.310141008715,34.061634851027","141603819","L"
"3279","115 Montague St, Brooklyn, NY, ","Match","Exact","115 MONTAGUE ST, BROOKLYN, NY, 11201","-73.994791415964,40.694985227932","59074985","L"
"678","13610 Garfield Ave., South Gate, CA, 13610","Match","Non_Exact","13610 GARFIELD AVE, SOUTH GATE, CA, 90280","-118.168780294823,33.914336087764","640426034","L"
"3278","67 Hanson Pl, Brooklyn, NY, ","Match","Exact","67 HANSON PL, BROOKLYN, NY, 11217","-73.974844557444,40.685503822706","59077670","L"
"679","899 Traction Ave., Los Angeles, CA, ","Match","Exact","899 TRACTION AVE, LOS ANGELES, CA, 90013","-118.23370082175,34.044024147248","141620431","L"
"3291","267 Bond St, Brooklyn, NY, ","Match","Exact","267 BOND ST, BROOKLYN, NY, 11217","-73.988664884342,40.681138481814","652207194","L"
"3290","182 Bristol St, Brooklyn, NY, ","Match","Exact","182 BRISTOL ST, BROOKLYN, NY, 11212","-73.912042687882,40.666933017162","59083904","R"
"3299","1228 Sterling Pl, Brooklyn, NY, ","Match","Exact","1228 STERLING PL, BROOKLYN, NY, 11213","-73.938117367008,40.671811701309","59079711","R"
"3298","649 Morgan Avenue, Brooklyn, NY, ","Match","Exact","649 MORGAN AVE, BROOKLYN, NY, 11222","-73.939959733356,40.726536478511","59076953","L"
"3297","95 South 2nd St, Brooklyn, NY, ","Match","Exact","95 S 2ND ST, BROOKLYN, NY, 11249","-73.963782986649,40.713939763122","59075992","L"
"3296","303 E 54th St, Brooklyn, NY, ","Match","Exact","303 E 54TH ST, BROOKLYN, NY, 11203","-73.92633413628,40.6511131886","59085749","L"
"3295","636 Brooklyn Ave, Brooklyn, NY, ","Match","Exact","636 BROOKLYN AVE, BROOKLYN, NY, 11203","-73.945270292506,40.658392563287","59079825","R"
"3294","921 Cleveland St, Brooklyn, NY, ","Match","Exact","921 CLEVELAND ST, BROOKLYN, NY, 11208","-73.879250674893,40.662219118148","652212144","L"
"680","1001 E. Green St., Pasadena, CA, ","Match","Exact","1001 E GREEN ST, PASADENA, CA, 91106","-118.129647097888,34.144628866691","141630849","L"
"3293","910 Grand St STUDIO E, Brooklyn, NY, ","Match","Non_Exact","910 GRAND ST, BROOKLYN, NY, 11211","-73.937882704704,40.712566450524","652212953","R"
"681","4301 W. Jefferson Blvd., Los Angeles, CA, ","Match","Exact","4301 W JEFFERSON BLVD, LOS ANGELES, CA, 90016","-118.34293343025,34.025605448248","141601848","R"
"3292","6225 New Utrecht Ave, Brooklyn, NY, ","Match","Exact","6225 NEW UTRECHT AVE, BROOKLYN, NY, 11219","-73.997004215013,40.625843734516","59080381","R"
"682","14901 Sherman Way, Van Nuys, CA, 14901","Match","Non_Exact","14901 W SHERMAN WAY, VAN NUYS, CA, 91405","-118.457526126709,34.201366364066","241188394","R"
"683","4863 Huntington Dr. N., Los Angeles, CA, ","Match","Exact","4863 HUNTINGTON DR N, LOS ANGELES, CA, 90032","-118.177988916106,34.086535371429","141623223","L"
"684","13403 Van Nuys Blvd., Pacoima, CA, 13403","Match","Non_Exact","13403 VAN NUYS BLVD, PACOIMA, CA, 91331","-118.425489836426,34.263693144955","141551076","R"
"685","1495 N. Van Ness Av, Fresno, CA, ","Match","Exact","1495 N VAN NESS AVE, FRESNO, CA, 93728","-119.799040509626,36.763013291552","197574745","L"
"686","2800 N. Main St., Santa Ana, CA, ","Match","Exact","2800 N MAIN ST, SANTA ANA, CA, 92705","-117.867404160427,33.773781504805","657836780","R"
"687","4300 E. Cesar E. Chavez Ave., Los Angeles, CA, ","Match","Exact","4300 E CESAR E CHAVEZ AVE, LOS ANGELES, CA, 90022","-118.17352197853,34.04049486003","141625826","R"
"688","13922 Ramona Blvd., Baldwin Park, CA, 13922","Match","Non_Exact","13922 RAMONA BLVD, BALDWIN PARK, CA, 91706","-117.969969035645,34.083947931481","241242271","R"
"689","1341 E. Florence Ave., Los Angeles, CA, ","Match","Exact","1341 E FLORENCE AVE, LOS ANGELES, CA, 90001","-118.250643111414,33.974818448651","141670776","L"
"3289","8801 3rd Ave, Brooklyn, NY, ","Match","Exact","8801 3RD AVE, BROOKLYN, NY, 11209","-74.031590764474,40.621978084524","59087447","L"
"690","1128 S. Atlantic Blvd., East Los Angeles, CA, ","Match","Exact","1128 S ATLANTIC BLVD, EAST LOS ANGELES, CA, 90022","-118.158103378246,34.017232662959","142737937","L"
"691","1810 E. Route 66, Glendora, CA, ","Match","Exact","1810 E STATE RTE 66, GLENDORA, CA, 91740","-117.830839248951,34.128728307998","142783389","R"
"692","5757 Lankershim Blvd., North Hollywood, CA, ","Match","Exact","5757 LANKERSHIM BLVD, NORTH HOLLYWOOD, CA, 91601","-118.380917711801,34.175175221312","141564909","L"
"693","4619 E. Cesar Chavez Ave., Los Angeles, CA, ","Match","Non_Exact","4619 E CESAR E CHAVEZ AVE, LOS ANGELES, CA, 90022","-118.166559715091,34.04064443662","141637403","L"
"694","8155 Van Nuys Blvd., Panorama City, CA, ","Match","Exact","8155 VAN NUYS BLVD, PANORAMA CITY, CA, 91402","-118.448839019033,34.218940968956","141550112","L"
"695","11824 Artesia Blvd., Artesia, CA, 11824","Match","Non_Exact","11824 ARTESIA BLVD, ARTESIA, CA, 90701","-118.081697501651,33.872968251633","141744150","R"
"696","3655 S. Grand Ave., Los Angeles, CA, ","Match","Exact","3655 S GRAND AVE, LOS ANGELES, CA, 90007","-118.278054708818,34.017286978","657097345","R"
"697","401 South Grand Ave., Los Angeles, CA, ","Match","Exact","401 S GRAND AVE, LOS ANGELES, CA, 90071","-118.252695988121,34.05155803261","141617269","R"
"698","61 North Raymond Ave., Pasadena, CA, ","Match","Exact","61 N RAYMOND AVE, PASADENA, CA, 91103","-118.148972873943,34.147051622296","141629503","L"
"699","1908 E 1st St., Los Angeles, CA, ","Match","Exact","1908 E 1ST ST, LOS ANGELES, CA, 90033","-118.217263273507,34.046405111263","142734171","R"
"2801","392 Beale St, Memphis, TN, 38103","Match","Exact","392 BEALE ST, MEMPHIS, TN, 38103","-90.048006530309,35.13921583235","607425636","L"
"2800","2369 Elvis Presley Blvd, Memphis, TN, 38106","Match","Exact","2369 ELVIS PRESLEY BLVD, MEMPHIS, TN, 38106","-90.019004020426,35.080572421826","72909225","R"
"2809","7020 E Shelby Dr Ste 101, Memphis, TN, 38125","Match","Exact","7020 E SHELBY DR, MEMPHIS, TN, 38125","-89.828934414902,35.020437899279","607506301","L"
"2808","4509 Summer Ave, Memphis, TN, 38122","Match","Exact","4509 SUMMER AVE, MEMPHIS, TN, 38122","-89.910306959104,35.148703158063","72916464","R"
"2807","3625 Hickory Hill Rd, Memphis, TN, 38115","Match","Exact","3625 HICKORY HILL RD, MEMPHIS, TN, 38115","-89.866456840965,35.049533269332","607494359","R"
"2806","6706 Winchester Rd, Memphis, TN, 38115","Match","Exact","6706 WINCHESTER RD, MEMPHIS, TN, 38115","-89.83972402543,35.04947953398","607468445","L"
"2805","5621 Federal Ave, Memphis, TN, 38118","Match","Exact","5621 FEDERAL AVE, MEMPHIS, TN, 38118","-89.87603153716,35.003042233707","72967241","R"
"2804","2653 Mt Moriah Rd, Memphis, TN, 38115","Match","Exact","2653 MOUNT MORIAH RD, MEMPHIS, TN, 38115","-89.881478016701,35.076144204646","607451167","R"
"2803","3327 Winchester Rd, Memphis, TN, 38118","Match","Exact","3327 WINCHESTER RD, MEMPHIS, TN, 38118","-89.952680639214,35.052206838684","607465463","R"
"2802","3156 Thomas St, Memphis, TN, 38127","Match","Exact","3156 THOMAS ST, MEMPHIS, TN, 38127","-90.031980806305,35.212407169161","637522925","R"
"2812","7144 Winchester Rd, Memphis, TN, 38125","Match","Exact","7144 WINCHESTER RD, MEMPHIS, TN, 38125","-89.824827760557,35.049028320529","72973928","L"
"2811","775 Ridge Lake Blvd Ste 400, Memphis, TN, 38120","Match","Exact","775 RIDGE LAKE BLVD, MEMPHIS, TN, 38120","-89.867887128743,35.110709215039","72927314","R"
"2810","779 E Brookhaven Cir, Memphis, TN, 38117","Match","Exact","779 E BROOKHAVEN CIR, MEMPHIS, TN, 38117","-89.889617008699,35.112042001901","72952325","R"
"2819","308 S Main St, Bel Air, MD, 21014","Match","Exact","308 S MAIN ST, BEL AIR, MD, 21014","-76.346603418122,39.533753963763","635847637","R"
"2818","1200 Brass Mill Rd Suite E, Belcamp, MD, 21017","Match","Non_Exact","1200 BRASS MILL RD, BELCAMP, MD, 21017","-76.238635773584,39.476151639288","191652557","L"
"2817","423 Edgewood Rd B, Edgewood, MD, 21040","Match","Non_Exact","423 EDGEWOOD RD, EDGEWOOD, MD, 21040","-76.294423845391,39.420190849147","191644604","R"
"2816","37 N Philadelphia Blvd, Aberdeen, MD, 21001","Match","Exact","37 N PHILADELPHIA BLVD, ABERDEEN, MD, 21001","-76.162921909818,39.510171315627","191681804","R"
"2815","35 Fulford Ave Suite 100, Bel Air, MD, 21014","Match","Exact","35 FULFORD AVE, BEL AIR, MD, 21014","-76.346416275679,39.534227432266","191641221","R"
"2814","1321 Loflin Rd, Aberdeen, MD, 21001","Match","Exact","1321 LOFLIN RD, ABERDEEN, MD, 21001","-76.203934824818,39.487242642341","657408174","L"
"2813","3907 Ajanders Dr, Memphis, TN, 38128","Match","Non_Exact","3907 AJANDERS DR, MEMPHIS, TN, 38127","-89.964585972943,35.232884092099","72898359","L"
"2823","6 N Parke St, Aberdeen, MD, 21001","Match","Exact","6 N PARKE ST, ABERDEEN, MD, 21001","-76.165340663058,39.510159041","191659906","L"
"2822","2120 Emmorton Park Rd, Edgewood, MD, 21040","Match","Non_Exact","2120 EMMORTON PARK DR, EDGEWOOD, MD, 21040","-76.309788120342,39.452690772455","191672020","R"
"2821","300 State Hwy 755, Edgewood, MD, 21040","No_Match"
"2820","3006 Churchville Rd, Churchville, MD, 21028","Match","Exact","3006 CHURCHVILLE RD, CHURCHVILLE, MD, 21028","-76.24510268229,39.558645386359","191642203","L"
"2829","2719 Pulaski Hwy Suite 2, Edgewood, MD, 21040","No_Match"
"2828","1928 Pulaski Hwy Unit D, Edgewood, MD, 21040","No_Match"
"2827","208 W Bel Air Ave, Aberdeen, MD, 21001","Match","Exact","208 W BEL AIR AVE, ABERDEEN, MD, 21001","-76.16729635003,39.510578060173","191661418","L"
"2826","552 Lewis St, Havre de Grace, MD, 21078","Match","Exact","552 LEWIS ST, HAVRE DE GRACE, MD, 21078","-76.092839433753,39.542385611375","191646702","L"
"2825","321 S Philadelphia Blvd, Aberdeen, MD, 21001","Match","Exact","321 S PHILADELPHIA BLVD, ABERDEEN, MD, 21001","-76.166305481362,39.504631703225","640635926","R"
"2824","705 S Philadelphia Blvd, Aberdeen, MD, 21001","Match","Exact","705 S PHILADELPHIA BLVD, ABERDEEN, MD, 21001","-76.177544996846,39.49646949827","191676315","R"
"1503","65 S. 4th Street, Columbus, OH, 43215","Match","Exact","65 S 4TH ST, COLUMBUS, OH, 43215","-82.995978189409,39.960913897686","135576707","R"
"2834","15 S Parke St, Aberdeen, MD, 21001","Match","Exact","15 S PARKE ST, ABERDEEN, MD, 21001","-76.16576142336,39.509248527225","191647251","L"
"1502","6031 E. Main Street #749, Columbus, OH, 43213","Match","Exact","6031 E MAIN ST, COLUMBUS, OH, 43213","-82.836367418296,39.954679693045","656612577","R"
"2833","208 W Bel Air Ave, Aberdeen, MD, 21001","Match","Exact","208 W BEL AIR AVE, ABERDEEN, MD, 21001","-76.16729635003,39.510578060173","191661418","L"
"1501","32 W. Hoster Street, Columbus, OH, 43215","Match","Exact","32 W HOSTER ST, COLUMBUS, OH, 43215","-82.999695559311,39.950999351959","135576760","R"
"2832","425 St John St, Havre de Grace, MD, 21078","Match","Exact","425 ST JOHN ST, HAVRE DE GRACE, MD, 21078","-76.090783670008,39.551036369188","645500222","R"
"1500","860 Oakland Park Avenue, Columbus, OH, 43224","Match","Exact","860 OAKLAND PARK AVE, COLUMBUS, OH, 43224","-82.991517361941,40.032684778981","135577002","L"
"2831","111 S Philadelphia Blvd, Aberdeen, MD, 21001","Match","Exact","111 S PHILADELPHIA BLVD, ABERDEEN, MD, 21001","-76.164445632578,39.507680844202","191680978","R"
"2830","101 N Washington St, Havre de Grace, MD, 21078","Match","Exact","101 N WASHINGTON ST, HAVRE DE GRACE, MD, 21078","-76.089674090984,39.547778798012","636223635","R"
"1509","5454 Cleveland Ave, Suite 202, Columbus, OH, 43231","Match","Exact","5454 CLEVELAND AVE, COLUMBUS, OH, 43231","-82.951129988382,40.081527625963","135705873","L"
"1508","2235 Southwest Blvd, Suite A, Grove City, OH, 43123","Match","Non_Exact","2235 SOUTHWEST BLVD, GROVE CITY, OH, 43123","-83.062291482471,39.887135189886","135776853","R"
"2839","3709 Pulaski Hwy Unit 8, Abingdon, MD, 21009","Match","Exact","3709 PULASKI HWY, ABINGDON, MD, 21009","-76.261396156267,39.457077692802","191661762","R"
"1507","21 East State Street, Columbus, OH, 43215","Match","Exact","21 E STATE ST, COLUMBUS, OH, 43215","-82.999526386447,39.960174214498","218649115","R"
"2838","1 Barrington Rd, Bel Air, MD, 21014","Match","Exact","1 BARRINGTON RD, BEL AIR, MD, 21014","-76.32825924106,39.506131338113","191659863","L"
"1506","5246 Oak Passage Drive, Westerville, OH, 43081","No_Match"
"2837","1131 Baltimore Pike Suite 202, Bel Air, MD, 21014","Match","Exact","1131 BALTIMORE PIKE, BEL AIR, MD, 21014","-76.370925401473,39.514207961815","640396931","L"
"1505","2825 West Granville Road, Columbus, OH, 43235","Match","Non_Exact","2825 W DUBLIN GRANVILLE RD, COLUMBUS, OH, 43235","-83.065929377643,40.090416938987","648127350","L"
"2836","2719 Pulaski Hwy Suite 5, Edgewood, MD, 21040","No_Match"
"1504","1747 Olentangy River Road, Unit #1140, Columbus, OH, 43212","Match","Exact","1747 OLENTANGY RIVER RD, COLUMBUS, OH, 43212","-83.02585671813,39.993278204457","637565909","L"
"2835","35 Fulford Ave, Bel Air, MD, 21014","Match","Exact","35 FULFORD AVE, BEL AIR, MD, 21014","-76.346416275679,39.534227432266","191641221","R"
"1514","7171 Central College Road, New Albany, OH, 43054","Match","Exact","7171 CENTRAL COLLEGE RD, NEW ALBANY, OH, 43054","-82.797217322822,40.097216933052","218698101","R"
"2845","414 S Main St, Bel Air, MD, 21014","Match","Exact","414 S MAIN ST, BEL AIR, MD, 21014","-76.345317232858,39.532546499906","657392545","R"
"1513","3539 Cleveland Avenue, Columbus, OH, 43224","Match","Exact","3539 CLEVELAND AVE, COLUMBUS, OH, 43224","-82.962722109829,40.037049909059","218535208","L"
"2844","3709 Pulaski Hwy #5, Abingdon, MD, 21009","Match","Exact","3709 PULASKI HWY, ABINGDON, MD, 21009","-76.261396156267,39.457077692802","191661762","R"
"1512","6956 East Broad Street, Unit 108, Columbus, OH, 43213","Match","Exact","6956 E BROAD ST, COLUMBUS, OH, 43213","-82.816473241205,39.982526317739","631991008","L"
"2843","15 E Churchville Rd #104, Bel Air, MD, 21014","Match","Exact","15 E CHURCHVILLE RD, BEL AIR, MD, 21014","-76.346982190753,39.535061123613","191683848","R"
"1511","565 Metro Place South, Suite 3021, Dublin, OH, 43017","Match","Exact","565 METRO PL S, DUBLIN, OH, 43017","-83.129796776382,40.093439792994","218686643","L"
"2842","800 Maxa Rd, Aberdeen, MD, 21001","Match","Exact","800 MAXA RD, ABERDEEN, MD, 21001","-76.177402385224,39.53690728062","191645836","R"
"1510","1014 Parsons Ave., Columbus, OH, 43206","Match","Exact","1014 PARSONS AVE, COLUMBUS, OH, 43206","-82.982981734319,39.94300685835","218647014","L"
"2841","510 Pulaski Hwy, Joppatowne, MD, 21085","Match","Non_Exact","510 PULASKI HWY, JOPPA, MD, 21085","-76.362726571463,39.428082161147","639215698","L"
"2840","16 A Bel Air S Pkwy, Bel Air, MD, 21015","Match","Non_Exact","16 BEL AIR SOUTH PKWY, BEL AIR, MD, 21015","-76.329810188011,39.496808773597","191684885","R"
"1519","2633 Berber Street, Powell, OH, 43065","Match","Exact","2633 BERBER ST, POWELL, OH, 43065","-83.08695793764,40.135181036587","135625630","R"
"1518","17 Brickle Street, Columbus, OH, 43215","Match","Non_Exact","17 BRICKEL ST, COLUMBUS, OH, 43215","-83.002625149235,39.976243532645","218651127","R"
"2849","12 Medstar Blvd, Bel Air, MD, 21015","No_Match"
"1517","3704 Kimberly Parkway, Columbus, OH, 43232","Tie"
"2848","2111 Laurel Bush Rd, Bel Air, MD, 21015","Match","Exact","2111 LAUREL BUSH RD, BEL AIR, MD, 21015","-76.322466041233,39.498541706663","191672867","L"
"1516","700 Bryden Road, Suite 306, Columbus, OH, 43219","Match","Non_Exact","700 BRYDEN RD, COLUMBUS, OH, 43205","-82.980608796891,39.96071885597","218649303","L"
"2847","114 N Washington St, Havre de Grace, MD, 21078","Match","Exact","114 N WASHINGTON ST, HAVRE DE GRACE, MD, 21078","-76.089827563523,39.547908099128","636223635","L"
"1515","7605 Steeplechase Lane, New Albany, OH, 43054","No_Match"
"2846","2017 Pulaski Hwy Suite A & B, Havre de Grace, MD, 21078","Match","Non_Exact","2017 PULASKI HWY, HAVRE DE GRACE, MD, 21078","-76.130593836367,39.528299665634","191677637","R"
"1525","2771 McKinley Avenue, Columbus, OH, 43204","Match","Exact","2771 MC KINLEY AVE, COLUMBUS, OH, 43204","-83.072714987041,39.982449583244","218650601","L"
"2856","604 Mulberry Ln, Edgewood, MD, 21040","Match","Exact","604 MULBERRY LN, EDGEWOOD, MD, 21040","-76.29354656741,39.426911827166","191644021","L"
"1524","2100 Builders Place, Columbus, OH, 43204","Match","Exact","2100 BUILDERS PL, COLUMBUS, OH, 43204","-83.091615038411,39.99651348843","218565526","R"
"2855","1012 Starboard Drive, Edgewood, MD, 21040","Match","Exact","1012 STARBOARD DR, EDGEWOOD, MD, 21040","-76.288891839683,39.438436076471","191656005","R"
"1523","6031 E. Main Street, STE. 221, Columbus, OH, 43213","Match","Exact","6031 E MAIN ST, COLUMBUS, OH, 43213","-82.836367418296,39.954679693045","656612577","R"
"2854","1001 Edgewood Rd, Edgewood, MD, 21040","No_Match"
"1522","6239 Hayden Run Road, Hilliard, OH, 43026","Match","Exact","6239 HAYDEN RUN RD, HILLIARD, OH, 43026","-83.170329093011,40.055853716276","624792577","L"
"2853","113 S Philadelphia Blvd, Aberdeen, MD, 21001","Match","Exact","113 S PHILADELPHIA BLVD, ABERDEEN, MD, 21001","-76.164527844731,39.507548970903","191680978","R"
"1521","4393 International Gateway, Suite 106, Columbus, OH, 43219","Match","Exact","4393 INTERNATIONAL GATEWAY, COLUMBUS, OH, 43219","-82.886367704391,39.997121773438","641180799","R"
"2852","15 S Parke St Suite 400, Aberdeen, MD, 21001","Match","Exact","15 S PARKE ST, ABERDEEN, MD, 21001","-76.16576142336,39.509248527225","191647251","L"
"1520","470 West Broad Street, #1060, Columbus, OH, 43215","Match","Exact","470 W BROAD ST, COLUMBUS, OH, 43215","-83.013176848848,39.960738246172","135576337","R"
"2851","1001 Edgewood Rd, Edgewood, MD, 21040","No_Match"
"2850","12 Medstar Blvd, Bel Air, MD, 21015","No_Match"
"1529","800 Long Street, Columbus, OH, 43203","Match","Non_Exact","800 E LONG ST, COLUMBUS, OH, 43203","-82.9802114923,39.967410145613","135579541","L"
"1528","1890 East Main Street, Columbus, OH, 43205","Match","Exact","1890 E MAIN ST, COLUMBUS, OH, 43205","-82.948394068564,39.957472126766","135582067","L"
"2859","2945 Emmorton Road Unit 266, Abingdon, MD, 21009","Match","Exact","2945 EMMORTON RD, ABINGDON, MD, 21009","-76.310163944204,39.478456816594","191672816","L"
"1527","3124 Westerville Road, Columbus, OH, 43224","No_Match"
"2858","1221 Halls Chance Lane, Belcamp, MD, 21017","Match","Exact","1221 HALLS CHANCE LN, BELCAMP, MD, 21017","-76.240549962757,39.471391633727","191671499","L"
"1526","1069 Woodland Avenue, Columbus, OH, 43219","Match","Exact","1069 WOODLAND AVE, COLUMBUS, OH, 43219","-82.955289623377,39.990903680324","218681251","L"
"2857","2123 Conowingo Rd Suite 105, Bel Air, MD, 21014","Match","Exact","2123 CONOWINGO RD, BEL AIR, MD, 21014","-76.346620123885,39.578068431911","191663686","R"
"2870","230 N Eutaw Street, Baltimore, MD, 21201","Match","Exact","230 N EUTAW ST, BALTIMORE, MD, 21201","-76.621214759518,39.292432019383","657034208","L"
"1536","560 Sunbury Road, Suite 12, Delaware, OH, 43015","Match","Exact","560 SUNBURY RD, DELAWARE, OH, 43015","-83.042421493623,40.2963125211","656786235","L"
"2867","327 Park Avenue, Baltimore, MD, 21201","Match","Exact","327 PARK AVE, BALTIMORE, MD, 21201","-76.618159312348,39.293695680605","206420475","R"
"1535","3410 Creekview Train Drive, Columbus, OH, 43232","No_Match"
"2866","602 N Howard Street, Baltimore, MD, 21201","Match","Exact","602 N HOWARD ST, BALTIMORE, MD, 21201","-76.619995776644,39.296322941257","206419333","L"
"1534","1320 McCartney Lane, Columbus, OH, 43229","Match","Exact","1320 MCCARTNEY LN, COLUMBUS, OH, 43229","-82.980969288997,40.094603107659","135601517","R"
"2865","224 N Liberty Street, Baltimore, MD, 21201","Match","Exact","224 N LIBERTY ST, BALTIMORE, MD, 21201","-76.616747055307,39.292464673311","206420522","L"
"1533","711 Alta View Court, Columbus, OH, 43085","Match","Exact","711 ALTA VIEW CT, COLUMBUS, OH, 43085","-82.998910589796,40.120178350308","135622618","R"
"2864","324 Park Avenue, Baltimore, MD, 21201","Match","Exact","324 PARK AVE, BALTIMORE, MD, 21201","-76.618300551785,39.293622969699","206420475","L"
"1532","2469 E Dublin Granville Road, Columbus, OH, 43229","Match","Exact","2469 E DUBLIN GRANVILLE RD, COLUMBUS, OH, 43229","-82.952349608044,40.085205536661","135745550","R"
"2863","2113 Emmorton Park Road Suite 100, Edgewood, MD, 21040","Match","Non_Exact","2113 EMMORTON PARK DR, EDGEWOOD, MD, 21040","-76.3083044698,39.451722505926","191672017","L"
"1531","181 North Hamilton Road, Suite L/M, Whitehall, OH, 43213","Match","Non_Exact","181 N HAMILTON RD, WHITEHALL, OH, 43213","-82.873228471426,39.979989079632","218681330","L"
"2862","1919 Pulaski Highway, Edgewood, MD, 21040","Match","Exact","1919 PULASKI HWY, EDGEWOOD, MD, 21040","-76.310238143477,39.435830983692","650925621","R"
"1530","1775 Meadowlawn Drive, Columbus, OH, 43219","Match","Exact","1775 MEADOWLAWN DR, COLUMBUS, OH, 43219","-82.9365189307,40.007301076002","218574887","L"
"2861","317 Summer Squall Ct, Havre de Grace, MD, 21078","Match","Exact","317 SUMMER SQUALL CT, HAVRE DE GRACE, MD, 21078","-76.122886004456,39.545429243695","191687079","R"
"2860","150 Royal Oak Drive, Bel Air, MD, 21015","Match","Exact","150 ROYAL OAK DR, BEL AIR, MD, 21015","-76.321178237441,39.502180252734","191647893","L"
"1539","2606 Hilliard Rome Road V259, Hilliard, OH, 43026","Match","Non_Exact","2606 HILLIARD ROME RD, HILLIARD, OH, 43026","-83.153789901692,40.004467214389","135622863","R"
"1538","731 E. Broad Street, Columbus, OH, 43205","Match","Exact","731 E BROAD ST, COLUMBUS, OH, 43205","-82.980939176538,39.96441554092","218649252","R"
"2869","328 N Eutaw Street, Baltimore, MD, 21201","Match","Exact","328 N EUTAW ST, BALTIMORE, MD, 21201","-76.621261430291,39.293216888924","206418352","L"
"1537","1849 Wythe Street, Columbus, OH, 43235","Match","Exact","1849 WYTHE ST, COLUMBUS, OH, 43235","-83.065773154264,40.116636302911","642841571","L"
"2868","217 W Saratoga Street, Baltimore, MD, 21201","Match","Exact","217 W SARATOGA ST, BALTIMORE, MD, 21201","-76.618680390406,39.292875317944","206420463","L"
"1550","3079 Wyntree Drive, Columbus, OH, 43215","No_Match"
"2881","110 W Lexington Street, Baltimore, MD, 21201","Match","Exact","110 W LEXINGTON ST, BALTIMORE, MD, 21201","-76.617244075455,39.291724481755","206420498","R"
"2880","205 W Saratoga Street, Baltimore, MD, 21201","Match","Exact","205 W SARATOGA ST, BALTIMORE, MD, 21201","-76.618341279652,39.292891182764","206420463","L"
"1547","670 Meridian Way #295, Westerville, OH, 43082","Match","Exact","670 MERIDIAN WAY, WESTERVILLE, OH, 43082","-82.942513423204,40.144987546399","648424255","R"
"2878","509 W Lexington Street, Baltimore, MD, 21201","Match","Exact","509 W LEXINGTON ST, BALTIMORE, MD, 21201","-76.622810228391,39.291359859195","206418362","L"
"1546","700 Bryden Road, 3rd Fl, Columbus, OH, 43215","Match","Non_Exact","700 BRYDEN RD, COLUMBUS, OH, 43205","-82.980608796891,39.96071885597","218649303","L"
"2877","112 W Lexington Street, Baltimore, MD, 21201","Match","Exact","112 W LEXINGTON ST, BALTIMORE, MD, 21201","-76.617261074996,39.291724169837","206420498","R"
"1545","960 Lavender Lane, Columbus, OH, 43207","Match","Exact","960 LAVENDER LN, COLUMBUS, OH, 43207","-82.972985711586,39.884410517134","135707231","R"
"2876","223 N Eutaw Street, Baltimore, MD, 21201","Match","Exact","223 N EUTAW ST, BALTIMORE, MD, 21201","-76.621063900631,39.292387870588","657034208","R"
"1544","4503 Westborough Drive West, Columbus, OH, 43220","Match","Exact","4503 WESTBOROUGH DR W, COLUMBUS, OH, 43220","-83.047677645966,40.050312381523","218656593","L"
"2875","201 W Saratoga Street, Baltimore, MD, 21201","Match","Exact","201 W SARATOGA ST, BALTIMORE, MD, 21201","-76.618228242734,39.292896471037","206420463","L"
"1543","6332 Heritage Lakes Drive, Hilliard, OH, 43026","Match","Exact","6332 HERITAGE LAKES DR, HILLIARD, OH, 43026","-83.183284946805,40.023205918584","647806091","L"
"2874","234 Park Avenue, Baltimore, MD, 21201","Match","Exact","234 PARK AVE, BALTIMORE, MD, 21201","-76.618193158425,39.292535490162","206420478","L"
"1542","6161 Busch Blvd., Suite 203, Columbus, OH, 43229","Match","Exact","6161 BUSCH BLVD, COLUMBUS, OH, 43229","-82.993332593075,40.092348860286","218698854","L"
"2873","401 N Eutaw Street, Baltimore, MD, 21201","Match","Exact","401 N EUTAW ST, BALTIMORE, MD, 21201","-76.621156633452,39.293961922704","206418349","R"
"1541","2740 Airport Drive, Suite 120, Columbus, OH, 43219","Match","Exact","2740 AIRPORT DR, COLUMBUS, OH, 43219","-82.933111873834,39.997165180943","647765493","R"
"2872","213 W Saratoga Street, Baltimore, MD, 21201","Match","Exact","213 W SARATOGA ST, BALTIMORE, MD, 21201","-76.618567353488,39.292880606217","206420463","L"
"1540","776 Sauter Lane, Blacklick, OH, 43004","Match","Exact","776 SAUTER LN, BLACKLICK, OH, 43004","-82.787936406339,40.001319098004","135760956","L"
"2871","231 N Eutaw Street, Baltimore, MD, 21201","Match","Exact","231 N EUTAW ST, BALTIMORE, MD, 21201","-76.621066852137,39.292437308371","657034208","R"
"1549","6400 Emerald Pkwy, Dublin, OH, 43016","Match","Exact","6400 EMERALD PKWY, DUBLIN, OH, 43016","-83.141704415136,40.082227382934","135629218","R"
"1548","2529 Oakstone Drive, Columbus, OH, 43231","Match","Exact","2529 OAKSTONE DR, COLUMBUS, OH, 43231","-82.948609523454,40.097782360686","218484845","L"
"2879","214 W Saratoga Street, Baltimore, MD, 21201","Match","Exact","214 W SARATOGA ST, BALTIMORE, MD, 21201","-76.618720723908,39.292988231524","206420463","R"
"1561","2740 Airport Drive, Suite 120, Columbus, OH, 43219","Match","Exact","2740 AIRPORT DR, COLUMBUS, OH, 43219","-82.933111873834,39.997165180943","647765493","R"
"2892","225 N Paca Street, Baltimore, MD, 21201","Match","Exact","225 N PACA ST, BALTIMORE, MD, 21201","-76.622393272711,39.291800887773","206465752","R"
"1560","641 Keltoncrest Drive, Reynoldsburg, OH, 43068","Match","Exact","641 KELTONCREST DR, REYNOLDSBURG, OH, 43068","-82.754274148306,39.977405650008","635817096","L"
"2891","401 N Eutaw Street, Baltimore, MD, 21201","Match","Exact","401 N EUTAW ST, BALTIMORE, MD, 21201","-76.621156633452,39.293961922704","206418349","R"
"2890","124 W Franklin Street, Baltimore, MD, 21201","Match","Exact","124 W FRANKLIN ST, BALTIMORE, MD, 21201","-76.61731628945,39.295085173601","206420466","R"
"1558","3739 April Lane, Columbus, OH, 43227","Match","Exact","3739 APRIL LN, COLUMBUS, OH, 43227","-82.896158018648,39.942577855304","135592032","R"
"2889","228 N Eutaw Street, Baltimore, MD, 21201","Match","Exact","228 N EUTAW ST, BALTIMORE, MD, 21201","-76.621214021642,39.292419659938","657034208","L"
"1557","2700 East Dublin Granville Road, Suite 429, Columbus, OH, 43231","Match","Exact","2700 E DUBLIN GRANVILLE RD, COLUMBUS, OH, 43231","-82.946738386944,40.084229123377","656557246","L"
"2888","313 W Madison Street, Baltimore, MD, 21201","Match","Exact","313 W MADISON ST, BALTIMORE, MD, 21201","-76.620870805835,39.298332705275","206417390","L"
"1556","3323 East Broad Street, Columbus, OH, 43213","Match","Exact","3323 E BROAD ST, COLUMBUS, OH, 43213","-82.912404808754,39.972064102839","135591425","R"
"2887","300 N Eutaw Street, Baltimore, MD, 21201","Match","Exact","300 N EUTAW ST, BALTIMORE, MD, 21201","-76.621246648666,39.292966738048","206418352","L"
"1555","1543 East 12th Avenue, Columbus, OH, 43219","Match","Exact","1543 E 12TH AVE, COLUMBUS, OH, 43219","-82.9648859745,39.995235243862","135578655","R"
"2886","112 N Howard Street, Baltimore, MD, 21201","Match","Exact","112 N HOWARD ST, BALTIMORE, MD, 21201","-76.619635527056,39.290833265814","206420489","L"
"1554","7534 Reliance Street, Columbus, OH, 43085","Match","Exact","7534 RELIANCE ST, COLUMBUS, OH, 43085","-82.986465978582,40.115373186228","218663785","R"
"2885","7 N Howard Street, Baltimore, MD, 21201","Match","Exact","7 N HOWARD ST, BALTIMORE, MD, 21201","-76.619418664365,39.289606488113","206420493","R"
"1553","3184 West Broad Street, Suite D, Columbus, OH, 43204","Match","Non_Exact","3184 W BROAD ST, COLUMBUS, OH, 43204","-83.085346415276,39.954467454929","135566334","R"
"2884","227 N Eutaw Street, Baltimore, MD, 21201","Match","Exact","227 N EUTAW ST, BALTIMORE, MD, 21201","-76.621065376384,39.292412589479","657034208","R"
"1552","200 East Campus View Boulevard, Columbus, OH, 43235","Match","Exact","200 E CAMPUS VIEW BLVD, COLUMBUS, OH, 43235","-83.009658937406,40.118620961712","218549667","L"
"2883","108 N Howard Street, Baltimore, MD, 21201","Match","Exact","108 N HOWARD ST, BALTIMORE, MD, 21201","-76.619623051635,39.290724551365","206420489","L"
"1551","4150 Shoppers Lane, Columbus, OH, 43228","Match","Non_Exact","4150 SHOPPERS LN N, COLUMBUS, OH, 43228","-83.111290273968,39.949984137753","649997471","R"
"2882","229 N Eutaw Street, Baltimore, MD, 21201","Match","Exact","229 N EUTAW ST, BALTIMORE, MD, 21201","-76.62106611426,39.292424948925","657034208","R"
"1559","961 E Long St., Columbus, OH, 43202","Match","Non_Exact","961 E LONG ST, COLUMBUS, OH, 43203","-82.975608727938,39.967807369584","135707630","R"
"1572","6573 Marissa Street, Canal Winchester, OH, 43110","Match","Exact","6573 MARISSA ST, CANAL WINCHESTER, OH, 43110","-82.82155198525,39.876449427385","218668902","R"
"1571","525 Keller Avenue, Lithopolis, OH, 43136","No_Match"
"1570","484 West Broad Street, Suite 102, Columbus, OH, 43215","Match","Exact","484 W BROAD ST, COLUMBUS, OH, 43215","-83.013440105364,39.960705583202","135576336","R"
"1569","5401 Wolf Run Drive, Columbus, OH, 43230","Match","Exact","5401 WOLF RUN DR, COLUMBUS, OH, 43230","-82.877702343809,40.063986434574","135622238","R"
"1568","1695 Sugarmaple Drive, Columbus, OH, 43229","Match","Exact","1695 SUGARMAPLE DR, COLUMBUS, OH, 43229","-82.972511826831,40.072410332529","218686212","R"
"2899","203 W Saratoga Street, Baltimore, MD, 21201","Match","Exact","203 W SARATOGA ST, BALTIMORE, MD, 21201","-76.618284761193,39.2928938269","206420463","L"
"1567","993 Inlet Court, Westerville, OH, 43082","Match","Exact","993 INLET CT, WESTERVILLE, OH, 43082","-82.89240325564,40.141274779058","24591442","L"
"2898","225 N Howard Street, Baltimore, MD, 21201","Match","Exact","225 N HOWARD ST, BALTIMORE, MD, 21201","-76.619639178247,39.292426641118","206420462","R"
"1566","20 South Third Street, Suite 210, Columbus, OH, 43215","Match","Exact","20 S 3RD ST, COLUMBUS, OH, 43215","-82.997802742042,39.961991749896","218680103","L"
"2897","400 W Saratoga Street, Baltimore, MD, 21201","Match","Exact","400 W SARATOGA ST, BALTIMORE, MD, 21201","-76.621248897741,39.292964767286","206418374","R"
"1565","175 South 3rd Street, Suite 100, Columbus, OH, 43215","Match","Exact","175 S 3RD ST, COLUMBUS, OH, 43215","-82.997193879916,39.958126609746","650006031","R"
"2896","507 W Lexington Street, Baltimore, MD, 21201","Match","Exact","507 W LEXINGTON ST, BALTIMORE, MD, 21201","-76.622736224577,39.291361859295","206418362","L"
"1564","6420 E Main St, Reynoldsburg, OH, 43068","Match","Exact","6420 E MAIN ST, REYNOLDSBURG, OH, 43068","-82.825846145053,39.954908482748","218650023","L"
"2895","329 N Eutaw Street, Baltimore, MD, 21201","Match","Exact","329 N EUTAW ST, BALTIMORE, MD, 21201","-76.621113518427,39.293222123888","206418352","R"
"1563","175 South 3rd Street Suite 200, Columbus, OH, 43215","Match","Exact","175 S 3RD ST, COLUMBUS, OH, 43215","-82.997193879916,39.958126609746","650006031","R"
"2894","401B W Saratoga Street, Baltimore, MD, 21201","Match","Non_Exact","401B W SARATOGA ST, BALTIMORE, MD, 21201","-76.621237337963,39.292850525709","206418374","L"
"1562","15 East 6th Avenue, Columbus, OH, 43201","Match","Exact","15 E 6TH AVE, COLUMBUS, OH, 43201","-83.005558004057,39.988744588393","641102153","R"
"2893","501 W Lexington Street, Baltimore, MD, 21201","Match","Exact","501 W LEXINGTON ST, BALTIMORE, MD, 21201","-76.622514213133,39.291367859597","206418362","L"
"1583","2289 Hanna Drive, Columbus, OH, 43211","Match","Exact","2289 HANNA DR, COLUMBUS, OH, 43211","-82.949079566243,40.015674985569","218683284","L"
"1582","1226 Shade Lane Road, Columbus, OH, 43227","Match","Non_Exact","1226 SHADY LANE RD, COLUMBUS, OH, 43227","-82.871033740528,39.950678475971","640030513","L"
"1581","470 West Broad Street, #1305, Columbus, OH, 43215","Match","Exact","470 W BROAD ST, COLUMBUS, OH, 43215","-83.013176848848,39.960738246172","135576337","R"
"1580","1485 Melrose Avenue, Columbus, OH, 43224","Match","Exact","1485 MELROSE AVE, COLUMBUS, OH, 43224","-82.972014521976,40.023938142027","218655127","R"
"1579","93 North High Street, Gahanna, OH, 43230","Match","Exact","93 N HIGH ST, GAHANNA, OH, 43230","-82.878299486973,40.019911208674","617924550","L"
"1578","6156 Glen Village Drive, Dublin, OH, 43016","Match","Non_Exact","6156 GLENVILLAGE DR, DUBLIN, OH, 43016","-83.154162069812,40.092311810298","640025579","R"
"1577","2868 Stelzer Road, #339, Columbus, OH, 43219","Match","Exact","2868 STELZER RD, COLUMBUS, OH, 43219","-82.910396317211,40.031261297269","218692129","R"
"1576","8804 Taylor Woods Drive, Reynoldsburg, OH, 43068","Match","Exact","8804 TAYLOR WOODS DR, REYNOLDSBURG, OH, 43068","-82.766228269265,39.970748080497","61517988","R"
"1575","2375 Valleyview Drive, Columbus, OH, 43204","Match","Exact","2375 VALLEYVIEW DR, COLUMBUS, OH, 43204","-83.065376118322,39.964469721901","218648803","L"
"1574","860 Candlelite Lane, Lewis Center, OH, 43035","Match","Exact","860 CANDLELITE LN, LEWIS CENTER, OH, 43035","-82.995378732249,40.152738078788","653747218","L"
"1573","2586 Breanna Place, Building #26, Reynoldsburg, OH, 43068","Match","Exact","2586 BREANNA PL, REYNOLDSBURG, OH, 43068","-82.809189576606,39.929606855189","624754538","L"
"1594","270 S Grant Ave, Columbus, OH, 43215","Match","Exact","270 S GRANT AVE, COLUMBUS, OH, 43215","-82.989866317712,39.957461531891","218649185","L"
"1593","500 E Main St #310, Columbus, OH, 43215","Match","Exact","500 E MAIN ST, COLUMBUS, OH, 43215","-82.986453762547,39.957699580618","135579960","L"
"1592","415 E Broad St Ste 101, Columbus, OH, 43215","Match","Exact","415 E BROAD ST, COLUMBUS, OH, 43215","-82.989611016103,39.96342850348","135579181","R"
"1591","588 E Rich St, Columbus, OH, 43215","Match","Exact","588 E RICH ST, COLUMBUS, OH, 43215","-82.984745568791,39.95925266194","642841136","L"
"1590","83 N High St, Columbus, OH, 43215","Match","Exact","83 N HIGH ST, COLUMBUS, OH, 43215","-83.000956942211,39.963454852388","135576049","L"
"1589","267 S 3rd St, Columbus, OH, 43215","Match","Exact","267 S 3RD ST, COLUMBUS, OH, 43215","-82.996973155586,39.957005588927","135576718","R"
"1588","59 Spruce St, Columbus, OH, 43215","Match","Exact","59 SPRUCE ST, COLUMBUS, OH, 43215","-83.004460608056,39.972295443504","135575858","L"
"1587","201 S High St, Columbus, OH, 43215","Match","Exact","201 S HIGH ST, COLUMBUS, OH, 43215","-82.999881002603,39.957899149379","642841063","R"
"1586","30 S Young St, Columbus, OH, 43215","Match","Exact","30 S YOUNG ST, COLUMBUS, OH, 43215","-82.995133656389,39.961907195268","218649083","L"
"1585","154 N 3rd St, Columbus, OH, 43215","Match","Exact","154 N 3RD ST, COLUMBUS, OH, 43215","-82.998467182658,39.96545132836","135576043","R"
"1584","26 N High St Rear, Columbus, OH, 43215","Match","Exact","26 N HIGH ST, COLUMBUS, OH, 43215","-83.000718478615,39.963009425393","135576049","R"
"1599","174 E Long St, Columbus, OH, 43215","Match","Exact","174 E LONG ST, COLUMBUS, OH, 43215","-82.996465013974,39.965538845402","135576086","L"
"1598","415 E Main St, Columbus, OH, 43215","Match","Exact","415 E MAIN ST, COLUMBUS, OH, 43215","-82.988160367884,39.957378577996","218649280","R"
"1597","117 N High St, Columbus, OH, 43215","Match","Exact","117 N HIGH ST, COLUMBUS, OH, 43215","-83.001264247599,39.965047642737","647771067","L"
"1596","33 N Grant Ave, Columbus, OH, 43215","Match","Exact","33 N GRANT AVE, COLUMBUS, OH, 43215","-82.991228000161,39.963807313883","135579170","L"
"1595","400 N High St, Columbus, OH, 43215","Match","Exact","400 N HIGH ST, COLUMBUS, OH, 43215","-83.001968151939,39.969468181386","135575900","R"
"3310","213 Court St, Brooklyn, NY, ","Match","Exact","213 COURT ST, BROOKLYN, NY, 11201","-73.993689117459,40.686793010412","59075229","L"
"3307","349 Bergen St, Brooklyn, NY, ","Match","Exact","349 BERGEN ST, BROOKLYN, NY, 11217","-73.979639436544,40.682561967726","59077598","L"
"3306","251 Huron St, Brooklyn, NY, ","Match","Exact","251 HURON ST, BROOKLYN, NY, 11222","-73.951331020578,40.733412972635","641033136","L"
"3305","20 Jay St, Brooklyn, NY, ","Match","Exact","20 JAY ST, BROOKLYN, NY, 11201","-73.986650024322,40.704195149492","59075104","R"
"3304","1 Main St apt 1, Brooklyn, NY, ","Match","Exact","1 MAIN ST, BROOKLYN, NY, 11201","-73.99060450466,40.703848588193","59074960","L"
"3303","923 Livonia Ave, Brooklyn, NY, ","Match","Exact","923 LIVONIA AVE, BROOKLYN, NY, 11207","-73.883125170063,40.666443794136","642653914","L"
"3302","447 Avenue P, Brooklyn, NY, ","Match","Exact","447 AVE P, BROOKLYN, NY, 11223","-73.970980996459,40.609101827151","59089539","L"
"3301","3080 Fulton St, Brooklyn, NY, ","Match","Exact","3080 FULTON ST, BROOKLYN, NY, 11208","-73.881265628719,40.680957756446","59084470","R"
"700","2320 S. Bristol, Santa Ana, CA, ","Match","Non_Exact","2320 S BRISTOL ST, SANTA ANA, CA, 92704","-117.885421926132,33.715840573123","144043512","R"
"3300","1079 Utica Ave, Brooklyn, NY, ","Match","Exact","1079 UTICA AVE, BROOKLYN, NY, 11203","-73.929747835574,40.64653361414","59085737","L"
"701","7044 N. Topanga Cyn Blvd., Canoga Park, CA, ","Match","Non_Exact","7044 TOPANGA CANYON BLVD, CANOGA PARK, CA, 91303","-118.605772502884,34.198198357317","141534534","R"
"702","2116 W. 7th St., Los Angeles, CA, ","Match","Exact","2116 W 7TH ST, LOS ANGELES, CA, 90057","-118.277071328198,34.05650501386","141605446","L"
"703","5980 Pacific Blvd., Huntington Park, CA, ","Match","Exact","5980 PACIFIC BLVD, HUNTINGTON PARK, CA, 90255","-118.225117186738,33.987613202379","241243794","L"
"704","3540 W. Century Blvd., Inglewood, CA, ","Match","Exact","3540 W CENTURY BLVD, INGLEWOOD, CA, 90303","-118.333724877764,33.945417865176","657291076","L"
"705","9000 Sepulveda Blvd., North Hills, CA, ","Match","Exact","9000 SEPULVEDA BLVD, NORTH HILLS, CA, 91343","-118.467440285806,34.233730906131","141548961","R"
"706","8618 S. Garfield Ave., South Gate, CA, ","Match","Non_Exact","8618 GARFIELD AVE, SOUTH GATE, CA, 90280","-118.163988792034,33.95287641367","241250932","L"
"707","7249 Van Nuys Blvd., Van Nuys, CA, ","Match","Exact","7249 VAN NUYS BLVD, VAN NUYS, CA, 91405","-118.448827541755,34.202088165663","141550207","L"
"3309","497 Eastern Pkwy, Brooklyn, NY, ","Match","Exact","497 EASTERN PKWY, BROOKLYN, NY, 11216","-73.951799024693,40.670203949708","640852983","R"
"708","16606 Hawthorne Blvd., Lawndale, CA, 16606","Match","Non_Exact","16606 HAWTHORNE BLVD, LAWNDALE, CA, 90260","-118.352285794679,33.880057154543","141663266","L"
"3308","117 14th St, Brooklyn, NY, ","Match","Exact","117 14TH ST, BROOKLYN, NY, 11215","-73.993736032002,40.66862113619","59075597","L"
"709","1477 N. Azusa Ave., Covina, CA, ","Match","Exact","1477 N AZUSA AVE, COVINA, CA, 91722","-117.907722986807,34.10649107467","141709515","L"
"3321","1343 Greene Ave, Brooklyn, NY, ","Match","Exact","1343 GREENE AVE, BROOKLYN, NY, 11237","-73.918110736852,40.699586610659","59082927","L"
"3320","751 Linden Blvd, Brooklyn, NY, ","Match","Exact","751 LINDEN BLVD, BROOKLYN, NY, 11203","-73.930377109836,40.653873302926","59083563","L"
"3318","225 Montauk Ave, Brooklyn, NY, ","Match","Exact","225 MONTAUK AVE, BROOKLYN, NY, 11208","-73.877734091829,40.673606750423","59085526","L"
"3317","452 Alabama Ave, Brooklyn, NY, ","Match","Exact","452 ALABAMA AVE, BROOKLYN, NY, 11207","-73.897049538297,40.66485558393","59084716","R"
"3316","755 Flatbush Ave, Brooklyn, NY, ","Match","Exact","755 FLATBUSH AVE, BROOKLYN, NY, 11226","-73.959535197599,40.65440615072","59078570","L"
"3315","240 Cozine Ave, Brooklyn, NY, ","Match","Exact","240 COZINE AVE, BROOKLYN, NY, 11207","-73.882973388169,40.655948286506","59085399","R"
"3314","155 Water St, Brooklyn, NY, ","No_Match"
"3313","1646 Remsen Ave, Brooklyn, NY, ","Match","Exact","1646 REMSEN AVE, BROOKLYN, NY, 11236","-73.896664508846,40.631784548053","59086934","R"
"710","30 E. Orangethorpe Ave., Anaheim, CA, ","Match","Exact","30 E ORANGETHORPE AVE, ANAHEIM, CA, 92801","-117.91925151331,33.859433455733","144022968","L"
"3312","32 Stuyvesant Ave 2nd floor, Brooklyn, NY, ","Match","Exact","32 STUYVESANT AVE, BROOKLYN, NY, 11221","-73.934604683098,40.695399873611","59079136","R"
"711","1105 N. Mountain Ave., Ontario, CA, ","Match","Exact","1105 N MOUNTAIN AVE, ONTARIO, CA, 91762","-117.670174582271,34.077991932063","144672139","L"
"3311","100 Linden Blvd, Brooklyn, NY, ","Match","Exact","100 LINDEN BLVD, BROOKLYN, NY, 11226","-73.955110827924,40.652303005084","650074270","R"
"712","8149 Mission Blvd., Jurupa Valley, CA, ","Match","Exact","8149 MISSION BLVD, JURUPA VALLEY, CA, 92509","-117.461255750064,34.011871400107","194733148","R"
"713","9045 Rosecrans Blvd., Bellflower, CA, ","Match","Non_Exact","9045 ROSECRANS AVE, BELLFLOWER, CA, 90706","-118.14118492566,33.903899062104","142773619","L"
"714","11255 Long Beach Blvd., Lynwood, CA, 11255","Match","Non_Exact","11255 LONG BEACH BLVD, LYNWOOD, CA, 90262","-118.211037967353,33.928979839574","141677796","R"
"715","11089 Magnolia Ave., Riverside, CA, 11089","Match","Non_Exact","11089 MAGNOLIA AVE, RIVERSIDE, CA, 92505","-117.476065230777,33.903649047998","194737560","R"
"716","17010 Sierra Lakes Parkway, Fontana, CA, 17010","No_Match"
"717","10511 Beach Blvd., Stanton, CA, 10511","Match","Non_Exact","10511 BEACH BLVD, STANTON, CA, 90680","-117.993337372991,33.809958993729","609054328","L"
"718","10960 Sherman Way, Burbank, CA, 10960","Match","Non_Exact","10960 SHERMAN WAY, BURBANK, CA, 91505","-118.369403625798,34.201142026601","141591222","L"
"719","11633 Santa Monica Blvd., Los Angeles, CA, 11633","Match","Non_Exact","11633 SANTA MONICA BLVD, LOS ANGELES, CA, 90025","-118.454786739022,34.044372681976","141568464","R"
"3319","33 35th St Suite A404, Brooklyn, NY, ","Match","Exact","33 35TH ST, BROOKLYN, NY, 11232","-74.007623076145,40.657243560556","59099517","L"
"2001","6007 Legacy Drive, Plano, TX, 75024","Match","Exact","6007 LEGACY DR, PLANO, TX, 75024","-96.826901634856,33.078130764108","650658021","R"
"3332","302 Marcus Garvey Blvd, Brooklyn, NY, ","Match","Exact","302 MARCUS GARVEY BLVD, BROOKLYN, NY, 11221","-73.938954970882,40.687196939497","59079197","R"
"2000","4144 N Central Expressway, #700, Dallas, TX, 75204","Match","Exact","4144 N CENTRAL EXPY, DALLAS, TX, 75204","-96.789660850728,32.814254903388","103262379","R"
"3331","310 Nostrand Ave, Brooklyn, NY, ","Match","Exact","310 NOSTRAND AVE, BROOKLYN, NY, 11216","-73.951406108809,40.689183803647","634254965","R"
"3330","130 Clymer St, Brooklyn, NY, ","Match","Exact","130 CLYMER ST, BROOKLYN, NY, 11249","-73.964063036078,40.706204830026","59099597","R"
"3329","58 S 6th St, Brooklyn, NY, ","Match","Exact","58 S 6TH ST, BROOKLYN, NY, 11249","-73.966406871443,40.711298918747","59076001","R"
"3328","71 5th Ave, Brooklyn, NY, ","Match","Exact","71 5TH AVE, BROOKLYN, NY, 11217","-73.977589481402,40.680528631226","59077636","L"
"3327","31 Garden Pl, Brooklyn, NY, ","Match","Exact","31 GARDEN PL, BROOKLYN, NY, 11201","-73.996108309247,40.692752547956","59074999","L"
"3326","2118-2126 Ford St, Brooklyn, NY, ","Match","Non_Exact","2126 FORD ST, BROOKLYN, NY, 11229","-73.938076032791,40.60024515425","59092032","R"
"3325","315 E 37th St, Brooklyn, NY, ","Match","Exact","315 E 37TH ST, BROOKLYN, NY, 11203","-73.942657792905,40.650281475274","59081809","L"
"720","26755 Verdugo St., San Juan Capistrano, CA, 26755","Match","Non_Exact","26755 VERDUGO ST, SAN JUAN CAPISTRANO, CA, 92675","-117.66316928049,33.501421573701","144072395","L"
"3324","1530 Pennsylvania Ave, Brooklyn, NY, ","No_Match"
"721","3500 N. Broadway, Los Angeles, CA, ","Match","Exact","3500 N BROADWAY, LOS ANGELES, CA, 90031","-118.203829373871,34.073749917532","141622151","R"
"3323","1076 Rutland Rd, Brooklyn, NY, ","Match","Exact","1076 RUTLAND RD, BROOKLYN, NY, 11212","-73.924193839235,40.664016597953","59083597","R"
"722","2508 Las Posas Rd., Camarillo, CA, ","Match","Exact","2508 LAS POSAS RD, CAMARILLO, CA, 93010","-119.036282125848,34.237114767769","110084579","R"
"3322","355 Utica Ave, Brooklyn, NY, ","Match","Exact","355 UTICA AVE, BROOKLYN, NY, 11213","-73.931323447067,40.665906521919","59083347","L"
"723","401 Lincoln Blvd., Venice, CA, ","Match","Exact","401 LINCOLN BLVD, VENICE, CA, 90291","-118.466666326016,34.000701711083","141569089","R"
"724","17213 Yukon Ave. A, Torrance, CA, 17213","Match","Non_Exact","17213 YUKON AVE, TORRANCE, CA, 90504","-118.335186643739,33.874300178917","142755987","R"
"725","203 S. Rosemead Avenue, Pasadena, CA, ","Match","Non_Exact","203 S ROSEMEAD BLVD, PASADENA, CA, 91107","-118.073418169439,34.142788870577","141634417","R"
"726","5490 Lincoln Av, Cypress, CA, ","Match","Exact","5490 LINCOLN AVE, CYPRESS, CA, 90630","-118.037223049743,33.831596753909","609053352","R"
"727","4350 Avalon Blvd., Los Angeles, CA, ","Match","Exact","4350 AVALON BLVD, LOS ANGELES, CA, 90011","-118.265165415007,34.004737090381","141619905","L"
"728","8711 Long Beach Blvd., Long Beach, CA, ","No_Match"
"729","20900 Pioneer Blvd., Lakewood, CA, 20900","Match","Non_Exact","20900 N PIONEER BLVD, LAKEWOOD, CA, 90715","-118.081844046752,33.839578560043","141746178","L"
"2012","2403 Flora Street, Suite 500, Dallas, TX, 75201","Match","Exact","2403 FLORA ST, DALLAS, TX, 75201","-96.797685256856,32.789884734691","102909894","L"
"3343","10516 Flatlands 5th St, Brooklyn, NY, 10516","Match","Non_Exact","10516 FLATLANDS 5TH ST, BROOKLYN, NY, 11236","-73.888146605037,40.642263073615","59087064","R"
"2011","1409 Botham Jean Boulevard, Suite 237, Dallas, TX, 75215","No_Match"
"3342","417 Newport St, Brooklyn, NY, ","Match","Exact","417 NEWPORT ST, BROOKLYN, NY, 11207","-73.899200734434,40.660858336831","59084866","L"
"2010","9540 Garland Road, Suite 381-133, Dallas, TX, 75218","Match","Exact","9540 GARLAND RD, DALLAS, TX, 75218","-96.7012353429,32.834411857007","103269054","L"
"3341","409 Lewis Ave, Brooklyn, NY, ","Match","Exact","409 LEWIS AVE, BROOKLYN, NY, 11233","-73.934729601494,40.681748761458","59079306","L"
"3340","469 Dekalb Ave, Brooklyn, NY, ","Match","Exact","469 DEKALB AVE, BROOKLYN, NY, 11205","-73.958349609861,40.690631909925","59078770","L"
"2009","2840 Bryan Avenue, Fort Worth, TX, 76104","Match","Exact","2840 BRYAN AVE, FORT WORTH, TX, 76104","-97.325343390925,32.710555887601","101891975","R"
"2008","8330 Lyndon B Johnson Freeway, Suite B1170, Dallas, TX, 75243","No_Match"
"3339","459 New Lots Ave, Brooklyn, NY, ","Match","Exact","459 NEW LOTS AVE, BROOKLYN, NY, 11207","-73.890781122837,40.662922214629","59085253","L"
"2007","4152 Cole Avenue, Suite 103, Dallas, TX, 75204","Match","Exact","4152 COLE AVE, DALLAS, TX, 75204","-96.792908100586,32.81557504547","102910359","R"
"3338","2250 Emmons Ave, Brooklyn, NY, ","No_Match"
"2006","4311 Oak Lawn Avenue, Suite 510, Dallas, TX, 75219","Match","Exact","4311 OAK LAWN AVE, DALLAS, TX, 75219","-96.80241883513,32.820819374326","102906974","L"
"3337","32 Court St Suite 904, Brooklyn, NY, ","Match","Exact","32 COURT ST, BROOKLYN, NY, 11201","-73.990823742478,40.693017044907","59075037","R"
"730","4140 City Terrace Dr., Los Angeles, CA, ","Match","Non_Exact","4140 E CITY TERRACE DR, LOS ANGELES, CA, 90063","-118.176364618966,34.056183294963","141624013","R"
"2005","2540 Meacham Boulevard, Fort Worth, TX, 76106","Match","Exact","2540 MEACHAM BLVD, FORT WORTH, TX, 76106","-97.321114693907,32.824448981337","102141105","R"
"3336","44 Court St #1217, Brooklyn, NY, ","Match","Exact","44 COURT ST, BROOKLYN, NY, 11201","-73.991018506795,40.692620433942","59075037","R"
"731","2590 Glendale Blvd., Los Angeles, CA, ","Match","Exact","2590 GLENDALE BLVD, LOS ANGELES, CA, 90039","-118.259409130186,34.104928831874","141610808","R"
"2004","811 Pemberton Hill Road, Building 2, Dallas, TX, 75217","Match","Exact","811 PEMBERTON HILL RD, DALLAS, TX, 75217","-96.717814820267,32.722408118758","102956586","L"
"3335","155 Water St, Brooklyn, NY, ","No_Match"
"732","13131 Crossroads Parkway So., City of Industry, CA, 13131","Match","Non_Exact","13131 CROSSROADS PKWY S, CITY OF INDUSTRY, CA, 91746","-118.01139896114,34.031100010796","142838754","L"
"2003","3912 Cedar Springs Road, Dallas, TX, 75219","Match","Exact","3912 CEDAR SPRINGS RD, DALLAS, TX, 75219","-96.810411928555,32.810452179793","102908514","R"
"3334","Vanderbilt Plaza, 34 Plaza St E, Brooklyn, NY, ","Match","Non_Exact","34 PLAZA ST E, BROOKLYN, NY, 11238","-73.96927095298,40.675151701793","59078393","L"
"733","2309 S. Alma St., San Pedro, CA, ","Match","Exact","2309 S ALMA ST, SAN PEDRO, CA, 90731","-118.299085821636,33.723251274505","141690419","R"
"2002","3500 Oak Lawn Avenue, Suite 200, Dallas, TX, 75219","Match","Exact","3500 OAK LAWN AVE, DALLAS, TX, 75219","-96.805421569738,32.811932169152","102908859","R"
"3333","921 E 86th St, Brooklyn, NY, ","Match","Exact","921 E 86TH ST, BROOKLYN, NY, 11236","-73.908418447627,40.638021812848","59086467","L"
"734","989 S. Glendora Ave., West Covina, CA, ","Match","Exact","989 S GLENDORA AVE, WEST COVINA, CA, 91790","-117.935684006236,34.058016000202","640417457","R"
"735","520 W. Whittier Blvd., Montebello, CA, ","Match","Non_Exact","520 WHITTIER BLVD, MONTEBELLO, CA, 90640","-118.105226098732,34.009494024804","141642350","R"
"736","8443 Haven Ave., Rancho Cucamonga, CA, ","Match","Exact","8443 HAVEN AVE, RANCHO CUCAMONGA, CA, 91730","-117.575748507081,34.100328428013","144636255","L"
"737","12504 Whittier Blvd., Whittier, CA, 12504","Match","Non_Exact","12504 WHITTIER BLVD, WHITTIER, CA, 90602","-118.04415593403,33.970999059594","142797023","R"
"738","2056 Hillhurst Ave., Los Angeles, CA, ","Match","Exact","2056 HILLHURST AVE, LOS ANGELES, CA, 90027","-118.287356866608,34.109133396223","141597571","R"
"739","1075 S. Fair Oaks Ave., Pasadena, CA, ","Match","Exact","1075 S FAIR OAKS AVE, PASADENA, CA, 91105","-118.150372234063,34.127363656299","142689411","R"
"2023","324 E Belt Line Rd, DeSoto, TX, 75115","Match","Exact","324 E BELT LINE RD, DESOTO, TX, 75115","-96.852030260749,32.589669263926","102953853","R"
"3354","232 Varet St, Brooklyn, NY, ","Match","Exact","232 VARET ST, BROOKLYN, NY, 11206","-73.934484565832,40.70393156038","59079076","R"
"2022","3146 Cedar Crest Blvd, Dallas, TX, 75203","No_Match"
"3353","1739 Troy Ave, Brooklyn, NY, ","Match","Exact","1739 TROY AVE, BROOKLYN, NY, 11234","-73.933773810611,40.629736168384","652209953","L"
"2021","1499 Regal Row #101, Dallas, TX, 75247","Match","Exact","1499 REGAL ROW, DALLAS, TX, 75247","-96.876723969605,32.835356117494","103201738","L"
"3352","97 N 10th St, Brooklyn, NY, ","Match","Exact","97 N 10TH ST, BROOKLYN, NY, 11249","-73.958104474892,40.720919729529","59075947","L"
"2020","17250 Dallas Parkway, Dallas, TX, 17250","Match","Non_Exact","17250 DALLAS PKWY, DALLAS, TX, 75248","-96.828272808639,32.984915281236","103274520","L"
"3351","884 New Lots Ave, Brooklyn, NY, ","Match","Exact","884 NEW LOTS AVE, BROOKLYN, NY, 11208","-73.878276803204,40.668215685741","59085615","R"
"3350","2076 Flatbush Ave 2nd Floor, Brooklyn, NY, ","Match","Exact","2076 FLATBUSH AVE, BROOKLYN, NY, 11234","-73.933271925478,40.61924044548","59090409","R"
"2019","4210 Holland Avenue, Suite 107, Dallas, TX, 75219","Match","Exact","4210 HOLLAND AVE, DALLAS, TX, 75219","-96.808281749284,32.817472912539","102908477","R"
"2018","2899 West Pioneer Parkway, Suite B, Pantego, TX, 76013","No_Match"
"3349","32 Newkirk Plaza, Brooklyn, NY, ","Match","Exact","32 NEWKIRK PLZ, BROOKLYN, NY, 11226","-73.962658112242,40.635364630544","59100564","L"
"740","5234 Valley Blvd., Los Angeles, CA, ","Match","Exact","5234 VALLEY BLVD, LOS ANGELES, CA, 90032","-118.170044321386,34.073515765289","141635320","R"
"2017","17304 Preston Road, Suite 847, Dallas, TX, 17304","Match","Non_Exact","17304 PRESTON RD, DALLAS, TX, 75252","-96.803103829427,32.987046344992","210469693","R"
"3348","32 Court St Suite 904, Brooklyn, NY, ","Match","Exact","32 COURT ST, BROOKLYN, NY, 11201","-73.990823742478,40.693017044907","59075037","R"
"741","730 Long Beach Blvd, Long Beach, CA, ","Match","Exact","730 LONG BEACH BLVD, LONG BEACH, CA, 90813","-118.189299230584,33.775966454372","141694164","R"
"2016","12500 TI Boulevard, Dallas, TX, 12500","No_Match"
"3347","1112 Fulton Street, Brooklyn, NY, ","Match","Exact","1112 FULTON ST, BROOKLYN, NY, 11238","-73.956458726366,40.681240430219","59078824","R"
"742","2121 Rosecrans Ave, El Segundo, CA, ","Match","Exact","2121 ROSECRANS AVE, EL SEGUNDO, CA, 90245","-118.387939510891,33.901930550489","640416873","L"
"2015","1999 West Airport Freeway, Irving, TX, 75062","Match","Exact","1999 W AIRPORT FWY, IRVING, TX, 75062","-96.970124757355,32.837619065783","658511607","R"
"3346","90 Henry St, Brooklyn, NY, ","Match","Exact","90 HENRY ST, BROOKLYN, NY, 11201","-73.992706915534,40.698271778716","59074970","R"
"743","7901 Edinger Ave, Huntington Beach, CA, ","Match","Exact","7901 EDINGER AVE, HUNTINGTON BEACH, CA, 92647","-117.991024781294,33.730333461458","609059194","L"
"2014","3614 Greenville Avenue, Dallas, TX, 75206","Match","Exact","3614 GREENVILLE AVE, DALLAS, TX, 75206","-96.770092291753,32.83181103961","102908180","R"
"3345","368a Decatur St, Brooklyn, NY, ","Match","Non_Exact","368A DECATUR ST, BROOKLYN, NY, 11233","-73.928779129713,40.681923607052","59082801","R"
"744","623 Spectrum Center Drive, Irvine, CA, ","No_Match"
"2013","4428 Lemmon Avenue, Dallas, TX, 75219","Match","Exact","4428 LEMMON AVE, DALLAS, TX, 75219","-96.812820013829,32.818333024008","102908376","R"
"3344","12 Park St, Brooklyn, NY, ","Match","Exact","12 PARK ST, BROOKLYN, NY, 11206","-73.938681882775,40.699165157041","59079045","R"
"745","800 S. Figueroa, Los Angeles, CA, ","Match","Non_Exact","800 S FIGUEROA ST, LOS ANGELES, CA, 90017","-118.261167470636,34.047877818736","141618894","L"
"746","234 E. Colorado Blvd., Pasadena, CA, ","Match","Exact","234 E COLORADO BLVD, PASADENA, CA, 91101","-118.144109691025,34.145767766868","141630576","R"
"747","2250 Thousand Oaks Blvd, Thousand Oaks, CA, ","Match","Non_Exact","2250 E THOUSAND OAKS BLVD, THOUSAND OAKS, CA, 91362","-118.845443383917,34.174672340622","645645594","R"
"748","6263 Topanga Canyon Blvd, Ste. 100, Woodland Hills, CA, ","Match","Non_Exact","6263 N TOPANGA CANYON BLVD, WOODLAND HILLS, CA, 91367","-118.606037867117,34.184135732237","241188598","L"
"749","2225 W Rosecrans Ave, Gardena, CA, ","Match","Exact","2225 W ROSECRANS AVE, GARDENA, CA, 90249","-118.318094906839,33.901984388222","241242881","R"
"2034","4928 Hamlet Ct, Lithonia, GA, 30038","Match","Exact","4928 HAMLET CT, LITHONIA, GA, 30038","-84.188547720866,33.697885259593","23373052","L"
"3365","1 Troy Ave, Brooklyn, NY, ","Match","Exact","1 TROY AVE, BROOKLYN, NY, 11213","-73.934858348178,40.67951544109","59079313","L"
"2033","5336 Kelleys Creek Dr, Stone Mountain, GA, 30088","Match","Exact","5336 KELLEYS CREEK DR, STONE MOUNTAIN, GA, 30088","-84.171410156533,33.746088802114","23384107","L"
"3364","55 Water St, Brooklyn, NY, ","Match","Exact","55 WATER ST, BROOKLYN, NY, 11201","-73.992190883996,40.703349371692","59074937","L"
"2032","922 Hwy 81E Suite 135, McDonough, GA, 30252","Match","Non_Exact","922 STATE RTE 81, MCDONOUGH, GA, 30252","-84.121022726501,33.438743574311","638988761","L"
"3363","814 64th St, Brooklyn, NY, ","Match","Exact","814 64TH ST, BROOKLYN, NY, 11220","-74.011597881527,40.632976158636","59094655","R"
"2031","8318 Durelee Ln, Douglasville, GA, 30134","Match","Non_Exact","8318 DURALEE LN, DOUGLASVILLE, GA, 30134","-84.72614747854,33.753325963891","635882768","L"
"3362","67 West St, Brooklyn, NY, ","Match","Exact","67 WEST ST, BROOKLYN, NY, 11222","-73.959161585779,40.728754092406","59075909","L"
"2030","2774 Cobb Parkway NW STE 109-219, Kennesaw, GA, 30144","Match","Non_Exact","2774 COBB PKWY NW, KENNESAW, GA, 30152","-84.625654705908,34.022335305694","17256390","R"
"3361","147 Prince St, Brooklyn, NY, ","No_Match"
"3360","147 Prince St, Brooklyn, NY, ","No_Match"
"750","421 N Rodeo Dr, Beverly Hills, CA, ","Match","Exact","421 N RODEO DR, BEVERLY HILLS, CA, 90210","-118.403403578236,34.069591571872","141571548","L"
"2029","1115 Mt Zion Rd Ste I, Morrow, GA, 30260","Match","Non_Exact","1115 MOUNT ZION RD, MORROW, GA, 30260","-84.353050033834,33.571717344313","640611683","R"
"751","708 Spectrum Center Dr Suite 708, Irvine, CA, ","No_Match"
"2028","10105 Westside Parkway Suite 110, Alpharetta, GA, 10105","Match","Non_Exact","10105 WESTSIDE PKWY, ALPHARETTA, GA, 30009","-84.30499183858,34.048385077072","642628513","L"
"3359","1837 Coney Island Ave, Brooklyn, NY, ","Match","Exact","1837 CONEY ISLAND AVE, BROOKLYN, NY, 11230","-73.962794129721,40.612610643566","59089702","L"
"752","1253 N Vine St. #3, Los Angeles, CA, ","Match","Non_Exact","1253 VINE ST, LOS ANGELES, CA, 90038","-118.326706482831,34.093776260614","141599833","L"
"2027","5100 Lemmon Ave, Dallas, TX, 75209","Match","Exact","5100 LEMMON AVE, DALLAS, TX, 75209","-96.819857062605,32.824317258736","102904027","R"
"3358","291 Nevins St, Brooklyn, NY, ","Match","Exact","291 NEVINS ST, BROOKLYN, NY, 11217","-73.987255063472,40.679180309546","642654321","L"
"753","1524 Sunset Blvd, Los Angeles, CA, ","Match","Non_Exact","1524 W SUNSET BLVD, LOS ANGELES, CA, 90026","-118.256023576689,34.076122462019","141616303","L"
"2026","1602 Martin Luther King Jr Blvd, Dallas, TX, 75215","Match","Exact","1602 MARTIN LUTHER KING JR BLVD, DALLAS, TX, 75215","-96.778029470029,32.760759457203","102950465","R"
"3357","1116 Avenue U, Brooklyn, NY, ","Match","Exact","1116 AVE U, BROOKLYN, NY, 11223","-73.960598403373,40.598312927744","59091010","R"
"754","2300 Harbor Blvd, Costa Mesa, CA, ","Match","Exact","2300 HARBOR BLVD, COSTA MESA, CA, 92626","-117.918965303269,33.656247269861","658053621","R"
"2025","5209 S Lamar St, Dallas, TX, 75215","No_Match"
"3356","550 DeKalb Ave, Brooklyn, NY, ","Match","Exact","550 DEKALB AVE, BROOKLYN, NY, 11205","-73.954529027401,40.690951550811","59078797","R"
"755","1254 S Figueroa St (8th floor), Los Angeles, CA, ","Match","Exact","1254 S FIGUEROA ST, LOS ANGELES, CA, 90015","-118.267424778177,34.041193331302","654520190","L"
"2024","3115 S Lancaster Rd, Dallas, TX, 75216","Match","Exact","3115 S LANCASTER RD, DALLAS, TX, 75216","-96.80289424598,32.709456572973","102951309","R"
"3355","1614 Fulton St, Brooklyn, NY, ","Match","Exact","1614 FULTON ST, BROOKLYN, NY, 11213","-73.936008264038,40.679599041735","59098413","R"
"756","2042 Marengo St, Los Angeles, CA, ","Match","Exact","2042 MARENGO ST, LOS ANGELES, CA, 90033","-118.206934368347,34.056354168851","141622742","R"
"757","8967 Washington Blvd, Pico Rivera, CA, ","Match","Non_Exact","8967 E WASHINGTON BLVD, PICO RIVERA, CA, 90660","-118.097552738743,33.983460752442","142792669","L"
"758","16533 Whittier Blvd, Whittier, CA, 16533","Match","Non_Exact","16533 WHITTIER BLVD, WHITTIER, CA, 90603","-117.977781959258,33.940048019907","657172650","L"
"759","11042 Rosecrans Ave, Norwalk, CA, 11042","Match","Non_Exact","11042 ROSECRANS AVE, NORWALK, CA, 90650","-118.098823923361,33.901974856829","241246648","R"
"2045","4153 Flat Shoals Pkwy Bldg B Ste 202, Decatur, GA, 30034","Match","Non_Exact","4153 FLAT SHOALS PKWY, DECATUR, GA, 30034","-84.255140704986,33.688652204027","655017292","R"
"2044","1425 Market Blvd, Roswell, GA, 30076","Match","Exact","1425 MARKET BLVD, ROSWELL, GA, 30076","-84.322337178128,34.018235512692","17384567","L"
"2043","3899 Flowers Road Suite 610-C, Doraville, GA, 30360","Match","Non_Exact","3899 FLOWERS RD, DORAVILLE, GA, 30360","-84.277601064456,33.906965547064","23357609","R"
"2042","160 Clairemont Avenue Suite 200, Decatur, GA, 30030","Match","Exact","160 CLAIREMONT AVE, DECATUR, GA, 30030","-84.296571577817,33.776996496452","23367094","L"
"2041","2795 Main Street West Suite 19-B, Snellville, GA, 30078","Match","Exact","2795 MAIN ST W, SNELLVILLE, GA, 30078","-84.029697937669,33.854862357489","638651730","L"
"2040","2133 Lawrenceville Suwanee Rd Ste 12-382, Suwanee, GA, 30024","Match","Exact","2133 LAWRENCEVILLE SUWANEE RD, SUWANEE, GA, 30024","-84.040240681368,34.00272441873","632655008","R"
"760","9131 Imperial Hwy, Downey, CA, ","Match","Exact","9131 IMPERIAL HWY, DOWNEY, CA, 90242","-118.133399238908,33.917101448476","241245036","L"
"761","510 N La Brea Ave, Inglewood, CA, ","Match","Exact","510 N LA BREA AVE, INGLEWOOD, CA, 90302","-118.355661704338,33.969069307478","141654365","R"
"762","5020 E 2nd St, Long Beach, CA, ","Match","Exact","5020 E 2ND ST, LONG BEACH, CA, 90803","-118.136462994578,33.760884114809","141702639","R"
"2039","1954 Airport Road, Chamblee, GA, 30341","Match","Exact","1954 AIRPORT RD, CHAMBLEE, GA, 30341","-84.307541281263,33.876574227666","23392650","L"
"763","3650 W Martin Luther King Jr Blvd, Suite 139, Los Angeles, CA, ","Match","Exact","3650 W MARTIN LUTHER KING JR BLVD, LOS ANGELES, CA, 90008","-118.336549661197,34.011474761671","142452295","L"
"2038","850 Paden Street Unit 8311, Woodstock, GA, 30188","Match","Exact","850 PADEN ST, WOODSTOCK, GA, 30188","-84.524729594983,34.099274045081","624767301","L"
"764","7360 N Clark St, Chicago, IL, ","Match","Exact","7360 N CLARK ST, CHICAGO, IL, 60626","-87.675119646167,42.015047751981","111745156","L"
"2037","25 Cole Lane, Acworth, GA, 30101","Match","Exact","25 COLE LN, ACWORTH, GA, 30101","-84.772665946465,34.0343738229","645832371","L"
"765","7047 N Clark St, Chicago, IL, ","Match","Exact","7047 N CLARK ST, CHICAGO, IL, 60626","-87.674182784792,42.010343693939","111745171","R"
"2036","1400 Veterans Memorial Hwy Suite 134 #431, Mableton, GA, 30126","Tie"
"3367","323 Scholes St, Brooklyn, NY, ","Match","Exact","323 SCHOLES ST, BROOKLYN, NY, 11206","-73.935268114817,40.709621073244","59077360","L"
"766","6619 N Clark St, Chicago, IL, ","Match","Exact","6619 N CLARK ST, CHICAGO, IL, 60626","-87.671980739142,42.002287557054","111745453","R"
"2035","5459 Old National Highway, College Park, GA, 30349","Match","Exact","5459 OLD NATIONAL HWY, COLLEGE PARK, GA, 30349","-84.471448874464,33.607144835109","17368653","R"
"3366","64 Henry St, Brooklyn, NY, ","Match","Exact","64 HENRY ST, BROOKLYN, NY, 11201","-73.992348756914,40.699001479217","59074969","R"
"767","1517 W Jarvis Ave, Chicago, IL, ","Match","Exact","1517 W JARVIS AVE, CHICAGO, IL, 60626","-87.669259630682,42.015964126504","644380582","L"
"768","1744 W Estes Ave, Chicago, IL, ","Match","Exact","1744 W ESTES AVE, CHICAGO, IL, 60626","-87.674144955601,42.01147342174","605265149","R"
"769","7022 N Clark St, Chicago, IL, ","Match","Exact","7022 N CLARK ST, CHICAGO, IL, 60626","-87.674195418726,42.00967468658","111745172","L"
"2056","30 Pintail Overlook, Covington, GA, 30014","Match","Exact","30 PINTAIL OVLK, COVINGTON, GA, 30014","-83.824835115824,33.562826943198","618466770","R"
"2055","611 Estuary Trail, Alpharetta, GA, 30005","Match","Exact","611 ESTUARY TRL, ALPHARETTA, GA, 30005","-84.22948373601,34.109023758327","646213415","L"
"2054","2369 Brianna Dr, Hampton, GA, 30228","Match","Exact","2369 BRIANNA DR, HAMPTON, GA, 30228","-84.320443495351,33.443819840519","640611703","R"
"2053","504 Fair St SW, Atlanta, GA, 30313","Match","Exact","504 FAIR ST SW, ATLANTA, GA, 30313","-84.403766924514,33.748734395101","618356421","L"
"2052","100 Galleria Pkwy SE Ste 1350, Atlanta, GA, 30339","Match","Non_Exact","100 GALLERIA PKWY, ATLANTA, GA, 30339","-84.465014511987,33.883026366763","17226423","L"
"2051","560 Hwy 138 SW, Jonesboro, GA, 30238","Match","Non_Exact","560 STATE RTE 138, JONESBORO, GA, 30238","-84.373755822776,33.535841747542","646628553","R"
"2050","1115 Mt Zion Road Suite 14, Morrow, GA, 30260","Match","Exact","1115 MOUNT ZION RD, MORROW, GA, 30260","-84.353050033834,33.571717344313","640611683","R"
"770","7001 N Clark St, Chicago, IL, ","Match","Exact","7001 N CLARK ST, CHICAGO, IL, 60626","-87.673898706655,42.009060990956","111745172","R"
"771","7124 N Clark St, Chicago, IL, ","Match","Exact","7124 N CLARK ST, CHICAGO, IL, 60626","-87.674565727681,42.011735937554","111745169","L"
"772","7027 N Clark St, Chicago, IL, ","Match","Exact","7027 N CLARK ST, CHICAGO, IL, 60626","-87.674061377406,42.009771720535","111745172","R"
"773","1418 W Morse Ave, Chicago, IL, ","Match","Exact","1418 W MORSE AVE, CHICAGO, IL, 60626","-87.666508986744,42.007954421914","111745434","R"
"774","1422 W Morse Ave, Chicago, IL, ","Match","Exact","1422 W MORSE AVE, CHICAGO, IL, 60626","-87.666574554509,42.007953370093","111745434","R"
"2049","4701 Irish Red Court, South Fulton, GA, 30291","Match","Non_Exact","4701 IRISH RED CT, UNION CITY, GA, 30291","-84.542493364288,33.547544429975","656444471","L"
"775","7109 N Clark St, Chicago, IL, ","Match","Exact","7109 N CLARK ST, CHICAGO, IL, 60626","-87.67438434618,42.01156935823","111745169","R"
"2048","6105 Stanton Place Lane, Acworth, GA, 30101","Match","Exact","6105 STANTON PLACE LN, ACWORTH, GA, 30101","-84.647776201883,34.069359055729","629555947","L"
"776","6955 N Clark St, Chicago, IL, ","Match","Exact","6955 N CLARK ST, CHICAGO, IL, 60626","-87.673749567189,42.008409429105","111745364","R"
"2047","270 Cobb Parkway South Suite 140 Unit 231, Marietta, GA, 30060","Match","Non_Exact","270 S COBB DR, MARIETTA, GA, 30060","-84.520281464832,33.927429267194","642410669","L"
"777","6649 N Clark St, Chicago, IL, ","Match","Exact","6649 N CLARK ST, CHICAGO, IL, 60626","-87.67218827669,42.002892469418","111745420","R"
"2046","4500 Hugh Howell Rd Suite 210, Tucker, GA, 30084","Match","Exact","4500 HUGH HOWELL RD, TUCKER, GA, 30084","-84.204459257794,33.849238425693","23363693","L"
"778","6963 N Clark St, Chicago, IL, ","Match","Exact","6963 N CLARK ST, CHICAGO, IL, 60626","-87.673772543026,42.00850737878","111745364","R"
"779","7355 N Clark St, Chicago, IL, ","Match","Exact","7355 N CLARK ST, CHICAGO, IL, 60626","-87.674945611234,42.014937871134","111745156","R"
"2067","2582 Heritage Lake Cove, Grayson, GA, 30017","Match","Exact","2582 HERITAGE LAKE COVE, GRAYSON, GA, 30017","-83.965367368839,33.88224413076","624794789","L"
"2066","1387 Haynes Meadow Trail, Grayson, GA, 30017","Match","Non_Exact","1387 HAYNES MEADOW TRL SW, GRAYSON, GA, 30017","-83.979183875105,33.869016233321","624794647","R"
"2065","135 Riverside Parkway, Austell, GA, 30168","Match","Exact","135 RIVERSIDE PKWY, AUSTELL, GA, 30168","-84.559028540909,33.771746672829","17202088","R"
"2064","1188 Misty Meadows Lane, Hampton, GA, 30228","Match","Exact","1188 MISTY MEADOWS LN, HAMPTON, GA, 30228","-84.354449884675,33.462864560402","644924245","L"
"2063","4340 N Henry Blvd Suite 260, Stockbridge, GA, 30281","Match","Exact","4340 N HENRY BLVD, STOCKBRIDGE, GA, 30281","-84.221613150321,33.543690474765","23214486","R"
"2062","5812 Tree Fern Ct SE, Mableton, GA, 30126","Match","Non_Exact","5812 TREE FERN WAY SE, MABLETON, GA, 30126","-84.526352089366,33.81309850862","648232921","R"
"2061","3895 Cherokee St Suite 620, Kennesaw, GA, 30144","No_Match"
"780","7605 N Paulina St, Chicago, IL, ","Match","Exact","7605 N PAULINA ST, CHICAGO, IL, 60626","-87.673028232384,42.019513218019","111745174","R"
"2060","2890 GA-212 A Suite 314, Conyers, GA, 30094","Match","Non_Exact","2890 STATE RTE 212, CONYERS, GA, 30094","-84.080241118204,33.618412538352","614160898","L"
"781","7043 N Clark St, Chicago, IL, ","Match","Exact","7043 N CLARK ST, CHICAGO, IL, 60626","-87.674169674008,42.010265029176","111745171","R"
"782","1416 W Morse Ave, Chicago, IL, ","Match","Exact","1416 W MORSE AVE, CHICAGO, IL, 60626","-87.666477120762,42.007954421912","111745434","R"
"783","7138 N Clark St, Chicago, IL, ","Match","Exact","7138 N CLARK ST, CHICAGO, IL, 60626","-87.674591939367,42.011893207786","111745169","L"
"784","7024 N Clark St, Chicago, IL, ","Match","Exact","7024 N CLARK ST, CHICAGO, IL, 60626","-87.67420871618,42.009732189116","111745172","L"
"785","6661 N Clark St, Chicago, IL, ","Match","Exact","6661 N CLARK ST, CHICAGO, IL, 60626","-87.672235877082,42.0030317877","111745420","R"
"786","6404 N Clark St, Chicago, IL, ","Match","Exact","6404 N CLARK ST, CHICAGO, IL, 60626","-87.670726660655,41.998170278822","616796884","L"
"2059","11770 Haynes Bridge Road Suite 205-214, Alpharetta, GA, 11770","Match","Non_Exact","11770 HAYNES BRIDGE RD, ALPHARETTA, GA, 30009","-84.293703829493,34.070085542031","642682565","R"
"787","6952 N Clark St, Chicago, IL, ","Match","Exact","6952 N CLARK ST, CHICAGO, IL, 60626","-87.673822861316,42.008054528618","111745364","L"
"2058","607 Main St, Palmetto, GA, 30268","Match","Exact","607 MAIN ST, PALMETTO, GA, 30268","-84.666552849462,33.521921066993","17330900","R"
"788","6983 N Clark St, Chicago, IL, ","Match","Exact","6983 N CLARK ST, CHICAGO, IL, 60626","-87.673829982617,42.008752252967","111745364","R"
"2057","6163 Reynolds Road Suite G, Morrow, GA, 30260","Match","Non_Exact","6163 REYNOLDS RD, MORROW, GA, 30260","-84.33950421786,33.588314810361","656405585","R"
"789","7115 N Clark St, Chicago, IL, ","Match","Exact","7115 N CLARK ST, CHICAGO, IL, 60626","-87.674394347446,42.011636866832","111745169","R"
"2070","300 Colonial Center Parkway Suite 100, Roswell, GA, 30076","No_Match"
"2078","5200 Dallas Hwy Suite 200 PMB 268, Powder Springs, GA, 30127","Match","Non_Exact","5200 DALLAS HWY, POWDER SPRINGS, GA, 30127","-84.703227983123,33.94055005288","17261711","L"
"2077","1163 W Peachtree Street NE Suite 200, Atlanta, GA, 30309","Match","Non_Exact","1163 W PEACHTREE ST NW, ATLANTA, GA, 30309","-84.387738910649,33.786610805874","17343436","R"
"2076","5800 Oakdale Rd SE, Mableton, GA, 30126","Match","Exact","5800 OAKDALE RD SE, MABLETON, GA, 30126","-84.504375756001,33.811940231509","628075596","R"
"2075","1005 Alderman Dr Ste 113, Alpharetta, GA, 30005","Match","Exact","1005 ALDERMAN DR, ALPHARETTA, GA, 30005","-84.245530689492,34.09906537176","642695822","R"
"2074","769 Old Roswell Rd Suite 316, Roswell, GA, 30076","Match","Exact","769 OLD ROSWELL RD, ROSWELL, GA, 30076","-84.337986651782,34.035336582839","17367890","R"
"2073","2255 Satellite Blvd e207, Duluth, GA, 30097","Match","Non_Exact","2255 SATELLITE BLVD, DULUTH, GA, 30097","-84.092834582869,33.981879663758","644928311","L"
"790","7104 N Clark St, Chicago, IL, ","Match","Exact","7104 N CLARK ST, CHICAGO, IL, 60626","-87.67453097831,42.011511814502","111745169","L"
"2072","157 Burke Street Suite 113, Stockbridge, GA, 30281","Match","Exact","157 BURKE ST, STOCKBRIDGE, GA, 30281","-84.23431046597,33.546728128065","23215156","R"
"791","6545 N Clark St, Chicago, IL, ","Match","Exact","6545 N CLARK ST, CHICAGO, IL, 60626","-87.671434326727,42.000728402441","111745456","R"
"2071","1123 Church Street Suite 103, Covington, GA, 30014","Match","Exact","1123 CHURCH ST, COVINGTON, GA, 30014","-83.859341332912,33.596299128115","656411831","R"
"792","6632 N Clark St, Chicago, IL, ","Match","Exact","6632 N CLARK ST, CHICAGO, IL, 60626","-87.672273367351,42.002678341155","111745420","L"
"793","6551 N Clark St, Chicago, IL, ","Match","Exact","6551 N CLARK ST, CHICAGO, IL, 60626","-87.671471527432,42.000832880766","111745456","R"
"794","6956 N Clark St, Chicago, IL, ","Match","Exact","6956 N CLARK ST, CHICAGO, IL, 60626","-87.673840687396,42.008130524056","111745364","L"
"795","6969 N Clark St, Chicago, IL, ","Match","Exact","6969 N CLARK ST, CHICAGO, IL, 60626","-87.673789774903,42.008580841036","111745364","R"
"796","1406 W Devon Ave, Chicago, IL, ","Match","Exact","1406 W DEVON AVE, CHICAGO, IL, 60660","-87.66608047749,41.998189423557","616788895","R"
"797","1416 W Devon Ave, Chicago, IL, ","Match","Exact","1416 W DEVON AVE, CHICAGO, IL, 60660","-87.666294443115,41.998185691847","616788724","R"
"798","6640 N Clark St, Chicago, IL, ","Match","Exact","6640 N CLARK ST, CHICAGO, IL, 60626","-87.672305826432,42.002771081427","111745420","L"
"2069","6 Concourse Parkway Suite 1650, Sandy Springs, GA, 30328","Match","Non_Exact","6 CONCOURSE PKWY NE, SANDY SPRINGS, GA, 30328","-84.350910174296,33.916417770801","17383031","L"
"799","1411 W Morse Ave, Chicago, IL, ","Match","Exact","1411 W MORSE AVE, CHICAGO, IL, 60626","-87.666317174673,42.00784402693","111745434","L"
"2068","2121 Windy Hill Rd, Marietta, GA, 30060","Match","Exact","2121 WINDY HILL RD, MARIETTA, GA, 30060","-84.489333309331,33.901893841171","649418810","L"
"2081","3707 Main St #30, College Park, GA, 30337","Match","Exact","3707 MAIN ST, COLLEGE PARK, GA, 30337","-84.449542643962,33.653927976708","17348425","R"
"2080","6450 Evans Drive Unit 701, Rex, GA, 30273","Match","Exact","6450 EVANS DR, REX, GA, 30273","-84.281995445773,33.57855378834","638128347","L"
"2089","1071 Cambridge Sq Ste D, Alpharetta, GA, 30009","Match","Non_Exact","1071 CAMBRIDGE SQ, ALPHARETTA, GA, 30009","-84.315288300129,34.067389974771","642705506","R"
"2088","1115 Mt Zion Rd Suite 13, Morrow, GA, 30260","Match","Exact","1115 MOUNT ZION RD, MORROW, GA, 30260","-84.353050033834,33.571717344313","640611683","R"
"2087","2054 Reserve Parkway, McDonough, GA, 30253","Match","Exact","2054 RESERVE PKWY, MCDONOUGH, GA, 30253","-84.183417371837,33.389810651387","619928348","L"
"2086","5784 Lake Forrest Drive Ste 236, Sandy Springs, GA, 30328","Match","Non_Exact","5784 LAKE FORREST DR NW, SANDY SPRINGS, GA, 30328","-84.387188677721,33.913337559809","17417291","L"
"2085","5825 Glenridge Drive Building 2 Suite 202, Atlanta, GA, 30328","Match","Non_Exact","5825 GLENRIDGE DR NE, ATLANTA, GA, 30328","-84.362234045978,33.914701488124","655020496","R"
"2084","779 Mimosa Way Suite 100, Jefferson, GA, 30549","Match","Exact","779 MIMOSA WAY, JEFFERSON, GA, 30549","-83.606940340954,34.117295553208","619601738","R"
"2083","4000 Dunwoody Park Suite 1210, Dunwoody, GA, 30338","Match","Exact","4000 DUNWOODY PARK, DUNWOODY, GA, 30338","-84.31113694609,33.925024988726","650105286","L"
"2082","1954 Airport Blvd Suite 126, Chamblee, GA, 30341","Match","Non_Exact","1954 AIRPORT RD, CHAMBLEE, GA, 30341","-84.307541281263,33.876574227666","23392650","L"
"2079","118 North Ave Ste K, Jonesboro, GA, 30236","Match","Non_Exact","118 NORTH AVE, JONESBORO, GA, 30236","-84.358377436963,33.53059597833","23316939","R"
"2092","2890 Georgia Hwy 212 Ste A216, Conyers, GA, 30094","Match","Exact","2890 STATE RTE 212, CONYERS, GA, 30094","-84.080241118204,33.618412538352","614160898","L"
"2091","1954 Airport Road Suite 125, Chamblee, GA, 30341","Match","Exact","1954 AIRPORT RD, CHAMBLEE, GA, 30341","-84.307541281263,33.876574227666","23392650","L"
"2090","2255 Sewell Mill Rd Ste 230, Marietta, GA, 30062","Match","Exact","2255 SEWELL MILL RD, MARIETTA, GA, 30062","-84.485582401801,33.974523086383","17248342","L"
"2099","239 Ponce De Leon Ave NE, Atlanta, GA, 30308","Match","Exact","239 PONCE DE LEON AVE NE, ATLANTA, GA, 30308","-84.379367530952,33.772534258017","17343789","R"
"2098","2260 Cascade Rd SW, Atlanta, GA, 30311","Match","Non_Exact","2260 CASCADE RD, ATLANTA, GA, 30311","-84.462697611144,33.722492027266","17340778","L"
"2097","25 Bennett St NW, Atlanta, GA, 30309","Match","Exact","25 BENNETT ST NW, ATLANTA, GA, 30309","-84.393633330691,33.81211835561","618349323","R"
"2096","4455 Lower Roswell Rd Unit 680486, Marietta, GA, 30068","Match","Exact","4455 LOWER ROSWELL RD, MARIETTA, GA, 30068","-84.42230366889,33.963499236807","17183988","L"
"2095","3011 Rainbow Drive, Decatur, GA, 30034","Match","Exact","3011 RAINBOW DR, DECATUR, GA, 30034","-84.266442939865,33.709672172897","23370727","R"
"2094","2398 Lenora Church Rd Suite 200, Snellville, GA, 30078","Match","Exact","2398 LENORA CHURCH RD, SNELLVILLE, GA, 30078","-84.019014944572,33.852859316485","642535873","L"
"2093","880 Holcomb Bridge Road Suite 150, Roswell, GA, 30076","Match","Exact","880 HOLCOMB BRIDGE RD, ROSWELL, GA, 30076","-84.335815348786,34.028905683221","17434499","L"
"2909","401A W Saratoga Street, Baltimore, MD, 21201","Match","Non_Exact","401A W SARATOGA ST, BALTIMORE, MD, 21201","-76.621237337963,39.292850525709","206418374","L"
"2900","23 N Howard Street, Baltimore, MD, 21201","Match","Exact","23 N HOWARD ST, BALTIMORE, MD, 21201","-76.619411199122,39.28945469463","206420493","R"
"2908","11 N Howard Street, Baltimore, MD, 21201","Match","Exact","11 N HOWARD ST, BALTIMORE, MD, 21201","-76.619424006466,39.289715110972","206420493","R"
"2907","323 N Paca Street, Baltimore, MD, 21201","Match","Exact","323 N PACA ST, BALTIMORE, MD, 21201","-76.62247134732,39.293083360869","206418332","R"
"2906","218 N Paca Street, Baltimore, MD, 21201","Match","Exact","218 N PACA ST, BALTIMORE, MD, 21201","-76.622535986042,39.291716652537","206465752","L"
"2905","321 Park Avenue, Baltimore, MD, 21201","Match","Exact","321 PARK AVE, BALTIMORE, MD, 21201","-76.618156981226,39.293672369371","206420475","R"
"2904","219 W Saratoga Street, Baltimore, MD, 21201","Match","Exact","219 W SARATOGA ST, BALTIMORE, MD, 21201","-76.618736908865,39.292872673807","206420463","L"
"2903","332 Park Avenue, Baltimore, MD, 21201","Match","Exact","332 PARK AVE, BALTIMORE, MD, 21201","-76.618304266418,39.293660116056","206420475","L"
"2902","221 N Howard Street, Baltimore, MD, 21201","Match","Exact","221 N HOWARD ST, BALTIMORE, MD, 21201","-76.619639481528,39.292404501733","206420462","R"
"2901","329 W Lexington Street, Baltimore, MD, 21201","Match","Exact","329 W LEXINGTON ST, BALTIMORE, MD, 21201","-76.620619648676,39.291508028328","206418384","L"
"2911","15 N Howard Street, Baltimore, MD, 21201","Match","Exact","15 N HOWARD ST, BALTIMORE, MD, 21201","-76.619429348566,39.289823733832","206420493","R"
"2910","209 W Saratoga Street, Baltimore, MD, 21201","Match","Exact","209 W SARATOGA ST, BALTIMORE, MD, 21201","-76.61845431657,39.292885894491","206420463","L"
"2919","215 W Saratoga Street, Baltimore, MD, 21201","Match","Exact","215 W SARATOGA ST, BALTIMORE, MD, 21201","-76.618623871947,39.292877962081","206420463","L"
"2918","234 N Eutaw Street, Baltimore, MD, 21201","Match","Exact","234 N EUTAW ST, BALTIMORE, MD, 21201","-76.621216235271,39.292456738275","657034208","L"
"2917","529 W Lexington Street, Baltimore, MD, 21201","Match","Exact","529 W LEXINGTON ST, BALTIMORE, MD, 21201","-76.623263036385,39.291344091737","206418313","L"
"2916","223 N Howard Street, Baltimore, MD, 21201","Match","Exact","223 N HOWARD ST, BALTIMORE, MD, 21201","-76.619639329888,39.292415571426","206420462","R"
"2915","521 W Lexington Street, Baltimore, MD, 21201","Match","Exact","521 W LEXINGTON ST, BALTIMORE, MD, 21201","-76.623206330333,39.291346892034","206418313","L"
"2914","204 W Fayette Street, Baltimore, MD, 21201","Match","Exact","204 W FAYETTE ST, BALTIMORE, MD, 21201","-76.618116686053,39.290553545545","206420500","R"
"2913","300 N Howard Street, Baltimore, MD, 21201","Match","Exact","300 N HOWARD ST, BALTIMORE, MD, 21201","-76.61978413453,39.292948750355","206420455","L"
"2912","232 N Eutaw Street, Baltimore, MD, 21201","Match","Exact","232 N EUTAW ST, BALTIMORE, MD, 21201","-76.621215497395,39.292444378829","657034208","L"
"2922","505 W Lexington Street, Baltimore, MD, 21201","Match","Exact","505 W LEXINGTON ST, BALTIMORE, MD, 21201","-76.622662220762,39.291363859396","206418362","L"
"2921","117 W Lexington Street, Baltimore, MD, 21201","Match","Exact","117 W LEXINGTON ST, BALTIMORE, MD, 21201","-76.617291564728,39.291608986834","206420498","L"
"2920","515 W Lexington Street, Baltimore, MD, 21201","Match","Exact","515 W LEXINGTON ST, BALTIMORE, MD, 21201","-76.623032239834,39.291353858893","206418362","L"
"2929","322 W Baltimore Street, Baltimore, MD, 21201","Match","Exact","322 W BALTIMORE ST, BALTIMORE, MD, 21201","-76.619863954909,39.289425481951","206420567","R"
"2928","111 W Saratoga Street, Baltimore, MD, 21201","Match","Exact","111 W SARATOGA ST, BALTIMORE, MD, 21201","-76.616972748958,39.292953812004","206420518","L"
"2927","104 N Howard Street, Baltimore, MD, 21201","Match","Exact","104 N HOWARD ST, BALTIMORE, MD, 21201","-76.619610576215,39.290615836916","206420489","L"
"2926","529 W Lexington Street, Baltimore, MD, 21201","Match","Exact","529 W LEXINGTON ST, BALTIMORE, MD, 21201","-76.623263036385,39.291344091737","206418313","L"
"2925","310 Park Avenue, Baltimore, MD, 21201","Match","Exact","310 PARK AVE, BALTIMORE, MD, 21201","-76.618271916642,39.293339578588","206420476","L"
"2924","308 N Eutaw Street, Baltimore, MD, 21201","Match","Exact","308 N EUTAW ST, BALTIMORE, MD, 21201","-76.621250871987,39.293038209727","206418352","L"
"2923","318 Park Avenue, Baltimore, MD, 21201","Match","Exact","318 PARK AVE, BALTIMORE, MD, 21201","-76.61829776581,39.293595109931","206420475","L"
"1602","4466 Cleveland Ave, Columbus, OH, 43231","Match","Non_Exact","4466 CLEVELAND AVE, COLUMBUS, OH, 43224","-82.952906912658,40.059881430864","656678732","R"
"2933","231 N Howard Street, Baltimore, MD, 21201","Match","Exact","231 N HOWARD ST, BALTIMORE, MD, 21201","-76.619638723326,39.292459850196","206420462","R"
"1601","47 N Pearl St, Columbus, OH, 43215","Match","Exact","47 N PEARL ST, COLUMBUS, OH, 43215","-83.000000857003,39.963275934213","218649063","L"
"2932","227 N Howard Street, Baltimore, MD, 21201","Match","Exact","227 N HOWARD ST, BALTIMORE, MD, 21201","-76.619639026607,39.292437710811","206420462","R"
"1600","208 E State St, Columbus, OH, 43215","Match","Exact","208 E STATE ST, COLUMBUS, OH, 43215","-82.994614943783,39.960851971722","135579714","L"
"2931","110 N Eutaw Street, Baltimore, MD, 21201","Match","Exact","110 N EUTAW ST, BALTIMORE, MD, 21201","-76.621145743216,39.290935522967","206418387","L"
"2930","427 N Eutaw Street Suite A, Baltimore, MD, 21201","Match","Non_Exact","427 N EUTAW ST, BALTIMORE, MD, 21201","-76.621187514466,39.294484524744","206418340","R"
"1609","59 Spruce St, Columbus, OH, 43215","Match","Exact","59 SPRUCE ST, COLUMBUS, OH, 43215","-83.004460608056,39.972295443504","135575858","L"
"1608","800 Bethel Rd, Columbus, OH, 43214","Match","Exact","800 BETHEL RD, COLUMBUS, OH, 43214","-83.04059454733,40.063221618945","135776026","R"
"2939","519 W Lexington Street, Baltimore, MD, 21201","Match","Exact","519 W LEXINGTON ST, BALTIMORE, MD, 21201","-76.62319215382,39.291347592108","206418313","L"
"1607","748 Harmon Ave, Columbus, OH, 43223","Match","Exact","748 HARMON AVE, COLUMBUS, OH, 43223","-83.016312098135,39.944780497022","135576453","L"
"2938","409 W Saratoga Street, Baltimore, MD, 21201","Match","Exact","409 W SARATOGA ST, BALTIMORE, MD, 21201","-76.621633928164,39.292826489952","206418374","L"
"1606","1506 Bethel Rd, Columbus, OH, 43220","Match","Exact","1506 BETHEL RD, COLUMBUS, OH, 43220","-83.059373997244,40.063855687879","218658561","R"
"2937","511 W Lexington Street, Baltimore, MD, 21201","Match","Exact","511 W LEXINGTON ST, BALTIMORE, MD, 21201","-76.622884232205,39.291357859094","206418362","L"
"1605","194 S High St, Columbus, OH, 43215","Match","Exact","194 S HIGH ST, COLUMBUS, OH, 43215","-82.999775546862,39.958131993016","642841063","L"
"2936","108 W Lexington Street, Baltimore, MD, 21201","Match","Exact","108 W LEXINGTON ST, BALTIMORE, MD, 21201","-76.617227075915,39.291724793672","206420498","R"
"1604","1173 Old Henderson Rd, Columbus, OH, 43220","Match","Exact","1173 OLD HENDERSON RD, COLUMBUS, OH, 43220","-83.049261241214,40.051477125986","218695079","L"
"2935","300 N Howard Street, Baltimore, MD, 21201","Match","Exact","300 N HOWARD ST, BALTIMORE, MD, 21201","-76.61978413453,39.292948750355","206420455","L"
"1603","1155 Old Henderson Rd, Columbus, OH, 43220","Match","Exact","1155 OLD HENDERSON RD, COLUMBUS, OH, 43220","-83.048996106516,40.051473223896","218695079","L"
"2934","19 N Howard Street, Baltimore, MD, 21201","Match","Non_Exact","19 S HOWARD ST, BALTIMORE, MD, 21201","-76.619400922834,39.28912749712","640160611","L"
"1613","9010 SW 137th Ave #201, Miami, FL, 33186","Match","Exact","9010 SW 137TH AVE, MIAMI, FL, 33186","-80.416559323423,25.683364493242","116078609","R"
"2944","206 W Saratoga Street, Baltimore, MD, 21201","Match","Exact","206 W SARATOGA ST, BALTIMORE, MD, 21201","-76.618444411442,39.293001158414","206420463","R"
"1612","657 High St, Worthington, OH, 43085","Match","Non_Exact","657 N HIGH ST, WORTHINGTON, OH, 43085","-83.018252664212,40.087266462552","218489509","L"
"2943","218 N Liberty Street, Baltimore, MD, 21201","Match","Exact","218 N LIBERTY ST, BALTIMORE, MD, 21201","-76.616766637204,39.292429370737","206420522","L"
"1611","1577 King Ave, Columbus, OH, 43212","Match","Exact","1577 KING AVE, COLUMBUS, OH, 43212","-83.049159224334,39.991704935838","135565978","L"
"2942","308 N Eutaw Street, Baltimore, MD, 21201","Match","Exact","308 N EUTAW ST, BALTIMORE, MD, 21201","-76.621250871987,39.293038209727","206418352","L"
"1610","2560 Bethel Rd, Columbus, OH, 43220","Match","Exact","2560 BETHEL RD, COLUMBUS, OH, 43220","-83.087110607686,40.064777378415","656663495","R"
"2941","236 N Eutaw Street, Baltimore, MD, 21201","Match","Exact","236 N EUTAW ST, BALTIMORE, MD, 21201","-76.621216973148,39.292469097721","657034208","L"
"2940","318 W Baltimore Street, Baltimore, MD, 21201","Match","Exact","318 W BALTIMORE ST, BALTIMORE, MD, 21201","-76.619808642367,39.289427800439","206420567","R"
"1619","8950 SW 74th Court, Suite 2201-A24, Miami, FL, 33156","Match","Non_Exact","8950 SW 74TH CT, MIAMI, FL, 33156","-80.315531898292,25.687200393947","642228500","L"
"1618","1701 SW 98th Ave, Miami, FL, 33165","Match","Exact","1701 SW 98TH AVE, MIAMI, FL, 33165","-80.354064621883,25.753062510715","115972716","L"
"2949","520 Park Avenue, Baltimore, MD, 21201","Match","Exact","520 PARK AVE, BALTIMORE, MD, 21201","-76.618451987444,39.295772811654","206419347","L"
"1617","555 NE 15th St Suite 31G, Miami, FL, 33132","Match","Exact","555 NE 15TH ST, MIAMI, FL, 33132","-80.185988283134,25.789695923266","642153478","L"
"2948","315 W Franklin Street, Baltimore, MD, 21201","Match","Exact","315 W FRANKLIN ST, BALTIMORE, MD, 21201","-76.620564717223,39.294850497581","657024473","L"
"1616","1200 Brickell Ave 18th Floor, Miami, FL, 33131","Match","Exact","1200 BRICKELL AVE, MIAMI, FL, 33131","-80.191806017684,25.76221823112","116018703","R"
"2947","415 N Paca Street, Baltimore, MD, 21201","Match","Exact","415 N PACA ST, BALTIMORE, MD, 21201","-76.622546468074,39.294393063241","206418324","R"
"1615","8181 NW 36 St., Suite 20G, Doral, FL, 33166","Match","Exact","8181 NW 36TH ST, DORAL, FL, 33166","-80.329128054648,25.809856603101","116286218","L"
"2946","401 W Baltimore Street, Baltimore, MD, 21201","Match","Exact","401 W BALTIMORE ST, BALTIMORE, MD, 21201","-76.621053557755,39.289260009172","206418445","L"
"1614","8333 NW 53rd Street, Suite 450, Doral, FL, 33166","Match","Exact","8333 NW 53RD ST, DORAL, FL, 33166","-80.332835777958,25.821076704423","116065169","L"
"2945","225 Park Avenue, Baltimore, MD, 21201","Match","Exact","225 PARK AVE, BALTIMORE, MD, 21201","-76.618040163054,39.292487559521","206420478","R"
"1624","2 South Biscayne Blvd. Suite 3760, Miami, FL, 33131","Match","Non_Exact","2 BISCAYNE BLVD, MIAMI, FL, 33131","-80.187574385739,25.77357466711","116304302","R"
"2955","413 W Baltimore Street, Baltimore, MD, 21201","Match","Exact","413 W BALTIMORE ST, BALTIMORE, MD, 21201","-76.621200226337,39.289252160691","206418445","L"
"1623","150 West Flagler Street, Suite 2200, Miami, FL, 33130","Match","Exact","150 W FLAGLER ST, MIAMI, FL, 33130","-80.196911409569,25.774000843285","656768734","L"
"2954","401 W Baltimore Street, Baltimore, MD, 21201","Match","Exact","401 W BALTIMORE ST, BALTIMORE, MD, 21201","-76.621053557755,39.289260009172","206418445","L"
"1622","3399 NW 72nd Ave #211, Miami, FL, 33122","Match","Exact","3399 NW 72ND AVE, MIAMI, FL, 33122","-80.313071623842,25.804610631791","116286354","R"
"2953","5 N Howard Street, Baltimore, MD, 21201","Match","Exact","5 N HOWARD ST, BALTIMORE, MD, 21201","-76.619415993315,39.289552176683","206420493","R"
"1621","8175 NW 12 St, Suite 130, Doral, FL, 33126","Match","Exact","8175 NW 12TH ST, DORAL, FL, 33126","-80.328176459292,25.782667609973","656781320","R"
"2952","324 W Baltimore Street, Baltimore, MD, 21201","Match","Exact","324 W BALTIMORE ST, BALTIMORE, MD, 21201","-76.619891611179,39.289424322707","206420567","R"
"1620","12030 SW 129th Ct Ste 208, Miami, FL, 12030","Match","Non_Exact","12030 SW 129TH CT, MIAMI, FL, 33186","-80.404606575232,25.656297792752","116050780","R"
"2951","101 W Lexington Street, Baltimore, MD, 21201","Match","Exact","101 W LEXINGTON ST, BALTIMORE, MD, 21201","-76.617155568404,39.291611482174","206420498","L"
"2950","422 W Mulberry Street, Baltimore, MD, 21201","Match","Exact","422 W MULBERRY ST, BALTIMORE, MD, 21201","-76.622126374068,39.293921853218","206418331","R"
"1629","3905 NW 107th Avenue, Suite 502, Doral, FL, 33178","Match","Exact","3905 NW 107TH AVE, DORAL, FL, 33178","-80.36927326521,25.809568069736","116292899","R"
"1628","5257 NW 36th St., Miami Springs, FL, 33166","Match","Exact","5257 NW 36TH ST, MIAMI SPRINGS, FL, 33166","-80.280401767798,25.80794627324","115999979","R"
"2959","429 N Eutaw Street, Baltimore, MD, 21201","Match","Exact","429 N EUTAW ST, BALTIMORE, MD, 21201","-76.621188101834,39.294493586998","206418340","R"
"1627","12955 Biscayne Boulevard, Suite 328, North Miami, FL, 12955","Match","Non_Exact","12955 BISCAYNE BLVD, NORTH MIAMI, FL, 33181","-80.161734042254,25.89584894387","116290811","R"
"2958","102 W Clay Street, Baltimore, MD, 21201","Match","Non_Exact","102 CLAY ST, BALTIMORE, MD, 21201","-76.616831013428,39.292406763926","206420495","R"
"1626","1414 NW 107th Avenue, Suite 302, Doral, FL, 33172","Match","Exact","1414 NW 107TH AVE, DORAL, FL, 33172","-80.368829490953,25.786505164528","116088645","L"
"2957","316 Park Avenue, Baltimore, MD, 21201","Match","Exact","316 PARK AVE, BALTIMORE, MD, 21201","-76.618296837152,39.293585823342","206420475","L"
"1625","201 Alhambra Circle, Suite 503, Coral Gables, FL, 33134","Match","Exact","201 ALHAMBRA CIR, CORAL GABLES, FL, 33134","-80.258795004599,25.752197093919","116266098","R"
"2956","3 N Eutaw Street, Baltimore, MD, 21201","Match","Exact","3 N EUTAW ST, BALTIMORE, MD, 21201","-76.620925751786,39.289599269594","206418390","R"
"1635","9552 SW 160th St., Miami, FL, 33157","Match","Exact","9552 SW 160TH ST, MIAMI, FL, 33157","-80.347360377858,25.619768228683","115983527","L"
"2966","318 N Howard Street, Baltimore, MD, 21201","Match","Exact","318 N HOWARD ST, BALTIMORE, MD, 21201","-76.619794469143,39.293124438982","206420455","L"
"1634","2655 Le Jeune Road, Suite PH2, Coral Gables, FL, 33134","Match","Non_Exact","2655 S LE JEUNE RD, CORAL GABLES, FL, 33134","-80.262573848524,25.747501442094","116012968","L"
"2965","321 W Madison Street, Baltimore, MD, 21201","Match","Exact","321 W MADISON ST, BALTIMORE, MD, 21201","-76.620924859014,39.298330739707","206417390","L"
"1633","3750 NW 87th Ave, Ste. 420, Doral, FL, 33178","Match","Exact","3750 NW 87TH AVE, DORAL, FL, 33178","-80.337421072605,25.808591020878","647811702","R"
"2964","210 N Paca Street, Baltimore, MD, 21201","Match","Exact","210 N PACA ST, BALTIMORE, MD, 21201","-76.62252910814,39.291612108313","206465752","L"
"1632","701 Brickell Ave, Suite 3000, Miami, FL, 33131","Match","Exact","701 BRICKELL AVE, MIAMI, FL, 33131","-80.190389685375,25.767093202255","116018802","L"
"2963","225 N Eutaw Street, Baltimore, MD, 21201","Match","Exact","225 N EUTAW ST, BALTIMORE, MD, 21201","-76.621064638507,39.292400230034","657034208","R"
"1631","3650 NW 82nd Ave., Suite 401, Doral, FL, 33166","Match","Exact","3650 NW 82ND AVE, DORAL, FL, 33166","-80.32938171194,25.808030035552","647856228","R"
"2962","422 N Howard Street, Baltimore, MD, 21201","Match","Exact","422 N HOWARD ST, BALTIMORE, MD, 21201","-76.619859222923,39.294210493416","206420449","L"
"1630","2100 Ponce de Leon Blvd., Suite 1180, Coral Gables, FL, 33134","Match","Exact","2100 PONCE DE LEON BLVD, CORAL GABLES, FL, 33134","-80.258829212827,25.753716398614","116013010","R"
"2961","9 N Howard Street, Baltimore, MD, 21201","Match","Exact","9 N HOWARD ST, BALTIMORE, MD, 21201","-76.619421335416,39.289660799543","206420493","R"
"2960","226 N Paca Street, Baltimore, MD, 21201","Match","Exact","226 N PACA ST, BALTIMORE, MD, 21201","-76.622542863944,39.29182119676","206465752","L"
"1639","9500 NW 41 Street, Doral, FL, 33178","Match","Exact","9500 NW 41ST ST, DORAL, FL, 33178","-80.351034904855,25.811596482975","640556638","R"
"1638","10201 NW 58th St. Suite 302, Doral, FL, 10201","Match","Non_Exact","10201 NW 58TH ST, DORAL, FL, 33178","-80.366023720533,25.826157384702","648148254","R"
"2969","115 W Saratoga Street, Baltimore, MD, 21201","Match","Exact","115 W SARATOGA ST, BALTIMORE, MD, 21201","-76.617023103625,39.292951515702","206420518","L"
"1637","362 Minorca Avenue, Coral Gables, FL, 33134","Match","Exact","362 MINORCA AVE, CORAL GABLES, FL, 33134","-80.262107569319,25.753477707364","116266109","L"
"2968","20 Park Avenue, Baltimore, MD, 21201","Match","Exact","20 PARK AVE, BALTIMORE, MD, 21201","-76.618046424277,39.290121000567","206420502","L"
"1636","9850 NW 41st Street, Doral, FL, 33178","Match","Exact","9850 NW 41ST ST, DORAL, FL, 33178","-80.356120108152,25.811595383632","640558509","L"
"2967","113 W Saratoga Street, Baltimore, MD, 21201","Match","Exact","113 W SARATOGA ST, BALTIMORE, MD, 21201","-76.616997926291,39.292952663853","206420518","L"
"2980","105 W Saratoga Street, Baltimore, MD, 21201","Match","Exact","105 W SARATOGA ST, BALTIMORE, MD, 21201","-76.616897216957,39.292957256458","206420518","L"
"1646","8800 Doral Boulevard, Doral, FL, 33178","Match","Exact","8800 DORAL BLVD, DORAL, FL, 33178","-80.33919163826,25.810121362881","656761664","L"
"2977","421 W Saratoga Street, Baltimore, MD, 21201","Match","Exact","421 W SARATOGA ST, BALTIMORE, MD, 21201","-76.622012821051,39.292802310056","206418361","L"
"1645","8750 NW 36 St, Suite 625, Doral, FL, 33178","Match","Exact","8750 NW 36TH ST, DORAL, FL, 33178","-80.338178402737,25.809965664193","116286187","R"
"2976","312 Park Avenue, Baltimore, MD, 21201","Match","Exact","312 PARK AVE, BALTIMORE, MD, 21201","-76.618278616292,39.293405544425","206420476","L"
"1644","8300 NW 53rd Street Suite 100, Doral, FL, 33166","Match","Exact","8300 NW 53RD ST, DORAL, FL, 33166","-80.333148784791,25.820626307404","654685561","R"
"2975","230 Park Avenue, Baltimore, MD, 21201","Match","Exact","230 PARK AVE, BALTIMORE, MD, 21201","-76.618191028255,39.292512971209","206420478","L"
"1643","777 SW 37th Ave, Suite 600, Miami, FL, 33135","Match","Exact","777 SW 37TH AVE, MIAMI, FL, 33135","-80.255083924273,25.764920712105","116011844","L"
"2974","322 N Howard Street, Baltimore, MD, 21201","Match","Exact","322 N HOWARD ST, BALTIMORE, MD, 21201","-76.619796765724,39.293163480899","206420455","L"
"1642","2301 NW 87th Ave., Miami, FL, 33172","Match","Exact","2301 NW 87TH AVE, MIAMI, FL, 33172","-80.336878338827,25.795413582449","640558483","R"
"2973","407 W Franklin Street, Baltimore, MD, 21201","Match","Exact","407 W FRANKLIN ST, BALTIMORE, MD, 21201","-76.621626612271,39.294793757877","206418338","L"
"1641","5241 NW 87th Ave, Doral, FL, 33178","Match","Exact","5241 NW 87TH AVE, DORAL, FL, 33178","-80.337556511604,25.818746046707","115955657","L"
"2972","114 N Howard Street, Baltimore, MD, 21201","Match","Exact","114 N HOWARD ST, BALTIMORE, MD, 21201","-76.619641764766,39.290887623039","206420489","L"
"1640","8725 NW 18th Terr, Miami, FL, 33172","Match","Exact","8725 NW 18TH TER, MIAMI, FL, 33172","-80.337199031162,25.79154812387","640559590","L"
"2971","114 W Mulberry Street, Baltimore, MD, 21201","Match","Exact","114 W MULBERRY ST, BALTIMORE, MD, 21201","-76.617124332029,39.294136941743","206420515","R"
"2970","322 N Howard Street, Baltimore, MD, 21201","Match","Exact","322 N HOWARD ST, BALTIMORE, MD, 21201","-76.619796765724,39.293163480899","206420455","L"
"1649","6055 NW 105th Ct, Doral, FL, 33178","Match","Exact","6055 NW 105TH CT, DORAL, FL, 33178","-80.368692083075,25.829249261667","650011509","R"
"1648","2541 NW 84th Ave, Doral, FL, 33122","Match","Exact","2541 NW 84TH AVE, DORAL, FL, 33122","-80.334544822081,25.798450702976","651140958","R"
"2979","207 W Saratoga Street, Baltimore, MD, 21201","Match","Exact","207 W SARATOGA ST, BALTIMORE, MD, 21201","-76.618397798111,39.292888538627","206420463","L"
"1647","11481 NW 41 St., Doral, FL, 11481","Match","Non_Exact","11481 NW 41ST ST, DORAL, FL, 33178","-80.38347008335,25.81171056189","116096858","R"
"2978","326 N Eutaw Street, Baltimore, MD, 21201","Match","Exact","326 N EUTAW ST, BALTIMORE, MD, 21201","-76.621260374461,39.293199021004","206418352","L"
"1660","10200 NW 25th St, Ste 112, Doral, FL, 10200","Match","Non_Exact","10200 NW 25TH ST, DORAL, FL, 33172","-80.36114111951,25.796817314962","116081940","L"
"2991","105 W Saratoga Street, Baltimore, MD, 21201","Match","Exact","105 W SARATOGA ST, BALTIMORE, MD, 21201","-76.616897216957,39.292957256458","206420518","L"
"2990","419 N Eutaw Street, Baltimore, MD, 21201","Match","Exact","419 N EUTAW ST, BALTIMORE, MD, 21201","-76.621185164996,39.294448275728","206418340","R"
"1657","300 Almeria Ave, Coral Gables, FL, 33134","Match","Exact","300 ALMERIA AVE, CORAL GABLES, FL, 33134","-80.260652689576,25.746945460728","116012973","L"
"2988","304 W Baltimore Street, Baltimore, MD, 21201","Match","Exact","304 W BALTIMORE ST, BALTIMORE, MD, 21201","-76.619615048471,39.289435915147","206420567","R"
"1656","7244 SW 42 Terrace, Miami, FL, 33155","Match","Exact","7244 SW 42ND TER, MIAMI, FL, 33155","-80.312290773217,25.730802256525","115976923","L"
"2987","117 W Saratoga Street, Baltimore, MD, 21201","Match","Exact","117 W SARATOGA ST, BALTIMORE, MD, 21201","-76.617048280958,39.292950367551","206420518","L"
"1655","8000 NW 31st St, Suite 8, Miami, FL, 33122","Match","Exact","8000 NW 31ST ST, MIAMI, FL, 33122","-80.326498042683,25.802529747922","115974063","L"
"2986","109 W Saratoga Street, Baltimore, MD, 21201","Match","Exact","109 W SARATOGA ST, BALTIMORE, MD, 21201","-76.616947571624,39.292954960156","206420518","L"
"1654","8400 NW 36th Street, Suite 450, Doral, FL, 33166","Match","Exact","8400 NW 36TH ST, DORAL, FL, 33166","-80.332631424088,25.809742011808","648372960","R"
"2985","314 Park Avenue, Baltimore, MD, 21201","Match","Exact","314 PARK AVE, BALTIMORE, MD, 21201","-76.618285315943,39.293471510261","206420476","L"
"1653","3650 NW 82nd Ave., Suite 401, Doral, FL, 33166","Match","Exact","3650 NW 82ND AVE, DORAL, FL, 33166","-80.32938171194,25.808030035552","647856228","R"
"2984","221 W Mulberry Street, Baltimore, MD, 21201","Match","Exact","221 W MULBERRY ST, BALTIMORE, MD, 21201","-76.619072204516,39.293939796543","206420457","L"
"1652","9600 NW 25 Street, Suite 2A, Doral, FL, 33172","Match","Exact","9600 NW 25TH ST, DORAL, FL, 33172","-80.351231883147,25.796839322929","115970373","L"
"2983","402 W Saratoga Street, Baltimore, MD, 21201","Match","Exact","402 W SARATOGA ST, BALTIMORE, MD, 21201","-76.621261038258,39.292964031498","206418374","R"
"1651","51 Merrick Way, Coral Gables, FL, 33134","Match","Exact","51 MERRICK WAY, CORAL GABLES, FL, 33134","-80.255799749627,25.7509341468","116013038","R"
"2982","219 W Mulberry Street, Baltimore, MD, 21201","Match","Exact","219 W MULBERRY ST, BALTIMORE, MD, 21201","-76.619056324724,39.293940526648","206420457","L"
"1650","7761 NW 107th Ave. Suite 2-10, Doral, FL, 33178","Match","Exact","7761 NW 107TH AVE, DORAL, FL, 33178","-80.370339102437,25.844058586274","654695263","R"
"2981","401 N Eutaw Street, Baltimore, MD, 21201","Match","Exact","401 N EUTAW ST, BALTIMORE, MD, 21201","-76.621156633452,39.293961922704","206418349","R"
"1659","941 NW 97th Ave., Doral, FL, 33172","Match","Non_Exact","941 NW 97TH CT, DORAL, FL, 33172","-80.354532157204,25.778946547986","641808657","L"
"1658","10500 Northwest 12th St, Miami, FL, 10500","Match","Non_Exact","10500 NW 12TH ST, MIAMI, FL, 33172","-80.365275918684,25.782823001654","116284894","R"
"2989","229 N Howard Street, Baltimore, MD, 21201","Match","Exact","229 N HOWARD ST, BALTIMORE, MD, 21201","-76.619638874967,39.292448780503","206420462","R"
"1671","3500 NW 51st Street, Miami, FL, 33142","Match","Exact","3500 NW 51ST ST, MIAMI, FL, 33142","-80.252898308183,25.820694434231","116001686","L"
"1670","1015 E 23 Street, Hialeah, FL, 33013","Match","Exact","1015 E 23RD ST, HIALEAH, FL, 33013","-80.261768693429,25.843617653411","115999436","L"
"1668","3051 NW 129th St, Opa-locka, FL, 33054","Match","Exact","3051 NW 129TH ST, OPA LOCKA, FL, 33054","-80.248492956837,25.891828225191","116032394","L"
"2999","325 N Howard Street, Baltimore, MD, 21201","Match","Exact","325 N HOWARD ST, BALTIMORE, MD, 21201","-76.619650000794,39.293188213185","206420455","R"
"1667","6791 SW 8th Street, Miami, FL, 33144","Match","Exact","6791 SW 8TH ST, MIAMI, FL, 33144","-80.305656651793,25.763091392116","116246811","R"
"2998","226 N Liberty Street, Baltimore, MD, 21201","Match","Exact","226 N LIBERTY ST, BALTIMORE, MD, 21201","-76.616740528008,39.292476440836","206420522","L"
"1666","8330 NW 56 St, Doral, FL, 33166","Match","Exact","8330 NW 56TH ST, DORAL, FL, 33166","-80.332356758076,25.824328279511","115957441","L"
"2997","119 W Saratoga Street, Baltimore, MD, 21201","Match","Exact","119 W SARATOGA ST, BALTIMORE, MD, 21201","-76.617073458292,39.2929492194","206420518","L"
"1665","3186 W 81 St, Hialeah, FL, 33018","Match","Exact","3186 W 81ST ST, HIALEAH, FL, 33018","-80.347983426157,25.895995331411","116268412","L"
"2996","427 N Eutaw Street, Baltimore, MD, 21201","Match","Exact","427 N EUTAW ST, BALTIMORE, MD, 21201","-76.621187514466,39.294484524744","206418340","R"
"1664","4302 Hollywood Blvd #151, Hollywood, FL, 33021","Match","Exact","4302 HOLLYWOOD BLVD, HOLLYWOOD, FL, 33021","-80.186748291912,26.010360794411","637758055","R"
"2995","123 W Saratoga Street, Baltimore, MD, 21201","Match","Exact","123 W SARATOGA ST, BALTIMORE, MD, 21201","-76.617123812959,39.292946923097","206420518","L"
"1663","8333 NW 53 St., Ste. 450, Doral, FL, 33166","Match","Exact","8333 NW 53RD ST, DORAL, FL, 33166","-80.332835777958,25.821076704423","116065169","L"
"2994","204 W Saratoga Street, Baltimore, MD, 21201","Match","Exact","204 W SARATOGA ST, BALTIMORE, MD, 21201","-76.618375333325,39.293004390137","206420463","R"
"1662","7500 NW 25th Street, #207, Miami, FL, 33122","Match","Exact","7500 NW 25TH ST, MIAMI, FL, 33122","-80.318556520915,25.797050354476","656678950","L"
"2993","319 W Mulberry Street, Baltimore, MD, 21201","Match","Exact","319 W MULBERRY ST, BALTIMORE, MD, 21201","-76.620505477153,39.293867798423","206418354","L"
"1661","13295 SW 200 St, Miami, FL, 13295","Match","Non_Exact","13295 SW 200TH ST, MIAMI, FL, 33177","-80.407036993537,25.58086212838","631995468","R"
"2992","330 N Paca Street, Baltimore, MD, 21201","Match","Exact","330 N PACA ST, BALTIMORE, MD, 21201","-76.622621652829,39.293154283478","206418332","L"
"1669","4701 NW 35 Ave, Miami, FL, 33142","Match","Exact","4701 NW 35TH AVE, MIAMI, FL, 33142","-80.252630165159,25.816827566653","116001835","R"
"1682","8200 NW 41 Street, Miami, FL, 33166","Match","Exact","8200 NW 41ST ST, MIAMI, FL, 33166","-80.329502424303,25.811713011241","656718579","R"
"1681","12905 SW 42nd St. Suite 207, Miami, FL, 12905","Match","Non_Exact","12905 SW 42ND ST, MIAMI, FL, 33175","-80.403758551173,25.729635169268","115964619","R"
"1680","2555 NW 102 Ave., Doral, FL, 33172","Match","Exact","2555 NW 102ND AVE, DORAL, FL, 33172","-80.361010131958,25.797321082033","647899559","R"
"1679","6356 Manor Lane, Suite 101, Miami, FL, 33143","Match","Exact","6356 MANOR LN, MIAMI, FL, 33143","-80.296642973713,25.699680389466","115985404","L"
"1678","9425 Sunset Drive Suite 237, Miami, FL, 33173","No_Match"
"1677","2801 NW 8th Ave, Unit 7, Doral, FL, 33172","No_Match"
"1676","4300 Alton Road, Miami Beach, FL, 33140","Match","Exact","4300 ALTON RD, MIAMI BEACH, FL, 33140","-80.137956750566,25.815008322044","116305818","L"
"1675","9500 NW 41st Unit 1000, Doral, FL, 33178","Match","Non_Exact","9500 NW 41ST ST, DORAL, FL, 33178","-80.351034904855,25.811596482975","640556638","R"
"1674","3650 NW 82nd Avenue Ste. 406, Doral, FL, 33166","Match","Exact","3650 NW 82ND AVE, DORAL, FL, 33166","-80.32938171194,25.808030035552","647856228","R"
"1673","5335 NW 87th Ave, Doral, FL, 33178","Match","Exact","5335 NW 87TH AVE, DORAL, FL, 33178","-80.337601650613,25.820414477093","640559605","R"
"1672","9971 W Flagler St. Ste 220, Miami, FL, 33174","Match","Exact","9971 W FLAGLER ST, MIAMI, FL, 33174","-80.357655373636,25.76892708358","656780819","R"
"1693","3450 NW 83rd Ave, Doral, FL, 33122","Match","Exact","3450 NW 83RD AVE, DORAL, FL, 33122","-80.331303340527,25.809209272688","648372962","R"
"1692","8000 NW 25th St. Suite 500, Miami, FL, 33122","Match","Exact","8000 NW 25TH ST, MIAMI, FL, 33122","-80.326326686619,25.796924006482","647856925","L"
"1691","11200 SW 8th St., Miami, FL, 11200","Match","Non_Exact","11200 SW 8TH ST, MIAMI, FL, 33199","-80.376252884803,25.761088025072","651225927","L"
"1690","11567 NW 75 Lane, Doral, FL, 11567","Match","Non_Exact","11567 NW 75TH LN, DORAL, FL, 33178","-80.385171687988,25.84218459611","638337056","R"
"1689","11402 NW 41 St Suite 222, Doral, FL, 11402","Match","Non_Exact","11402 NW 41ST ST, DORAL, FL, 33178","-80.381686536861,25.811562101621","116096858","L"
"1688","7955 NW 12th St, Suite 119, Miami, FL, 33126","Match","Exact","7955 NW 12TH ST, MIAMI, FL, 33126","-80.324943508085,25.782676609902","656781320","R"
"1687","8181 NW 36 Street, Suite 30, Miami, FL, 33166","Match","Exact","8181 NW 36TH ST, MIAMI, FL, 33166","-80.329128054648,25.809856603101","116286218","L"
"1686","6331 NW 99th Avenue, Doral, FL, 33178","Match","Exact","6331 NW 99TH AVE, DORAL, FL, 33178","-80.357996870904,25.831264977359","649355512","R"
"1685","3800 NW 115th Ave, Doral, FL, 33178","Match","Exact","3800 NW 115TH AVE, DORAL, FL, 33178","-80.383920859246,25.808886112829","656677879","R"
"1684","2101 NW 117th Avenue, Miami, FL, 33172","Match","Exact","2101 NW 117TH AVE, MIAMI, FL, 33172","-80.384775961457,25.790390786128","648441095","L"
"1683","8230 West Flagler Street, Miami, FL, 33144","Match","Exact","8230 W FLAGLER ST, MIAMI, FL, 33144","-80.328891703355,25.769690797539","115974345","L"
"1699","3450 NW 83rd Ave, Suite 220, Doral, FL, 33122","Match","Exact","3450 NW 83RD AVE, DORAL, FL, 33122","-80.331303340527,25.809209272688","648372962","R"
"1698","3530 NW 83rd Avenue, Doral, FL, 33122","Match","Exact","3530 NW 83RD AVE, DORAL, FL, 33122","-80.331298167172,25.808357389949","648372962","R"
"1697","3535 NW 83 Ave. Suite 101, Doral, FL, 33122","Match","Exact","3535 NW 83RD AVE, DORAL, FL, 33122","-80.331170621219,25.808315422279","648372962","L"
"1696","3450 NW 83rd Ave, Doral, FL, 33122","Match","Exact","3450 NW 83RD AVE, DORAL, FL, 33122","-80.331303340527,25.809209272688","648372962","R"
"1695","3585 NW 83rd Ave, Doral, FL, 33122","Match","Exact","3585 NW 83RD AVE, DORAL, FL, 33122","-80.331167387873,25.807782995566","648372962","L"
"1694","3450 NW 83rd Ave. #132, Doral, FL, 33122","Match","Exact","3450 NW 83RD AVE, DORAL, FL, 33122","-80.331303340527,25.809209272688","648372962","R"
"800","1949 W Howard St, Chicago, IL, ","Match","Exact","1949 W HOWARD ST, CHICAGO, IL, 60626","-87.679615395247,42.01938261078","616887312","L"
"801","6657 N Clark St, Chicago, IL, ","Match","Exact","6657 N CLARK ST, CHICAGO, IL, 60626","-87.672220010285,42.002985348273","111745420","R"
"802","6642 N Clark St, Chicago, IL, ","Match","Exact","6642 N CLARK ST, CHICAGO, IL, 60626","-87.672313939009,42.002794610642","111745420","L"
"803","6757 N Clark St, Chicago, IL, ","Match","Exact","6757 N CLARK ST, CHICAGO, IL, 60626","-87.672833185183,42.004775312138","111745415","R"
"804","6652 N Clark St, Chicago, IL, ","Match","Exact","6652 N CLARK ST, CHICAGO, IL, 60626","-87.672353606002,42.002910709211","111745420","L"
"805","7133 N Clark St, Chicago, IL, ","Match","Exact","7133 N CLARK ST, CHICAGO, IL, 60626","-87.674427648707,42.011839889077","111745169","R"
"806","6977 N Clark St, Chicago, IL, ","Match","Exact","6977 N CLARK ST, CHICAGO, IL, 60626","-87.67381275074,42.008678790711","111745364","R"
"807","7064 N Clark St, Chicago, IL, ","Match","Exact","7064 N CLARK ST, CHICAGO, IL, 60626","-87.674397081738,42.01070706441","111745171","L"
"808","7014 N Clark St, Chicago, IL, ","Match","Exact","7014 N CLARK ST, CHICAGO, IL, 60626","-87.674142228911,42.009444676437","111745172","L"
"809","6965 N Clark St, Chicago, IL, ","Match","Exact","6965 N CLARK ST, CHICAGO, IL, 60626","-87.673778286985,42.008531866199","111745364","R"
"810","7045 N Clark St, Chicago, IL, ","Match","Exact","7045 N CLARK ST, CHICAGO, IL, 60626","-87.6741762294,42.010304361557","111745171","R"
"811","1753 W Lunt Ave, Chicago, IL, ","Match","Exact","1753 W LUNT AVE, CHICAGO, IL, 60626","-87.674279239025,42.008919131567","605247005","L"
"812","6658 N Clark St, Chicago, IL, ","Match","Exact","6658 N CLARK ST, CHICAGO, IL, 60626","-87.672377406199,42.002980368352","111745420","L"
"813","7053 N Clark St, Chicago, IL, ","Match","Exact","7053 N CLARK ST, CHICAGO, IL, 60626","-87.674202344586,42.010461439769","111745171","R"
"814","6981 N Clark St, Chicago, IL, ","Match","Exact","6981 N CLARK ST, CHICAGO, IL, 60626","-87.673824238658,42.008727765549","111745364","R"
"815","6972 N Clark St, Chicago, IL, ","Match","Exact","6972 N CLARK ST, CHICAGO, IL, 60626","-87.673911991717,42.008434505805","111745364","L"
"816","7002 N Clark St, Chicago, IL, ","Match","Exact","7002 N CLARK ST, CHICAGO, IL, 60626","-87.674063658424,42.009099888176","111745172","L"
"817","7067 N Clark St, Chicago, IL, ","Match","Exact","7067 N CLARK ST, CHICAGO, IL, 60626","-87.67424655707,42.010736917763","111745171","R"
"818","6627 N Clark St, Chicago, IL, ","Match","Exact","6627 N CLARK ST, CHICAGO, IL, 60626","-87.672058801344,42.002515151966","111745453","R"
"819","6978 N Clark St, Chicago, IL, ","Match","Exact","6978 N CLARK ST, CHICAGO, IL, 60626","-87.673938730837,42.008548498962","111745364","L"
"2100","262 Edgewood Ave SE, Atlanta, GA, 30303","Match","Exact","262 EDGEWOOD AVE SE, ATLANTA, GA, 30303","-84.379087869544,33.754441569821","17414562","L"
"820","7117 N Clark St, Chicago, IL, ","Match","Exact","7117 N CLARK ST, CHICAGO, IL, 60626","-87.674397681202,42.0116593697","111745169","R"
"821","7110 N Clark St, Chicago, IL, ","Match","Exact","7110 N CLARK ST, CHICAGO, IL, 60626","-87.674540979576,42.011579323104","111745169","L"
"822","7446 N Clark St, Chicago, IL, ","Match","Exact","7446 N CLARK ST, CHICAGO, IL, 60626","-87.675445044162,42.016917750905","642122986","L"
"823","7004 N Clark St, Chicago, IL, ","Match","Exact","7004 N CLARK ST, CHICAGO, IL, 60626","-87.674076450804,42.009157453924","111745172","L"
"824","7059 N Clark St, Chicago, IL, ","Match","Exact","7059 N CLARK ST, CHICAGO, IL, 60626","-87.674221292793,42.010579501767","111745171","R"
"825","6501 N Clark St, Chicago, IL, ","Match","Exact","6501 N CLARK ST, CHICAGO, IL, 60626","-87.67117382352,42.000003184677","111745459","R"
"826","7368 N Clark St, Chicago, IL, ","Match","Exact","7368 N CLARK ST, CHICAGO, IL, 60626","-87.675147654776,42.0152133141","111745156","L"
"827","7531 N Wolcott, 1st floor, Chicago, IL, ","Match","Non_Exact","7531 N WOLCOTT AVE, CHICAGO, IL, 60626","-87.677566101022,42.018392951198","111745115","R"
"828","6602 N Clark St, Chicago, IL, ","Match","Exact","6602 N CLARK ST, CHICAGO, IL, 60626","-87.671970190447,42.001803124103","111745453","L"
"829","1420 W Devon Ave, Chicago, IL, ","Match","Exact","1420 W DEVON AVE, CHICAGO, IL, 60660","-87.666363481943,41.998183944032","616788724","R"
"2111","301 Peters St SW, Atlanta, GA, 30313","Match","Exact","301 PETERS ST SW, ATLANTA, GA, 30313","-84.402768236652,33.746556329179","618348864","R"
"2110","3979 S Main St, Acworth, GA, 30101","Match","Exact","3979 S MAIN ST, ACWORTH, GA, 30101","-84.663262349525,34.051831035151","643023762","L"
"2108","955 West Marietta St NW, Atlanta, GA, 30318","Match","Non_Exact","955 MARIETTA ST, ATLANTA, GA, 30318","-84.408900139517,33.778020235003","647333633","R"
"2107","5495 Old National Hwy, Atlanta, GA, 30349","Match","Exact","5495 OLD NATIONAL HWY, ATLANTA, GA, 30349","-84.471735012189,33.605545200814","17348982","R"
"2106","3823 Main St, College Park, GA, 30337","Match","Exact","3823 MAIN ST, COLLEGE PARK, GA, 30337","-84.449763367074,33.650953067219","17348572","R"
"2105","2160 Monroe Dr NE, Atlanta, GA, 30324","Match","Exact","2160 MONROE DR NE, ATLANTA, GA, 30324","-84.370259556971,33.810741247271","17356145","L"
"2104","646 Evans St SW, Atlanta, GA, 30310","Match","Exact","646 EVANS ST SW, ATLANTA, GA, 30310","-84.415602390283,33.737687428561","17345227","L"
"830","6928 N Clark St, Chicago, IL, ","Match","Exact","6928 N CLARK ST, CHICAGO, IL, 60626","-87.673684151251,42.007464789068","605265543","L"
"2103","1635 Old 41 Highway, Kennesaw, GA, 30152","Match","Non_Exact","1635 OLD 41 HWY NW, KENNESAW, GA, 30152","-84.594458070036,33.990831278031","656576172","L"
"831","6800 N Clark St, Chicago, IL, ","Match","Exact","6800 N CLARK ST, CHICAGO, IL, 60626","-87.673192014126,42.0053734603","605265633","L"
"2102","464 Edgewood Ave, Atlanta, GA, 30312","Tie"
"832","6759 N Clark St, Chicago, IL, ","Match","Exact","6759 N CLARK ST, CHICAGO, IL, 60626","-87.672841359394,42.00479983478","111745415","R"
"2101","810 Martin Luther King Jr Dr NW, Atlanta, GA, 30314","Match","Exact","810 MARTIN LUTHER KING JR DR NW, ATLANTA, GA, 30314","-84.415729846188,33.754654456336","17342496","L"
"833","7060 N Clark St, Chicago, IL, ","Match","Exact","7060 N CLARK ST, CHICAGO, IL, 60626","-87.674384885191,42.010631070481","111745171","L"
"834","6725 N Clark St, Chicago, IL, ","Match","Exact","6725 N CLARK ST, CHICAGO, IL, 60626","-87.672648559966,42.00423859178","111745417","R"
"835","6807 N Clark St, Chicago, IL, ","Match","Exact","6807 N CLARK ST, CHICAGO, IL, 60626","-87.673053169487,42.005432566055","605265633","R"
"836","7001A N Clark St, Chicago, IL, ","Match","Non_Exact","7001A N CLARK ST, CHICAGO, IL, 60626","-87.673898706655,42.009060990956","111745172","R"
"837","1149 W Farwell Ave, Chicago, IL, ","Match","Exact","1149 W FARWELL AVE, CHICAGO, IL, 60626","-87.659957204081,42.006729858603","611322387","L"
"838","7127 N Clark St, Chicago, IL, ","Match","Exact","7127 N CLARK ST, CHICAGO, IL, 60626","-87.674416415128,42.011772487549","111745169","R"
"839","18601 Cicero Ave, Country Club Hills, IL, 18601","Match","Non_Exact","18601 CICERO AVE, COUNTRY CLUB HILLS, IL, 60478","-87.732733038841,41.550296131252","112220876","L"
"2109","495 Peachtree St NE, Atlanta, GA, 30308","Match","Non_Exact","495 W PEACHTREE ST NE, ATLANTA, GA, 30308","-84.387433867984,33.765797676223","640546585","R"
"2122","4186 Buford Hwy NE, Atlanta, GA, 30345","Match","Exact","4186 BUFORD HWY NE, ATLANTA, GA, 30345","-84.304338476572,33.864865477842","23359056","L"
"2121","6435 Roswell Rd NE, Atlanta, GA, 30328","Match","Non_Exact","6435 ROSWELL RD, ATLANTA, GA, 30328","-84.379472337583,33.930585840131","17333224","R"
"2120","180 Northside Dr SW #B, Atlanta, GA, 30313","Match","Non_Exact","180 NORTHSIDE DR SW, ATLANTA, GA, 30313","-84.403920399613,33.749669270364","618353813","L"
"2119","30 North Avenue NE, Atlanta, GA, 30308","No_Match"
"2118","233 Peachtree St NE, Atlanta, GA, 30303","Match","Exact","233 PEACHTREE ST NE, ATLANTA, GA, 30303","-84.387475946045,33.761937890138","17344480","R"
"2117","181 Ralph David Abernathy Blvd, Atlanta, GA, 30312","Match","Exact","181 RALPH DAVID ABERNATHY BLVD, ATLANTA, GA, 30312","-84.394346257254,33.736897850183","17346090","R"
"2116","1281 Bouldercrest Dr SE, Atlanta, GA, 30316","Match","Exact","1281 BOULDERCREST DR SE, ATLANTA, GA, 30316","-84.330178083473,33.719442135362","640580545","R"
"840","228 W Chicago Ave, Chicago, IL, ","Match","Exact","228 W CHICAGO AVE, CHICAGO, IL, 60654","-87.635311272712,41.896642439212","605073852","R"
"2115","530 Joseph E Lowery Blvd SW, Atlanta, GA, 30310","Match","Exact","530 JOSEPH E LOWERY BLVD SW, ATLANTA, GA, 30310","-84.417620286675,33.740970266288","17345049","L"
"841","5121 S Harper Ave, Chicago, IL, ","Match","Exact","5121 S HARPER AVE, CHICAGO, IL, 60615","-87.589066147394,41.802127984189","111771906","L"
"2114","180 Auburn Ave NE, Atlanta, GA, 30303","Match","Exact","180 AUBURN AVE NE, ATLANTA, GA, 30303","-84.381744003605,33.75560832677","17344657","L"
"842","3235 W Addison St, Ste C, Chicago, IL, ","Match","Non_Exact","3235 W ADDISON ST, CHICAGO, IL, 60618","-87.708985086914,41.946561219808","111757189","L"
"2113","1252 Roswell Rd, Marietta, GA, 30062","Match","Exact","1252 ROSWELL RD, MARIETTA, GA, 30062","-84.515508287393,33.950708263113","17178050","R"
"843","543 Madison St, Oak Park, IL, ","Match","Exact","543 MADISON ST, OAK PARK, IL, 60302","-87.789111455255,41.879787859272","605017948","L"
"2112","875 York Ave SW, Atlanta, GA, 30310","Match","Exact","875 YORK AVE SW, ATLANTA, GA, 30310","-84.416006412466,33.737116395906","17345236","R"
"844","2601 Flossmoor Rd, Flossmoor, IL, ","Match","Exact","2601 FLOSSMOOR RD, FLOSSMOOR, IL, 60422","-87.680085224124,41.54266327887","111709248","R"
"845","466 25th Ave, Bellwood, IL, ","Match","Exact","466 25TH AVE, BELLWOOD, IL, 60104","-87.863759015266,41.884064973881","111727765","R"
"846","950 W Lake St, Chicago, IL, ","Match","Exact","950 W LAKE ST, CHICAGO, IL, 60607","-87.651351850096,41.885651623402","111767918","R"
"847","7448 S Vincennes Ave, Chicago, IL, ","Match","Exact","7448 S VINCENNES AVE, CHICAGO, IL, 60621","-87.631210215143,41.75866010158","605520888","R"
"848","3613 216th St, Matteson, IL, ","Match","Exact","3613 216TH ST, MATTESON, IL, 60443","-87.703651152065,41.497449920334","111710500","L"
"849","1510 E Harper Ct, Chicago, IL, ","Match","Exact","1510 E HARPER CT, CHICAGO, IL, 60615","-87.588938628132,41.800343915983","112049271","L"
"2133","312 North Highland Ave NE Ste C, Atlanta, GA, 30307","Match","Non_Exact","312 N HIGHLAND AVE NE, ATLANTA, GA, 30307","-84.357863744336,33.763119797952","17357661","L"
"2132","471B Flat Shoals Ave SE, Atlanta, GA, 30316","Match","Non_Exact","471B FLAT SHOALS AVE SE, ATLANTA, GA, 30316","-84.346439322277,33.741040925987","23365285","R"
"2131","5975 Roswell Rd NE, Sandy Springs, GA, 30328","Match","Non_Exact","5975 ROSWELL RD, SANDY SPRINGS, GA, 30328","-84.379012387326,33.918230547253","17333327","R"
"2130","3560 Camp Creek Pkwy, East Point, GA, 30344","Match","Non_Exact","3560 N CAMP CREEK PKWY SW, EAST POINT, GA, 30344","-84.501294498945,33.671851107859","17338422","L"
"2129","2975 Headland Dr SW, Atlanta, GA, 30311","Match","Exact","2975 HEADLAND DR SW, ATLANTA, GA, 30311","-84.487499658725,33.689621747524","623764007","R"
"2128","793 Juniper St NE, Atlanta, GA, 30308","Match","Exact","793 JUNIPER ST NE, ATLANTA, GA, 30308","-84.382886394321,33.776100912316","649757781","R"
"850","17507 S Kedzie Ave, Hazel Crest, IL, 17507","Match","Non_Exact","17507 KEDZIE AVE, HAZEL CREST, IL, 60429","-87.694295652472,41.571559605366","112207094","L"
"2127","171 Auburn Ave NE, Atlanta, GA, 30303","Match","Exact","171 AUBURN AVE NE, ATLANTA, GA, 30303","-84.381156597885,33.755488460507","17344657","R"
"851","14736 S Pulaski Rd, Midlothian, IL, 14736","Match","Non_Exact","14736 S PULASKI RD, MIDLOTHIAN, IL, 60445","-87.717742918836,41.624442615714","111703929","R"
"2126","652 North Highland Avenue NE, Atlanta, GA, 30306","Match","Exact","652 N HIGHLAND AVE NE, ATLANTA, GA, 30306","-84.352579520126,33.772159111934","17357106","L"
"852","1368 E 53rd St, Chicago, IL, ","Match","Exact","1368 E 53RD ST, CHICAGO, IL, 60615","-87.592316067339,41.799561323647","112383767","L"
"2125","879 Ralph David Abernathy Blvd, Atlanta, GA, 30310","Match","Non_Exact","879 RALPH DAVID ABERNATHY BLVD SW, ATLANTA, GA, 30310","-84.417553241949,33.738068269512","17413647","R"
"853","1504 E 55th St, Chicago, IL, ","Match","Exact","1504 E 55TH ST, CHICAGO, IL, 60615","-87.589302999606,41.795474506814","111771936","L"
"2124","5015 Old National Hwy, Atlanta, GA, 30349","Match","Exact","5015 OLD NATIONAL HWY, ATLANTA, GA, 30349","-84.472978185792,33.618483637923","17364353","R"
"854","7059 S South Shore Dr, Chicago, IL, ","Match","Exact","7059 S SOUTH SHORE DR, CHICAGO, IL, 60649","-87.566425460744,41.767541358859","657167662","L"
"2123","30 Ivan Allen Jr Blvd, Atlanta, GA, 30308","No_Match"
"855","1742 W 99th St, Chicago, IL, ","Match","Exact","1742 W 99TH ST, CHICAGO, IL, 60643","-87.666174263144,41.713960032745","111874896","R"
"856","1969 N Halsted St, Chicago, IL, ","Match","Exact","1969 N HALSTED ST, CHICAGO, IL, 60614","-87.648403439582,41.917479539101","639815529","R"
"857","8711 S Ashland Ave, Chicago, IL, ","Match","Exact","8711 S ASHLAND AVE, CHICAGO, IL, 60620","-87.662981436085,41.735585157889","604994974","L"
"858","15022 Lincoln Ave, Dolton, IL, 15022","Match","Non_Exact","15022 LINCOLN AVE, DOLTON, IL, 60419","-87.581731454849,41.622419008412","111847636","R"
"859","5221 S Harper Ct, Chicago, IL, ","Match","Exact","5221 S HARPER CT, CHICAGO, IL, 60615","-87.588026546032,41.800124424723","648283306","L"
"2144","5815 Windward Parkway Suite 204, Alpharetta, GA, 30005","Match","Exact","5815 WINDWARD PKWY, ALPHARETTA, GA, 30005","-84.253817228801,34.089279218911","17394426","R"
"2143","186 1/2 Auburn Ave NE, Atlanta, GA, 30303","Match","Non_Exact","186 1/2 AUBURN AVE NE, ATLANTA, GA, 30303","-84.38155708554,33.755606650367","17344657","L"
"2142","1308 Glenwood Ave SE, Atlanta, GA, 30316","Match","Exact","1308 GLENWOOD AVE SE, ATLANTA, GA, 30316","-84.344803455306,33.740221731432","23365684","L"
"2141","1365 Clairmont Rd, Decatur, GA, 30033","Match","Exact","1365 CLAIRMONT RD, DECATUR, GA, 30033","-84.305496930997,33.793319890618","23360089","R"
"2140","576 Lee St SW Ste D, Atlanta, GA, 30310","Match","Non_Exact","576 LEE ST SW, ATLANTA, GA, 30310","-84.414008132887,33.739562295288","17345229","L"
"860","3500 S Halsted St, Chicago, IL, ","Match","Exact","3500 S HALSTED ST, CHICAGO, IL, 60609","-87.646182889387,41.830691939276","111828284","R"
"2139","254 Auburn Ave NE, Atlanta, GA, 30303","Match","Exact","254 AUBURN AVE NE, ATLANTA, GA, 30303","-84.379582620567,33.755587609935","17344700","L"
"861","1455 Ring Rd, Calumet City, IL, ","No_Match"
"2138","2505 Godby Rd, Atlanta, GA, 30349","Match","Exact","2505 GODBY RD, ATLANTA, GA, 30349","-84.470987952769,33.616388481696","17364354","R"
"862","2236 E 71st St, Chicago, IL, ","Match","Exact","2236 E 71ST ST, CHICAGO, IL, 60649","-87.570782095516,41.766304911823","657080485","L"
"2137","675 Ponce De Leon Ave NE Ste 225, Atlanta, GA, 30308","Match","Exact","675 PONCE DE LEON AVE NE, ATLANTA, GA, 30308","-84.365182750081,33.773272810809","17356846","R"
"863","222 N Canal St, Chicago, IL, ","Match","Exact","222 N CANAL ST, CHICAGO, IL, 60606","-87.63992174998,41.885999307712","111768558","L"
"2136","495 Flat Shoals Ave SE, Atlanta, GA, 30316","Match","Exact","495 FLAT SHOALS AVE SE, ATLANTA, GA, 30316","-84.345635169405,33.740296455421","23365285","R"
"864","63 E Garfield Blvd, Chicago, IL, ","Match","Exact","63 E GARFIELD BLVD, CHICAGO, IL, 60637","-87.623798188134,41.794286646427","605540113","R"
"2135","1800 Jonesboro Rd SE Ste C, Atlanta, GA, 30315","Match","Non_Exact","1800 JONESBORO RD SE, ATLANTA, GA, 30315","-84.378513476255,33.705033063052","17347028","L"
"865","7522 Madison St, Oak Park, IL, ","No_Match"
"2134","800 Marietta Street, Atlanta, GA, 30318","Match","Exact","800 MARIETTA ST, ATLANTA, GA, 30318","-84.406312416061,33.77456129051","17342260","L"
"866","1701 W Roosevelt Rd, Broadview, IL, ","Match","Exact","1701 W ROOSEVELT RD, BROADVIEW, IL, 60155","-87.853115847146,41.864113540278","111791021","R"
"867","5405 W Madison St, Chicago, IL, ","Match","Exact","5405 W MADISON ST, CHICAGO, IL, 60644","-87.760337103086,41.880246857588","111754877","L"
"868","9204 S Western Ave, Evergreen Park, IL, ","Match","Exact","9204 S WESTERN AVE, EVERGREEN PARK, IL, 60805","-87.682280368932,41.72518846719","657076093","R"
"869","22 E Hubbard St, Chicago, IL, ","Match","Exact","22 E HUBBARD ST, CHICAGO, IL, 60611","-87.627685007446,41.890127041246","111769025","L"
"2155","2255 Sewell Mill Rd Suite 230, Marietta, GA, 30062","Match","Exact","2255 SEWELL MILL RD, MARIETTA, GA, 30062","-84.485582401801,33.974523086383","17248342","L"
"2154","150 Carnegie Pl Suite 108, Fayetteville, GA, 30214","Match","Exact","150 CARNEGIE PL, FAYETTEVILLE, GA, 30214","-84.427633914468,33.509480503629","75950066","L"
"2153","875 Old Roswell Rd Suite C100, Roswell, GA, 30076","Match","Exact","875 OLD ROSWELL RD, ROSWELL, GA, 30076","-84.33433761114,34.037754316498","647330606","R"
"2152","40 Macon St Ste D, McDonough, GA, 30253","Match","Non_Exact","40 MACON ST, MCDONOUGH, GA, 30253","-84.146318545654,33.446283191651","23190255","L"
"2151","1389 Hwy 92 Suite 102, Acworth, GA, 30102","Match","Non_Exact","1389 OLD HWY 92, ACWORTH, GA, 30102","-84.654493091803,34.091163776312","642130703","L"
"2150","863 Flat Shoals Rd SE Suite C236, Conyers, GA, 30094","Match","Exact","863 FLAT SHOALS RD SE, CONYERS, GA, 30094","-84.016308743652,33.642633008238","23751763","L"
"870","8269 S Kedzie Ave, Chicago, IL, ","Match","Exact","8269 S KEDZIE AVE, CHICAGO, IL, 60652","-87.702131798816,41.743078588475","111819945","L"
"871","4003 S Archer Ave, Chicago, IL, ","Match","Exact","4003 S ARCHER AVE, CHICAGO, IL, 60632","-87.692926826632,41.8209606199","604980880","L"
"872","1523 W 18th St, Chicago, IL, ","Match","Exact","1523 W 18TH ST, CHICAGO, IL, 60608","-87.664653797717,41.857764449806","605106222","L"
"2149","6000 Stewart Pkwy #5142, Douglasville, GA, 30154","Match","Non_Exact","6000 STEWART PKWY, DOUGLASVILLE, GA, 30135","-84.772046478448,33.719168025559","625205130","L"
"873","1848 S Blue Island Ave, Chicago, IL, ","Match","Exact","1848 S BLUE ISLAND AVE, CHICAGO, IL, 60608","-87.662063725151,41.85690874095","111802943","R"
"2148","6000 Stewart Pkwy #5142, Douglasville, GA, 30154","Match","Non_Exact","6000 STEWART PKWY, DOUGLASVILLE, GA, 30135","-84.772046478448,33.719168025559","625205130","L"
"874","1644 W 18th St, Chicago, IL, ","Match","Exact","1644 W 18TH ST, CHICAGO, IL, 60608","-87.667514625229,41.85782931491","111802899","R"
"2147","1385 McDonough Parkway, McDonough, GA, 30253","Match","Exact","1385 MCDONOUGH PKWY, MCDONOUGH, GA, 30253","-84.168134389074,33.452081276753","210419788","L"
"875","1653 W 18th St, Chicago, IL, ","Match","Exact","1653 W 18TH ST, CHICAGO, IL, 60608","-87.667710567752,41.857711456625","111802899","L"
"2146","3070 Windward Plaza Suite F219, Alpharetta, GA, 30005","Match","Exact","3070 WINDWARD PLZ, ALPHARETTA, GA, 30005","-84.239717561431,34.093285041793","642695832","R"
"876","2207 N Western Ave C2, Chicago, IL, ","Match","Non_Exact","2207 N WESTERN AVE, CHICAGO, IL, 60647","-87.687476628285,41.92203983922","111763022","R"
"2145","3208 Stratford Commons Apt H, Decatur, GA, 30033","Match","Non_Exact","3208 STRATFORD CMNS, DECATUR, GA, 30033","-84.279370554343,33.792459662057","619383587","L"
"877","6113 W 26th St, Cicero, IL, ","Match","Exact","6113 W 26TH ST, CICERO, IL, 60804","-87.776272369922,41.843445275894","111795304","L"
"878","1641 W 18th St, Chicago, IL, ","Match","Exact","1641 W 18TH ST, CHICAGO, IL, 60608","-87.667484271683,41.857715197044","111802899","L"
"879","2127 W 22nd Pl, Chicago, IL, ","Match","Exact","2127 W 22ND PL, CHICAGO, IL, 60608","-87.678645000529,41.851169936752","111802283","L"
"2166","2148 Duluth Hwy, Duluth, GA, 30096","Match","Non_Exact","2148 DULUTH HWY, DULUTH, GA, 30097","-84.094141673517,33.977653441383","88923056","R"
"2165","10945 State Bridge Rd Ste 401-402, Alpharetta, GA, 10945","Match","Non_Exact","10945 STATE BRIDGE RD, ALPHARETTA, GA, 30022","-84.22382557336,34.047392213813","656432841","L"
"2164","2378 Centenary Way Ct, Dacula, GA, 30019","Match","Exact","2378 CENTENARY WAY CT, DACULA, GA, 30019","-83.911521677635,33.988213061263","646760744","R"
"2163","5523 Lofwood Lane, Lithonia, GA, 30058","Match","Exact","5523 LOFWOOD LN, LITHONIA, GA, 30058","-84.155832514165,33.712169141376","23395657","R"
"2162","7590 Saybrook Trail, Jonesboro, GA, 30274","Match","Non_Exact","7590 SAYBROOK TRL, JONESBORO, GA, 30236","-84.327875899594,33.548852647012","656406442","R"
"2161","1755 North Brown Rd Suite 200-218, Lawrenceville, GA, 30043","Match","Exact","1755 N BROWN RD, LAWRENCEVILLE, GA, 30043","-84.079668337765,33.98651249943","88933596","L"
"2160","149 South McDonough Street Suite 215, Jonesboro, GA, 30236","Match","Exact","149 S MCDONOUGH ST, JONESBORO, GA, 30236","-84.354003486619,33.519159203009","23317100","L"
"880","1309 W 18th St, Chicago, IL, ","Match","Exact","1309 W 18TH ST, CHICAGO, IL, 60608","-87.659734157668,41.857845855823","605106024","L"
"881","3483 S Archer Ave, Chicago, IL, ","Match","Exact","3483 S ARCHER AVE, CHICAGO, IL, 60608","-87.67714000211,41.830636308632","111803283","L"
"882","4136 W North Ave, Chicago, IL, ","Match","Non_Exact","4136 NORTH AVE, CHICAGO, IL, 60639","-87.729373145368,41.909888088959","616790583","L"
"883","3530 W Armitage Ave, Chicago, IL, ","Match","Exact","3530 W ARMITAGE AVE, CHICAGO, IL, 60647","-87.714485604665,41.917366716505","111759111","R"
"884","3807 W 26th St, Chicago, IL, ","Match","Exact","3807 W 26TH ST, CHICAGO, IL, 60623","-87.720027744774,41.844255861507","605092143","L"
"2159","308 Woodlands Dr SE, Smyrna, GA, 30080","Match","Non_Exact","308 WOODLANDS DR, SMYRNA, GA, 30080","-84.49278048082,33.892117347756","17268472","L"
"885","2901 W Cermak Rd, Chicago, IL, ","Match","Exact","2901 W CERMAK RD, CHICAGO, IL, 60623","-87.699221152521,41.851797859056","111890812","L"
"2158","770 Old Roswell Place Suite A100, Roswell, GA, 30076","Match","Exact","770 OLD ROSWELL PL, ROSWELL, GA, 30076","-84.341164369967,34.035567483924","17367888","L"
"886","4311 S Archer Ave, Chicago, IL, ","Match","Exact","4311 S ARCHER AVE, CHICAGO, IL, 60632","-87.702306013007,41.815207863435","111803913","L"
"2157","4284 Memorial Drive Suite C, Decatur, GA, 30032","Match","Non_Exact","4284 MEMORIAL DR, DECATUR, GA, 30032","-84.248705321088,33.77343581726","23405188","L"
"887","2106 S Cicero Ave, Cicero, IL, ","Match","Non_Exact","2106 CICERO AVE, CICERO, IL, 60804","-87.744385842167,41.852607208534","111798076","R"
"2156","3554 Habersham at Northlake Road Building H, Tucker, GA, 30084","Match","Non_Exact","3554 HABERSHAM AT NORTHLAKE RD, TUCKER, GA, 30084","-84.243767856233,33.853566628032","23391043","L"
"888","3818 W Lawrence Ave, Chicago, IL, ","Match","Exact","3818 W LAWRENCE AVE, CHICAGO, IL, 60625","-87.723920261252,41.968339053288","111756304","R"
"889","2408 N Lincoln Ave, Chicago, IL, ","Match","Exact","2408 N LINCOLN AVE, CHICAGO, IL, 60614","-87.649310048408,41.925756383853","657064818","L"
"2177","12 Powder Springs Street Suite 270, Marietta, GA, 30064","Match","Exact","12 POWDER SPRINGS ST, MARIETTA, GA, 30064","-84.551902108522,33.952161366137","17262183","R"
"2176","2056 W Park Place Blvd Suite D, Stone Mountain, GA, 30087","Match","Non_Exact","2056 W PARK PLACE BLVD, STONE MOUNTAIN, GA, 30087","-84.119641015407,33.818516260741","642368937","R"
"2175","1075 Chimney Trace Way, Lawrenceville, GA, 30045","Match","Exact","1075 CHIMNEY TRACE WAY, LAWRENCEVILLE, GA, 30045","-83.917898301838,33.936168332555","630052144","L"
"2174","760 Birch Ridge Drive, Roswell, GA, 30076","Match","Exact","760 BIRCH RIDGE DR, ROSWELL, GA, 30076","-84.327624347292,34.07234776536","17366349","R"
"2173","1770 The Exchange SE Suite 165, Atlanta, GA, 30339","Match","Exact","1770 THE EXCHANGE SE, ATLANTA, GA, 30339","-84.482580487561,33.909307369854","642620808","R"
"2172","1003 E Freeway Drive SE Suite B, Conyers, GA, 30094","Match","Non_Exact","1003 E FREEWAY DR SE, CONYERS, GA, 30094","-84.014501567846,33.651585039632","620132700","L"
"2171","107 Technology Parkway Suite 745, Peachtree Corners, GA, 30092","Match","Non_Exact","107 TECHNOLOGY PKWY NW, PEACHTREE CORNERS, GA, 30092","-84.217932680581,33.964990836234","88883913","R"
"890","5434 S Pulaski Rd, Chicago, IL, ","Match","Exact","5434 S PULASKI RD, CHICAGO, IL, 60632","-87.723261486245,41.794057999373","605304996","R"
"2170","4813 Ridge Rd Suite 111-1064, Douglasville, GA, 30134","Match","Exact","4813 RIDGE RD, DOUGLASVILLE, GA, 30134","-84.80972171425,33.818748983403","652440478","L"
"891","5847 W Fullerton Ave, Chicago, IL, ","Match","Exact","5847 W FULLERTON AVE, CHICAGO, IL, 60639","-87.772372067629,41.923824128553","111753225","L"
"892","2637 S Pulaski Rd, Chicago, IL, ","Match","Exact","2637 S PULASKI RD, CHICAGO, IL, 60623","-87.72444683523,41.843413475138","605056348","L"
"893","4710 S Pulaski Rd, Chicago, IL, ","Match","Exact","4710 S PULASKI RD, CHICAGO, IL, 60632","-87.723649905944,41.807477285766","604985863","R"
"894","1143 S Plymouth Court, Chicago, IL, ","Match","Exact","1143 S PLYMOUTH CT, CHICAGO, IL, 60605","-87.628473879211,41.868756319458","639802755","L"
"895","728 N Central Ave, Chicago, IL, ","Match","Exact","728 N CENTRAL AVE, CHICAGO, IL, 60644","-87.765425875633,41.893704445483","652588948","L"
"896","188 W Randolph St #604, Chicago, IL, ","Match","Exact","188 W RANDOLPH ST, CHICAGO, IL, 60601","-87.633566504187,41.884528441191","111768717","R"
"2169","4915 Hwy 138 Ste D, Loganville, GA, 30052","No_Match"
"897","2844 W 59th St Suite 217, Chicago, IL, ","Match","Exact","2844 W 59TH ST, CHICAGO, IL, 60629","-87.695112554199,41.786436802761","111804548","R"
"2168","2471 Old Sewell Rd, Marietta, GA, 30068","Match","Exact","2471 OLD SEWELL RD, MARIETTA, GA, 30068","-84.479496616659,33.95158800987","17182749","L"
"898","7542 S Luella Ave, Chicago, IL, ","Match","Exact","7542 S LUELLA AVE, CHICAGO, IL, 60649","-87.570092719808,41.75790815","616793655","R"
"2167","4480 S Cobb Drive Suite H-158, Smyrna, GA, 30080","No_Match"
"899","7125 W Gunnison St Suite 217, Harwood Heights, IL, ","Match","Exact","7125 W GUNNISON ST, HARWOOD HEIGHTS, IL, 60706","-87.805166778543,41.968221845057","111749876","L"
"2180","2724 Autumn View Dr, Lawrenceville, GA, 30044","Match","Exact","2724 AUTUMN VIEW DR, LAWRENCEVILLE, GA, 30044","-84.077434072669,33.927365552757","623786679","R"
"2188","3012 Martin Luther King Jr Ave SE, Washington, DC, 20032","Match","Exact","3012 M L KING JR AVE SE, WASHINGTON, DC, 20032","-76.997624299708,38.844661398971","76232311","L"
"2187","3933 Georgia Ave NW, Washington, DC, 20011","Match","Exact","3933 GEORGIA AVE NW, WASHINGTON, DC, 20011","-77.024709751529,38.939059651345","76223546","R"
"2186","47 Peabody St NE, Washington, DC, 20011","Match","Exact","47 PEABODY ST NE, WASHINGTON, DC, 20011","-77.006558693189,38.962644904649","76223838","R"
"2185","703 Edgewood St NE, Washington, DC, 20017","Match","Exact","703 EDGEWOOD ST NE, WASHINGTON, DC, 20017","-76.996223702577,38.924991410857","76228523","R"
"2184","80 M St SE Suite 100, Washington, DC, 20003","Match","Exact","80 M ST SE, WASHINGTON, DC, 20003","-77.00623765845,38.876539513391","639577473","L"
"2183","1313 14th St NW, Washington, DC, 20005","Match","Exact","1313 14TH ST NW, WASHINGTON, DC, 20005","-77.031878076189,38.907787508045","610820579","R"
"2182","2439 18th St NW, Washington, DC, 20009","Match","Exact","2439 18TH ST NW, WASHINGTON, DC, 20009","-77.042423257808,38.922028732933","76222722","R"
"2181","1201 Brentwood Rd NE, Washington, DC, 20018","Match","Exact","1201 BRENTWOOD RD NE, WASHINGTON, DC, 20018","-76.990456621478,38.919945708333","76228919","R"
"2179","2090 Lawrenceville Suwanee Rd 644 Ste A, Suwanee, GA, 30024","Match","Non_Exact","2090 LAWRENCEVILLE SUWANEE RD, SUWANEE, GA, 30024","-84.040224258993,34.001914910335","638649910","R"
"2178","2274 Salem Rd Ste 106-1284, Conyers, GA, 30013","Match","Non_Exact","2274 SALEM RD SE, CONYERS, GA, 30013","-83.978353842165,33.629205352309","23741367","L"
"2191","2800 10th St NE, Washington, DC, 20017","Match","Exact","2800 10TH ST NE, WASHINGTON, DC, 20017","-76.992504422352,38.925641442366","76228549","L"
"2190","2624 Georgia Ave NW, Washington, DC, 20001","Match","Exact","2624 GEORGIA AVE NW, WASHINGTON, DC, 20001","-77.022697006177,38.924866703416","76224199","L"
"2199","801 Virginia Ave SE #101, Washington, DC, 20003","Match","Exact","801 VIRGINIA AVE SE, WASHINGTON, DC, 20003","-76.99493046068,38.878146063153","76238297","R"
"2198","2815 7th St NE, Washington, DC, 20017","Match","Exact","2815 7TH ST NE, WASHINGTON, DC, 20017","-76.996101042958,38.926076502718","76228520","R"
"2197","1829 1st St NW, Washington, DC, 20001","Match","Exact","1829 1ST ST NW, WASHINGTON, DC, 20001","-77.012082574559,38.9149397529","76224645","R"
"2196","700 Monroe St NE, Washington, DC, 20017","Match","Exact","700 MONROE ST NE, WASHINGTON, DC, 20017","-76.996103060259,38.932420501745","76228471","L"
"2195","1001 H St NE, Washington, DC, 20002","Match","Exact","1001 H ST NE, WASHINGTON, DC, 20002","-76.992571363523,38.900148326108","76230140","R"
"2194","633 Pennsylvania Ave NW Floor 2, Washington, DC, 20004","Match","Exact","633 PENNSYLVANIA AVE NW, WASHINGTON, DC, 20004","-77.020555419078,38.893006968291","657465414","R"
"2193","1100 H St NW #1050, Washington, DC, 20005","Match","Exact","1100 H ST NW, WASHINGTON, DC, 20005","-77.027106829705,38.899761918088","76226158","L"
"2192","1926 Benning Rd NE, Washington, DC, 20002","Match","Exact","1926 BENNING RD NE, WASHINGTON, DC, 20002","-76.975328318273,38.898839628745","76231351","L"
"2189","2473 18th St NW Fl 2, Washington, DC, 20009","Match","Exact","2473 18TH ST NW, WASHINGTON, DC, 20009","-77.042564893173,38.9225044206","76222722","R"
"1701","4400 NW 87th Ave, Doral, FL, 33178","Match","Exact","4400 NW 87TH AVE, DORAL, FL, 33178","-80.337501785419,25.811865040319","656763375","R"
"1700","8300 NW 36th Street, Doral, FL, 33166","Match","Exact","8300 NW 36TH ST, DORAL, FL, 33166","-80.330965923548,25.809742011772","648372961","R"
"1709","5300 NW 87th Ave., Doral, FL, 33178","Match","Exact","5300 NW 87TH AVE, DORAL, FL, 33178","-80.33770800315,25.81984466786","640559605","L"
"1708","8436 NW 36th Street, Miami, FL, 33166","Match","Exact","8436 NW 36TH ST, MIAMI, FL, 33166","-80.333199067511,25.80974201182","648372960","R"
"1707","3255 NW 87th Ave, Miami, FL, 33172","Match","Exact","3255 NW 87TH AVE, MIAMI, FL, 33172","-80.337168811729,25.804203577279","116076659","R"
"1706","3620 NW 79th Ave., Doral, FL, 33166","Match","Non_Exact","3620 NW 79TH AVE, DORAL, FL, 33122","-80.325326079164,25.80732560203","116087804","L"
"1705","2601 NW 42nd Ave, Miami, FL, 33142","Match","Exact","2601 NW 42ND AVE, MIAMI, FL, 33142","-80.264235342536,25.799571505017","116009663","R"
"1704","11580 NW 105th St, Miami, FL, 11580","Match","Non_Exact","11580 NW 105TH ST, MIAMI, FL, 33178","-80.383019782013,25.869365256232","656741544","R"
"1703","7220 Northwest 36th Street, Miami, FL, 33166","Match","Exact","7220 NW 36TH ST, MIAMI, FL, 33166","-80.313720387078,25.809251108791","115957808","L"
"1702","1950 NW 92nd Ave, Doral, FL, 33172","Match","Exact","1950 NW 92ND AVE, DORAL, FL, 33172","-80.344527185271,25.793247490157","115970415","R"
"1712","5900 NW 99 Ave, Unit 1, Doral, FL, 33178","Match","Exact","5900 NW 99TH AVE, DORAL, FL, 33178","-80.358001860688,25.826271743243","116320155","L"
"1711","2757 Coral Way, Miami, FL, 33145","No_Match"
"1710","10311 SW 7th Terrace, Miami, FL, 10311","Match","Non_Exact","10311 SW 7TH ST, MIAMI, FL, 33174","-80.36277714913,25.762804615747","624313138","R"
"1719","536 SW 78 Court, Miami, FL, 33144","Match","Exact","536 SW 78TH CT, MIAMI, FL, 33144","-80.322756563654,25.764353815761","115974569","R"
"1718","11162 NW 71st Terrace, Doral, FL, 11162","Match","Non_Exact","11162 NW 71ST TER, DORAL, FL, 33178","-80.378200454154,25.83705033867","116259187","L"
"1717","7871 Fisher Island Drive, Miami, FL, 33109","Match","Exact","7871 FISHER ISLAND DR, MIAMI, FL, 33109","-80.137541618252,25.760245411241","629024153","L"
"1716","15750 SW 84th Terr, Miami, FL, 15750","Match","Non_Exact","15750 SW 84TH TER, MIAMI, FL, 33193","-80.447205625604,25.687685923807","116079373","R"
"1715","8181 NW 36th Street, Suite 20-G, Miami, FL, 33173","Match","Non_Exact","8181 NW 36TH ST, MIAMI, FL, 33166","-80.329128054648,25.809856603101","116286218","L"
"1714","7825 NW 29th St, Ste 145, Doral, FL, 33122","Match","Exact","7825 NW 29TH ST, DORAL, FL, 33122","-80.323753464001,25.800777707685","648441139","L"
"1713","3511 NW 91 Ave, Miami, FL, 33172","Match","Exact","3511 NW 91ST AVE, MIAMI, FL, 33172","-80.343942644175,25.805921649288","116266679","L"
"1723","10311 SW 7th Terrace, Miami, FL, 10311","Match","Non_Exact","10311 SW 7TH ST, MIAMI, FL, 33174","-80.36277714913,25.762804615747","624313138","R"
"1722","10865 NW 73rd Ter, Doral, FL, 10865","Match","Non_Exact","10865 NW 73RD TER, DORAL, FL, 33178","-80.373575155,25.840117301306","116259177","R"
"1721","2330 Ponce de Leon Blvd., Coral Gables, FL, 33134","Match","Exact","2330 PONCE DE LEON BLVD, CORAL GABLES, FL, 33134","-80.258737654706,25.750584137679","116013020","R"
"1720","7320 NW 43rd Street, Miami, FL, 33166","Match","Exact","7320 NW 43RD ST, MIAMI, FL, 33166","-80.315809032595,25.813369010529","115957781","L"
"1729","3333 NW 97th Ave, Doral, FL, 33172","Match","Exact","3333 NW 97TH AVE, DORAL, FL, 33172","-80.353314919959,25.805619737709","115955527","R"
"1728","4705 SW 75 Ave, Miami, FL, 33155","Match","Exact","4705 SW 75TH AVE, MIAMI, FL, 33155","-80.316759106492,25.725884048548","640558139","L"
"1727","2315 NW 107th Ave, Suite 1M07, Doral, FL, 33172","Match","Exact","2315 NW 107TH AVE, DORAL, FL, 33172","-80.368994890209,25.795435685275","115969522","R"
"1726","10025 NW 116th Way #14, Medley, FL, 10025","Match","Non_Exact","10025 NW 116TH WAY, MEDLEY, FL, 33178","-80.361288724303,25.873974880779","116051873","L"
"1725","11330 NW 36 Terr, Doral, FL, 11330","Match","Non_Exact","11330 NW 36TH TER, DORAL, FL, 33178","-80.380393377714,25.807318112705","116258975","L"
"1724","8004 NW 154th St., Miami Lakes, FL, 33016","Match","Exact","8004 NW 154TH ST, MIAMI LAKES, FL, 33016","-80.330142061988,25.913216448772","116054117","L"
"1734","2500 NW 79 Ave, Suite 215, Doral, FL, 33122","Match","Exact","2500 NW 79TH AVE, DORAL, FL, 33122","-80.325022649841,25.797380523903","116286321","L"
"1733","7903 NW 66 St., Miami, FL, 33166","Match","Exact","7903 NW 66TH ST, MIAMI, FL, 33166","-80.329256045777,25.833542852341","116255930","L"
"1732","8400 NW 25th Street Suite 100, Doral, FL, 33198","Match","Non_Exact","8400 NW 25TH ST, DORAL, FL, 33122","-80.332525854112,25.796916513735","116064690","L"
"1731","7860 NW 80th Street, Miami, FL, 33166","Match","Exact","7860 NW 80TH ST, MIAMI, FL, 33166","-80.324601254531,25.845899841813","116083479","L"
"1730","20600 NW 47 Ave, Miami Gardens, FL, 20600","Match","Non_Exact","20600 NW 47TH AVE, MIAMI GARDENS, FL, 33055","-80.278326089526,25.963675565671","116025703","L"
"1739","1932 NW 82nd Ave, Miami, FL, 33126","Match","Exact","1932 NW 82ND AVE, MIAMI, FL, 33126","-80.328890391477,25.791956776139","656800017","L"
"1738","9600 NW 38th St. Suite 215B, Doral, FL, 33178","Match","Exact","9600 NW 38TH ST, DORAL, FL, 33178","-80.352389209004,25.808479977703","636385831","L"
"1737","3686 Grand Ave., Miami, FL, 33133","Match","Exact","3686 GRAND AVE, MIAMI, FL, 33133","-80.25326833214,25.727601885622","116015090","L"
"1736","2755 W 81st St, Hialeah, FL, 33016","Match","Exact","2755 W 81ST ST, HIALEAH, FL, 33016","-80.338888740044,25.896115012717","116024261","L"
"1735","2500 NW 79 Ave, Suite 215, Doral, FL, 33122","Match","Exact","2500 NW 79TH AVE, DORAL, FL, 33122","-80.325022649841,25.797380523903","116286321","L"
"1745","8725 NW 18th Terr. Suite 405, Miami, FL, 33172","Match","Exact","8725 NW 18TH TER, MIAMI, FL, 33172","-80.337199031162,25.79154812387","640559590","L"
"1744","6355 NW 36 St Suite 202, Miami, FL, 33166","Match","Exact","6355 NW 36TH ST, MIAMI, FL, 33166","-80.299591810216,25.807422320635","656769698","R"
"1743","5600 NW 72nd Ave., Suite 668105, Miami, FL, 33178","Match","Non_Exact","5600 NW 72ND AVE, MIAMI, FL, 33166","-80.313758684585,25.824443980023","648441201","L"
"1742","10880 NW 138 Street, Bay 5, Hialeah Gardens, FL, 10880","Match","Non_Exact","10880 NW 138TH ST, HIALEAH GARDENS, FL, 33018","-80.376769805521,25.898463355816","635561387","L"
"1741","9500 NW 12th St, Doral, FL, 33172","Match","Exact","9500 NW 12TH ST, DORAL, FL, 33172","-80.35032869098,25.783368526259","656763416","R"
"1740","2020 NW 129th Ave, Suite 203, Miami, FL, 33182","Match","Exact","2020 NW 129TH AVE, MIAMI, FL, 33182","-80.405152614708,25.79283090672","656758425","L"
"1749","3325 NW 70th Ave., Miami, FL, 33122","No_Match"
"1748","8785 SW 165th Ave #200, Miami, FL, 33193","No_Match"
"1747","265 W 55th Street, Hialeah, FL, 33012","Match","Exact","265 W 55TH ST, HIALEAH, FL, 33012","-80.288747645134,25.872544762825","116253577","R"
"1746","9141 SW 122 Ave, #204, Miami, FL, 33186","Match","Exact","9141 SW 122ND AVE, MIAMI, FL, 33186","-80.392508483508,25.682735224053","116078722","L"
"1756","8240 West Flagler Street, Miami, FL, 33144","Match","Exact","8240 W FLAGLER ST, MIAMI, FL, 33144","-80.329090504945,25.769687715348","115974345","L"
"1755","1617 NW 79 Ave, Miami, FL, 33126","Match","Non_Exact","1617 NW 79TH AVE, MIAMI, FL, 33191","-80.323947243235,25.788585528861","656713039","R"
"1754","7206 NW 31st Street, Miami, FL, 33122","Match","Exact","7206 NW 31ST ST, MIAMI, FL, 33122","-80.313379943122,25.802519666895","116255459","L"
"1753","8805 NW 23rd St, Doral, FL, 33172","Match","Exact","8805 NW 23RD ST, DORAL, FL, 33172","-80.339594653324,25.794293621067","642892075","L"
"1752","3900 NW 107 Ave. Suite 102, Doral, FL, 33172","Match","Exact","3900 NW 107TH AVE, DORAL, FL, 33172","-80.369400070099,25.809538318917","116292899","L"
"1751","2618 NW 112 Ave, Doral, FL, 33172","Match","Exact","2618 NW 112TH AVE, DORAL, FL, 33172","-80.377215047936,25.798091730151","646956808","L"
"1750","1783 NW 79th Ave, Doral, FL, 33126","Match","Exact","1783 NW 79TH AVE, DORAL, FL, 33126","-80.32395826124,25.788903477259","656713039","R"
"1759","2001 Biscayne Blvd, Suite 117-33, Miami, FL, 33137","Match","Exact","2001 BISCAYNE BLVD, MIAMI, FL, 33137","-80.188963786729,25.795503437015","116017954","R"
"1758","11461 Lakeside Drive #4201, Doral, FL, 11461","Match","Non_Exact","11461 LAKESIDE DR, DORAL, FL, 33178","-80.383437049721,25.813252012004","647899655","L"
"1757","9825 NW 17th St., Miami, FL, 33172","Match","Exact","9825 NW 17TH ST, MIAMI, FL, 33172","-80.35358932741,25.790038093035","116097311","R"
"1770","5921 NE 2nd Ave, Miami, FL, 33137","Match","Exact","5921 NE 2ND AVE, MIAMI, FL, 33137","-80.192009321914,25.830226034376","116007278","R"
"1767","200 NW 54th Street, Miami, FL, 33127","Match","Exact","200 NW 54TH ST, MIAMI, FL, 33127","-80.200084722112,25.825112051637","116007139","L"
"1766","230 NW 183rd St, Miami Gardens, FL, 33169","Match","Exact","230 NW 183RD ST, MIAMI GARDENS, FL, 33169","-80.205968247407,25.942456092154","116029884","L"
"1765","645 W Hallandale Beach Blvd, Hallandale Beach, FL, 33009","Match","Non_Exact","645 E HALLANDALE BEACH BLVD, HALLANDALE BEACH, FL, 33009","-80.141819377413,25.985797554513","647872220","L"
"1764","317 NW 28th St, Miami, FL, 33127","Match","Exact","317 NW 28TH ST, MIAMI, FL, 33127","-80.201375380614,25.802898929537","116017239","R"
"1763","1100 Biscayne Blvd, Miami, FL, 33132","Match","Exact","1100 BISCAYNE BLVD, MIAMI, FL, 33132","-80.189485705843,25.784900140568","641722320","R"
"1762","723 Lincoln Ln N, Miami Beach, FL, 33139","Match","Exact","723 LINCOLN LN N, MIAMI BEACH, FL, 33139","-80.135893541849,25.791237502146","116020448","R"
"1761","100 Miracle Mile Ste 202, Coral Gables, FL, 33134","No_Match"
"1760","1845 NW 112th Avenue Suite 206, Miami, FL, 33172","Match","Exact","1845 NW 112TH AVE, MIAMI, FL, 33172","-80.376662703056,25.79164254626","648460085","L"
"1769","6820 NE 2nd Ave, Miami, FL, 33138","Match","Exact","6820 NE 2ND AVE, MIAMI, FL, 33138","-80.192463336381,25.837477388273","642041121","L"
"1768","195 NE 78th Street, Miami, FL, 33138","Match","Exact","195 NE 78TH ST, MIAMI, FL, 33138","-80.192986138008,25.846474740905","656802734","L"
"1781","1332 Shalimar Dr, Fort Worth, TX, 76131","Match","Exact","1332 SHALIMAR DR, FORT WORTH, TX, 76131","-97.339203840562,32.896221790136","619869751","R"
"1780","5605 FM 423 Ste 500 #137, Frisco, TX, 75036","Match","Exact","5605 FM 423, FRISCO, TX, 75036","-96.89135308167,33.124589064933","641482649","R"
"1778","3411 Oscar Avenue, Fort Worth, TX, 76106","Match","Exact","3411 OSCAR AVE, FORT WORTH, TX, 76106","-97.331488764692,32.805042563856","101857675","L"
"1777","3550 West 7th Street, Fort Worth, TX, 76107","Match","Exact","3550 W 7TH ST, FORT WORTH, TX, 76107","-97.3694160681,32.751431712016","657517843","R"
"1776","425 Houston Street, Suite 200, Fort Worth, TX, 76102","Match","Exact","425 HOUSTON ST, FORT WORTH, TX, 76102","-97.332158554923,32.754602994216","101884934","L"
"1775","901 Altamesa Blvd., Fort Worth, TX, 76134","Match","Exact","901 ALTAMESA BLVD, FORT WORTH, TX, 76134","-97.330892448534,32.650297629997","657523308","L"
"1774","3400 Fossil Creek Boulevard, Fort Worth, TX, 76137","Match","Exact","3400 FOSSIL CREEK BLVD, FORT WORTH, TX, 76137","-97.312144997283,32.847423501177","101857069","R"
"1773","14050 FAA Boulevard, Fort Worth, TX, 14050","No_Match"
"1772","12325 NE 6th Ave, North Miami, FL, 12325","Match","Non_Exact","12325 NE 6TH AVE, NORTH MIAMI, FL, 33161","-80.186320455361,25.888700544587","116034435","R"
"1771","13315 W Dixie Hwy, North Miami, FL, 13315","Match","Non_Exact","13315 W DIXIE HWY, NORTH MIAMI, FL, 33161","-80.180164978086,25.897999631737","116034360","R"
"1779","6707 Brentwood Stair Rd, Ste 218, Fort Worth, TX, 76112","Match","Exact","6707 BRENTWOOD STAIR RD, FORT WORTH, TX, 76112","-97.214524395366,32.754399581281","101946116","L"
"1792","300 W. Central, Fort Worth, TX, 76164","Match","Non_Exact","300 W CENTRAL AVE, FORT WORTH, TX, 76164","-97.348070619703,32.777238233939","101856751","R"
"1791","3000 Schwab Way, Westlake, TX, 76262","Match","Exact","3000 SCHWAB WAY, WESTLAKE, TX, 76262","-97.208097489377,32.996802261794","658305742","L"
"1790","100 Fort Worth Trail, 14th Floor, Fort Worth, TX, 76102","No_Match"
"1789","801 W Anthony St, Fort Worth, TX, 76115","Match","Exact","801 W ANTHONY ST, FORT WORTH, TX, 76115","-97.33357992164,32.685759007924","101888306","L"
"1788","551 E. Berry Street, Fort Worth, TX, 76110","Match","Exact","551 E BERRY ST, FORT WORTH, TX, 76110","-97.32272070439,32.70634382842","102153617","L"
"1787","301 Commerce St., Fort Worth, TX, 76102","Match","Exact","301 COMMERCE ST, FORT WORTH, TX, 76102","-97.331096702713,32.756130548194","101888519","L"
"1786","5049 Edwards Ranch Rd, FL4, Fort Worth, TX, 76109","Match","Exact","5049 EDWARDS RANCH RD, FORT WORTH, TX, 76109","-97.397929892048,32.711379580659","658474196","R"
"1785","500 Main Street, Suite 1100, Fort Worth, TX, 76102","Match","Exact","500 MAIN ST, FORT WORTH, TX, 76102","-97.33114800131,32.754417188622","101888808","R"
"1784","777 Main Street, Suite 3500, Fort Worth, TX, 76102","Match","Exact","777 MAIN ST, FORT WORTH, TX, 76102","-97.329951133987,32.752860135048","101888818","L"
"1783","2600 Lou Menk Drive, AOB-2, Fort Worth, TX, 76131","Match","Non_Exact","2600 LOU MENK DR, FORT WORTH, TX, 76131","-97.326781631072,32.864080486898","657575181","R"
"1782","1400 8th Avenue, Fort Worth, TX, 76104","Match","Exact","1400 8TH AVE, FORT WORTH, TX, 76104","-97.343773623904,32.729623015096","647845356","R"
"1799","2325 E. Loop 820 North, Fort Worth, TX, 76108","Tie"
"1798","2205 Highway 121, Bedford, TX, 76021","Match","Exact","2205 HWY 121, BEDFORD, TX, 76021","-97.118147569868,32.842909144927","101915088","L"
"1797","1622 Park Place, Fort Worth, TX, 76110","Match","Non_Exact","1622 PARK PLACE AVE, FORT WORTH, TX, 76110","-97.344100950343,32.725878592233","101885403","R"
"1796","7204 Wavecrest Way, Fort Worth, TX, 76179","Match","Exact","7204 WAVECREST WAY, FORT WORTH, TX, 76179","-97.421554881934,32.867922715844","652029532","L"
"1795","144 Cottonwood St., Fort Worth, TX, 76111","Match","Exact","144 COTTONWOOD ST, FORT WORTH, TX, 76111","-97.291217319864,32.766065931193","101891025","R"
"1794","2633 Altamesa Blvd, Fort Worth, TX, 76133","Match","Exact","2633 ALTAMESA BLVD, FORT WORTH, TX, 76133","-97.356310545765,32.648770958056","101958301","R"
"1793","4351 Western Center Blvd., Fort Worth, TX, 76137","Match","Exact","4351 WESTERN CENTER BLVD, FORT WORTH, TX, 76137","-97.291060548658,32.861223591431","102167049","L"
"900","2738 W 47th St Suite 217, Chicago, IL, ","Match","Exact","2738 W 47TH ST, CHICAGO, IL, 60632","-87.693161158114,41.808354957153","111804023","R"
"901","680 N Lake Shore Dr Ste 615, Chicago, IL, ","Tie"
"902","4619 W Armitage Ave Suite 217, Chicago, IL, ","Match","Exact","4619 W ARMITAGE AVE, CHICAGO, IL, 60639","-87.741781364262,41.916923866123","605222042","L"
"903","6636 S Vernon Ave, Chicago, IL, ","Match","Exact","6636 S VERNON AVE, CHICAGO, IL, 60637","-87.614357385655,41.774125707027","605542813","R"
"904","9720 S Vincennes Ave, Chicago, IL, ","Match","Exact","9720 S VINCENNES AVE, CHICAGO, IL, 60643","-87.652135781144,41.717488408755","111832486","R"
"905","4034 S Michigan Ave, Chicago, IL, ","Match","Exact","4034 S MICHIGAN AVE, CHICAGO, IL, 60653","-87.623228213957,41.821187596328","111770444","R"
"906","9001 S Genoa Ave, Chicago, IL, ","No_Match"
"907","3230 W 38th St, Chicago, IL, ","Match","Exact","3230 W 38TH ST, CHICAGO, IL, 60632","-87.705401740515,41.824448466528","605569681","R"
"908","7810 S Claremont Ave Suite 217, Chicago, IL, ","Match","Exact","7810 S CLAREMONT AVE, CHICAGO, IL, 60620","-87.68164712014,41.751770944742","616792190","R"
"909","2232 S Blue Island Ave Suite 217, Chicago, IL, ","Match","Exact","2232 S BLUE ISLAND AVE, CHICAGO, IL, 60608","-87.667947394073,41.851610729458","641796413","R"
"910","2110 E. Norris Street, Philadelphia, PA, ","Match","Exact","2110 E NORRIS ST, PHILADELPHIA, PA, 19125","-75.132875744006,39.979927792571","131425119","R"
"911","2036 Frankford Avenue, Philadelphia, PA, ","Match","Exact","2036 FRANKFORD AVE, PHILADELPHIA, PA, 19125","-75.130056192359,39.979080386234","131425362","L"
"912","2600 N. 5th Street, Philadelphia, PA, ","Match","Exact","2600 N 5TH ST, PHILADELPHIA, PA, 19133","-75.140605128172,39.9905679044","131419244","L"
"913","1213 Race Street, Philadelphia, PA, ","Match","Exact","1213 RACE ST, PHILADELPHIA, PA, 19107","-75.159580377976,39.955888087966","131423270","R"
"914","123 South Street, Philadelphia, PA, ","Match","Exact","123 SOUTH ST, PHILADELPHIA, PA, 19147","-75.144944093633,39.941147878679","131424930","R"
"915","209 Poplar Street, Philadelphia, PA, ","Match","Exact","209 POPLAR ST, PHILADELPHIA, PA, 19123","-75.140975140944,39.964334236234","131423112","R"
"916","215 S. Christopher Columbus Boulevard, Philadelphia, PA, ","Match","Exact","215 S CHRISTOPHER COLUMBUS BLVD, PHILADELPHIA, PA, 19106","-75.141482481889,39.94633383203","641542014","L"
"917","6010 Castor Avenue, Philadelphia, PA, ","Match","Exact","6010 CASTOR AVE, PHILADELPHIA, PA, 19149","-75.081860359119,40.034913650338","131428063","L"
"918","2015 S. 12th Street, Philadelphia, PA, ","Match","Exact","2015 S 12TH ST, PHILADELPHIA, PA, 19148","-75.165781725367,39.924618782452","131412056","L"
"919","2104 Chestnut Street, Philadelphia, PA, ","Match","Exact","2104 CHESTNUT ST, PHILADELPHIA, PA, 19103","-75.175747072253,39.952272849206","131406735","L"
"920","51 N. 12th Street, Philadelphia, PA, ","Match","Exact","51 N 12TH ST, PHILADELPHIA, PA, 19107","-75.159698485975,39.952423186613","636465290","R"
"921","901 E. Luzerne Street, Philadelphia, PA, ","Match","Exact","901 E LUZERNE ST, PHILADELPHIA, PA, 19124","-75.110555321463,40.008765192188","131421022","L"
"922","1839 S. 7th Street, Philadelphia, PA, ","Match","Exact","1839 S 7TH ST, PHILADELPHIA, PA, 19148","-75.157518993798,39.925619721705","131436233","L"
"923","51 N. 12th Street, Philadelphia, PA, ","Match","Exact","51 N 12TH ST, PHILADELPHIA, PA, 19107","-75.159698485975,39.952423186613","636465290","R"
"924","1131 S. 19th Street, Philadelphia, PA, ","Match","Exact","1131 S 19TH ST, PHILADELPHIA, PA, 19146","-75.174936707523,39.937598009321","131407316","L"
"925","2001 Memphis Street, Philadelphia, PA, ","Match","Exact","2001 MEMPHIS ST, PHILADELPHIA, PA, 19125","-75.128523702162,39.977518440692","131425392","R"
"926","134 S. 11th Street, Philadelphia, PA, ","Match","Exact","134 S 11TH ST, PHILADELPHIA, PA, 19107","-75.158908655933,39.949293907446","131423449","R"
"927","6778 Germantown Avenue, Philadelphia, PA, ","Match","Exact","6778 GERMANTOWN AVE, PHILADELPHIA, PA, 19119","-75.186768345306,40.054321176635","131395212","L"
"928","7916 Germantown Avenue, Philadelphia, PA, ","Match","Exact","7916 GERMANTOWN AVE, PHILADELPHIA, PA, 19118","-75.200181495049,40.069897438632","131394001","L"
"929","503 S. 52nd Street, Philadelphia, PA, ","Match","Exact","503 S 52ND ST, PHILADELPHIA, PA, 19143","-75.22650048544,39.951829396886","131399294","L"
"2210","1800 Wisconsin Ave NW, Washington, DC, 20007","Match","Exact","1800 WISCONSIN AVE NW, WASHINGTON, DC, 20007","-77.067502578575,38.91509916198","76221228","L"
"2207","1313 14th St NW, Washington, DC, 20005","Match","Exact","1313 14TH ST NW, WASHINGTON, DC, 20005","-77.031878076189,38.907787508045","610820579","R"
"2206","80 T St NW, Washington, DC, 20001","Match","Exact","80 T ST NW, WASHINGTON, DC, 20001","-77.011548942811,38.915507789013","640475372","L"
"2205","1825 18th St NW, Washington, DC, 20009","Match","Exact","1825 18TH ST NW, WASHINGTON, DC, 20009","-77.041584565362,38.914935937611","76223067","R"
"2204","2442 18th St NW, Washington, DC, 20009","Match","Exact","2442 18TH ST NW, WASHINGTON, DC, 20009","-77.042391789183,38.921469191378","76222722","L"
"2203","3355C Benning Rd NE, Washington, DC, 20019","Match","Non_Exact","3355C BENNING RD NE, WASHINGTON, DC, 20019","-76.958743066247,38.896565978023","641472965","L"
"2202","4418 3rd St NW, Washington, DC, 20011","Match","Exact","4418 3RD ST NW, WASHINGTON, DC, 20011","-77.015597110874,38.944537195625","76223923","L"
"930","725 S. 4th Street, Philadelphia, PA, ","Match","Exact","725 S 4TH ST, PHILADELPHIA, PA, 19147","-75.149526450975,39.939740730395","131424369","L"
"2201","5401 James Pl NE, Washington, DC, 20019","Match","Exact","5401 JAMES PL NE, WASHINGTON, DC, 20019","-76.922822209683,38.900377181447","76233995","R"
"931","633 W. Rittenhouse Street, Suite 3, Philadelphia, PA, ","Match","Exact","633 W RITTENHOUSE ST, PHILADELPHIA, PA, 19144","-75.183462434692,40.03098836461","131401032","R"
"2200","5333 Connecticut Ave NW, Washington, DC, 20015","Match","Exact","5333 CONNECTICUT AVE NW, WASHINGTON, DC, 20015","-77.072898257413,38.960442735991","76220315","R"
"932","7133 Germantown Avenue, Philadelphia, PA, ","Match","Exact","7133 GERMANTOWN AVE, PHILADELPHIA, PA, 19119","-75.190342265961,40.05944142499","131394432","R"
"933","2804 W. Girard Avenue, Philadelphia, PA, ","Match","Exact","2804 W GIRARD AVE, PHILADELPHIA, PA, 19130","-75.181999558146,39.974316574223","131405270","L"
"934","1609 South Street, Philadelphia, PA, ","Match","Exact","1609 SOUTH ST, PHILADELPHIA, PA, 19146","-75.168941618431,39.944132402155","131407854","R"
"935","1805 Chestnut Street, Philadelphia, PA, ","Match","Exact","1805 CHESTNUT ST, PHILADELPHIA, PA, 19103","-75.170454096845,39.951731033883","131407469","R"
"936","1009 N. Marshall Street, Philadelphia, PA, ","Match","Exact","1009 N MARSHALL ST, PHILADELPHIA, PA, 19123","-75.147532061852,39.968993517388","636465583","R"
"937","8433 Germantown Avenue, Philadelphia, PA, ","Match","Exact","8433 GERMANTOWN AVE, PHILADELPHIA, PA, 19118","-75.205372895918,40.075468401704","131393903","R"
"938","51 N. 12th Street, Philadelphia, PA, ","Match","Exact","51 N 12TH ST, PHILADELPHIA, PA, 19107","-75.159698485975,39.952423186613","636465290","R"
"2209","1300 I Street NW Suite 400E, Washington, DC, 20005","Match","Exact","1300 I ST NW, WASHINGTON, DC, 20005","-77.029702247009,38.901267706357","76225777","L"
"939","1136 Arch Street, Philadelphia, PA, ","Match","Exact","1136 ARCH ST, PHILADELPHIA, PA, 19107","-75.158473474948,39.953766169681","658087955","L"
"2208","1717 K Street NW, Suite 900, Washington, DC, 20006","Match","Exact","1717 K ST NW, WASHINGTON, DC, 20006","-77.039567406705,38.902577003944","76225662","R"
"2221","144 Waterfront Street, Oxon Hill, MD, 20745","Match","Exact","144 WATERFRONT ST, OXON HILL, MD, 20745","-77.016059066749,38.784968924093","635475799","R"
"2220","2201 Channing Street NE, Washington, DC, 20018","Match","Exact","2201 CHANNING ST NE, WASHINGTON, DC, 20018","-76.974098078113,38.922306911566","76229348","R"
"2218","121 American Way, Oxon Hill, MD, 20745","Match","Exact","121 AMERICAN WAY, OXON HILL, MD, 20745","-77.014529252156,38.783808424037","635475831","R"
"2217","703 H St NE, Washington, DC, 20002","Match","Exact","703 H ST NE, WASHINGTON, DC, 20002","-76.996072488346,38.900148916853","76229777","R"
"2216","834 Upshur Street NW, Washington, DC, 20011","Match","Exact","834 UPSHUR ST NW, WASHINGTON, DC, 20011","-77.02396368019,38.941851476899","76223634","L"
"2215","1815 West Virginia Ave NE, Washington, DC, 20002","Match","Exact","1815 WEST VIRGINIA AVE NE, WASHINGTON, DC, 20002","-76.985044491032,38.911018852289","76230178","R"
"2214","3815 Minnesota Ave NE, Washington, DC, 20019","Match","Exact","3815 MINNESOTA AVE NE, WASHINGTON, DC, 20019","-76.950966628052,38.89257528561","76233096","R"
"940","1415 S. Broad Street #1, Philadelphia, PA, ","Match","Exact","1415 S BROAD ST, PHILADELPHIA, PA, 19147","-75.167745161135,39.932697212728","131456446","L"
"2213","4409 Bowen Rd SE, Washington, DC, 20019","Match","Exact","4409 BOWEN RD SE, WASHINGTON, DC, 20019","-76.935719118831,38.873312360456","76233858","R"
"941","1136 Arch Street, Philadelphia, PA, ","Match","Exact","1136 ARCH ST, PHILADELPHIA, PA, 19107","-75.158473474948,39.953766169681","658087955","L"
"2212","1508 14th Street NW 2nd Floor, Washington, DC, 20005","Match","Exact","1508 14TH ST NW, WASHINGTON, DC, 20005","-77.032027206786,38.909953599075","76225714","L"
"942","4231 Main Street, Philadelphia, PA, ","Match","Exact","4231 MAIN ST, PHILADELPHIA, PA, 19127","-75.220919913481,40.024289716103","131396489","R"
"2211","3819 14th St NW Unit C, Washington, DC, 20011","Match","Non_Exact","3819 14TH ST NW, WASHINGTON, DC, 20011","-77.03265654278,38.938066903405","76222492","R"
"943","226 South Street, Philadelphia, PA, ","Match","Exact","226 SOUTH ST, PHILADELPHIA, PA, 19147","-75.146681665,39.941242918722","131424846","L"
"944","5102 Rochelle Avenue, Philadelphia, PA, ","Match","Exact","5102 ROCHELLE AVE, PHILADELPHIA, PA, 19128","-75.210286005521,40.016695052738","131441950","R"
"945","3129 N. 22nd Street, Philadelphia, PA, ","Match","Exact","3129 N 22ND ST, PHILADELPHIA, PA, 19132","-75.165958190074,40.002678479532","131402483","R"
"946","2100 S. 20th Street, Philadelphia, PA, ","Match","Exact","2100 S 20TH ST, PHILADELPHIA, PA, 19145","-75.179329373911,39.925555490717","131411172","R"
"947","3933 Ridge Avenue, Philadelphia, PA, ","Match","Exact","3933 RIDGE AVE, PHILADELPHIA, PA, 19132","-75.187508812105,40.005368210268","131400926","R"
"948","6901 Theodore Street, Philadelphia, PA, ","Match","Exact","6901 THEODORE ST, PHILADELPHIA, PA, 19142","-75.235257265881,39.917416279931","131409238","R"
"949","8010 Germantown Avenue, Philadelphia, PA, ","Match","Exact","8010 GERMANTOWN AVE, PHILADELPHIA, PA, 19118","-75.201077493112,40.070957975166","131393972","L"
"2219","2014 Rhode Island Avenue NE, Washington, DC, 20018","Match","Exact","2014 RHODE ISLAND AVE NE, WASHINGTON, DC, 20018","-76.976023215326,38.929277014225","638305284","L"
"2232","7849 Eastern Ave NW, Washington, DC, 20012","No_Match"
"2231","8233 Fenton St, Silver Spring, MD, 20910","Match","Exact","8233 FENTON ST, SILVER SPRING, MD, 20910","-77.023979368227,38.992104942039","62068151","R"
"2230","8420 Fenton Street, Silver Spring, MD, 20910","Match","Exact","8420 FENTON ST, SILVER SPRING, MD, 20910","-77.02424211305,38.994646568785","62068146","L"
"2229","8201 Georgia Ave, Silver Spring, MD, 20910","Match","Exact","8201 GEORGIA AVE, SILVER SPRING, MD, 20910","-77.026500934534,38.9916498378","657352835","R"
"2228","8223 Georgia Ave, Silver Spring, MD, 20910","Match","Exact","8223 GEORGIA AVE, SILVER SPRING, MD, 20910","-77.026513299595,38.992363158343","657352835","R"
"2227","8221 Georgia Ave, Silver Spring, MD, 20910","Match","Exact","8221 GEORGIA AVE, SILVER SPRING, MD, 20910","-77.026510527587,38.992298478069","657352835","R"
"2226","952 Sligo Ave, Silver Spring, MD, 20910","Match","Exact","952 SLIGO AVE, SILVER SPRING, MD, 20910","-77.025553217629,38.990187847561","62068161","L"
"950","1208 N. 29th Street, Philadelphia, PA, ","Match","Exact","1208 N 29TH ST, PHILADELPHIA, PA, 19121","-75.183461175386,39.974959107316","652464779","L"
"2225","8537 Georgia Ave, Silver Spring, MD, 20910","Match","Exact","8537 GEORGIA AVE, SILVER SPRING, MD, 20910","-77.027444206922,38.995507601257","647244312","R"
"951","5261 Ridge Avenue, Philadelphia, PA, ","Match","Exact","5261 RIDGE AVE, PHILADELPHIA, PA, 19128","-75.210263533025,40.0200235884","131400262","R"
"2224","1802 Wisconsin Avenue NW, Washington, DC, 20007","Match","Exact","1802 WISCONSIN AVE NW, WASHINGTON, DC, 20007","-77.067509076835,38.915111173919","76221228","L"
"952","4001 Main Street, Philadelphia, PA, ","Match","Exact","4001 MAIN ST, PHILADELPHIA, PA, 19127","-75.215634071125,40.020192947475","628809153","R"
"2223","843 Upshur Street NW, Washington, DC, 20011","Match","Exact","843 UPSHUR ST NW, WASHINGTON, DC, 20011","-77.024097499852,38.941962250915","76223634","R"
"953","736 N. 2nd Street, Philadelphia, PA, ","Match","Exact","736 N 2ND ST, PHILADELPHIA, PA, 19123","-75.141167900607,39.962301836922","131423120","L"
"2222","1369 New York Avenue NE, Washington, DC, 20002","Match","Exact","1369 NEW YORK AVE NE, WASHINGTON, DC, 20002","-76.98600782896,38.915228157989","638035361","L"
"954","4301 Chestnut St, Philadelphia, PA, ","Match","Exact","4301 CHESTNUT ST, PHILADELPHIA, PA, 19104","-75.20850595658,39.956466705912","131403785","R"
"955","400 Fairmount Ave #2808, Philadelphia, PA, ","Match","Exact","400 FAIRMOUNT AVE, PHILADELPHIA, PA, 19123","-75.144718560199,39.962662866883","131444445","L"
"956","140 S 20th St, Philadelphia, PA, ","Match","Exact","140 S 20TH ST, PHILADELPHIA, PA, 19103","-75.173809850591,39.950915258172","131407456","R"
"957","229 S 45th St, Philadelphia, PA, ","Match","Exact","229 S 45TH ST, PHILADELPHIA, PA, 19104","-75.211832424263,39.954144274909","652295285","L"
"958","6620 Woodland Ave, Philadelphia, PA, ","Match","Exact","6620 WOODLAND AVE, PHILADELPHIA, PA, 19142","-75.236230098898,39.924153945131","131409022","L"
"959","4817 Walnut St, Philadelphia, PA, ","Match","Exact","4817 WALNUT ST, PHILADELPHIA, PA, 19139","-75.218314305485,39.95611277652","131399733","R"
"2243","8229 Georgia Ave, Silver Spring, MD, 20910","Match","Exact","8229 GEORGIA AVE, SILVER SPRING, MD, 20910","-77.02651976338,38.992551391994","62068142","R"
"2242","900 Silver Spring Ave, Silver Spring, MD, 20910","Match","Exact","900 SILVER SPRING AVE, SILVER SPRING, MD, 20910","-77.024109920414,38.991561899484","62068169","L"
"2241","8081 Georgia Ave, Silver Spring, MD, 20910","Match","Exact","8081 GEORGIA AVE, SILVER SPRING, MD, 20910","-77.026565592303,38.990061079508","657352852","R"
"2240","7833 Eastern Ave, Silver Spring, MD, 20910","Match","Exact","7833 EASTERN AVE, SILVER SPRING, MD, 20910","-77.027546810013,38.985374460832","638443446","R"
"2239","7912 Georgia Ave, Silver Spring, MD, 20910","Match","Exact","7912 GEORGIA AVE, SILVER SPRING, MD, 20910","-77.026718715025,38.985599681623","62068646","L"
"2238","965 Thayer Ave, Silver Spring, MD, 20910","Match","Exact","965 THAYER AVE, SILVER SPRING, MD, 20910","-77.02580448985,38.993039712372","62068150","R"
"960","517 S Leithgow St, Philadelphia, PA, ","Match","Exact","517 S LEITHGOW ST, PHILADELPHIA, PA, 19147","-75.149521160392,39.942074611089","131424354","L"
"2237","8120 Georgia Ave, Silver Spring, MD, 20910","Match","Exact","8120 GEORGIA AVE, SILVER SPRING, MD, 20910","-77.026855456081,38.990941283571","637198994","R"
"961","4421 Chestnut St, Philadelphia, PA, ","Match","Exact","4421 CHESTNUT ST, PHILADELPHIA, PA, 19104","-75.21010178943,39.956665274799","131403771","R"
"2236","8301 Georgia Ave, Silver Spring, MD, 20910","Match","Exact","8301 GEORGIA AVE, SILVER SPRING, MD, 20910","-77.026532299786,38.993021003638","62068141","R"
"962","4501 Baltimore Ave, Philadelphia, PA, ","Match","Exact","4501 BALTIMORE AVE, PHILADELPHIA, PA, 19143","-75.213005096013,39.949115732141","652295427","R"
"2235","8395 Colesville Rd, Silver Spring, MD, 20910","Match","Exact","8395 COLESVILLE RD, SILVER SPRING, MD, 20910","-77.034545919038,38.992612323","608986067","R"
"963","4000 - 4002 Lancaster Ave, Philadelphia, PA, ","Match","Non_Exact","4002 LANCASTER AVE, PHILADELPHIA, PA, 19104","-75.202510776618,39.963165059815","131403313","L"
"2234","8200 Fenton St, Silver Spring, MD, 20910","Match","Exact","8200 FENTON ST, SILVER SPRING, MD, 20910","-77.024111887182,38.991674920289","62068151","L"
"964","1265 E Chelten Ave, Philadelphia, PA, ","Match","Exact","1265 E CHELTEN AVE, PHILADELPHIA, PA, 19138","-75.158281542783,40.051938987067","641955176","L"
"2233","8305 Georgia Ave, Silver Spring, MD, 20910","Match","Exact","8305 GEORGIA AVE, SILVER SPRING, MD, 20910","-77.026533388126,38.993034335821","62068141","R"
"965","444 N 3rd St Lobby, Philadelphia, PA, ","Match","Non_Exact","444 N 3RD ST, PHILADELPHIA, PA, 19123","-75.143753114867,39.959525694073","640217502","L"
"966","2267 Adam Clayton Powell Jr Blvd, New York, NY, 10027","Match","Non_Exact","2267 ADAM CLAYTON POWELL JR BLVD, NEW YORK, NY, 10030","-73.944419675863,40.814206417431","59656402","R"
"967","439 W 125th St, New York, NY, 10027","Match","Exact","439 W 125TH ST, NEW YORK, NY, 10027","-73.955320165946,40.812385557598","610217408","R"
"968","340 W 145th St, New York, NY, 10039","Match","Exact","340 W 145TH ST, NEW YORK, NY, 10039","-73.943943823211,40.823626938033","59656273","L"
"969","2223 Frederick Douglass Blvd, New York, NY, 10026","Match","Exact","2223 FREDERICK DOUGLASS BLVD, NEW YORK, NY, 10026","-73.953633058779,40.806915081734","59656098","L"
"2254","417 W Broad St, Falls Church, VA, 22046","Match","Exact","417 W BROAD ST, FALLS CHURCH, VA, 22046","-77.176061057207,38.885370839071","658072529","L"
"2253","1081 West Broad St, Falls Church, VA, 22046","Match","Exact","1081 W BROAD ST, FALLS CHURCH, VA, 22046","-77.186035080409,38.891779952011","654994809","L"
"2252","303 Douglass Ave, Falls Church, VA, 22042","Match","Exact","303 DOUGLASS AVE, FALLS CHURCH, VA, 22042","-77.171919592234,38.878929080787","76009542","L"
"2251","161 Hillwood Ave, Falls Church, VA, 22046","Match","Exact","161 HILLWOOD AVE, FALLS CHURCH, VA, 22046","-77.172686652214,38.879394311974","76134322","L"
"2250","809 W Broad St #b, Falls Church, VA, 22046","Match","Non_Exact","809 W BROAD ST, FALLS CHURCH, VA, 22046","-77.180348024794,38.888126145082","75979122","L"
"970","747 St Nicholas Ave, New York, NY, 10031","Match","Exact","747 ST NICHOLAS AVE, NEW YORK, NY, 10031","-73.943618639352,40.825716485933","654554216","L"
"2249","6795 Wilson Blvd Ste 11a, Falls Church, VA, 22044","Match","Exact","6795 WILSON BLVD, FALLS CHURCH, VA, 22044","-77.153627664822,38.872808996915","638410143","R"
"971","684 St Nicholas Ave, New York, NY, 10030","Match","Exact","684 ST NICHOLAS AVE, NEW YORK, NY, 10030","-73.944949711869,40.823451984888","59656272","R"
"2248","6763 Wilson Blvd Ste 8, Falls Church, VA, 22044","Match","Exact","6763 WILSON BLVD, FALLS CHURCH, VA, 22044","-77.15320663302,38.872975118305","638410143","R"
"972","109 Malcolm X Blvd, New York, NY, 10026","Match","Exact","109 MALCOLM X BLVD, NEW YORK, NY, 10026","-73.950024313972,40.801670933508","59657735","L"
"2247","116 East Broad Street, Falls Church, VA, 22046","Match","Exact","116 E BROAD ST, FALLS CHURCH, VA, 22046","-77.170891704058,38.882022268004","76134368","R"
"973","1944 Adam Clayton Powell Jr Blvd, New York, NY, 10026","Match","Exact","1944 ADAM CLAYTON POWELL JR BLVD, NEW YORK, NY, 10026","-73.951884937027,40.804217220239","59657687","L"
"2246","8113 Fenton St, Silver Spring, MD, 20910","Match","Exact","8113 FENTON ST, SILVER SPRING, MD, 20910","-77.02389395697,38.990424987364","62068170","R"
"974","2308 Adam Clayton Powell Jr Blvd, New York, NY, 10030","Match","Exact","2308 ADAM CLAYTON POWELL JR BLVD, NEW YORK, NY, 10030","-73.943543269585,40.815635993523","59656394","L"
"2245","7845 Eastern Ave, Silver Spring, MD, 20910","Match","Exact","7845 EASTERN AVE, SILVER SPRING, MD, 20910","-77.027629201098,38.985438096235","638443446","R"
"975","2167 Adam Clayton Powell Jr Blvd, New York, NY, 10027","Match","Exact","2167 ADAM CLAYTON POWELL JR BLVD, NEW YORK, NY, 10027","-73.946829719766,40.810901228216","59656192","R"
"2244","904 Bonifant St, Silver Spring, MD, 20910","Match","Exact","904 BONIFANT ST, SILVER SPRING, MD, 20910","-77.02452453174,38.994159497887","647265052","L"
"976","271 W 119th St, New York, NY, 10026","Match","Exact","271 W 119TH ST, NEW YORK, NY, 10026","-73.953259231,40.806122919868","59657678","R"
"977","1708 Amsterdam Ave, New York, NY, 10031","Match","Exact","1708 AMSTERDAM AVE, NEW YORK, NY, 10031","-73.947940186982,40.824892087286","59655968","L"
"978","60 W 125th St, New York, NY, 10027","Match","Exact","60 W 125TH ST, NEW YORK, NY, 10027","-73.944232467145,40.807178411556","642471709","L"
"979","2374 Adam Clayton Powell Jr Blvd, New York, NY, 10030","Match","Exact","2374 ADAM CLAYTON POWELL JR BLVD, NEW YORK, NY, 10030","-73.942030672479,40.817706637283","59656408","L"
"2265","108 E Fairfax St, Falls Church, VA, 22046","Match","Exact","108 E FAIRFAX ST, FALLS CHURCH, VA, 22046","-77.171984054817,38.880517296751","76134315","R"
"2264","354 W Broad St, Falls Church, VA, 22046","Match","Exact","354 W BROAD ST, FALLS CHURCH, VA, 22046","-77.174765333913,38.884684200276","75979455","R"
"2263","254 N Washington St, Falls Church, VA, 22046","Match","Exact","254 N WASHINGTON ST, FALLS CHURCH, VA, 22046","-77.169326103227,38.883393854947","647874298","L"
"2262","114 W Broad St, Falls Church, VA, 22046","Match","Exact","114 W BROAD ST, FALLS CHURCH, VA, 22046","-77.171291108853,38.882430750131","638337802","R"
"2261","6795 Wilson Blvd Unit 47, Falls Church, VA, 22044","Match","Exact","6795 WILSON BLVD, FALLS CHURCH, VA, 22044","-77.153627664822,38.872808996915","638410143","R"
"2260","1112 W Broad St Ste B, Falls Church, VA, 22046","Match","Non_Exact","1112 W BROAD ST, FALLS CHURCH, VA, 22046","-77.187165791317,38.89266676814","76134516","R"
"980","55 St Nicholas Ave, New York, NY, 10026","Match","Exact","55 ST NICHOLAS AVE, NEW YORK, NY, 10026","-73.952577916769,40.80058178351","59657705","L"
"981","52 E 125th St, New York, NY, 10035","Match","Exact","52 E 125TH ST, NEW YORK, NY, 10035","-73.940555456523,40.805635558085","59658010","R"
"982","349 Lenox Ave, New York, NY, 10027","Match","Exact","349 LENOX AVE, NEW YORK, NY, 10027","-73.944377532897,40.809407986561","59656426","L"
"2259","6795 Wilson Blvd Ste 34, Falls Church, VA, 22044","Match","Exact","6795 WILSON BLVD, FALLS CHURCH, VA, 22044","-77.153627664822,38.872808996915","638410143","R"
"983","2211 Frederick Douglass Blvd, New York, NY, 10026","Match","Exact","2211 FREDERICK DOUGLASS BLVD, NEW YORK, NY, 10026","-73.953826004675,40.80665025403","59656098","L"
"2258","442 S Washington St Ste B, Falls Church, VA, 22046","Match","Non_Exact","442 S WASHINGTON ST, FALLS CHURCH, VA, 22046","-77.176285059842,38.879761159268","638332033","R"
"984","2269 Adam Clayton Powell Jr Blvd, New York, NY, 10030","Match","Exact","2269 ADAM CLAYTON POWELL JR BLVD, NEW YORK, NY, 10030","-73.944376889038,40.814264305488","59656402","R"
"2257","1000 E Broad St, Falls Church, VA, 22042","Match","Exact","1000 E BROAD ST, FALLS CHURCH, VA, 22042","-77.159084626835,38.874673990332","76134895","R"
"985","1280 Fifth Ave, New York, NY, 10029","Match","Exact","1280 5TH AVE, NEW YORK, NY, 10029","-73.949571020452,40.796272520731","59657773","R"
"2256","400 North Washington Street, Falls Church, VA, 22046","Match","Exact","400 N WASHINGTON ST, FALLS CHURCH, VA, 22046","-77.166382084249,38.884903982536","75979682","L"
"986","2259 Adam Clayton Powell Jr Blvd, New York, NY, 10030","No_Match"
"2255","102 E Annandale Rd, Falls Church, VA, 22046","Match","Exact","102 E ANNANDALE RD, FALLS CHURCH, VA, 22046","-77.173224335813,38.880335045067","75979479","R"
"987","137 W 116th St, New York, NY, 10026","Match","Exact","137 W 116TH ST, NEW YORK, NY, 10026","-73.95070756729,40.802519901359","59657686","R"
"988","2754 Frederick Douglass Blvd, New York, NY, 10039","Match","Exact","2754 FREDERICK DOUGLASS BLVD, NEW YORK, NY, 10039","-73.941226343325,40.823660910107","59656304","R"
"989","1707 Amsterdam Ave, New York, NY, 10031","Match","Exact","1707 AMSTERDAM AVE, NEW YORK, NY, 10031","-73.947837047688,40.824796568265","59655968","R"
"2276","1073 W Broad St Ste 201, Falls Church, VA, 22046","Match","Exact","1073 W BROAD ST, FALLS CHURCH, VA, 22046","-77.185901646572,38.891692828287","658072581","L"
"2275","106 E Fairfax St, Falls Church, VA, 22046","Match","Exact","106 E FAIRFAX ST, FALLS CHURCH, VA, 22046","-77.172012447414,38.880520257943","76134315","R"
"2274","121 E Annandale Rd, Falls Church, VA, 22046","Match","Exact","121 E ANNANDALE RD, FALLS CHURCH, VA, 22046","-77.17308540557,38.880190864888","75979479","L"
"2273","450 N Washington St Ste J, Falls Church, VA, 22046","Match","Non_Exact","450 N WASHINGTON ST, FALLS CHURCH, VA, 22046","-77.165539180667,38.885203015198","75979682","L"
"2272","510 S Washington St Ste B, Falls Church, VA, 22046","Match","Non_Exact","510 S WASHINGTON ST, FALLS CHURCH, VA, 22046","-77.177547919563,38.879459801909","647874086","R"
"2271","140 Little Falls St Ste 202, Falls Church, VA, 22046","Match","Exact","140 LITTLE FALLS ST, FALLS CHURCH, VA, 22046","-77.173179053271,38.884258806566","75979469","R"
"2270","6757 Wilson Blvd Ste 27, Falls Church, VA, 22044","Match","Exact","6757 WILSON BLVD, FALLS CHURCH, VA, 22044","-77.153127689557,38.873006266065","638410143","R"
"990","2271 Adam Clayton Powell Jr Blvd, New York, NY, 10030","Match","Exact","2271 ADAM CLAYTON POWELL JR BLVD, NEW YORK, NY, 10030","-73.944334102214,40.814322193546","59656402","R"
"991","1610 Amsterdam Ave, New York, NY, 10031","Match","Exact","1610 AMSTERDAM AVE, NEW YORK, NY, 10031","-73.950252461108,40.821734233267","59655961","L"
"992","2309 Second Ave, New York, NY, 10035","Match","Exact","2309 2ND AVE, NEW YORK, NY, 10035","-73.936710464987,40.798576169401","59658135","L"
"993","2067 Adam Clayton Powell Jr Blvd, New York, NY, 10027","Match","Exact","2067 ADAM CLAYTON POWELL JR BLVD, NEW YORK, NY, 10027","-73.949047033695,40.807865025874","59656177","R"
"994","219 W 125th St, New York, NY, 10027","Match","Exact","219 W 125TH ST, NEW YORK, NY, 10027","-73.94885382576,40.809259938395","59661831","R"
"2269","131 S Washington St, Falls Church, VA, 22046","Match","Exact","131 S WASHINGTON ST, FALLS CHURCH, VA, 22046","-77.171482866464,38.881693333137","76134308","L"
"995","283 W 118th St, New York, NY, 10026","Match","Exact","283 W 118TH ST, NEW YORK, NY, 10026","-73.953671716043,40.805475699998","59657676","R"
"2268","100 A East Broad St, Falls Church, VA, 22046","Match","Non_Exact","100 E BROAD ST, FALLS CHURCH, VA, 22046","-77.17102357656,38.882107538962","76134368","R"
"996","1565 Lexington Ave, New York, NY, 10029","Match","Exact","1565 LEXINGTON AVE, NEW YORK, NY, 10029","-73.949031355161,40.788354883323","59657910","R"
"2267","450 W Broad St Ste 350, Falls Church, VA, 22046","Match","Exact","450 W BROAD ST, FALLS CHURCH, VA, 22046","-77.177476181788,38.886426662341","76134246","R"
"997","2380 Adam Clayton Powell Jr Blvd, New York, NY, 10030","Match","Exact","2380 ADAM CLAYTON POWELL JR BLVD, NEW YORK, NY, 10030","-73.941873664383,40.817922369784","59656406","L"
"2266","303 Douglass Ave, Falls Church, VA, 22042","Match","Exact","303 DOUGLASS AVE, FALLS CHURCH, VA, 22042","-77.171919592234,38.878929080787","76009542","L"
"998","405 W 145th St, New York, NY, 10031","Match","Exact","405 W 145TH ST, NEW YORK, NY, 10031","-73.944862198713,40.824138934225","59655978","R"
"999","1642 Lexington Ave, New York, NY, 10029","Match","Exact","1642 LEXINGTON AVE, NEW YORK, NY, 10029","-73.947614959545,40.790530639064","59657918","L"
"2287","1780 Florida Ave NW, Washington, DC, 20009","Match","Exact","1780 FLORIDA AVE NW, WASHINGTON, DC, 20009","-77.041241964709,38.916929115968","76223073","L"
"2286","1301 U St NW #111, Washington, DC, 20009","Match","Exact","1301 U ST NW, WASHINGTON, DC, 20009","-77.029694345664,38.917057506094","76223203","R"
"2285","1414 9th St NW, Washington, DC, 20001","Match","Exact","1414 9TH ST NW, WASHINGTON, DC, 20001","-77.02404233919,38.908770137354","76226108","L"
"2284","1128 H St NE, Washington, DC, 20002","Match","Exact","1128 H ST NE, WASHINGTON, DC, 20002","-76.991128952613,38.900254508044","76230143","L"
"2283","1428 Park Rd NW, Washington, DC, 20010","Match","Exact","1428 PARK RD NW, WASHINGTON, DC, 20010","-77.034052621537,38.93066401509","611109809","L"
"2282","1212 W Broad St, Falls Church, VA, 22046","Match","Exact","1212 W BROAD ST, FALLS CHURCH, VA, 22046","-77.188745372833,38.89361452236","75978457","R"
"2281","6615 Wilson Blvd, Falls Church, VA, 22044","Match","Exact","6615 WILSON BLVD, FALLS CHURCH, VA, 22044","-77.150557882182,38.873474188294","76134856","R"
"2280","450 W Broad St Ste 116, Falls Church, VA, 22046","Match","Exact","450 W BROAD ST, FALLS CHURCH, VA, 22046","-77.177476181788,38.886426662341","76134246","R"
"2279","455 S Maple Ave Unit 1, Falls Church, VA, 22046","Match","Exact","455 S MAPLE AVE, FALLS CHURCH, VA, 22046","-77.177692898301,38.880052648372","76134376","L"
"2278","6795 Wilson Blvd Ste 44, Falls Church, VA, 22044","Match","Exact","6795 WILSON BLVD, FALLS CHURCH, VA, 22044","-77.153627664822,38.872808996915","638410143","R"
"2277","6757 Wilson Blvd Ste 5, Falls Church, VA, 22044","Match","Exact","6757 WILSON BLVD, FALLS CHURCH, VA, 22044","-77.153127689557,38.873006266065","638410143","R"
"2290","1129 11th St NW, Washington, DC, 20001","Match","Exact","1129 11TH ST NW, WASHINGTON, DC, 20001","-77.026964080426,38.905336233145","645076341","R"
"2298","709 D St SE, Washington, DC, 20003","Match","Exact","709 D ST SE, WASHINGTON, DC, 20003","-76.996024799504,38.883687920171","76230671","R"
"2297","5507 Colorado Ave NW, Washington, DC, 20011","Match","Exact","5507 COLORADO AVE NW, WASHINGTON, DC, 20011","-77.032850243739,38.956613366917","76240196","R"
"2296","405B H St NE, Washington, DC, 20002","Match","Non_Exact","405B H ST NE, WASHINGTON, DC, 20002","-77.000462073593,38.900148917016","76229730","R"
"2295","2101 Suitland Terrace SE Apt A, Washington, DC, 20020","Match","Non_Exact","2101 SUITLAND TER SE, WASHINGTON, DC, 20020","-76.94801482114,38.86283821486","76233758","L"
"2294","2017 14th St NW, Washington, DC, 20009","Match","Exact","2017 14TH ST NW, WASHINGTON, DC, 20009","-77.031878065995,38.917221001425","76223200","R"
"2293","7838 Eastern Ave NW Ste D, Washington, DC, 20012","Match","Non_Exact","7838 EASTERN AVE NW, WASHINGTON, DC, 20012","-77.027490139699,38.985169149514","638443446","L"
"2292","1529 Wisconsin Ave NW, Washington, DC, 20007","Match","Exact","1529 WISCONSIN AVE NW, WASHINGTON, DC, 20007","-77.064588826832,38.909914049597","76224886","R"
"2291","2429 18th St NW, Washington, DC, 20009","Match","Exact","2429 18TH ST NW, WASHINGTON, DC, 20009","-77.042377860217,38.921888859231","76222722","R"
"2289","1524 U St NW, Washington, DC, 20009","Match","Exact","1524 U ST NW, WASHINGTON, DC, 20009","-77.035048265478,38.91694291492","640262519","L"
"2288","2450 Market St NE, Washington, DC, 20018","Match","Exact","2450 MARKET ST NE, WASHINGTON, DC, 20018","-76.952586035045,38.920266935569","648289660","L"
"2299","600F H St NE, Washington, DC, 20002","Match","Non_Exact","600F H ST NE, WASHINGTON, DC, 20002","-76.998366594887,38.900263508312","76229775","L"
"100","1006 E McMillan St, Cincinnati, OH, 45206","Match","Exact","1006 E MCMILLAN ST, CINCINNATI, OH, 45206","-84.48773197972,39.125828790119","103926380","L"
"101","11340 Kenn Rd, Cincinnati, OH, 11340","Match","Non_Exact","11340 KENN RD, CINCINNATI, OH, 45240","-84.503892106558,39.284141241169","103962442","R"
"102","11651 Norbourne Ave, Cincinnati, OH, 11651","Match","Non_Exact","11651 NORBOURNE DR, CINCINNATI, OH, 45240","-84.539623738215,39.291625796124","656480971","R"
"103","12001 Brookway Dr, Cincinnati, OH, 12001","Match","Non_Exact","12001 BROOKWAY DR, CINCINNATI, OH, 45240","-84.558766410795,39.301824624996","103942403","L"
"104","969 Reading Rd Suite E, Mason, OH, 45040","Match","Non_Exact","969 READING RD, MASON, OH, 45040","-84.337172170761,39.341365858422","159043131","R"
"105","8075 Reading Rd Suite 206, Cincinnati, OH, 45237","Match","Exact","8075 READING RD, CINCINNATI, OH, 45237","-84.448988537686,39.209353089328","655740682","L"
"106","8075 Reading Rd Suite 206, Cincinnati, OH, 45237","Match","Exact","8075 READING RD, CINCINNATI, OH, 45237","-84.448988537686,39.209353089328","655740682","L"
"107","8075 Reading Rd Suite 206, Cincinnati, OH, 45237","Match","Exact","8075 READING RD, CINCINNATI, OH, 45237","-84.448988537686,39.209353089328","655740682","L"
"108","203 Northland Blvd, Cincinnati, OH, 45246","Match","Exact","203 NORTHLAND BLVD, CINCINNATI, OH, 45246","-84.476784348343,39.283369544497","103956432","L"
"109","8075 Reading Rd, Cincinnati, OH, 45237","Match","Exact","8075 READING RD, CINCINNATI, OH, 45237","-84.448988537686,39.209353089328","655740682","L"
"110","11809 Hitchcock Dr, Cincinnati, OH, 11809","Match","Non_Exact","11809 HITCHCOCK DR, CINCINNATI, OH, 45240","-84.516934882787,39.294924505318","103960479","R"
"111","7511 Reading Rd, Cincinnati, OH, 45237","Match","Exact","7511 READING RD, CINCINNATI, OH, 45237","-84.45860404602,39.197519714012","103928493","L"
"112","1005 Fisk Ave, Cincinnati, OH, 45205","Match","Exact","1005 FISK AVE, CINCINNATI, OH, 45205","-84.586642668216,39.110602128996","103918970","L"
"113","1329 E Kemper Rd, Cincinnati, OH, 45246","Match","Exact","1329 E KEMPER RD, CINCINNATI, OH, 45246","-84.449600562189,39.286107065495","647373106","R"
"114","1531 Race St, Cincinnati, OH, 45202","Match","Exact","1531 RACE ST, CINCINNATI, OH, 45202","-84.51744449529,39.111979285518","103935824","L"
"115","11071 Oak Ave, Cincinnati, OH, 11071","Match","Non_Exact","11071 OAK AVE, CINCINNATI, OH, 45242","-84.367199530001,39.266011490582","103945583","L"
"116","1428 Race St, Cincinnati, OH, 45202","Match","Exact","1428 RACE ST, CINCINNATI, OH, 45202","-84.51698070343,39.110714050781","103935835","R"
"117","3591 Van Antwerp Pl, Cincinnati, OH, 45229","Match","Exact","3591 VAN ANTWERP PL, CINCINNATI, OH, 45229","-84.493597718571,39.148108152404","103925496","L"
"118","1407 Chase Ave, Cincinnati, OH, ","Match","Exact","1407 CHASE AVE, CINCINNATI, OH, 45223","-84.534593694372,39.163090293308","103922451","L"
"119","769 Clanora Dr, Cincinnati, OH, 45205","Match","Exact","769 CLANORA DR, CINCINNATI, OH, 45205","-84.590553242238,39.106785873827","103918951","L"
"120","769 Clanora Dr, Cincinnati, OH, 45205","Match","Exact","769 CLANORA DR, CINCINNATI, OH, 45205","-84.590553242238,39.106785873827","103918951","L"
"121","2855 Wind Song Dr, Cincinnati, OH, 45251","Match","Non_Exact","2855 WINDSONG DR, CINCINNATI, OH, 45251","-84.578206965161,39.241862321254","103919329","L"
"122","1600 Scripps Center, 312 Walnut St, Cincinnati, OH, 45202","Match","Non_Exact","312 WALNUT ST, CINCINNATI, OH, 45202","-84.510727160569,39.099141970527","656500043","R"
"123","6712 Montgomery Rd, Cincinnati, OH, 45236","Match","Exact","6712 MONTGOMERY RD, CINCINNATI, OH, 45236","-84.410536601172,39.189816962054","642177844","R"
"124","8206A Hamilton Ave, Cincinnati, OH, 45231","Match","Non_Exact","8206A HAMILTON AVE, CINCINNATI, OH, 45231","-84.547277470306,39.242105189624","650399252","R"
"125","11066 Grand Ave, Blue Ash, OH, 11066","Match","Non_Exact","11066 GRAND AVE, BLUE ASH, OH, 45242","-84.363950978349,39.265428658463","103945633","R"
"126","2237 Losantiville Ave, Cincinnati, OH, 45237","Match","Exact","2237 LOSANTIVILLE AVE, CINCINNATI, OH, 45237","-84.450499704401,39.190944458777","103929100","R"
"127","7010 Vine St, Cincinnati, OH, 45216","No_Match"
"128","11561 Chester Rd, Cincinnati, OH, 11561","Match","Non_Exact","11561 CHESTER RD, CINCINNATI, OH, 45246","-84.443086513152,39.284422367885","103966576","L"
"129","921 Findlay St, Cincinnati, OH, 45214","Match","Exact","921 FINDLAY ST, CINCINNATI, OH, 45214","-84.529659782301,39.116176550913","103953022","L"
"130","3836 Washington Ave, Cincinnati, OH, 45229","Match","Exact","3836 WASHINGTON AVE, CINCINNATI, OH, 45229","-84.494314817584,39.154055307689","103925402","R"
"131","4151 Larkhall St, Cincinnati, OH, 45245","Match","Exact","4151 LARKHALL ST, CINCINNATI, OH, 45245","-84.291968197868,39.081173685694","118459188","R"
"132","4019 Gilmore Ave, Cincinnati, OH, 45209","Match","Exact","4019 GILMORE AVE, CINCINNATI, OH, 45209","-84.430007215562,39.152084871565","103931042","L"
"133","512 E 13th St, Cincinnati, OH, 45202","Match","Exact","512 E 13TH ST, CINCINNATI, OH, 45202","-84.506638864401,39.110646493678","103936825","L"
"134","5920 Cheviot Rd, Cincinnati, OH, 45247","Match","Exact","5920 CHEVIOT RD, CINCINNATI, OH, 45247","-84.600570215846,39.201065418693","103916402","R"
"135","1064 Winfield Ave, Cincinnati, OH, 45205","Match","Exact","1064 WINFIELD AVE, CINCINNATI, OH, 45205","-84.58421971489,39.111701470454","103918985","R"
"136","7032 Plainfield Rd, Cincinnati, OH, 45236","Match","Exact","7032 PLAINFIELD RD, CINCINNATI, OH, 45236","-84.400153281881,39.197035050099","103967440","R"
"137","8711 Reading Rd, Cincinnati, OH, 45215","Match","Exact","8711 READING RD, CINCINNATI, OH, 45215","-84.443861759357,39.218185944739","103928961","L"
"138","4545 Hector Ave, Cincinnati, OH, 45227","Match","Exact","4545 HECTOR AVE, CINCINNATI, OH, 45227","-84.396046037304,39.154883305132","103933727","L"
"139","7120 Vine St, Cincinnati, OH, 45216","No_Match"
"1809","4635 Gemini Place, Fort Worth, TX, 76106","Match","Exact","4635 GEMINI PL, FORT WORTH, TX, 76106","-97.314965709566,32.825355800284","102101401","R"
"140","3314 W Galbraith Rd #11, Cincinnati, OH, 45239","Match","Exact","3314 W GALBRAITH RD, CINCINNATI, OH, 45239","-84.59086899145,39.220280920701","103915438","R"
"141","22 Triangle Park Dr Ste 2201I, Cincinnati, OH, 45216","Match","Non_Exact","22 TRIANGLE PARK DR, CINCINNATI, OH, 45246","-84.447524343217,39.290355851449","103964648","L"
"142","1340 Karahill Dr, Cincinnati, OH, 45240","Match","Exact","1340 KARAHILL DR, CINCINNATI, OH, 45240","-84.530294257403,39.288767391413","103943305","R"
"143","3919 Woodward Ave, Detroit, MI, 48201","Match","Exact","3919 WOODWARD AVE, DETROIT, MI, 48201","-83.059519345623,42.349697681021","95477620","L"
"1800","4830 Benbrook Blvd, Benbrook, TX, 76116","Match","Non_Exact","4830 OLD BENBROOK RD, BENBROOK, TX, 76116","-97.446390109498,32.704285037121","101878953","R"
"144","29852 Northwestern Hwy, Southfield, MI, 29852","Match","Non_Exact","29852 NORTHWESTERN HWY, SOUTHFIELD, MI, 48034","-83.319768801608,42.507356624304","658020641","R"
"145","149 Franklin Blvd, Pontiac, MI, ","Match","Exact","149 FRANKLIN BLVD, PONTIAC, MI, 48341","-83.302399806895,42.633384776914","630321843","L"
"146","28475 Greenfield Rd #113-7127, Southfield, MI, 28475","Match","Non_Exact","28475 GREENFIELD RD, SOUTHFIELD, MI, 48076","-83.202980628095,42.499013126703","69736262","L"
"147","21700 Greenfield Rd Ste 134, Oak Park, MI, 21700","Match","Non_Exact","21700 GREENFIELD RD, OAK PARK, MI, 48237","-83.200667846659,42.452620512125","69815724","R"
"148","2350 E Union St, Seattle, WA, 98122","Match","Exact","2350 E UNION ST, SEATTLE, WA, 98122","-122.302054495014,47.612999252215","186592979","L"
"149","2726 E Cherry St, Seattle, WA, 98122","Match","Exact","2726 E CHERRY ST, SEATTLE, WA, 98122","-122.296657599871,47.608053675126","186593132","L"
"1808","3131 W Bolt St Unit G02, Fort Worth, TX, 76110","Match","Exact","3131 W BOLT ST, FORT WORTH, TX, 76110","-97.35961503991,32.689269008384","102132699","L"
"1807","2831 Ellis Avenue, Fort Worth, TX, 76106","Match","Exact","2831 ELLIS AVE, FORT WORTH, TX, 76106","-97.350577394777,32.795957269119","101856115","L"
"1806","4200 South Freeway, Suite 602, Fort Worth, TX, 76115","Match","Exact","4200 SOUTH FWY, FORT WORTH, TX, 76115","-97.32102175661,32.686363019512","102175140","R"
"1805","3325 Willowcrest Dr, North Richland Hills, TX, 76117","Match","Exact","3325 WILLOWCREST DR, NORTH RICHLAND HILLS, TX, 76117","-97.252908708909,32.810056447536","101863955","L"
"1804","2100 Heritage Ave, Apt 1229, Euless, TX, 76039","No_Match"
"1803","1341 W. Mockingbird Lane, Suite 1200W, Dallas, TX, 75247","Match","Non_Exact","1341 W MOCKINGBIRD LN, DALLAS, TX, 75247","-96.865645066048,32.821437695364","102903036","L"
"1802","2320 NE 36th Street, Fort Worth, TX, 76106","Match","Exact","2320 NE 36TH ST, FORT WORTH, TX, 76106","-97.326728768573,32.810293781964","101857663","R"
"1801","10379 Plano Rd., Dallas, TX, 10379","Match","Non_Exact","10379 PLANO RD, DALLAS, TX, 75238","-96.700529224064,32.88913469664","102979357","L"
"150","540 NE Northgate Way Ste E1 & E2, Seattle, WA, 98125","Match","Non_Exact","540 NE NORTHGATE WAY, SEATTLE, WA, 98125","-122.321868590617,47.708637672622","650112219","L"
"151","1429 12th Ave D2, Seattle, WA, 98122","Match","Non_Exact","1429 12TH AVE, SEATTLE, WA, 98122","-122.316899887295,47.613523240037","645391987","L"
"152","5309 22nd Ave NW Ste C, Seattle, WA, 98107","Match","Non_Exact","5309 22ND AVE NW, SEATTLE, WA, 98107","-122.384829230413,47.666631593594","239768813","L"
"153","2800 E Cherry St A, Seattle, WA, 98122","Match","Non_Exact","2800 E CHERRY ST, SEATTLE, WA, 98122","-122.295761128471,47.608053675028","186593154","L"
"154","2510 1st Ave, Seattle, WA, 98121","Match","Exact","2510 1ST AVE, SEATTLE, WA, 98121","-122.34883798133,47.614822453788","186588883","R"
"1811","3268 West 7th Street, Fort Worth, TX, 76107","Match","Exact","3268 W 7TH ST, FORT WORTH, TX, 76107","-97.363991486189,32.751300657095","101883848","R"
"155","4869 Rainier Ave S, Seattle, WA, 98118","Match","Exact","4869 RAINIER AVE S, SEATTLE, WA, 98118","-122.285370257771,47.558322908456","186596017","R"
"1810","5100 Oak Mill Drive, Fort Worth, TX, 76135","Match","Exact","5100 OAK MILL DR, FORT WORTH, TX, 76135","-97.516279953834,32.830205925686","637606865","L"
"156","40 Hancock St, Boston, MA, 02125","Match","Exact","40 HANCOCK ST, BOSTON, MA, 02125","-71.065552940363,42.314326610933","85701998","L"
"157","1452 Dorchester Ave, Boston, MA, 02122","Match","Exact","1452 DORCHESTER AVE, BOSTON, MA, 02122","-71.059858835632,42.301053650353","85713409","L"
"158","2565 Washington St, Boston, MA, 02119","Match","Exact","2565 WASHINGTON ST, BOSTON, MA, 02119","-71.087746023486,42.326253581579","85700357","R"
"159","53 Humboldt Ave, Roxbury, MA 02119, Boston, MA, 02119","Match","Non_Exact","53 HUMBOLDT AVE, BOSTON, MA, 02119","-71.086231951998,42.318561366413","85728690","R"
"1819","100 Throckmorton St, Fort Worth, TX, 76102","No_Match"
"1818","1320 Hemphill St, Ste 100, Fort Worth, TX, 76104","Match","Exact","1320 HEMPHILL ST, FORT WORTH, TX, 76104","-97.3316238377,32.730377061346","101885768","R"
"1817","4200 South Fwy, Suite 2301B, Fort Worth, TX, 76115","Match","Non_Exact","4200 SOUTH FWY, FORT WORTH, TX, 76115","-97.32102175661,32.686363019512","102175140","R"
"1816","1118 N Commerce St, Fort Worth, TX, 76164","Match","Exact","1118 N COMMERCE ST, FORT WORTH, TX, 76164","-97.343482136295,32.774662740854","101856885","R"
"1815","2550 Green Oaks Rd., Fort Worth, TX, 76116","Match","Exact","2550 GREEN OAKS RD, FORT WORTH, TX, 76116","-97.435581663799,32.737221022344","101878102","L"
"1814","2800 Bledsoe St, Suite 100, Fort Worth, TX, 76107","Match","Exact","2800 BLEDSOE ST, FORT WORTH, TX, 76107","-97.35655245979,32.74835158855","101883936","R"
"1813","1617 West 7th Street, Fort Worth, TX, 76102","Match","Exact","1617 W 7TH ST, FORT WORTH, TX, 76102","-97.34277762558,32.750942571272","101884725","L"
"1812","4903 S Hulen Street, Fort Worth, TX, 76132","Match","Exact","4903 S HULEN ST, FORT WORTH, TX, 76132","-97.396491757415,32.676243473119","657586977","L"
"160","3152 Washington St, Jamaica Plain, MA 02130, Boston, MA, 02130","Match","Non_Exact","3152 WASHINGTON ST, BOSTON, MA, 02130","-71.09946072975,42.31452783466","85699863","L"
"161","1831 Dorchester Ave, Boston, MA, 02124","Match","Exact","1831 DORCHESTER AVE, BOSTON, MA, 02124","-71.063683263756,42.28824378603","85715237","R"
"162","14 Idaho St, Mattapan, MA, 02126","Match","Exact","14 IDAHO ST, MATTAPAN, MA, 02126","-71.076349927005,42.271877651642","85706146","L"
"163","234 W Selden St, Mattapan, MA, 02126","Match","Exact","234 W SELDEN ST, MATTAPAN, MA, 02126","-71.088949220495,42.273950425313","85719824","L"
"164","415A Medford St, Somerville, MA, 02145","Match","Non_Exact","415A MEDFORD ST, SOMERVILLE, MA, 02145","-71.099516274106,42.391522791357","86868988","R"
"165","951 W 21st St, Norfolk, VA, 23517","Match","Exact","951 W 21ST ST, NORFOLK, VA, 23517","-76.300137309499,36.872634522142","122122621","L"
"1822","12057 Katy Rd, Suite 213, Fort Worth, TX, 12057","No_Match"
"166","201 E Berkley Ave Unit H, Norfolk, VA, 23523","Match","Non_Exact","201 E BERKLEY AVE, NORFOLK, VA, 23523","-76.282411841952,36.832323379029","657495227","R"
"1821","2122 North Main Street, Fort Worth, TX, 76164","Match","Exact","2122 N MAIN ST, FORT WORTH, TX, 76164","-97.349121801102,32.783208040705","101856614","R"
"167","3854 E Little Creek Rd, Norfolk, VA, 23518","Match","Exact","3854 E LITTLE CREEK RD, NORFOLK, VA, 23518","-76.197408917133,36.918078628736","657498438","L"
"1820","607 Johns Dr., Euless, TX, 76039","Match","Exact","607 JOHNS DR, EULESS, TX, 76039","-97.093852305517,32.856190788819","102102763","L"
"168","5426 Bayberry Dr, Norfolk, VA, 23502","Match","Exact","5426 BAYBERRY DR, NORFOLK, VA, 23502","-76.22148990312,36.849595286875","122129772","L"
"169","5800 Chesapeake Blvd, Norfolk, VA, 23513","Match","Exact","5800 CHESAPEAKE BLVD, NORFOLK, VA, 23513","-76.243950380272,36.885911572564","647861985","R"
"1829","4200 Country Day Lane, Fort Worth, TX, 76109","Match","Exact","4200 COUNTRY DAY LN, FORT WORTH, TX, 76109","-97.40753556696,32.69111386221","101938818","R"
"1828","1201 Houston Street, Fort Worth, TX, 76102","Match","Exact","1201 HOUSTON ST, FORT WORTH, TX, 76102","-97.328683193364,32.749487933987","614003435","L"
"1827","2300 W. 7th St, Suite 108, Fort Worth, TX, 76107","Match","Exact","2300 W 7TH ST, FORT WORTH, TX, 76107","-97.349867980037,32.751096667804","101884551","R"
"1826","2051 W Airport Freeway, Euless, TX, 76040","Match","Exact","2051 W AIRPORT FWY, EULESS, TX, 76040","-97.116836131186,32.837282000771","102095837","R"
"1825","5000 Like Way, Fort Worth, TX, 76177","No_Match"
"1824","2300 W. 7th St., Ste. 108 #509, Fort Worth, TX, 76107","Match","Exact","2300 W 7TH ST, FORT WORTH, TX, 76107","-97.349867980037,32.751096667804","101884551","R"
"1823","2442 S. Collins St., Ste 108 PMB1094, Arlington, TX, 76014","Match","Non_Exact","2442 S COLLINS ST, ARLINGTON, TX, 76014","-97.097770966344,32.704371850354","101909786","R"
"170","2037 Airport Blvd, Mobile, AL, 36606","Match","Exact","2037 AIRPORT BLVD, MOBILE, AL, 36606","-88.089488195952,30.676416441643","61860503","L"
"171","3315 Demetropolis Rd, Mobile, AL, 36693","Match","Exact","3315 DEMETROPOLIS RD, MOBILE, AL, 36693","-88.156934536855,30.621978539751","657986900","L"
"172","803 Government St Ste B, Mobile, AL, 36602","Match","Non_Exact","803 GOVERNMENT ST, MOBILE, AL, 36602","-88.05208613124,30.686680511494","61867648","L"
"173","6808-A Airport Blvd Ste 106, Mobile, AL, 36608","Match","Non_Exact","6808 AIRPORT BLVD, MOBILE, AL, 36608","-88.198917446513,30.682222309656","61928467","R"
"174","484 Lake Park Ave Ste 65, Oakland, CA, 94610","Match","Exact","484 LAKE PARK AVE, OAKLAND, CA, 94610","-122.247203391794,37.810556162107","125000771","L"
"175","2345 Valdez St Ste 204, Oakland, CA, 94612","Match","Exact","2345 VALDEZ ST, OAKLAND, CA, 94612","-122.264119604903,37.812412159935","125000349","L"
"176","2143 Adam Clayton Powell Jr Blvd, New York, NY, 10027","Match","Exact","2143 ADAM CLAYTON POWELL JR BLVD, NEW YORK, NY, 10027","-73.947191884728,40.810405833571","59656186","R"
"1833","5242 Monahans Ave, Fort Worth, TX, 76109","No_Match"
"177","344 W 145th St, New York, NY, 10039","Match","Exact","344 W 145TH ST, NEW YORK, NY, 10039","-73.944003872097,40.823651785854","59656273","L"
"1832","2800 NE Loop 820, Suite 660, Fort Worth, TX, 76137","Tie"
"178","2 W 125th St, New York, NY, 10027","Match","Exact","2 W 125TH ST, NEW YORK, NY, 10027","-73.942363425994,40.806389799089","642471709","L"
"1831","330 E. 4th St., Ste 200, Fort Worth, TX, 76102","Match","Exact","330 E 4TH ST, FORT WORTH, TX, 76102","-97.329318933554,32.755390438622","101888545","R"
"179","409 W 125th St, New York, NY, 10027","Match","Exact","409 W 125TH ST, NEW YORK, NY, 10027","-73.954500928805,40.811648274644","59656049","R"
"1830","6640 Camp Bowie Blvd., Fort Worth, TX, 76116","Match","Exact","6640 CAMP BOWIE BLVD, FORT WORTH, TX, 76116","-97.429910794056,32.722819445502","102155511","R"
"1839","1521 North Main Street, Fort Worth, TX, 76164","Match","Exact","1521 N MAIN ST, FORT WORTH, TX, 76164","-97.348211557305,32.779906602045","101856629","L"
"1838","1111 W Lancaster Ave, Fort Worth, TX, 76102","Match","Exact","1111 W LANCASTER AVE, FORT WORTH, TX, 76102","-97.338558486992,32.746678454878","101884829","L"
"1837","4055 International Plaza, Suite 220, Fort Worth, TX, 76109","No_Match"
"1836","1901 Grand Ave, Fort Worth, TX, 76164","Match","Exact","1901 GRAND AVE, FORT WORTH, TX, 76164","-97.367456861358,32.777903092823","101855829","L"
"1835","1341 Old Reno Road, Springtown, TX, 76082","Match","Exact","1341 OLD RENO RD, SPRINGTOWN, TX, 76082","-97.602441110554,32.95031156149","611019849","L"
"1834","9700 Francesca Dr, Fort Worth, TX, 76108","Match","Exact","9700 FRANCESCA DR, FORT WORTH, TX, 76108","-97.485542935114,32.752691223662","102114360","R"
"180","1590 Park Ave, New York, NY, 10029","Match","Exact","1590 PARK AVE, NEW YORK, NY, 10029","-73.944473757452,40.797735508937","656935510","L"
"181","2306 Adam Clayton Powell Jr Blvd, New York, NY, 10030","Match","Exact","2306 ADAM CLAYTON POWELL JR BLVD, NEW YORK, NY, 10030","-73.943589136296,40.815573139141","59656394","L"
"182","349 E 109th St, La Marqueta Building, New York, NY, 10029","Match","Non_Exact","349 E 109TH ST, NEW YORK, NY, 10029","-73.939827166498,40.79211050513","59658184","L"
"183","191 Malcolm X Blvd, New York, NY, 10026","Match","Exact","191 MALCOLM X BLVD, NEW YORK, NY, 10026","-73.948131336503,40.804269947538","634257252","L"
"184","1239 Amsterdam Ave, New York, NY, 10027","Match","Exact","1239 AMSTERDAM AVE, NEW YORK, NY, 10027","-73.958697672536,40.809927807406","642472037","R"
"185","126 E 103rd St, New York, NY, 10029","Match","Exact","126 E 103RD ST, NEW YORK, NY, 10029","-73.948436509972,40.790564758506","59657895","R"
"186","2129 3rd Ave A, New York, NY, 10035","Match","Non_Exact","2129 3RD AVE, NEW YORK, NY, 10035","-73.939729414818,40.79822688226","652208525","R"
"187","205 E 125th St Ste 120, New York, NY, 10035","Match","Exact","205 E 125TH ST, NEW YORK, NY, 10035","-73.935628380418,40.803682660155","59658096","L"
"1844","2716 Dorothy Dr., Cleburne, TX, 76031","Match","Exact","2716 DOROTHY DR, CLEBURNE, TX, 76031","-97.327262653266,32.419153567339","639212139","L"
"188","1942 Amsterdam Ave, New York, NY, 10032","Match","Exact","1942 AMSTERDAM AVE, NEW YORK, NY, 10032","-73.942472197037,40.83239736519","59655744","L"
"1843","2000 E. Lamar Blvd., Suite 600, Arlington, TX, 76006","No_Match"
"189","2023 Amsterdam Ave, New York, NY, 10032","Match","Exact","2023 AMSTERDAM AVE, NEW YORK, NY, 10032","-73.940481414784,40.83486555659","59655757","R"
"1842","1957 E. Irving Blvd., Irving, TX, 75060","No_Match"
"1841","1205 Halsell St., Bridgeport, TX, 76426","Match","Exact","1205 HALSELL ST, BRIDGEPORT, TX, 76426","-97.755598407054,33.210455826344","103662378","R"
"1840","912 Northton St, Fort Worth, TX, 76104","Match","Exact","912 NORTHTON ST, FORT WORTH, TX, 76104","-97.351428350512,32.73503811659","643222264","L"
"1849","3300 South Freeway, Fort Worth, TX, 76110","Match","Exact","3300 SOUTH FWY, FORT WORTH, TX, 76110","-97.321009568396,32.702182474425","101892231","R"
"1848","420 Throckmorton Street, Floor 03, Fort Worth, TX, 76102","Match","Exact","420 THROCKMORTON ST, FORT WORTH, TX, 76102","-97.333080433171,32.754179368603","101884930","R"
"1847","777 Main St Ste 600, Fort Worth, TX, 76102","Match","Exact","777 MAIN ST, FORT WORTH, TX, 76102","-97.329951133987,32.752860135048","101888818","L"
"1846","705 E Abram Street, Arlington, TX, 76010","Match","Exact","705 E ABRAM ST, ARLINGTON, TX, 76010","-97.100013360369,32.735615672639","101908601","L"
"1845","16 N Mill St, Cleburne, TX, 76033","Match","Exact","16 N MILL ST, CLEBURNE, TX, 76033","-97.387298639311,32.34672186795","103521717","R"
"190","325 E 48th St, New York, NY, 10017","Match","Exact","325 E 48TH ST, NEW YORK, NY, 10017","-73.968821576981,40.753427817649","647119419","L"
"191","381 W 125th St, New York, NY, 10027","Match","Exact","381 W 125TH ST, NEW YORK, NY, 10027","-73.953602218889,40.811263675755","59661827","R"
"192","109 W 38th St Suite 300, New York, NY, 10018","Match","Exact","109 W 38TH ST, NEW YORK, NY, 10018","-73.986387237504,40.752567077973","59658605","R"
"193","69 E 130th St, New York, NY, 10037","Match","Exact","69 E 130TH ST, NEW YORK, NY, 10037","-73.937520897928,40.808622030935","59656513","L"
"194","594 Broadway, New York, NY, 10012","Match","Exact","594 BROADWAY, NEW YORK, NY, 10012","-73.996922756861,40.725147176537","59653754","R"
"195","162 W 56th St #402, New York, NY, 10019","Match","Exact","162 W 56TH ST, NEW YORK, NY, 10019","-73.979504023596,40.764346551747","59657114","L"
"196","99 Madison Ave 4th Floor, New York, NY, 10016","Match","Exact","99 MADISON AVE, NEW YORK, NY, 10016","-73.985096928362,40.74470908895","59653489","R"
"197","168 Malcolm X Blvd, New York, NY, 10026","Match","Exact","168 MALCOLM X BLVD, NEW YORK, NY, 10026","-73.948434382317,40.803615262967","59657743","R"
"198","174 St Nicholas Ave, New York, NY, 10026","Match","Exact","174 ST NICHOLAS AVE, NEW YORK, NY, 10026","-73.952726353563,40.805810804965","59657679","R"
"1855","2944 SE Loop 820, Fort Worth, TX, 76140","Match","Exact","2944 SE LOOP 820, FORT WORTH, TX, 76140","-97.286908129238,32.662210635577","101895542","R"
"199","242 Broome St, New York, NY, 10002","Match","Exact","242 BROOME ST, NEW YORK, NY, 10002","-73.989372783892,40.717922643973","59654115","R"
"1854","2301 N. Collins St., Suite 270, Arlington, TX, 76011","Match","Exact","2301 N COLLINS ST, ARLINGTON, TX, 76011","-97.096978703536,32.772724357007","101919713","R"
"1853","801 Cherry Street, Unit 11 Suite 1300, Fort Worth, TX, 76102","Match","Exact","801 CHERRY ST, FORT WORTH, TX, 76102","-97.334762395845,32.750931875546","101884904","L"
"1852","2201 Dottie Lynn Pkwy, Ste 139, Fort Worth, TX, 76120","Match","Exact","2201 DOTTIE LYNN PKWY, FORT WORTH, TX, 76120","-97.171742662114,32.749144431453","102137185","L"
"1851","1900 Northpark Drive, Fort Worth, TX, 76102","Match","Exact","1900 NORTHPARK DR, FORT WORTH, TX, 76102","-97.337872013855,32.778245838753","102139370","R"
"1850","1509 S University Dr #206, Fort Worth, TX, 76107","Match","Exact","1509 S UNIVERSITY DR, FORT WORTH, TX, 76107","-97.36121153515,32.730513803163","102155644","L"
"1859","1111 Summit Ave., Fort Worth, TX, 76102","Match","Exact","1111 SUMMIT AVE, FORT WORTH, TX, 76102","-97.34146154226,32.747703273464","649901390","L"
"1858","2505 Rodeo Plaza, Fort Worth, TX, 76164","Match","Exact","2505 RODEO PLZ, FORT WORTH, TX, 76164","-97.348209937279,32.790174917332","102101423","R"
"1857","2570 River Park Plaza, Unit 110, Fort Worth, TX, 76116","Match","Exact","2570 RIVER PARK PLZ, FORT WORTH, TX, 76116","-97.41405541099,32.708143597213","619872977","R"
"1856","7113 Water Meadows Dr, Fort Worth, TX, 76123","Match","Exact","7113 WATER MEADOWS DR, FORT WORTH, TX, 76123","-97.405439289111,32.640352667721","658474552","L"
"1866","3301 Conflans Rd, Irving, TX, 75061","Match","Exact","3301 CONFLANS RD, IRVING, TX, 75061","-96.991305643961,32.821852875004","102886670","R"
"1865","6200 Old Denton Road, Fort Worth, TX, 76131","Match","Exact","6200 OLD DENTON RD, FORT WORTH, TX, 76131","-97.315772133843,32.855685163701","619875380","L"
"1864","2010 East Lancaster Ave, Fort Worth, TX, 76103","Match","Exact","2010 E LANCASTER AVE, FORT WORTH, TX, 76103","-97.298818670673,32.745753210616","102179688","R"
"1863","201 Main Street, Suite 2500, Fort Worth, TX, 76102","Match","Exact","201 MAIN ST, FORT WORTH, TX, 76102","-97.332334596751,32.75642633304","101884696","L"
"1862","3333 Camp Bowie Boulevard, Fort Worth, TX, 76107","Match","Exact","3333 CAMP BOWIE BLVD, FORT WORTH, TX, 76107","-97.3650220186,32.749619193524","101883844","L"
"1861","455 W Harwood, Hurst, TX, 76054","Match","Non_Exact","455 W HARWOOD RD, HURST, TX, 76054","-97.176264567465,32.847989749869","101869401","L"
"1860","923 Pennsylvania Ave #100, Fort Worth, TX, 76104","Match","Exact","923 PENNSYLVANIA AVE, FORT WORTH, TX, 76104","-97.334891107063,32.73841041932","101885615","L"
"1869","1110 Tennison Road, Azle, TX, 76020","Match","Exact","1110 TENNISON RD, AZLE, TX, 76020","-97.542205799807,32.861797152587","101849840","L"
"1868","One Lockheed Boulevard, Fort Worth, TX, 76101","Match","Non_Exact","1 LOCKHEED BLVD, FORT WORTH, TX, 76108","-97.445907375358,32.765893883051","101937303","L"
"1867","206 N Dove Rd, Grapevine, TX, 76051","Match","Exact","206 N DOVE RD, GRAPEVINE, TX, 76051","-97.088586800129,32.941717945849","101868214","L"
"1880","1720 Gendy St, Fort Worth, TX, 76107","Match","Exact","1720 GENDY ST, FORT WORTH, TX, 76107","-97.368563803436,32.74327720488","657521056","R"
"1877","3131 W Bolt St, Suite D62, Fort Worth, TX, 76110","Match","Exact","3131 W BOLT ST, FORT WORTH, TX, 76110","-97.35961503991,32.689269008384","102132699","L"
"1876","2821 West 7th Street, Suite 400, Fort Worth, TX, 76107","Match","Exact","2821 W 7TH ST, FORT WORTH, TX, 76107","-97.356906473391,32.751076067307","101883915","L"
"1875","7001 South Freeway, Fort Worth, TX, 76134","Match","Exact","7001 SOUTH FWY, FORT WORTH, TX, 76134","-97.320938305694,32.646006014861","638401266","L"
"1874","900 8th Avenue, Fort Worth, TX, 76104","Match","Exact","900 8TH AVE, FORT WORTH, TX, 76104","-97.343742617888,32.735530433621","101885513","R"
"1873","2500 E. Broad Street, Suite 200, Mansfield, TX, 76063","Match","Exact","2500 E BROAD ST, MANSFIELD, TX, 76063","-97.099351884711,32.568057770514","644161273","R"
"1872","1762 Green Oaks Rd., Fort Worth, TX, 76116","Match","Exact","1762 GREEN OAKS RD, FORT WORTH, TX, 76116","-97.433946684105,32.742413935914","619872034","R"
"1871","3108 W. 6th St. Suite 109, Fort Worth, TX, 76107","Match","Exact","3108 W 6TH ST, FORT WORTH, TX, 76107","-97.361454483524,32.752207229998","102137944","R"
"1870","3001 Western Center Blvd., Fort Worth, TX, 76131","Match","Exact","3001 WESTERN CENTER BLVD, FORT WORTH, TX, 76131","-97.317123350139,32.861235672079","102168150","L"
"1879","4805 Amon Carter Blvd., Fort Worth, TX, 76155","No_Match"
"1878","11301 N. Riverside Dr, Fort Worth, TX, 11301","No_Match"
"1891","2516 Jacksboro Highway, Fort Worth, TX, 76114","Match","Exact","2516 JACKSBORO HWY, FORT WORTH, TX, 76114","-97.386158704156,32.788079753083","638335685","R"
"1890","600 W. 6th Street, Suite 416, Fort Worth, TX, 76102","Match","Exact","600 W 6TH ST, FORT WORTH, TX, 76102","-97.334244549102,32.75142711948","101884945","R"
"1888","5350 Airport Fwy, Haltom City, TX, 76117","Match","Exact","5350 AIRPORT FWY, HALTOM CITY, TX, 76117","-97.267972932074,32.783889602229","101934597","R"
"1887","250 West Lancaster Avenue, Suite 170, Fort Worth, TX, 76102","Match","Exact","250 W LANCASTER AVE, FORT WORTH, TX, 76102","-97.329408612932,32.746880892059","101888939","R"
"1886","6001 Bridge St, Fort Worth, TX, 76112","No_Match"
"1885","1751 River Run, Suite 200, Fort Worth, TX, 76107","Match","Exact","1751 RIVER RUN, FORT WORTH, TX, 76107","-97.360459242933,32.727750555195","619873387","L"
"1884","300 Throckmorton Street, Suite 400, Fort Worth, TX, 76102","Match","Exact","300 THROCKMORTON ST, FORT WORTH, TX, 76102","-97.333583492963,32.754939423982","101884918","R"
"1883","777 Main Street, Suite 707, Fort Worth, TX, 76102","Match","Exact","777 MAIN ST, FORT WORTH, TX, 76102","-97.329951133987,32.752860135048","101888818","L"
"1882","3001 Lou Menk Drive, Building A, Fort Worth, TX, 76131","No_Match"
"1881","508 W Northside Dr, Fort Worth, TX, 76164","Match","Exact","508 W NORTHSIDE DR, FORT WORTH, TX, 76164","-97.348746733574,32.774481491947","102160590","R"
"1889","2090 Highland Rd, Springtown, TX, 76082","Match","Exact","2090 HIGHLAND RD, SPRINGTOWN, TX, 76082","-97.651492019767,32.932256840225","627939031","L"
"1899","235 NE Loop 820 Ste 307, Hurst, TX, 76053","No_Match"
"1898","950 E State Highway 114, STE 160, Southlake, TX, 76092","No_Match"
"1897","403 N. Sylvania, Fort Worth, TX, 76111","Match","Non_Exact","403 N SYLVANIA AVE, FORT WORTH, TX, 76111","-97.308917501622,32.770207736644","101858380","L"
"1896","600 W. 6th St., 4th Floor Room 475, Fort Worth, TX, 76102","Match","Exact","600 W 6TH ST, FORT WORTH, TX, 76102","-97.334244549102,32.75142711948","101884945","R"
"1895","1806 NE 33rd St, Fort Worth, TX, 76106","Match","Exact","1806 NE 33RD ST, FORT WORTH, TX, 76106","-97.333360273868,32.804648985582","101856430","R"
"1894","2807 Race St, Fort Worth, TX, 76111","Match","Exact","2807 RACE ST, FORT WORTH, TX, 76111","-97.306227423867,32.773199188169","101858959","L"
"1893","200 Main Street, Fort Worth, TX, 76102","Match","Exact","200 MAIN ST, FORT WORTH, TX, 76102","-97.332453450948,32.756370293756","101884696","R"
"1892","985 E. State Highway 121 Ste. 503, Lewisville, TX, 75057","Match","Exact","985 E HWY 121, LEWISVILLE, TX, 75057","-96.972652754378,33.044578811158","103426246","R"
