1,5403 N Shepherd Dr,Houston,TX,77091
2,6034 Bellaire Blvd Suite B,Houston,TX,77081
3,4501 Almeda Rd,Houston,TX,77004
4,5201 Lockwood Dr,Houston,TX,77026
5,5143 FM 1960 W,Houston,TX,77069
6,12160 Bissonnet St,Houston,TX,12160
7,7324 Southwest Fwy Ste 2-201,Houston,TX,77074
8,18026 Nassau Bay Dr,Houston,TX,18026
9,10660 Jones Rd,Houston,TX,10660
10,8001 Lawndale St,Houston,TX,77012
11,5807 Little York Rd,Houston,TX,77016
12,4600 Hwy 6 N #320,Houston,TX,77084
13,10101 Fondren Rd,Houston,TX,10101
14,11902 Jones Rd Q,Houston,TX,11902
15,2617 Bissonnet St #483,Houston,TX,77005
16,16526 Park Row Blvd,Houston,TX,16526
17,2810 Riverby Rd,Houston,TX,77020
18,12222 Bissonnet St Suite L,Houston,TX,12222
19,4151 Southwest Fwy #630,Houston,TX,77027
20,5239 Browncroft St,Houston,TX,77021
21,15300 Westheimer Rd #104,Houston,TX,15300
22,8300 FM 1960 W #450,Houston,TX,77070
23,800 Town and Country Blvd Ste 500,Houston,TX,77024
24,1415 Louisiana St 18th Floor,Houston,TX,77002
25,2800 N Loop W #900,Houston,TX,77092
26,2101 Smith St Ste 255,Houston,TX,77002
27,1920 Rankin Rd Suite 145,Houston,TX,77073
28,8040 Montgomery Road,Cincinnati,OH,45236
29,10979 Reed Hartman Hwy Suite 331 D,Cincinnati,OH,10979
30,9032 Union Centre Blvd,West Chester,OH,45069
31,9321 Montgomery Rd,Cincinnati,OH,45238
32,5323 Tompkins Ave,Cincinnati,OH,45227
33,1883 Langdon Farm Rd,Cincinnati,OH,45237
34,7812 Hamilton Ave,Cincinnati,OH,45231
35,2639 Erie Ave #8391,Cincinnati,OH,45208
36,218 W Pike St,Covington,KY,41011
37,1960 Fairfax Ave,Cincinnati,OH,45207
38,7613 Reading Rd 2nd Floor,Cincinnati,OH,45237
39,3435 Reading Rd,Cincinnati,OH,45229
40,824 W North Bend Rd Box 5,Cincinnati,OH,45224
41,260 Northland Blvd Suite 107B,Cincinnati,OH,45246
42,6718 Montgomery Rd,Cincinnati,OH,45236
43,9910 Coventry Ct,Mason,OH,45040
44,1797 Sycamore St,Cincinnati,OH,45202
45,891 W North Bend Rd,Cincinnati,OH,45224
46,9674 Colerain Ave #246,Cincinnati,OH,45251
47,1644 E Kemper Rd Ste 4 & 5,Sharonville,OH,45240
48,7609 Hamilton Ave,Cincinnati,OH,45231
49,6974 Creekside Way,Fairfield Township,OH,45011
50,1984 Ridgetop Way,Cincinnati,OH,45238
51,1821 Elm St,Norwood,OH,45212
52,7505 Reading Rd Suite 104,Cincinnati,OH,45237
53,1121 Broadway St,Cincinnati,OH,45202
54,175 Tri County Pkwy Suite 50,Cincinnati,OH,45246
55,312 Elm St,Cincinnati,OH,45202
56,6596 Harrison Ave,Cincinnati,OH,45247
57,3189 Princeton Rd Suite 266,Hamilton,OH,45011
58,1172 W Galbraith Rd Ste 208,Cincinnati,OH,45231
59,6718 Montgomery Rd #2,Cincinnati,OH,45236
60,201 E 5th St Suite 1900,Cincinnati,OH,45202
61,14 Brittany Ln,Fairfield,OH,45014
62,2300 Montana Ave Suite 245,Cincinnati,OH,45211
63,3730 Susanna Dr,Cincinnati,OH,45251
64,1579 Goodman Ave,Cincinnati,OH,45224
65,260 Northland Blvd Suite 208,Cincinnati,OH,45246
66,963 E McMillan St,Cincinnati,OH,45206
67,1715 DeSales Ln,Cincinnati,OH,45206
68,2206 Langdon Farm Rd,Cincinnati,OH,45237
69,1329 Vine St,Cincinnati,OH,45202
70,264 Parkway Ave,Cincinnati,OH,45216
71,3054 Mentor St,Cincinnati,OH,45206
72,7140 Montgomery Rd,Cincinnati,OH,45236
73,10979 Reed Hartman Hwy,Cincinnati,OH,10979
74,1001 B Kiely Pl,Crittenden,KY,41030
75,3252 North Bend Rd,Cincinnati,OH,45239
76,806 8th Ave,Middletown,OH,45044
77,7661 Beechmont Ave,Cincinnati,OH,45255
78,1860 Wynnewood Ln,Cincinnati,OH,45237
79,1719 Elm St,Cincinnati,OH,45202
80,8075 Reading Rd Suite 206,Cincinnati,OH,45237
81,1719 Elm St,Cincinnati,OH,45202
82,6322 Elwynne Dr,Cincinnati,OH,45236
83,11427 Reed Hartman Hwy,Cincinnati,OH,11427
84,1719 Elm St,Cincinnati,OH,45202
85,5128 Hawaiian Ter,Cincinnati,OH,45223
86,7085 Lakota Ridge Dr,Liberty Township,OH,45011
87,6019 Vine St,Cincinnati,OH,45216
88,4598 Randall Dr,Cincinnati,OH,45225
89,7613 Hamilton Ave,Cincinnati,OH,45231
90,9933 Alliance Rd,Cincinnati,OH,45242
91,800 Compton Rd Ste 8,Cincinnati,OH,45231
92,6050 Montgomery Rd Loft 4,Cincinnati,OH,45213
93,891 W North Bend Rd,Cincinnati,OH,45224
94,9674 Colerain Ave Ste 238,Cincinnati,OH,45251
95,2643 Westbrook Dr,Cincinnati,OH,45211
96,72 E Crescentville Rd,Cincinnati,OH,45246
97,7875 Montgomery Rd,Cincinnati,OH,45236
98,1327 Vine St,Cincinnati,OH,45202
99,1323 Vine St,Cincinnati,OH,45202
100,1006 E McMillan St,Cincinnati,OH,45206
101,11340 Kenn Rd,Cincinnati,OH,11340
102,11651 Norbourne Ave,Cincinnati,OH,11651
103,12001 Brookway Dr,Cincinnati,OH,12001
104,969 Reading Rd Suite E,Mason,OH,45040
105,8075 Reading Rd Suite 206,Cincinnati,OH,45237
106,8075 Reading Rd Suite 206,Cincinnati,OH,45237
107,8075 Reading Rd Suite 206,Cincinnati,OH,45237
108,203 Northland Blvd,Cincinnati,OH,45246
109,8075 Reading Rd,Cincinnati,OH,45237
110,11809 Hitchcock Dr,Cincinnati,OH,11809
111,7511 Reading Rd,Cincinnati,OH,45237
112,1005 Fisk Ave,Cincinnati,OH,45205
113,1329 E Kemper Rd,Cincinnati,OH,45246
114,1531 Race St,Cincinnati,OH,45202
115,11071 Oak Ave,Cincinnati,OH,11071
116,1428 Race St,Cincinnati,OH,45202
117,3591 Van Antwerp Pl,Cincinnati,OH,45229
118,1407 Chase Ave,Cincinnati,OH,
119,769 Clanora Dr,Cincinnati,OH,45205
120,769 Clanora Dr,Cincinnati,OH,45205
121,2855 Wind Song Dr,Cincinnati,OH,45251
122,"1600 Scripps Center, 312 Walnut St",Cincinnati,OH,45202
123,6712 Montgomery Rd,Cincinnati,OH,45236
124,8206A Hamilton Ave,Cincinnati,OH,45231
125,11066 Grand Ave,Blue Ash,OH,11066
126,2237 Losantiville Ave,Cincinnati,OH,45237
127,7010 Vine St,Cincinnati,OH,45216
128,11561 Chester Rd,Cincinnati,OH,11561
129,921 Findlay St,Cincinnati,OH,45214
130,3836 Washington Ave,Cincinnati,OH,45229
131,4151 Larkhall St,Cincinnati,OH,45245
132,4019 Gilmore Ave,Cincinnati,OH,45209
133,512 E 13th St,Cincinnati,OH,45202
134,5920 Cheviot Rd,Cincinnati,OH,45247
135,1064 Winfield Ave,Cincinnati,OH,45205
136,7032 Plainfield Rd,Cincinnati,OH,45236
137,8711 Reading Rd,Cincinnati,OH,45215
138,4545 Hector Ave,Cincinnati,OH,45227
139,7120 Vine St,Cincinnati,OH,45216
140,3314 W Galbraith Rd #11,Cincinnati,OH,45239
141,22 Triangle Park Dr Ste 2201I,Cincinnati,OH,45216
142,1340 Karahill Dr,Cincinnati,OH,45240
143,3919 Woodward Ave,Detroit,MI,48201
144,29852 Northwestern Hwy,Southfield,MI,29852
145,149 Franklin Blvd,Pontiac,MI,
146,28475 Greenfield Rd #113-7127,Southfield,MI,28475
147,21700 Greenfield Rd Ste 134,Oak Park,MI,21700
148,2350 E Union St,Seattle,WA,98122
149,2726 E Cherry St,Seattle,WA,98122
150,540 NE Northgate Way Ste E1 & E2,Seattle,WA,98125
151,1429 12th Ave D2,Seattle,WA,98122
152,5309 22nd Ave NW Ste C,Seattle,WA,98107
153,2800 E Cherry St A,Seattle,WA,98122
154,2510 1st Ave,Seattle,WA,98121
155,4869 Rainier Ave S,Seattle,WA,98118
156,40 Hancock St,Boston,MA,02125
157,1452 Dorchester Ave,Boston,MA,02122
158,2565 Washington St,Boston,MA,02119
159,"53 Humboldt Ave, Roxbury, MA 02119",Boston,MA,02119
160,"3152 Washington St, Jamaica Plain, MA 02130",Boston,MA,02130
161,1831 Dorchester Ave,Boston,MA,02124
162,14 Idaho St,Mattapan,MA,02126
163,234 W Selden St,Mattapan,MA,02126
164,415A Medford St,Somerville,MA,02145
165,951 W 21st St,Norfolk,VA,23517
166,201 E Berkley Ave Unit H,Norfolk,VA,23523
167,3854 E Little Creek Rd,Norfolk,VA,23518
168,5426 Bayberry Dr,Norfolk,VA,23502
169,5800 Chesapeake Blvd,Norfolk,VA,23513
170,2037 Airport Blvd,Mobile,AL,36606
171,3315 Demetropolis Rd,Mobile,AL,36693
172,803 Government St Ste B,Mobile,AL,36602
173,6808-A Airport Blvd Ste 106,Mobile,AL,36608
174,484 Lake Park Ave Ste 65,Oakland,CA,94610
175,2345 Valdez St Ste 204,Oakland,CA,94612
176,2143 Adam Clayton Powell Jr Blvd,New York,NY,10027
177,344 W 145th St,New York,NY,10039
178,2 W 125th St,New York,NY,10027
179,409 W 125th St,New York,NY,10027
180,1590 Park Ave,New York,NY,10029
181,2306 Adam Clayton Powell Jr Blvd,New York,NY,10030
182,"349 E 109th St, La Marqueta Building",New York,NY,10029
183,191 Malcolm X Blvd,New York,NY,10026
184,1239 Amsterdam Ave,New York,NY,10027
185,126 E 103rd St,New York,NY,10029
186,2129 3rd Ave A,New York,NY,10035
187,205 E 125th St Ste 120,New York,NY,10035
188,1942 Amsterdam Ave,New York,NY,10032
189,2023 Amsterdam Ave,New York,NY,10032
190,325 E 48th St,New York,NY,10017
191,381 W 125th St,New York,NY,10027
192,109 W 38th St Suite 300,New York,NY,10018
193,69 E 130th St,New York,NY,10037
194,594 Broadway,New York,NY,10012
195,162 W 56th St #402,New York,NY,10019
196,99 Madison Ave 4th Floor,New York,NY,10016
197,168 Malcolm X Blvd,New York,NY,10026
198,174 St Nicholas Ave,New York,NY,10026
199,242 Broome St,New York,NY,10002
200,51 Buffalo Ave,Brooklyn,NY,11233
201,1170 Nostrand Ave,Brooklyn,NY,11225
202,363 Lincoln Rd,Brooklyn,NY,11225
203,532 4th Ave,Brooklyn,NY,11215
204,366 Myrtle Ave,Brooklyn,NY,11205
205,3005 Church Ave,Brooklyn,NY,11226
206,1396 Fulton St,Brooklyn,NY,11216
207,1241 Flatbush Ave,Brooklyn,NY,11226
208,195 Utica Ave,Brooklyn,NY,11213
209,52 Harrison Pl,Brooklyn,NY,11237
210,685 Knickerbocker Ave,Brooklyn,NY,11221
211,48 Cypress Ave,Brooklyn,NY,11237
212,1621 Nostrand Ave,Brooklyn,NY,11226
213,563 E 26th St,Brooklyn,NY,11210
214,788 Nostrand Ave,Brooklyn,NY,11216
215,160 Havemeyer St Store 4,Brooklyn,NY,11211
216,1215 Nostrand Ave,Brooklyn,NY,11225
217,717 Franklin Ave,Brooklyn,NY,11238
218,724 Prospect Pl,Brooklyn,NY,11216
219,315 Smith St,Brooklyn,NY,11231
220,1021 Cortelyou Rd,Brooklyn,NY,11218
221,115 Ralph Ave,Brooklyn,NY,11221
222,1 Boerum Pl Suite 205,Brooklyn,NY,11201
223,761 Dekalb Ave,Brooklyn,NY,11216
224,42 Jackson St,Brooklyn,NY,11211
225,1225 Broadway,Brooklyn,NY,11221
226,4216 White Plains Rd,Bronx,NY,10466
227,4246 White Plains Rd,Bronx,NY,10466
228,5 E 167th St,Bronx,NY,10452
229,1893 Andrews Ave S,Bronx,NY,10453
230,1060 Morris Park Ave,Bronx,NY,10461
231,3363 E Tremont Ave,Bronx,NY,10461
232,4342 White Plains Rd,Bronx,NY,10466
233,308 W 231st St,Bronx,NY,10463
234,621 Crescent Ave,Bronx,NY,10458
235,2276 Arthur Ave Ste A,Bronx,NY,10457
236,4000 White Plains Rd,Bronx,NY,10466
237,2140 White Plains Rd,Bronx,NY,10462
238,1151 Boston Rd,Bronx,NY,10456
239,205 W 231st St,Bronx,NY,10463
240,2235 Jerome Ave,Bronx,NY,10453
241,10 E 208th St,Bronx,NY,10467
242,205 E 167th St,Bronx,NY,10456
243,99 E 165th St,Bronx,NY,10452
244,1446 Williamsbridge Rd,Bronx,NY,10461
245,4459 Matilda Ave,Bronx,NY,10470
246,1234 Arnow Ave 2nd Floor,Bronx,NY,10469
247,1508 Stillwell Ave,Bronx,NY,10461
248,3762 White Plains Rd,Bronx,NY,10467
249,2203 Belmont Ave Apt 4B,Bronx,NY,10457
250,721 Walton Ave,Bronx,NY,10451
251,357 E 145th St,Bronx,NY,10454
252,2462 Belmont Ave,Bronx,NY,10458
253,"86-23 Roosevelt Ave, Jackson Heights, NY 11372",Queens,NY,11372
254,"77-17 37th Ave, Jackson Heights, NY 11372",Queens,NY,11372
255,"106-20 Corona Ave, Corona, NY 11368",Queens,NY,11368
256,32-23 Junction Blvd,Queens,NY,11369
257,"80-03 Roosevelt Ave, Jackson Heights, NY 11372",Queens,NY,11372
258,"86-02 37th Ave, Jackson Heights, NY 11372",Queens,NY,11372
259,"172-35 Hillside Ave, Jamaica, NY 11432",Queens,NY,11432
260,"58-13 Woodside Ave, Woodside, NY 11377",Queens,NY,11377
261,"111-14 Corona Ave, Corona, NY 11368",Queens,NY,11368
262,"132-17 Liberty Ave, South Richmond Hill, NY 11419",Queens,NY,11419
263,"76-02 Roosevelt Ave, Jackson Heights, NY 11372",Queens,NY,11372
264,"205-01 Linden Blvd Store B, St Albans, NY 11412",Queens,NY,11412
265,"111-20 Roosevelt Ave, Corona, NY 11368",Queens,NY,11368
266,"39-07 104th St, Corona, NY 11368",Queens,NY,11368
267,"111-03 Lefferts Blvd, South Ozone Park, NY 11420",Queens,NY,11420
268,"150-54 14th Ave, Whitestone, NY 11357",Queens,NY,11357
269,219-13 Merrick Blvd,Queens,NY,11413
270,"84-21 37th Ave, Jackson Heights, NY 11372",Queens,NY,11372
271,"124-12 6th Ave, College Point, NY 11356",Queens,NY,11356
272,"82-49 Lefferts Blvd, Kew Gardens, NY 11415",Queens,NY,11415
273,"92-27 165th St, Jamaica, NY 11433",Queens,NY,11433
274,"150-18 Hawtree St, Ozone Park, NY 11417",Queens,NY,11417
275,272 Sand Ln,Staten Island,NY,10305
276,2047 Richmond Ter,Staten Island,NY,10302
277,451 Northfield Ave,Staten Island,NY,10303
278,236 Port Richmond Ave,Staten Island,NY,10302
279,1553 Forest Ave,Staten Island,NY,10302
280,379 Van Duzer St,Staten Island,NY,10304
281,19 Spirit Ln,Staten Island,NY,10303
282,450 Castleton Ave,Staten Island,NY,10301
283,170 Port Richmond Ave,Staten Island,NY,10302
284,360 Targee St,Staten Island,NY,10304
285,33 Broad St,Staten Island,NY,10304
286,704 Bay St,Staten Island,NY,10304
287,480 Castleton Ave,Staten Island,NY,10301
288,420 South Ave,Staten Island,NY,10303
289,1679 Hylan Blvd,Staten Island,NY,10305
290,2180 Forest Ave,Staten Island,NY,10303
291,400 Victory Blvd,Staten Island,NY,10301
292,"39-18 63rd St, Woodside, NY 11377",Queens,NY,11377
293,1660 Amsterdam Ave,New York,NY,10031
294,"71-11 Northern Blvd, Jackson Heights, NY 11372",Queens,NY,11372
295,41 Flatbush Ave Suite 237,Brooklyn,NY,11217
296,"41-05 47th St 1 FL, Sunnyside, NY 11104",Queens,NY,11104
297,2564 Amsterdam Ave Store 4,New York,NY,10040
298,736 Allerton Ave,Bronx,NY,10467
299,767 Astor Ave,Bronx,NY,10467
300,41 Flatbush Ave 2nd Floor,Brooklyn,NY,11217
301,"124-13 Jamaica Ave, Richmond Hill, NY 11418",Queens,NY,11418
302,"106-04 Corona Ave, Corona, NY 11368",Queens,NY,11368
303,1352 Granville Payne Ave,Brooklyn,NY,11239
304,"88-16 Jamaica Ave, Woodhaven, NY 11421",Queens,NY,11421
305,1225 Manor Ave,Bronx,NY,10472
306,"43-20 52nd St 1 FL, Woodside, NY 11377",Queens,NY,11377
307,"100-12 Northern Blvd, Corona, NY 11368",Queens,NY,11368
308,"93-05 37th Ave #1C, Jackson Heights, NY 11372",Queens,NY,11372
309,1741 Hunt Ave,Bronx,NY,10462
310,1442 Williamsbridge Rd,Bronx,NY,10461
311,2255 Grand Concourse #4,Bronx,NY,10453
312,259 Warren St,Brooklyn,NY,11201
313,300 Manhattan Ave,New York,NY,10026
314,168 Java St,Brooklyn,NY,11222
315,226 E 54th St #200,New York,NY,10022
316,357 W 127th St #1,New York,NY,10027
317,470 Malcolm X Blvd #1D,New York,NY,10037
318,511 Clinton Ave,Brooklyn,NY,11238
319,82 6th Ave 2nd Fl,Brooklyn,NY,11217
320,40 W 117th St,New York,NY,10026
321,640 Dean St,Brooklyn,NY,11238
322,30 E 40th St Ste 1002,New York,NY,10016
323,50 Riverside Blvd,New York,NY,10069
324,1035 Fulton St Ste 1,Brooklyn,NY,11238
325,278 Van Brunt St,Brooklyn,NY,11231
326,876 McDonald Ave,Brooklyn,NY,11218
327,333 Flatbush Ave,Brooklyn,NY,11217
328,849 Rogers Ave,Brooklyn,NY,11226
329,125 Nassau Ave,Brooklyn,NY,11222
330,3440 Atlantic Ave,Brooklyn,NY,11208
331,651 Bushwick Ave,Brooklyn,NY,11221
332,42 West St Suite 1-2,Brooklyn,NY,11222
333,16 Court St,Brooklyn,NY,11241
334,419 B Mother Gaston Blvd,Brooklyn,NY,11212
335,2831 Atlantic Ave,Brooklyn,NY,11207
336,1134 Liberty Ave,Brooklyn,NY,11208
337,425-429 Bushwick Ave,Brooklyn,NY,11206
338,157 13th St,Brooklyn,NY,11215
339,2127 Flatbush Ave,Brooklyn,NY,11234
340,172 Alabama Ave,Brooklyn,NY,11207
341,300 Cadman Plz W 12th Floor,Brooklyn,NY,11201
342,1733 Sheepshead Bay Rd #26,Brooklyn,NY,11235
343,686 4th Ave,Brooklyn,NY,11232
344,327 Ocean Pkwy,Brooklyn,NY,11218
345,727 Washington Ave,Brooklyn,NY,11238
346,1429 Flatbush Ave,Brooklyn,NY,11210
347,8801 4th Ave,Brooklyn,NY,11209
348,706 Washington Ave,Brooklyn,NY,11238
349,215 Smith St,Brooklyn,NY,11201
350,1277 E 14th St Unit 608B,Brooklyn,NY,11230
351,530 Driggs Ave,Brooklyn,NY,11211
352,62 5th Ave,Brooklyn,NY,11217
353,733 Fulton St,Brooklyn,NY,11217
354,181 Smith St,Brooklyn,NY,11201
355,18 Bridge St #4A,Brooklyn,NY,11201
356,155 Columbia St,Brooklyn,NY,11231
357,672 Driggs Ave,Brooklyn,NY,11211
358,603 Bergen St #204,Brooklyn,NY,11238
359,488 Court St,Brooklyn,NY,11231
360,147 Prince St,Brooklyn,NY,11201
361,1112 Cortelyou Rd,Brooklyn,NY,11218
362,2402 McDonald Ave,Brooklyn,NY,11223
363,50 Mother Gaston Blvd,Brooklyn,NY,11233
364,176 E 116th St 2nd Floor,New York,NY,10029
365,82 Reade St,New York,NY,10007
366,750 Lexington Ave 9th Floor,New York,NY,10022
367,176 Spring St,New York,NY,10012
368,69 Murray St,New York,NY,10007
369,524 Main St,New York,NY,10044
370,53 Elizabeth St,New York,NY,10013
371,110 E 25th St,New York,NY,10010
372,654 Madison Ave 5th Fl,New York,NY,10065
373,166 Allen St,New York,NY,10002
374,30 Broad St Suite 1401,New York,NY,10004
375,445 W 50th St,New York,NY,10019
376,100 William St,New York,NY,10038
377,874 Lexington Ave,New York,NY,10065
378,2488 Adam Clayton Powell Jr Blvd,New York,NY,10030
379,46 Howard St,New York,NY,10013
380,56 King St,New York,NY,10014
381,222 E 34th St Studio 24,New York,NY,10016
382,40 Grand St,New York,NY,10013
383,184B Lafayette St,New York,NY,10013
384,14 E 125th St,New York,NY,10035
385,745 5th Ave #500,New York,NY,10151
386,1673 Lexington Ave,New York,NY,10029
387,77 Bowery Apt #203,New York,NY,10002
388,2795 Frederick Douglass Blvd,New York,NY,10039
389,100 Pearl St,New York,NY,10004
390,40 Wall St Suite 3100,New York,NY,10005
391,229 W 145th St,New York,NY,10039
392,19 E 26th St,New York,NY,10010
393,654 Madison Ave,New York,NY,10065
394,3496 Broadway,New York,NY,10031
395,41 Wooster St Floor 3,New York,NY,10012
396,536 W 112th St,New York,NY,10025
397,575 Madison Ave Fl 3,New York,NY,10022
398,160 W 71st St #2B,New York,NY,10023
399,150 Nassau St,New York,NY,10038
400,104 W 40th St,New York,NY,10018
401,114 W 26th St,New York,NY,10001
402,160 Broadway Fl 2 Ste 210,New York,NY,10038
403,341 E 78th St,New York,NY,10075
404,213 Pinehurst Ave,New York,NY,10033
405,3153 Broadway,New York,NY,10027
406,350 W 124th St,New York,NY,10027
407,1 State St 15th Floor,New York,NY,10004
408,519 8th Ave,New York,NY,10018
409,369 Lexington Ave Suite 3150,New York,NY,10017
410,11 E Broadway 6th Floor,New York,NY,10038
411,105 W 26th St,New York,NY,10001
412,75 Varick St,New York,NY,10013
413,36 Gouverneur St,New York,NY,10002
414,153 W 36th St,New York,NY,10018
415,11 W 42nd St Suite 226,New York,NY,10036
416,1469 5th Ave,New York,NY,10035
417,115 Broadway 5th Floor,New York,NY,10006
418,1508 Inwood Ave,Bronx,NY,10452
419,779 Bruckner Blvd,Bronx,NY,10455
420,4408 White Plains Rd 1st Floor,Bronx,NY,10470
421,1086 Southern Blvd Store 2,Bronx,NY,10459
422,1455 Townsend Ave,Bronx,NY,10452
423,3902 White Plains Rd,Bronx,NY,10467
424,2375 Marion Ave,Bronx,NY,10458
425,2666 Miles Ave Ste #3,Bronx,NY,10465
426,209 W 242nd St,Bronx,NY,10471
427,374 E Fordham Rd,Bronx,NY,10458
428,4627 White Plains Rd,Bronx,NY,10470
429,503 Wales Ave,Bronx,NY,10455
430,3813 White Plains Rd,Bronx,NY,10467
431,1405 Bronx River Ave,Bronx,NY,10472
432,1672 Webster Ave,Bronx,NY,10457
433,4713 White Plains Rd,Bronx,NY,10470
434,1934 Williamsbridge Rd,Bronx,NY,10461
435,3014 Riverdale Ave,Bronx,NY,10463
436,1003 Soundview Ave,Bronx,NY,10472
437,736 Allerton Ave Suite 206,Bronx,NY,10467
438,3843A E Tremont Ave,Bronx,NY,10465
439,5981 Broadway,Bronx,NY,10471
440,4105 Boston Rd,Bronx,NY,10466
441,1801 Jerome Ave,Bronx,NY,10453
442,788 Morris Park Ave,Bronx,NY,10462
443,277 E 169th St,Bronx,NY,10456
444,2044 McGraw Ave,Bronx,NY,10462
445,3204 Bronxwood Ave,Bronx,NY,10469
446,99 E 165th St,Bronx,NY,10452
447,753 Burke Ave,Bronx,NY,10467
448,3817 White Plains Rd,Bronx,NY,10467
449,4063 Boston Rd,Bronx,NY,10466
450,3400 Mickle Ave,Bronx,NY,10469
451,995 Southern Blvd,Bronx,NY,10459
452,598 Grand Concourse,Bronx,NY,10451
453,412 E 167th St,Bronx,NY,10456
454,1219 Woodycrest Ave,Bronx,NY,10452
455,615 E 138th St,Bronx,NY,10454
456,820 St Ann's Ave,Bronx,NY,10456
457,2300 Eastchester Rd #1,Bronx,NY,10469
458,53 Bruckner Blvd,Bronx,NY,10454
459,1796 Vyse Ave Suite S-3,Bronx,NY,10460
460,2408 Grand Concourse 2nd Floor,Bronx,NY,10458
461,10 E 208th St,Bronx,NY,10467
462,1969 Walton Ave,Bronx,NY,10453
463,1967 Turnbull Ave Suite 127 2nd Fl,Bronx,NY,10473
464,1938 Williamsbridge Rd,Bronx,NY,10461
465,269 W 231st St,Bronx,NY,10463
466,3813 Boston Rd,Bronx,NY,10466
467,3081 Middletown Rd,Bronx,NY,10461
468,1443 E Gun Hill Rd Suite 2,Bronx,NY,10469
469,2000 White Plains Rd,Bronx,NY,10462
470,1930 Bartow Ave,Bronx,NY,10469
471,709 Burke Ave,Bronx,NY,10467
472,"127 E 59th St Fl 2, Ste. 37",New York,NY,10022
473,2244 7th Ave,New York,NY,10027
474,4842 Broadway,New York,NY,
475,177 Wadsworth Ave,New York,NY,
476,854 W 181st St,New York,NY,
477,4961 Broadway,New York,NY,
478,348 Dyckman St,New York,NY,
479,600 W 218th St,New York,NY,
480,219 Dyckman St,New York,NY,
481,4179 Broadway,New York,NY,
482,4932 Broadway,New York,NY,
483,586 W 207th St,New York,NY,
484,122 Dyckman St,New York,NY,
485,800 W 181st St,New York,NY,
486,4059 Broadway,New York,NY,
487,3569 Broadway,New York,NY,
488,237 Dyckman St,New York,NY,
489,4247 Broadway,New York,NY,
490,4131 Broadway,New York,NY,
491,431 W 202nd St,New York,NY,
492,827 W 181st St,New York,NY,
493,1 Bennett Ave,New York,NY,
494,568 W 207th St,New York,NY,
495,4959 Broadway,New York,NY,
496,4863 Broadway,New York,NY,
497,213 Pinehurst Ave,New York,NY,
498,3931 Broadway,New York,NY,
499,4996 Broadway,New York,NY,
500,714 W 181st St,New York,NY,
501,4316 Broadway,New York,NY,
502,126A Dyckman St,New York,NY,
503,5 Edward M Morgan Pl,New York,NY,
504,4863 Broadway,New York,NY,
505,4193 Broadway,New York,NY,
506,4020 Broadway,New York,NY,
507,603 W 168th St,New York,NY,
508,4933 Broadway,New York,NY,
509,158 Dyckman St,New York,NY,
510,3915 Broadway,New York,NY,
511,603 Fort Washington Ave,New York,NY,
512,4060 Broadway,New York,NY,
513,233 Dyckman St,New York,NY,
514,827 W 181st St,New York,NY,
515,4762 Broadway,New York,NY,
516,5025 Broadway,New York,NY,
517,206 Dyckman St,New York,NY,
518,107 Dyckman St,New York,NY,
519,4716 Broadway,New York,NY,
520,544 W 181st St,New York,NY,
521,1447 St Nicholas Ave,New York,NY,
522,546 W 207th St,New York,NY,
523,101 Dyckman St,New York,NY,
524,4139 Broadway,New York,NY,
525,3915 Broadway,New York,NY,
526,4162 Broadway,New York,NY,
527,83 Audubon Ave,New York,NY,
528,512 W 207th St,New York,NY,
529,4235 Broadway,New York,NY,
530,3892 Broadway,New York,NY,
531,4384 Broadway,New York,NY,
532,4231 Broadway,New York,NY,
533,3855 10th Ave,New York,NY,
534,606 W 207th St,New York,NY,
535,500 W 207th St,New York,NY,
536,4141 Broadway,New York,NY,
537,247 Dyckman St,New York,NY,
538,59 Audubon Ave,New York,NY,
539,1466 St Nicholas Ave,New York,NY,
540,421 W 202nd St,New York,NY,
541,501 W 214th St,New York,NY,
542,1390 St Nicholas Ave,New York,NY,
543,4195 Broadway,New York,NY,
544,711 W 181st St,New York,NY,
545,1555 St Nicholas Ave,New York,NY,
546,597 W 207th St,New York,NY,
547,3950 10th Ave,New York,NY,
548,591 Fort Washington Ave,New York,NY,
549,1495 St Nicholas Ave,New York,NY,
550,4484 Broadway,New York,NY,
551,120 Broadway; 36th Floor,New York,NY,
552,2120 Atlantic Avenue,Brooklyn,NY,
553,234 India Street,Brooklyn,NY,
554,58-09 28th Avenue,Woodside,NY,
555,892 Metropolitan Avenue,Brooklyn,NY,
556,6 Fairmount St,Valley Stream,NY,
557,224 56th Street,Brooklyn,NY,
558,33 W. 19th Street/4th Fl. Suite. 303,New York,NY,
559,3537 36th Street 2nd FL,Astoria,NY,
560,104-35 205th Place,Queens,NY,
561,"40 Broad Street, 4th Floor",New York,NY,
562,226-03 Linden Blvd.,Cambria Heights,NY,
563,18-34 127th Street,College Point,NY,
564,"850 3rd Ave, Suite 408",Brooklyn,NY,
565,48 WEST 37TH STREET – 9TH FL.,New York,NY,
566,267 Jewett Avenue,Staten Island,NY,
567,32-10 Greenpoint Ave,Long Island City,NY,
568,222 E 34th St #25,New York,NY,
569,49-02A Junction Blvd,Elmhurst,NY,
570,4008 Boston Rd,Bronx,NY,
571,1127 Nostrand Ave,Brooklyn,NY,
572,3717 Boston Rd,Bronx,NY,
573,1206 Nostrand Ave,Brooklyn,NY,
574,625 Rogers Ave,Brooklyn,NY,
575,1165 St Marks Ave,Brooklyn,NY,
576,29 Clinton St,New York,NY,
577,518 W 134th St,New York,NY,
578,1400 Inwood Ave,Bronx,NY,
579,571 W 173rd St,New York,NY,
580,41-05 47th St 1 FL,Sunnyside,NY,
581,40-32 National St,Corona,NY,
582,35-19 Queens Blvd,Long Island City,NY,
583,77-17 37th Ave,Jackson Heights,NY,
584,86-23 Roosevelt Ave,Jackson Heights,NY,
585,96-11 Northern Blvd,Corona,NY,
586,106-20 Corona Ave.,Corona,NY,
587,86-02 37th Ave,Jackson Heights,NY,
588,32-23 Junction Blvd,Queens,NY,
589,33-01 Broadway,Astoria,NY,
590,81-42 Baxter Ave,Elmhurst,NY,
591,52-27 69th St,Maspeth,NY,
592,41-20 34th Ave,Astoria,NY,
593,108-45 Roosevelt Ave,Corona,NY,
594,90-01 31st Ave,East Elmhurst,NY,
595,54-08 Roosevelt Ave,Woodside,NY,
596,172-35 Hillside Ave.,Jamaica,NY,
597,76-02 Roosevelt Ave,Jackson Heights,NY,
598,3399 Atlantic Ave.,Long Beach,CA,
599,2020 Barranca Street Suite 103,Los Angeles,CA,
600,55 South Raymond Avenue,Pasadena,CA,
601,5615 Hollywood Blvd.,Los Angeles,CA,
602,5668 York Blvd.,Los Angeles,CA,
603,3513 Johnson Ave.,El Monte,CA,
604,13002 Philadelphia St.,Whittier,CA,13002
605,5528 Satsuma Ave.,North Hollywood,CA,
606,69 N. Raymond Ave.,Pasadena,CA,
607,117 E. 162nd St.,Carson,CA,
608,2811 E. Olympic Blvd.,Los Angeles,CA,
609,6254 Wilshire Blvd.,Los Angeles,CA,
610,2900 W. Sunset Blvd.,Los Angeles,CA,
611,1451 W. 3rd St.,Los Angeles,CA,
612,11045 Hawthorne Blvd.,Lennox,CA,11045
613,2380 Santa Fe Ave.,Long Beach,CA,
614,501 S. Olive St.,Los Angeles,CA,
615,1721 W. Katella Ave.,Anaheim,CA,
616,4717 Maybank Ave.,Lakewood,CA,
617,123 E. Washington Blvd.,Montebello,CA,
618,950 E. Colorado Blvd.,Pasadena,CA,
619,7238 Canoga Ave.,Canoga Park,CA,
620,934 S. Los Angeles St.,Los Angeles,CA,
621,1263 W. 2nd St.,Los Angeles,CA,
622,3544 W. Imperial Hwy.,Inglewood,CA,
623,4532 S. Centinela Ave.,Del Rey,CA,
624,934 Hermosa Ave.,Hermosa Beach,CA,
625,429 East 11th Street,Los Angeles,CA,
626,6367 Atlantic Ave.,Bell,CA,
627,3400 East 8th Street,Los Angeles,CA,
628,1555 Adams Ave.,Costa Mesa,CA,
629,10935 Rosecrans Ave.,Norwalk,CA,10935
630,2400 W. 7th St.,Los Angeles,CA,
631,3946 Illinois St.,San Diego,CA,
632,4533 E. Cesar Chavez Ave.,Los Angeles,CA,
633,5559 N. Azusa Ave.,Azusa,CA,
634,245 E. Bonita Ave.,San Dimas,CA,
635,5225 York Blvd.,Los Angeles,CA,
636,4136 Peck Rd.,El Monte,CA,
637,1640 Orange Ave.,Long Beach,CA,
638,3350 E. Olympic Blvd.,Los Angeles,CA,
639,5111 Walnut Grove Ave.,San Gabriel,CA,
640,4106 San Fernando Road.,Glendale,CA,
641,5818 Temple City Blvd.,Temple City,CA,
642,3333 N. Eastern Ave.,Los Angeles,CA,
643,133 N. La Cienega Blvd.,Beverly Hills,CA,
644,311 S. State College Blvd.,Brea,CA,
645,1551 Ocean Avenue,Santa Monica,CA,
646,3957 S. Western Ave.,Los Angeles,CA,
647,7806 Santa Fe Ave.,Huntington Park,CA,
648,1740 W. Chapman Ave.,Orange,CA,
649,518 W. 7th St.,Los Angeles,CA,
650,2409 E. Slauson Ave.,Huntington Park,CA,
651,1909 E. 4th St.,Long Beach,CA,
652,4493 Beverly Blvd.,Los Angeles,CA,
653,7308 Foothill Blvd.,Tujunga,CA,
654,837 S. Union Ave.,Los Angeles,CA,
655,5344 Long Beach Blvd,Long Beach,CA,
656,13788 Foothill Blvd.,Sylmar,CA,13788
657,1096 N. Western Ave.,Los Angeles,CA,
658,5700 E. Whittier Blvd.,Commerce,CA,
659,6365 Pacific Blvd.,Huntington Park,CA,
660,6001 Rosemead Blvd.,Pico Rivera,CA,
661,6727 Greenleaf Ave.,Whittier,CA,
662,1300 Wilshire Blvd.,Santa Monica,CA,
663,1001 Mission St.,South Pasadena,CA,
664,3630 E. Cesar E. Chavez Avenue,Los Angeles,CA,
665,14126 Sherman Way,Los Angeles,CA,14126
666,6944 Almaden Expy,San Jose,CA,
667,7229 Melrose Ave.,Los Angeles,CA,
668,11935 Ventura Blvd.,Studio City,CA,11935
669,3851 Atlantic Ave.,Long Beach,CA,
670,217 E. Nutwood Street,Inglewood,CA,
671,10804 Washington Blvd.,Culver City,CA,10804
672,4814 Melrose Ave.,Los Angeles,CA,
673,2881 E. Florence Ave.,Huntington Park,CA,
674,640 N. Broadway,Los Angeles,CA,
675,520 W. Whittier Blvd.,Montebello,CA,
676,4301 W. Jefferson Blvd.,Los Angeles,CA,
677,3832 Wilshire Blvd.,Los Angeles,CA,
678,13610 Garfield Ave.,South Gate,CA,13610
679,899 Traction Ave.,Los Angeles,CA,
680,1001 E. Green St.,Pasadena,CA,
681,4301 W. Jefferson Blvd.,Los Angeles,CA,
682,14901 Sherman Way,Van Nuys,CA,14901
683,4863 Huntington Dr. N.,Los Angeles,CA,
684,13403 Van Nuys Blvd.,Pacoima,CA,13403
685,1495 N. Van Ness Av,Fresno,CA,
686,2800 N. Main St.,Santa Ana,CA,
687,4300 E. Cesar E. Chavez Ave.,Los Angeles,CA,
688,13922 Ramona Blvd.,Baldwin Park,CA,13922
689,1341 E. Florence Ave.,Los Angeles,CA,
690,1128 S. Atlantic Blvd.,East Los Angeles,CA,
691,1810 E. Route 66,Glendora,CA,
692,5757 Lankershim Blvd.,North Hollywood,CA,
693,4619 E. Cesar Chavez Ave.,Los Angeles,CA,
694,8155 Van Nuys Blvd.,Panorama City,CA,
695,11824 Artesia Blvd.,Artesia,CA,11824
696,3655 S. Grand Ave.,Los Angeles,CA,
697,401 South Grand Ave.,Los Angeles,CA,
698,61 North Raymond Ave.,Pasadena,CA,
699,1908 E 1st St.,Los Angeles,CA,
700,2320 S. Bristol,Santa Ana,CA,
701,7044 N. Topanga Cyn Blvd.,Canoga Park,CA,
702,2116 W. 7th St.,Los Angeles,CA,
703,5980 Pacific Blvd.,Huntington Park,CA,
704,3540 W. Century Blvd.,Inglewood,CA,
705,9000 Sepulveda Blvd.,North Hills,CA,
706,8618 S. Garfield Ave.,South Gate,CA,
707,7249 Van Nuys Blvd.,Van Nuys,CA,
708,16606 Hawthorne Blvd.,Lawndale,CA,16606
709,1477 N. Azusa Ave.,Covina,CA,
710,30 E. Orangethorpe Ave.,Anaheim,CA,
711,1105 N. Mountain Ave.,Ontario,CA,
712,8149 Mission Blvd.,Jurupa Valley,CA,
713,9045 Rosecrans Blvd.,Bellflower,CA,
714,11255 Long Beach Blvd.,Lynwood,CA,11255
715,11089 Magnolia Ave.,Riverside,CA,11089
716,17010 Sierra Lakes Parkway,Fontana,CA,17010
717,10511 Beach Blvd.,Stanton,CA,10511
718,10960 Sherman Way,Burbank,CA,10960
719,11633 Santa Monica Blvd.,Los Angeles,CA,11633
720,26755 Verdugo St.,San Juan Capistrano,CA,26755
721,3500 N. Broadway,Los Angeles,CA,
722,2508 Las Posas Rd.,Camarillo,CA,
723,401 Lincoln Blvd.,Venice,CA,
724,17213 Yukon Ave. A,Torrance,CA,17213
725,203 S. Rosemead Avenue,Pasadena,CA,
726,5490 Lincoln Av,Cypress,CA,
727,4350 Avalon Blvd.,Los Angeles,CA,
728,8711 Long Beach Blvd.,Long Beach,CA,
729,20900 Pioneer Blvd.,Lakewood,CA,20900
730,4140 City Terrace Dr.,Los Angeles,CA,
731,2590 Glendale Blvd.,Los Angeles,CA,
732,13131 Crossroads Parkway So.,City of Industry,CA,13131
733,2309 S. Alma St.,San Pedro,CA,
734,989 S. Glendora Ave.,West Covina,CA,
735,520 W. Whittier Blvd.,Montebello,CA,
736,8443 Haven Ave.,Rancho Cucamonga,CA,
737,12504 Whittier Blvd.,Whittier,CA,12504
738,2056 Hillhurst Ave.,Los Angeles,CA,
739,1075 S. Fair Oaks Ave.,Pasadena,CA,
740,5234 Valley Blvd.,Los Angeles,CA,
741,730 Long Beach Blvd,Long Beach,CA,
742,2121 Rosecrans Ave,El Segundo,CA,
743,7901 Edinger Ave,Huntington Beach,CA,
744,623 Spectrum Center Drive,Irvine,CA,
745,800 S. Figueroa,Los Angeles,CA,
746,234 E. Colorado Blvd.,Pasadena,CA,
747,2250 Thousand Oaks Blvd,Thousand Oaks,CA,
748,"6263 Topanga Canyon Blvd, Ste. 100",Woodland Hills,CA,
749,2225 W Rosecrans Ave,Gardena,CA,
750,421 N Rodeo Dr,Beverly Hills,CA,
751,708 Spectrum Center Dr Suite 708,Irvine,CA,
752,1253 N Vine St. #3,Los Angeles,CA,
753,1524 Sunset Blvd,Los Angeles,CA,
754,2300 Harbor Blvd,Costa Mesa,CA,
755,1254 S Figueroa St (8th floor),Los Angeles,CA,
756,2042 Marengo St,Los Angeles,CA,
757,8967 Washington Blvd,Pico Rivera,CA,
758,16533 Whittier Blvd,Whittier,CA,16533
759,11042 Rosecrans Ave,Norwalk,CA,11042
760,9131 Imperial Hwy,Downey,CA,
761,510 N La Brea Ave,Inglewood,CA,
762,5020 E 2nd St,Long Beach,CA,
763,"3650 W Martin Luther King Jr Blvd, Suite 139",Los Angeles,CA,
764,7360 N Clark St,Chicago,IL,
765,7047 N Clark St,Chicago,IL,
766,6619 N Clark St,Chicago,IL,
767,1517 W Jarvis Ave,Chicago,IL,
768,1744 W Estes Ave,Chicago,IL,
769,7022 N Clark St,Chicago,IL,
770,7001 N Clark St,Chicago,IL,
771,7124 N Clark St,Chicago,IL,
772,7027 N Clark St,Chicago,IL,
773,1418 W Morse Ave,Chicago,IL,
774,1422 W Morse Ave,Chicago,IL,
775,7109 N Clark St,Chicago,IL,
776,6955 N Clark St,Chicago,IL,
777,6649 N Clark St,Chicago,IL,
778,6963 N Clark St,Chicago,IL,
779,7355 N Clark St,Chicago,IL,
780,7605 N Paulina St,Chicago,IL,
781,7043 N Clark St,Chicago,IL,
782,1416 W Morse Ave,Chicago,IL,
783,7138 N Clark St,Chicago,IL,
784,7024 N Clark St,Chicago,IL,
785,6661 N Clark St,Chicago,IL,
786,6404 N Clark St,Chicago,IL,
787,6952 N Clark St,Chicago,IL,
788,6983 N Clark St,Chicago,IL,
789,7115 N Clark St,Chicago,IL,
790,7104 N Clark St,Chicago,IL,
791,6545 N Clark St,Chicago,IL,
792,6632 N Clark St,Chicago,IL,
793,6551 N Clark St,Chicago,IL,
794,6956 N Clark St,Chicago,IL,
795,6969 N Clark St,Chicago,IL,
796,1406 W Devon Ave,Chicago,IL,
797,1416 W Devon Ave,Chicago,IL,
798,6640 N Clark St,Chicago,IL,
799,1411 W Morse Ave,Chicago,IL,
800,1949 W Howard St,Chicago,IL,
801,6657 N Clark St,Chicago,IL,
802,6642 N Clark St,Chicago,IL,
803,6757 N Clark St,Chicago,IL,
804,6652 N Clark St,Chicago,IL,
805,7133 N Clark St,Chicago,IL,
806,6977 N Clark St,Chicago,IL,
807,7064 N Clark St,Chicago,IL,
808,7014 N Clark St,Chicago,IL,
809,6965 N Clark St,Chicago,IL,
810,7045 N Clark St,Chicago,IL,
811,1753 W Lunt Ave,Chicago,IL,
812,6658 N Clark St,Chicago,IL,
813,7053 N Clark St,Chicago,IL,
814,6981 N Clark St,Chicago,IL,
815,6972 N Clark St,Chicago,IL,
816,7002 N Clark St,Chicago,IL,
817,7067 N Clark St,Chicago,IL,
818,6627 N Clark St,Chicago,IL,
819,6978 N Clark St,Chicago,IL,
820,7117 N Clark St,Chicago,IL,
821,7110 N Clark St,Chicago,IL,
822,7446 N Clark St,Chicago,IL,
823,7004 N Clark St,Chicago,IL,
824,7059 N Clark St,Chicago,IL,
825,6501 N Clark St,Chicago,IL,
826,7368 N Clark St,Chicago,IL,
827,"7531 N Wolcott, 1st floor",Chicago,IL,
828,6602 N Clark St,Chicago,IL,
829,1420 W Devon Ave,Chicago,IL,
830,6928 N Clark St,Chicago,IL,
831,6800 N Clark St,Chicago,IL,
832,6759 N Clark St,Chicago,IL,
833,7060 N Clark St,Chicago,IL,
834,6725 N Clark St,Chicago,IL,
835,6807 N Clark St,Chicago,IL,
836,7001A N Clark St,Chicago,IL,
837,1149 W Farwell Ave,Chicago,IL,
838,7127 N Clark St,Chicago,IL,
839,18601 Cicero Ave,Country Club Hills,IL,18601
840,228 W Chicago Ave,Chicago,IL,
841,5121 S Harper Ave,Chicago,IL,
842,"3235 W Addison St, Ste C",Chicago,IL,
843,543 Madison St,Oak Park,IL,
844,2601 Flossmoor Rd,Flossmoor,IL,
845,466 25th Ave,Bellwood,IL,
846,950 W Lake St,Chicago,IL,
847,7448 S Vincennes Ave,Chicago,IL,
848,3613 216th St,Matteson,IL,
849,1510 E Harper Ct,Chicago,IL,
850,17507 S Kedzie Ave,Hazel Crest,IL,17507
851,14736 S Pulaski Rd,Midlothian,IL,14736
852,1368 E 53rd St,Chicago,IL,
853,1504 E 55th St,Chicago,IL,
854,7059 S South Shore Dr,Chicago,IL,
855,1742 W 99th St,Chicago,IL,
856,1969 N Halsted St,Chicago,IL,
857,8711 S Ashland Ave,Chicago,IL,
858,15022 Lincoln Ave,Dolton,IL,15022
859,5221 S Harper Ct,Chicago,IL,
860,3500 S Halsted St,Chicago,IL,
861,1455 Ring Rd,Calumet City,IL,
862,2236 E 71st St,Chicago,IL,
863,222 N Canal St,Chicago,IL,
864,63 E Garfield Blvd,Chicago,IL,
865,7522 Madison St,Oak Park,IL,
866,1701 W Roosevelt Rd,Broadview,IL,
867,5405 W Madison St,Chicago,IL,
868,9204 S Western Ave,Evergreen Park,IL,
869,22 E Hubbard St,Chicago,IL,
870,8269 S Kedzie Ave,Chicago,IL,
871,4003 S Archer Ave,Chicago,IL,
872,1523 W 18th St,Chicago,IL,
873,1848 S Blue Island Ave,Chicago,IL,
874,1644 W 18th St,Chicago,IL,
875,1653 W 18th St,Chicago,IL,
876,2207 N Western Ave C2,Chicago,IL,
877,6113 W 26th St,Cicero,IL,
878,1641 W 18th St,Chicago,IL,
879,2127 W 22nd Pl,Chicago,IL,
880,1309 W 18th St,Chicago,IL,
881,3483 S Archer Ave,Chicago,IL,
882,4136 W North Ave,Chicago,IL,
883,3530 W Armitage Ave,Chicago,IL,
884,3807 W 26th St,Chicago,IL,
885,2901 W Cermak Rd,Chicago,IL,
886,4311 S Archer Ave,Chicago,IL,
887,2106 S Cicero Ave,Cicero,IL,
888,3818 W Lawrence Ave,Chicago,IL,
889,2408 N Lincoln Ave,Chicago,IL,
890,5434 S Pulaski Rd,Chicago,IL,
891,5847 W Fullerton Ave,Chicago,IL,
892,2637 S Pulaski Rd,Chicago,IL,
893,4710 S Pulaski Rd,Chicago,IL,
894,1143 S Plymouth Court,Chicago,IL,
895,728 N Central Ave,Chicago,IL,
896,188 W Randolph St #604,Chicago,IL,
897,2844 W 59th St Suite 217,Chicago,IL,
898,7542 S Luella Ave,Chicago,IL,
899,7125 W Gunnison St Suite 217,Harwood Heights,IL,
900,2738 W 47th St Suite 217,Chicago,IL,
901,680 N Lake Shore Dr Ste 615,Chicago,IL,
902,4619 W Armitage Ave Suite 217,Chicago,IL,
903,6636 S Vernon Ave,Chicago,IL,
904,9720 S Vincennes Ave,Chicago,IL,
905,4034 S Michigan Ave,Chicago,IL,
906,9001 S Genoa Ave,Chicago,IL,
907,3230 W 38th St,Chicago,IL,
908,7810 S Claremont Ave Suite 217,Chicago,IL,
909,2232 S Blue Island Ave Suite 217,Chicago,IL,
910,2110 E. Norris Street,Philadelphia,PA,
911,2036 Frankford Avenue,Philadelphia,PA,
912,2600 N. 5th Street,Philadelphia,PA,
913,1213 Race Street,Philadelphia,PA,
914,123 South Street,Philadelphia,PA,
915,209 Poplar Street,Philadelphia,PA,
916,215 S. Christopher Columbus Boulevard,Philadelphia,PA,
917,6010 Castor Avenue,Philadelphia,PA,
918,2015 S. 12th Street,Philadelphia,PA,
919,2104 Chestnut Street,Philadelphia,PA,
920,51 N. 12th Street,Philadelphia,PA,
921,901 E. Luzerne Street,Philadelphia,PA,
922,1839 S. 7th Street,Philadelphia,PA,
923,51 N. 12th Street,Philadelphia,PA,
924,1131 S. 19th Street,Philadelphia,PA,
925,2001 Memphis Street,Philadelphia,PA,
926,134 S. 11th Street,Philadelphia,PA,
927,6778 Germantown Avenue,Philadelphia,PA,
928,7916 Germantown Avenue,Philadelphia,PA,
929,503 S. 52nd Street,Philadelphia,PA,
930,725 S. 4th Street,Philadelphia,PA,
931,"633 W. Rittenhouse Street, Suite 3",Philadelphia,PA,
932,7133 Germantown Avenue,Philadelphia,PA,
933,2804 W. Girard Avenue,Philadelphia,PA,
934,1609 South Street,Philadelphia,PA,
935,1805 Chestnut Street,Philadelphia,PA,
936,1009 N. Marshall Street,Philadelphia,PA,
937,8433 Germantown Avenue,Philadelphia,PA,
938,51 N. 12th Street,Philadelphia,PA,
939,1136 Arch Street,Philadelphia,PA,
940,1415 S. Broad Street #1,Philadelphia,PA,
941,1136 Arch Street,Philadelphia,PA,
942,4231 Main Street,Philadelphia,PA,
943,226 South Street,Philadelphia,PA,
944,5102 Rochelle Avenue,Philadelphia,PA,
945,3129 N. 22nd Street,Philadelphia,PA,
946,2100 S. 20th Street,Philadelphia,PA,
947,3933 Ridge Avenue,Philadelphia,PA,
948,6901 Theodore Street,Philadelphia,PA,
949,8010 Germantown Avenue,Philadelphia,PA,
950,1208 N. 29th Street,Philadelphia,PA,
951,5261 Ridge Avenue,Philadelphia,PA,
952,4001 Main Street,Philadelphia,PA,
953,736 N. 2nd Street,Philadelphia,PA,
954,4301 Chestnut St,Philadelphia,PA,
955,400 Fairmount Ave #2808,Philadelphia,PA,
956,140 S 20th St,Philadelphia,PA,
957,229 S 45th St,Philadelphia,PA,
958,6620 Woodland Ave,Philadelphia,PA,
959,4817 Walnut St,Philadelphia,PA,
960,517 S Leithgow St,Philadelphia,PA,
961,4421 Chestnut St,Philadelphia,PA,
962,4501 Baltimore Ave,Philadelphia,PA,
963,4000 - 4002 Lancaster Ave,Philadelphia,PA,
964,1265 E Chelten Ave,Philadelphia,PA,
965,444 N 3rd St Lobby,Philadelphia,PA,
966,2267 Adam Clayton Powell Jr Blvd,New York,NY,10027
967,439 W 125th St,New York,NY,10027
968,340 W 145th St,New York,NY,10039
969,2223 Frederick Douglass Blvd,New York,NY,10026
970,747 St Nicholas Ave,New York,NY,10031
971,684 St Nicholas Ave,New York,NY,10030
972,109 Malcolm X Blvd,New York,NY,10026
973,1944 Adam Clayton Powell Jr Blvd,New York,NY,10026
974,2308 Adam Clayton Powell Jr Blvd,New York,NY,10030
975,2167 Adam Clayton Powell Jr Blvd,New York,NY,10027
976,271 W 119th St,New York,NY,10026
977,1708 Amsterdam Ave,New York,NY,10031
978,60 W 125th St,New York,NY,10027
979,2374 Adam Clayton Powell Jr Blvd,New York,NY,10030
980,55 St Nicholas Ave,New York,NY,10026
981,52 E 125th St,New York,NY,10035
982,349 Lenox Ave,New York,NY,10027
983,2211 Frederick Douglass Blvd,New York,NY,10026
984,2269 Adam Clayton Powell Jr Blvd,New York,NY,10030
985,1280 Fifth Ave,New York,NY,10029
986,2259 Adam Clayton Powell Jr Blvd,New York,NY,10030
987,137 W 116th St,New York,NY,10026
988,2754 Frederick Douglass Blvd,New York,NY,10039
989,1707 Amsterdam Ave,New York,NY,10031
990,2271 Adam Clayton Powell Jr Blvd,New York,NY,10030
991,1610 Amsterdam Ave,New York,NY,10031
992,2309 Second Ave,New York,NY,10035
993,2067 Adam Clayton Powell Jr Blvd,New York,NY,10027
994,219 W 125th St,New York,NY,10027
995,283 W 118th St,New York,NY,10026
996,1565 Lexington Ave,New York,NY,10029
997,2380 Adam Clayton Powell Jr Blvd,New York,NY,10030
998,405 W 145th St,New York,NY,10031
999,1642 Lexington Ave,New York,NY,10029
1000,184 Lenox Ave,New York,NY,10026
1001,3629 Broadway,New York,NY,10031
1002,122 Hamilton Pl,New York,NY,10031
1003,2522 Frederick Douglass Blvd,New York,NY,10030
1004,24 E 125th St,New York,NY,10035
1005,273 W 121st St,New York,NY,10027
1006,173 W 131st St,New York,NY,10027
1007,84 W 120th St,New York,NY,10027
1008,60 W 125th St,New York,NY,10027
1009,2350 Adam Clayton Powell Jr Blvd,New York,NY,10030
1010,734 St Nicholas Ave,New York,NY,10031
1011,245 Lenox Ave,New York,NY,10027
1012,1775 Madison Ave,New York,NY,10035
1013,56 W 117th St,New York,NY,10026
1014,301 W 118th St,New York,NY,10026
1015,60 W 129th St,New York,NY,10027
1016,2217 Frederick Douglass Blvd,New York,NY,10026
1017,2283 Adam Clayton Powell Jr Blvd,New York,NY,10030
1018,24 W 120th St,New York,NY,10027
1019,2373 Adam Clayton Powell Jr Blvd,New York,NY,10030
1020,66 Edgecombe Ave,New York,NY,10030
1021,2388 Adam Clayton Powell Jr Blvd,New York,NY,10030
1022,191 Malcolm X Blvd,New York,NY,10026
1023,775 St Nicholas Ave,New York,NY,10031
1024,200 W 138th St,New York,NY,10030
1025,1533 Pitkin Ave,Brooklyn,NY,11212
1026,1567 Pitkin Ave,Brooklyn,NY,11212
1027,1580 Pitkin Ave,Brooklyn,NY,11212
1028,1728 Pitkin Ave,Brooklyn,NY,11212
1029,1782 Pitkin Ave,Brooklyn,NY,11212
1030,1512 Pitkin Ave,Brooklyn,NY,11212
1031,1626 Pitkin Ave,Brooklyn,NY,11212
1032,1727 Pitkin Ave,Brooklyn,NY,11212
1033,1625 Pitkin Ave,Brooklyn,NY,11212
1034,1676 Pitkin Ave,Brooklyn,NY,11212
1035,1522 Pitkin Ave,Brooklyn,NY,11212
1036,451 Rockaway Ave,Brooklyn,NY,11212
1037,341 Rockaway Ave,Brooklyn,NY,11212
1038,479 Saratoga Ave,Brooklyn,NY,11212
1039,379 Rockaway Ave,Brooklyn,NY,11212
1040,16 Belmont Ave,Brooklyn,NY,11212
1041,19A Belmont Ave,Brooklyn,NY,11212
1042,47 Belmont Ave,Brooklyn,NY,11212
1043,23 Belmont Ave,Brooklyn,NY,11212
1044,30 Belmont Ave,Brooklyn,NY,11212
1045,446 Mother Gaston Blvd,Brooklyn,NY,11212
1046,450 Liberty Ave,Brooklyn,NY,11207
1047,110 Osborn St,Brooklyn,NY,11212
1048,1377 East New York Ave,Brooklyn,NY,11212
1049,"1057 Fulton St, Brooklyn, NY 11238",NYC,NY,11238
1050,"717 Franklin Ave, Brooklyn, NY 11238",NYC,NY,11238
1051,"411 Lewis Ave, Brooklyn, NY 11233",NYC,NY,11233
1052,"911 Broadway, Brooklyn, NY 11206",NYC,NY,11206
1053,"263 W 30th St #3, New York, NY 10001",NYC,NY,10001
1054,"2123 Caton Ave, Brooklyn, NY 11226",NYC,NY,11226
1055,"727 7th Ave, New York, NY 10019",NYC,NY,10019
1056,"2041 Davidson Ave, Bronx, NY 10453",NYC,NY,10453
1057,"239 W 116th St, New York, NY 10026",NYC,NY,10026
1058,"2162 Fulton St, Brooklyn, NY 11233",NYC,NY,11233
1059,"2123 Caton Ave Lot 58, Brooklyn, NY 11226",NYC,NY,11226
1060,"1174 St Marks Ave, Brooklyn, NY 11213",NYC,NY,11213
1061,"763 St Nicholas Ave, New York, NY 10031",NYC,NY,10031
1062,"2084 Frederick Douglass Blvd, New York, NY 10026",NYC,NY,10026
1063,"1300 E 222nd St, Bronx, NY 10469",NYC,NY,10469
1064,"613 E Tremont Ave, Bronx, NY 10457",NYC,NY,10457
1065,"302 Nostrand Ave, Brooklyn, NY 11216",NYC,NY,11216
1066,"348 Douglass St, Brooklyn, NY 11217",NYC,NY,11217
1067,"601 Lexington Ave, New York, NY 10022",NYC,NY,10022
1068,"15046 Shore Ave, Jamaica, NY 11433",NYC,NY,15046
1069,"138-24 Farmers Blvd, Jamaica, NY 11434",NYC,NY,11434
1070,"15-11 College Point Blvd, College Point, NY 11356",NYC,NY,11356
1071,"149-10 Linden Blvd, Jamaica, NY 11436",NYC,NY,11436
1072,"3005 Church Ave, Brooklyn, NY 11226",New York,NY,11226
1073,174 St Nicholas Ave,New York,NY,10026
1074,"127 E 59th St, Suite 7",New York,NY,10022
1075,"198-03 Jamaica Ave, Hollis, NY 11423",New York,NY,11423
1076,"2105 Flatbush Ave, Brooklyn, NY 11234",New York,NY,11234
1077,874 Lexington Ave,New York,NY,10065
1078,"245 Fifth Ave, Suite 34",New York,NY,10016
1079,"1014 Fulton St, Brooklyn, NY 11238",New York,NY,11238
1080,"360 W 125th St, 2nd Floor",New York,NY,10027
1081,"423 Marcus Garvey Blvd, Brooklyn, NY 11216",New York,NY,11216
1082,"410 Marcus Garvey Blvd, Brooklyn, NY 11216",New York,NY,11216
1083,"248 Patchen Ave, Brooklyn, NY 11233",New York,NY,11233
1084,"304 Malcolm X Blvd, Brooklyn, NY 11233",New York,NY,11233
1085,66 Loisaida Ave,New York,NY,10009
1086,"2002 Church Ave, Brooklyn, NY 11226",New York,NY,11226
1087,216 7th Ave,New York,NY,10011
1088,"218 Ralph Ave, Brooklyn, NY 11233",New York,NY,11233
1089,10 Lincoln Center Plaza,New York,NY,10023
1090,"49-02A Junction Blvd, Elmhurst, NY 11373",New York,NY,11373
1091,"65 Kent Ave, Brooklyn, NY 11249",New York,NY,11249
1092,"448 Dean St, Brooklyn, NY 11217",New York,NY,11217
1093,679 Riverside Dr,New York,NY,10031
1094,70 W 3rd St,New York,NY,10012
1095,"158 E 188th St, Bronx, NY 10468",New York,NY,10468
1096,"3363 E Tremont Ave, Bronx, NY 10461",New York,NY,10461
1097,"488 Carroll St, Brooklyn, NY 11215",New York,NY,11215
1098,121 Ludlow St Fl 2,New York,NY,10002
1099,"724 Prospect Pl, Brooklyn, NY 11216",New York,NY,11216
1100,213 Pinehurst Ave,New York,NY,10033
1101,2510 Adam Clayton Powell Jr Blvd,New York,NY,10039
1102,"315 Smith St, Brooklyn, NY 11231",New York,NY,11231
1103,"2916 Beverley Rd, Brooklyn, NY 11226",New York,NY,11226
1104,"306 Malcolm X Blvd, Brooklyn, NY 11233",New York,NY,11233
1105,"366 Myrtle Ave, Brooklyn, NY 11205",New York,NY,11205
1106,185 E 108th St,New York,NY,10029
1107,103 W 73rd St,New York,NY,10023
1108,772 Amsterdam Ave,New York,NY,10025
1109,"115 Ralph Ave, Brooklyn, NY 11221",New York,NY,11221
1110,12301 W Buckeye Rd,Avondale,AZ,12301
1111,1368 N Arizona Ave #102,Chandler,AZ,85225
1112,2081 N Arizona Ave #13,Chandler,AZ,85225
1113,777 N Arizona Ave Suite 7,Chandler,AZ,85225
1114,6140 W Chandler Blvd,Chandler,AZ,85226
1115,4929 E Chandler Blvd Ste 405,Phoenix,AZ,85048
1116,601 N Alma School Rd,Chandler,AZ,85224
1117,111 W Boston St,Chandler,AZ,85225
1118,366 N Gilbert Rd,Gilbert,AZ,85234
1119,6031 N 67th Ave,Glendale,AZ,85301
1120,8024 N 51st Ave,Glendale,AZ,85302
1121,635 N Country Club Dr,Mesa,AZ,85201
1122,1130 W University Dr,Mesa,AZ,85201
1123,1140 N Higley Rd Ste 103,Mesa,AZ,85205
1124,2235 S Power Rd Ste 114,Mesa,AZ,85209
1125,842 E Indian School Rd,Phoenix,AZ,85014
1126,1624 E Broadway Rd,Phoenix,AZ,85040
1127,1740 E McDowell Rd,Phoenix,AZ,85006
1128,222 E Portland St,Phoenix,AZ,85004
1129,3950 E Indian School Rd Suite 100,Phoenix,AZ,85018
1130,8375 N 7th St,Phoenix,AZ,85020
1131,2317 E Indian School Rd,Phoenix,AZ,85016
1132,340 W Northern Ave,Phoenix,AZ,85021
1133,1334 E Van Buren St,Phoenix,AZ,85006
1134,4213 W Bell Rd,Phoenix,AZ,85053
1135,4432 N 19th Ave,Phoenix,AZ,85015
1136,3015 E Thomas Rd,Phoenix,AZ,85016
1137,1145 E Washington St Suite 200,Phoenix,AZ,85034
1138,1635 E Baseline Rd Suite 105,Phoenix,AZ,85042
1139,2010 E Broadway Rd,Phoenix,AZ,85040
1140,4220 W Northern Ave Ste 104,Phoenix,AZ,85051
1141,1638 E Southern Ave,Phoenix,AZ,85040
1142,1804 W Glendale Ave,Phoenix,AZ,85021
1143,610 E Roosevelt St #136,Phoenix,AZ,85004
1144,610 E Roosevelt St #144,Phoenix,AZ,85004
1145,10720 W Indian School Rd #20,Phoenix,AZ,10720
1146,815 N 1st Ave,Phoenix,AZ,85003
1147,15414 N 19th Ave C,Phoenix,AZ,15414
1148,1712 E Broadway Rd Unit 3,Tempe,AZ,85282
1149,655 W Warner Rd Ste 110,Tempe,AZ,85284
1150,790 W Broadway Rd,Tempe,AZ,85282
1151,849 W University Dr,Tempe,AZ,85281
1152,1936 E University Dr,Tempe,AZ,85281
1153,4415 S Rural Rd Ste 6,Tempe,AZ,85282
1154,7660 S McClintock Dr,Tempe,AZ,85284
1155,45 W Jefferson St Suite M,Phoenix,AZ,85003
1156,101 N 1st Ave Suite 110,Phoenix,AZ,85003
1157,16 W Adams St,Phoenix,AZ,85003
1158,1020 N 1st Ave,Phoenix,AZ,85003
1159,112 N Central Ave,Phoenix,AZ,85004
1160,147 E Adams St,Phoenix,AZ,85004
1161,850 N 5th St Suite 120,Phoenix,AZ,85004
1162,622 E Adams St,Phoenix,AZ,85004
1163,114 W Adams St Ste C-109,Phoenix,AZ,85003
1164,130 N Central Ave #200,Phoenix,AZ,85004
1165,901 N 1st St,Phoenix,AZ,85004
1166,310 S 4th St Suite 120,Phoenix,AZ,85004
1167,20 W Adams St,Phoenix,AZ,85003
1168,504 E Roosevelt St,Phoenix,AZ,85004
1169,1301 Grand Ave #1,Phoenix,AZ,85007
1170,301 W Roosevelt St Suite 113,Phoenix,AZ,85003
1171,765 Grand Ave,Phoenix,AZ,85007
1172,18002 N 29th Ave,Phoenix,AZ,18002
1173,20715 N Pima Rd Suite 108 #1101,Scottsdale,AZ,20715
1174,10841 W Swayback Pass,Peoria,AZ,10841
1175,6807 S Central Ave,Phoenix,AZ,85042
1176,2301 S Stearman Dr,Chandler,AZ,85286
1177,4067 E Carla Vista Dr,Gilbert,AZ,85295
1178,15169 N Scottsdale Rd #205,Scottsdale,AZ,15169
1179,4435 E Chandler Blvd Suite 200,Phoenix,AZ,85048
1180,2555 E Camelback Rd Suite 850,Phoenix,AZ,85016
1181,2301 W Glendale Ave #7,Phoenix,AZ,85021
1182,2162 E Williams Field Rd Ste 111,Gilbert,AZ,85295
1183,23200 N Pima Rd Suite 101,Scottsdale,AZ,23200
1184,410 N Scottsdale Rd Suite 1000,Tempe,AZ,85288
1185,3012 N 41st Dr,Phoenix,AZ,85019
1186,8501 N Scottsdale Rd,Scottsdale,AZ,85253
1187,1300 S Litchfield Rd Suite 115-E,Goodyear,AZ,85338
1188,12534 W Ashwood Dr,Sun City West,AZ,12534
1189,8845 N 28th Ave,Phoenix,AZ,85051
1190,3311 W Donner Dr,Phoenix,AZ,85041
1191,4041 N 15th Ave,Phoenix,AZ,85015
1192,2714 W Thomas Rd,Phoenix,AZ,85017
1193,1423 S Country Club Dr,Mesa,AZ,85210
1194,5834 W Camelback Rd,Glendale,AZ,85301
1195,1524 E University Dr,Mesa,AZ,85203
1196,4432 N 19th Ave,Phoenix,AZ,85015
1197,2050 N Alma School Rd,Chandler,AZ,85224
1198,7840 W Lower Buckeye Rd,Phoenix,AZ,85043
1199,6031 N 67th Ave,Glendale,AZ,85301
1200,933 E University Dr #112,Tempe,AZ,85288
1201,144 N Country Club Dr,Mesa,AZ,85201
1202,8258 W Thunderbird Rd Unit 206,Peoria,AZ,85381
1203,725 N Central Ave,Avondale,AZ,85323
1204,606 E Western Ave,Avondale,AZ,85323
1205,1733 N Dysart Rd,Avondale,AZ,85392
1206,10933 W Buckeye Rd,Avondale,AZ,10933
1207,10220 W McDowell Rd #100,Avondale,AZ,10220
1208,13319 W McDowell Rd,Goodyear,AZ,13319
1209,51 S McQueen Rd,Gilbert,AZ,85233
1210,4343 N 7th Ave,Phoenix,AZ,85013
1211,4301 N 7th Ave,Phoenix,AZ,85013
1212,901 N 4th St,Phoenix,AZ,85004
1213,3424 N 19th Ave,Phoenix,AZ,85015
1214,717 N 7th St,Phoenix,AZ,85006
1215,5730 W Peoria Ave #104,Glendale,AZ,85302
1216,4129 N 7th Ave,Phoenix,AZ,85013
1217,628 E Adams St,Phoenix,AZ,85004
1218,8801 N Central Ave #104,Phoenix,AZ,85020
1219,1544 E McDowell Rd,Phoenix,AZ,85006
1220,4428 N 7th Ave,Phoenix,AZ,85013
1221,702 N Central Ave,Phoenix,AZ,85004
1222,727 W Camelback Rd,Phoenix,AZ,85013
1223,4220 W Northern Ave Ste 104,Phoenix,AZ,85051
1224,4139 W Bell Rd #7,Phoenix,AZ,85053
1225,3581 W Northern Ave Suite 13,Phoenix,AZ,85051
1226,15222 N Cave Creek Rd,Phoenix,AZ,15222
1227,50 W Jefferson St,Phoenix,AZ,85003
1228,909 N 5th St,Phoenix,AZ,85004
1229,2535 N Central Ave Ste 103,Phoenix,AZ,85004
1230,2935 N Dysart Rd,Avondale,AZ,85392
1231,2935 N Dysart Rd,Avondale,AZ,85392
1232,210 N Avondale Blvd Ste 101,Avondale,AZ,85323
1233,2025 Pebble Creek Pkwy Suite 2,Goodyear,AZ,85395
1234,8995 W Olive Ave Ste 116,Peoria,AZ,85345
1235,1464 E Williams Field Rd #107,Gilbert,AZ,85295
1236,235 E Warner Rd Ste B102,Gilbert,AZ,85296
1237,876 N McQueen Rd #104,Gilbert,AZ,85233
1238,607 S Gilbert Rd,Gilbert,AZ,85296
1239,861 N Higley Rd #113,Gilbert,AZ,85234
1240,3107 S Gilbert Rd #109,Gilbert,AZ,85295
1241,13863 W Bell Rd,Surprise,AZ,13863
1242,11340 W Bell Rd Ste 125,Surprise,AZ,11340
1243,17239 N Litchfield Rd Unit 68,Surprise,AZ,17239
1244,13621 N Litchfield Rd #131,Surprise,AZ,13621
1245,15403 W Greenway Rd #101,Surprise,AZ,15403
1246,13833 W Bell Rd Ste 100,Surprise,AZ,13833
1247,17221 N Litchfield Rd Unit 59,Surprise,AZ,17221
1248,14557 W Grand Ave Ste 105,Surprise,AZ,14557
1249,11340 W Bell Rd #100,Surprise,AZ,11340
1250,53 N Val Vista Dr #101,Gilbert,AZ,85234
1251,9393 N 90th St Ste 112,Scottsdale,AZ,85258
1252,7001 E Main St Ste 104,Scottsdale,AZ,85251
1253,5202 S 46th St,Phoenix,AZ,85040
1254,2914 W Lincoln St,Phoenix,AZ,85009
1255,2222 S Dobson Rd #503,Mesa,AZ,85202
1256,12733 W Fletcher St,Surprise,AZ,12733
1257,8144 W Trafalgar Ave,Phoenix,AZ,85033
1258,909 E Camelback Rd Unit 2110,Phoenix,AZ,85014
1259,2700 Hayden Apt 1009,Scottsdale,AZ,85257
1260,1640 S Stapley Dr Suite 221,Mesa,AZ,85204
1261,12020 N 35th Ave Ste 108,Phoenix,AZ,12020
1262,3301 N 34th St,Phoenix,AZ,85018
1263,1903 S 80th Dr,Phoenix,AZ,85043
1264,1010 E Jefferson St,Phoenix,AZ,85034
1265,12353 W Sheridan St,Avondale,AZ,12353
1266,6630 W Cactus Rd Suite B104,Glendale,AZ,85304
1267,2627 N 27th St,Phoenix,AZ,85008
1268,3225 W Juniper Ave,Phoenix,AZ,85053
1269,3617 W Townley Ave,Phoenix,AZ,85051
1270,25794 W Samantha Way,Buckeye,AZ,25794
1271,60 E Rio Salado Pkwy Suite 900,Tempe,AZ,85281
1272,509 W Diana Ave,Phoenix,AZ,85021
1273,13185 W Windsor Ave,Goodyear,AZ,13185
1274,17900 N Hayden Rd,Scottsdale,AZ,17900
1275,24 W Camelback Rd Suite A730,Phoenix,AZ,85013
1276,1550 E Camelback Rd,Phoenix,AZ,85014
1277,2025 N 3rd St Suite B300 Office 301,Phoenix,AZ,85004
1278,1530 E Brill St,Phoenix,AZ,85006
1279,1001 E Jefferson St Ste 6,Phoenix,AZ,85034
1280,2800 N Central Ave Ste A100,Phoenix,AZ,85004
1281,2375 E Camelback Rd Suite 600,Phoenix,AZ,85016
1282,3654 E Trinity Ln,Chandler,AZ,85286
1283,11042 W Levi Dr,Tolleson,AZ,11042
1284,11322 W Harrison St,Avondale,AZ,11322
1285,9375 E Shea Blvd Suite 100,Scottsdale,AZ,85260
1286,6424 E Greenway Pkwy Suite 100,Scottsdale,AZ,85254
1287,2001 E McDowell Rd,Phoenix,AZ,85006
1288,14050 N 83rd Ave Ste 100,Peoria,AZ,14050
1289,1802 E Campo Bello Dr Lot 72,Phoenix,AZ,85022
1290,15290 N 93rd Pl,Scottsdale,AZ,15290
1291,200 N Nebraska St,Chandler,AZ,85225
1292,2920 N 63rd Dr,Phoenix,AZ,85033
1293,1962 E Apache Blvd #8179,Tempe,AZ,85281
1294,12525 W Sherman St,Avondale,AZ,12525
1295,4111 E Valley Auto Dr Suite 201,Mesa,AZ,85206
1296,7021 W Augusta Ave,Glendale,AZ,85345
1297,1185 N 163rd Ln,Goodyear,AZ,85338
1298,4631 S 6th St,Phoenix,AZ,85040
1299,1745 W Deer Valley Rd Suite 104,Phoenix,AZ,85027
1300,501 E Thomas Rd Suite 200,Phoenix,AZ,85012
1301,9431 W Northern Ave,Glendale,AZ,85305
1302,10105 E Via Linda #103-697,Scottsdale,AZ,10105
1303,3612 W Bethany Home Rd,Phoenix,AZ,85019
1304,4428 N 27th Dr,Phoenix,AZ,85017
1305,6290 W Northern Ave,Glendale,AZ,85301
1306,4405 E Baseline Rd Suite 114,Phoenix,AZ,85042
1307,3303 W Twain Ct,Phoenix,AZ,85086
1308,2340 E University Dr Suite 135,Tempe,AZ,85288
1309,4539 N 22nd St #4619 Ste 300,Phoenix,AZ,85016
1310,9825 E Kinetic Dr,Mesa,AZ,85212
1311,9832 N 7th St Ste 4,Phoenix,AZ,85020
1312,5720 W Jefferson St,Phoenix,AZ,85043
1313,3131 W Lewis Ave #200,Phoenix,AZ,85009
1314,8605 N 18th Dr,Phoenix,AZ,85021
1315,4539 N 22nd St Suite 5266,Phoenix,AZ,85016
1316,4227 W Sheridan St,Phoenix,AZ,85009
1317,12778 E Desert Cove Ave,Scottsdale,AZ,12778
1318,2210 S Mill Ave Suite 2,Tempe,AZ,85282
1319,2022 N 18th St,Phoenix,AZ,85006
1320,2600 S 20th Ave,Phoenix,AZ,85009
1321,914 E Broadway Rd #1058,Tempe,AZ,85282
1322,6601 W Sweetwater Ave,Glendale,AZ,85304
1323,910 W Carver Rd,Tempe,AZ,85284
1324,5070 W Bethany Home Rd Suite 3,Phoenix,AZ,85031
1325,4415 N Maryvale Pkwy #14892,Phoenix,AZ,14892
1326,7537 W Thomas Rd Suite N17,Phoenix,AZ,85033
1327,2555 E Camelback Rd Ste 350,Phoenix,AZ,85016
1328,1513 W Thomas Rd,Phoenix,AZ,85015
1329,7017 S 25th Dr,Phoenix,AZ,85041
1330,2128 S Paseo Loma Cir,Mesa,AZ,85202
1331,7259 E Olla Ave,Mesa,AZ,85212
1332,14103 S 179th Ave,Goodyear,AZ,14103
1333,17505 N 79th Ave Ste 210,Glendale,AZ,17505
1334,1459 W 1st St,Mesa,AZ,85201
1335,6419 W Villa Linda Dr,Glendale,AZ,85310
1336,10250 E Mountain View Rd Unit 218,Scottsdale,AZ,10250
1337,1375 N Scottsdale Rd #180,Scottsdale,AZ,85257
1338,11363 W Pima St,Avondale,AZ,11363
1339,2300 E Campbell Ave Unit 324,Phoenix,AZ,85016
1340,1910 S Stapley Dr Ste 120,Mesa,AZ,85204
1341,8502 E Princess Dr Suite 260,Scottsdale,AZ,85255
1342,40 W Baseline Rd Ste 115,Tempe,AZ,85283
1343,6623 S 8th St,Phoenix,AZ,85042
1344,125 N 2nd St Ste 423,Phoenix,AZ,85004
1345,705 N Tamarisk St,Gilbert,AZ,85234
1346,60 E Rio Salado Pkwy Ste 900,Tempe,AZ,85281
1347,16165 N 83rd Ave,Peoria,AZ,16165
1348,4215 S 77th Ave,Phoenix,AZ,85043
1349,4435 E Chandler Blvd Suite 200,Phoenix,AZ,85048
1350,7580 E Dobson Rd Suite 301,Scottsdale,AZ,85256
1351,3104 E Camelback Rd Ste 2634,Phoenix,AZ,85016
1352,8843 N 3rd St Apt 4,Phoenix,AZ,85020
1353,2058 S Dobson Rd Bldg 7,Mesa,AZ,85202
1354,5305 N Ginning Dr,Litchfield Park,AZ,85340
1355,4201 N 45th Ave,Phoenix,AZ,85031
1356,5104 N 32nd St Unit 153,Phoenix,AZ,85018
1357,14739 N 147th Dr,Surprise,AZ,14739
1358,9163 W Union Hills Dr Suite 114,Peoria,AZ,85382
1359,6424 S Glory Ct,Gilbert,AZ,85298
1360,8101 W Windrose Dr,Peoria,AZ,85381
1361,6125 E Indian School Rd Studio 1005,Scottsdale,AZ,85251
1362,11201 N Tatum Blvd Suite 200,Phoenix,AZ,11201
1363,6625 N 48th Ave,Glendale,AZ,85301
1364,918 N 5th St,Phoenix,AZ,85004
1365,3334 W Fraktur Rd,Phoenix,AZ,85041
1366,505 S Val Vista Dr Ste 4,Mesa,AZ,85204
1367,3100 W Ray Rd Suite 201,Chandler,AZ,85226
1368,1755 N PebbleCreek Pkwy 1018,Goodyear,AZ,85395
1369,20226 W Palo Verde Dr,Litchfield Park,AZ,20226
1370,2205 E Fox St,Mesa,AZ,85213
1371,865 W Juanita Ave,Mesa,AZ,85210
1372,15663 W Berkeley Rd,Goodyear,AZ,15663
1373,4235 N 83rd Dr,Phoenix,AZ,85037
1374,19713 W Avalon Dr,Buckeye,AZ,19713
1375,1608 W Sequoia Dr,Phoenix,AZ,85027
1376,11200 W Wisconsin Ave Ste 1,Youngtown,AZ,11200
1377,13232 W Edgemont Ave,Goodyear,AZ,13232
1378,1942 E Paradise Ln,Phoenix,AZ,85022
1379,600 N 96th Ave #145,Tolleson,AZ,85353
1380,7084 S Hazelton Ln,Tempe,AZ,85283
1381,6755 N 83rd Ave Apt 9201,Glendale,AZ,85303
1382,4141 N Scottsdale Rd Suite 150,Scottsdale,AZ,85251
1383,4410 S 12th Dr Unit 2,Phoenix,AZ,85041
1384,13613 N Main St,El Mirage,AZ,13613
1385,1975 E Browning Pl,Chandler,AZ,85286
1386,7625 W Lower Buckeye Rd #10,Phoenix,AZ,85043
1387,10308 W Hilton Ave,Tolleson,AZ,10308
1388,1430 S 9th St,Phoenix,AZ,85034
1389,2686 N Acacia Way,Buckeye,AZ,85396
1390,2375 E Camelback Rd Suite 635,Phoenix,AZ,85016
1391,2133 W Turney Ave #87C,Phoenix,AZ,85015
1392,3114 N 127th Ln,Avondale,AZ,85392
1393,250 E Aster Dr,Chandler,AZ,85286
1394,15850 N Cave Creek Rd #1,Phoenix,AZ,15850
1395,2557 E Cathedral Rock Dr,Phoenix,AZ,85048
1396,7139 E Main St,Mesa,AZ,85206
1397,715 E Sierra Vista Dr Suite 3,Phoenix,AZ,85014
1398,11226 W Baden St,Avondale,AZ,11226
1399,659 E Main St Suite 108,Mesa,AZ,85204
1400,8562 W Dana Ave,Peoria,AZ,85345
1401,2611 S 218th Ln,Buckeye,AZ,85326
1402,17550 N Perimeter Dr Suite 450,Scottsdale,AZ,17550
1403,2820 S Alma School Rd Ste 18 PMB 758,Chandler,AZ,85286
1404,3030 N Central Ave Suite 200,Phoenix,AZ,85012
1405,1445 S 15th Ave,Phoenix,AZ,85007
1406,6141 W Alvarado Rd,Phoenix,AZ,85035
1407,18530 N Scottsdale Rd,Phoenix,AZ,18530
1408,1910 E Robb Ln,Phoenix,AZ,85024
1409,3428 N 15th Ave,Phoenix,AZ,85015
1410,2175 N Alma School Rd Suite A-104,Chandler,AZ,85224
1411,550 W Portland St,Phoenix,AZ,85003
1412,3536 W Glendale Ave,Phoenix,AZ,85051
1413,6509 W Frye Rd Ste 4,Chandler,AZ,85226
1414,14010 W La Reata Ave,Goodyear,AZ,14010
1415,404 E Coconino Pl,Chandler,AZ,85249
1416,361 E Coronado Rd Suite 101,Phoenix,AZ,85004
1417,3212 W Pierson St,Phoenix,AZ,85017
1418,1825 E Southern Ave Ste 468,Tempe,AZ,85282
1419,515 E Grant St Suite 101,Phoenix,AZ,85004
1420,11000 N Scottsdale Rd Ste 180,Scottsdale,AZ,11000
1421,12425 W Bell Rd Bldg B Ste 137,Surprise,AZ,12425
1422,15029 N Thompson Peak Pkwy B109,Scottsdale,AZ,15029
1423,4326 N 13th Pl Unit A,Phoenix,AZ,85014
1424,1300 E Missouri Ave Suite 210,Phoenix,AZ,85014
1425,4343 N Scottsdale Rd #150,Scottsdale,AZ,85251
1426,2120 E Northview Ave,Phoenix,AZ,85020
1427,350 East 1st Street suite 111,Columbus,OH,43201
1428,"2531 Tiller Lane, Suite C",Columbus,OH,43231
1429,1086 North 4th Street,Columbus,OH,43201
1430,"3443 Agler Road, Suite 103",Columbus,OH,43219
1431,161 North Grant Avenue,Columbus,OH,43215
1432,180 East Maynard Avenue,Columbus,OH,43202
1433,8445 Mallard Circle,Plain City,OH,43064
1434,"2770 East Main Street, Suite 24",Columbus,OH,43209
1435,554 Saddletree Drive,Reynoldsburg,OH,43068
1436,3850 E. Livingston Ave,Columbus,OH,43227
1437,134 N Hamilton Rd,Gahanna,OH,43230
1438,7279 Cimmaron Station,Columbus,OH,43235
1439,"4449 Easton Way, 2nd Floor",Columbus,OH,43219
1440,"3280 Morse Road, Suite 203",Columbus,OH,43231
1441,8601 Portwod Lane,Lewis Center,OH,43035
1442,2021 E. Dublin Grandville Road,Columbus,OH,43229
1443,8114 Reynoldswood Drive,Reynoldsburg,OH,43068
1444,2868 Stelzer Road,Columbus,OH,43219
1445,100 Dorchester Square N.,Westerville,OH,43081
1446,1700 Old Leonard Avenue,Columbus,OH,43219
1447,5544 North Hamilton Road,Columbus,OH,43230
1448,824 Rose Ave,Columbus,OH,43219
1449,947 W. 3rd Avenue,Columbus,OH,43212
1450,93 N. High Street,Gahanna,OH,43230
1451,5154 Pecan Street,Groveport,OH,43125
1452,1470 Felix Drive,Columbus,OH,43207
1453,1660 E Long Street,Columbus,OH,43215
1454,3195 Crossing Hill Way,Columbus,OH,43219
1455,1890 E. Main Street Suite 204,Columbus,OH,43205
1456,"175 South Third Street, Suite 200",Columbus,OH,43215
1457,15 West Cherry Street,Columbus,OH,43215
1458,4600 International Gateway,Columbus,OH,43215
1459,"3152 East 17th Avenue, Suite 208",Columbus,OH,43219
1460,2681 Edencreek Lane,Columbus,OH,43207
1461,"224 East First Avenue, Apartment 317",Columbus,OH,43201
1462,796 City Park Avenue,Columbus,OH,43206
1463,1650 Watermark Drive,Columbus,OH,43215
1464,3622 Gender Road,Canal Winchester,OH,43110
1465,704 Polo Dr N,Columbus,OH,43229
1466,5129 Vinings Bnd,Dublin,OH,43016
1467,1475 North High Street,Columbus,OH,43215
1468,723 Taylor Avenue,Columbus,OH,43219
1469,486 W. Cherry St.,Sunbury,OH,43074
1470,2101 South Hamilton Road,Columbus,OH,43232
1471,"175 South Third Street, Suite 200",Columbus,OH,43215
1472,"1209 Hill Rd. N., Suite 207",Pickerington,OH,43147
1473,1201 Dublin Road,Columbus,OH,43215
1474,1695 Sugarmaple Drive,Columbus,OH,43229
1475,1338 Fairview Ave,Columbus,OH,43212
1476,"1890 East Main Street, Suite 305",Columbus,OH,43205
1477,1438 East 20th Avenue,Columbus,OH,43211
1478,3711 Rubythroat Drive,Columbus,OH,43230
1479,1710 Shanley Drive #3,Columbus,OH,43224
1480,3815 Hendron Road,Groveport,OH,43125
1481,1581 North High Street,Columbus,OH,43201
1482,961 Oakland Park Avenue,Columbus,OH,43224
1483,2606 Hilliard Rome Rd Unit #V259,Hilliard,OH,43026
1484,3410 Pine Ridge Drive,Columbus,OH,43035
1485,80 South 18th Street 440,Columbus,OH,43205
1486,6954 Americana Pkwy,Reynoldsburg,OH,43068
1487,"1720 Zollinger Road, Suite 1",Upper Arlington,OH,43221
1488,1864 Fairhaven Road,Columbus,OH,43229
1489,2318 Liston Avenue,Columbus,OH,43207
1490,290 Fayer Court,Groveport,OH,43125
1491,2500 E Livingston Ave,Columbus,OH,43209
1492,"6227 Oonas Way, Suite 104",Westerville,OH,43081
1493,"2750 South Hamilton Road, Suite 19",Columbus,OH,43232
1494,5671 Eagle Harbor Drive,Westerville,OH,43081
1495,558 Fairholme Road,Columbus,OH,43230
1496,"1399 West Lane Avenue, Unit 700",Columbus,OH,43221
1497,1250 Jensen Park Drive,New Albany,OH,43054
1498,7244 Fablegate Court,Reynoldsburg,OH,43068
1499,3737 Easton Market #1631,Columbus,OH,43219
1500,860 Oakland Park Avenue,Columbus,OH,43224
1501,32 W. Hoster Street,Columbus,OH,43215
1502,6031 E. Main Street #749,Columbus,OH,43213
1503,65 S. 4th Street,Columbus,OH,43215
1504,"1747 Olentangy River Road, Unit #1140",Columbus,OH,43212
1505,2825 West Granville Road,Columbus,OH,43235
1506,5246 Oak Passage Drive,Westerville,OH,43081
1507,21 East State Street,Columbus,OH,43215
1508,"2235 Southwest Blvd, Suite A",Grove City,OH,43123
1509,"5454 Cleveland Ave, Suite 202",Columbus,OH,43231
1510,1014 Parsons Ave.,Columbus,OH,43206
1511,"565 Metro Place South, Suite 3021",Dublin,OH,43017
1512,"6956 East Broad Street, Unit 108",Columbus,OH,43213
1513,3539 Cleveland Avenue,Columbus,OH,43224
1514,7171 Central College Road,New Albany,OH,43054
1515,7605 Steeplechase Lane,New Albany,OH,43054
1516,"700 Bryden Road, Suite 306",Columbus,OH,43219
1517,3704 Kimberly Parkway,Columbus,OH,43232
1518,17 Brickle Street,Columbus,OH,43215
1519,2633 Berber Street,Powell,OH,43065
1520,"470 West Broad Street, #1060",Columbus,OH,43215
1521,"4393 International Gateway, Suite 106",Columbus,OH,43219
1522,6239 Hayden Run Road,Hilliard,OH,43026
1523,"6031 E. Main Street, STE. 221",Columbus,OH,43213
1524,2100 Builders Place,Columbus,OH,43204
1525,2771 McKinley Avenue,Columbus,OH,43204
1526,1069 Woodland Avenue,Columbus,OH,43219
1527,3124 Westerville Road,Columbus,OH,43224
1528,1890 East Main Street,Columbus,OH,43205
1529,800 Long Street,Columbus,OH,43203
1530,1775 Meadowlawn Drive,Columbus,OH,43219
1531,"181 North Hamilton Road, Suite L/M",Whitehall,OH,43213
1532,2469 E Dublin Granville Road,Columbus,OH,43229
1533,711 Alta View Court,Columbus,OH,43085
1534,1320 McCartney Lane,Columbus,OH,43229
1535,3410 Creekview Train Drive,Columbus,OH,43232
1536,"560 Sunbury Road, Suite 12",Delaware,OH,43015
1537,1849 Wythe Street,Columbus,OH,43235
1538,731 E. Broad Street,Columbus,OH,43205
1539,2606 Hilliard Rome Road V259,Hilliard,OH,43026
1540,776 Sauter Lane,Blacklick,OH,43004
1541,"2740 Airport Drive, Suite 120",Columbus,OH,43219
1542,"6161 Busch Blvd., Suite 203",Columbus,OH,43229
1543,6332 Heritage Lakes Drive,Hilliard,OH,43026
1544,4503 Westborough Drive West,Columbus,OH,43220
1545,960 Lavender Lane,Columbus,OH,43207
1546,"700 Bryden Road, 3rd Fl",Columbus,OH,43215
1547,670 Meridian Way #295,Westerville,OH,43082
1548,2529 Oakstone Drive,Columbus,OH,43231
1549,6400 Emerald Pkwy,Dublin,OH,43016
1550,3079 Wyntree Drive,Columbus,OH,43215
1551,4150 Shoppers Lane,Columbus,OH,43228
1552,200 East Campus View Boulevard,Columbus,OH,43235
1553,"3184 West Broad Street, Suite D",Columbus,OH,43204
1554,7534 Reliance Street,Columbus,OH,43085
1555,1543 East 12th Avenue,Columbus,OH,43219
1556,3323 East Broad Street,Columbus,OH,43213
1557,"2700 East Dublin Granville Road, Suite 429",Columbus,OH,43231
1558,3739 April Lane,Columbus,OH,43227
1559,961 E Long St.,Columbus,OH,43202
1560,641 Keltoncrest Drive,Reynoldsburg,OH,43068
1561,"2740 Airport Drive, Suite 120",Columbus,OH,43219
1562,15 East 6th Avenue,Columbus,OH,43201
1563,175 South 3rd Street Suite 200,Columbus,OH,43215
1564,6420 E Main St,Reynoldsburg,OH,43068
1565,"175 South 3rd Street, Suite 100",Columbus,OH,43215
1566,"20 South Third Street, Suite 210",Columbus,OH,43215
1567,993 Inlet Court,Westerville,OH,43082
1568,1695 Sugarmaple Drive,Columbus,OH,43229
1569,5401 Wolf Run Drive,Columbus,OH,43230
1570,"484 West Broad Street, Suite 102",Columbus,OH,43215
1571,525 Keller Avenue,Lithopolis,OH,43136
1572,6573 Marissa Street,Canal Winchester,OH,43110
1573,"2586 Breanna Place, Building #26",Reynoldsburg,OH,43068
1574,860 Candlelite Lane,Lewis Center,OH,43035
1575,2375 Valleyview Drive,Columbus,OH,43204
1576,8804 Taylor Woods Drive,Reynoldsburg,OH,43068
1577,"2868 Stelzer Road, #339",Columbus,OH,43219
1578,6156 Glen Village Drive,Dublin,OH,43016
1579,93 North High Street,Gahanna,OH,43230
1580,1485 Melrose Avenue,Columbus,OH,43224
1581,"470 West Broad Street, #1305",Columbus,OH,43215
1582,1226 Shade Lane Road,Columbus,OH,43227
1583,2289 Hanna Drive,Columbus,OH,43211
1584,26 N High St Rear,Columbus,OH,43215
1585,154 N 3rd St,Columbus,OH,43215
1586,30 S Young St,Columbus,OH,43215
1587,201 S High St,Columbus,OH,43215
1588,59 Spruce St,Columbus,OH,43215
1589,267 S 3rd St,Columbus,OH,43215
1590,83 N High St,Columbus,OH,43215
1591,588 E Rich St,Columbus,OH,43215
1592,415 E Broad St Ste 101,Columbus,OH,43215
1593,500 E Main St #310,Columbus,OH,43215
1594,270 S Grant Ave,Columbus,OH,43215
1595,400 N High St,Columbus,OH,43215
1596,33 N Grant Ave,Columbus,OH,43215
1597,117 N High St,Columbus,OH,43215
1598,415 E Main St,Columbus,OH,43215
1599,174 E Long St,Columbus,OH,43215
1600,208 E State St,Columbus,OH,43215
1601,47 N Pearl St,Columbus,OH,43215
1602,4466 Cleveland Ave,Columbus,OH,43231
1603,1155 Old Henderson Rd,Columbus,OH,43220
1604,1173 Old Henderson Rd,Columbus,OH,43220
1605,194 S High St,Columbus,OH,43215
1606,1506 Bethel Rd,Columbus,OH,43220
1607,748 Harmon Ave,Columbus,OH,43223
1608,800 Bethel Rd,Columbus,OH,43214
1609,59 Spruce St,Columbus,OH,43215
1610,2560 Bethel Rd,Columbus,OH,43220
1611,1577 King Ave,Columbus,OH,43212
1612,657 High St,Worthington,OH,43085
1613,9010 SW 137th Ave #201,Miami,FL,33186
1614,"8333 NW 53rd Street, Suite 450",Doral,FL,33166
1615,"8181 NW 36 St., Suite 20G",Doral,FL,33166
1616,1200 Brickell Ave 18th Floor,Miami,FL,33131
1617,555 NE 15th St Suite 31G,Miami,FL,33132
1618,1701 SW 98th Ave,Miami,FL,33165
1619,"8950 SW 74th Court, Suite 2201-A24",Miami,FL,33156
1620,12030 SW 129th Ct Ste 208,Miami,FL,12030
1621,"8175 NW 12 St, Suite 130",Doral,FL,33126
1622,3399 NW 72nd Ave #211,Miami,FL,33122
1623,"150 West Flagler Street, Suite 2200",Miami,FL,33130
1624,2 South Biscayne Blvd. Suite 3760,Miami,FL,33131
1625,"201 Alhambra Circle, Suite 503",Coral Gables,FL,33134
1626,"1414 NW 107th Avenue, Suite 302",Doral,FL,33172
1627,"12955 Biscayne Boulevard, Suite 328",North Miami,FL,12955
1628,5257 NW 36th St.,Miami Springs,FL,33166
1629,"3905 NW 107th Avenue, Suite 502",Doral,FL,33178
1630,"2100 Ponce de Leon Blvd., Suite 1180",Coral Gables,FL,33134
1631,"3650 NW 82nd Ave., Suite 401",Doral,FL,33166
1632,"701 Brickell Ave, Suite 3000",Miami,FL,33131
1633,"3750 NW 87th Ave, Ste. 420",Doral,FL,33178
1634,"2655 Le Jeune Road, Suite PH2",Coral Gables,FL,33134
1635,9552 SW 160th St.,Miami,FL,33157
1636,9850 NW 41st Street,Doral,FL,33178
1637,362 Minorca Avenue,Coral Gables,FL,33134
1638,10201 NW 58th St. Suite 302,Doral,FL,10201
1639,9500 NW 41 Street,Doral,FL,33178
1640,8725 NW 18th Terr,Miami,FL,33172
1641,5241 NW 87th Ave,Doral,FL,33178
1642,2301 NW 87th Ave.,Miami,FL,33172
1643,"777 SW 37th Ave, Suite 600",Miami,FL,33135
1644,8300 NW 53rd Street Suite 100,Doral,FL,33166
1645,"8750 NW 36 St, Suite 625",Doral,FL,33178
1646,8800 Doral Boulevard,Doral,FL,33178
1647,11481 NW 41 St.,Doral,FL,11481
1648,2541 NW 84th Ave,Doral,FL,33122
1649,6055 NW 105th Ct,Doral,FL,33178
1650,7761 NW 107th Ave. Suite 2-10,Doral,FL,33178
1651,51 Merrick Way,Coral Gables,FL,33134
1652,"9600 NW 25 Street, Suite 2A",Doral,FL,33172
1653,"3650 NW 82nd Ave., Suite 401",Doral,FL,33166
1654,"8400 NW 36th Street, Suite 450",Doral,FL,33166
1655,"8000 NW 31st St, Suite 8",Miami,FL,33122
1656,7244 SW 42 Terrace,Miami,FL,33155
1657,300 Almeria Ave,Coral Gables,FL,33134
1658,10500 Northwest 12th St,Miami,FL,10500
1659,941 NW 97th Ave.,Doral,FL,33172
1660,"10200 NW 25th St, Ste 112",Doral,FL,10200
1661,13295 SW 200 St,Miami,FL,13295
1662,"7500 NW 25th Street, #207",Miami,FL,33122
1663,"8333 NW 53 St., Ste. 450",Doral,FL,33166
1664,4302 Hollywood Blvd #151,Hollywood,FL,33021
1665,3186 W 81 St,Hialeah,FL,33018
1666,8330 NW 56 St,Doral,FL,33166
1667,6791 SW 8th Street,Miami,FL,33144
1668,3051 NW 129th St,Opa-locka,FL,33054
1669,4701 NW 35 Ave,Miami,FL,33142
1670,1015 E 23 Street,Hialeah,FL,33013
1671,3500 NW 51st Street,Miami,FL,33142
1672,9971 W Flagler St. Ste 220,Miami,FL,33174
1673,5335 NW 87th Ave,Doral,FL,33178
1674,3650 NW 82nd Avenue Ste. 406,Doral,FL,33166
1675,9500 NW 41st Unit 1000,Doral,FL,33178
1676,4300 Alton Road,Miami Beach,FL,33140
1677,"2801 NW 8th Ave, Unit 7",Doral,FL,33172
1678,9425 Sunset Drive Suite 237,Miami,FL,33173
1679,"6356 Manor Lane, Suite 101",Miami,FL,33143
1680,2555 NW 102 Ave.,Doral,FL,33172
1681,12905 SW 42nd St. Suite 207,Miami,FL,12905
1682,8200 NW 41 Street,Miami,FL,33166
1683,8230 West Flagler Street,Miami,FL,33144
1684,2101 NW 117th Avenue,Miami,FL,33172
1685,3800 NW 115th Ave,Doral,FL,33178
1686,6331 NW 99th Avenue,Doral,FL,33178
1687,"8181 NW 36 Street, Suite 30",Miami,FL,33166
1688,"7955 NW 12th St, Suite 119",Miami,FL,33126
1689,11402 NW 41 St Suite 222,Doral,FL,11402
1690,11567 NW 75 Lane,Doral,FL,11567
1691,11200 SW 8th St.,Miami,FL,11200
1692,8000 NW 25th St. Suite 500,Miami,FL,33122
1693,3450 NW 83rd Ave,Doral,FL,33122
1694,3450 NW 83rd Ave. #132,Doral,FL,33122
1695,3585 NW 83rd Ave,Doral,FL,33122
1696,3450 NW 83rd Ave,Doral,FL,33122
1697,3535 NW 83 Ave. Suite 101,Doral,FL,33122
1698,3530 NW 83rd Avenue,Doral,FL,33122
1699,"3450 NW 83rd Ave, Suite 220",Doral,FL,33122
1700,8300 NW 36th Street,Doral,FL,33166
1701,4400 NW 87th Ave,Doral,FL,33178
1702,1950 NW 92nd Ave,Doral,FL,33172
1703,7220 Northwest 36th Street,Miami,FL,33166
1704,11580 NW 105th St,Miami,FL,11580
1705,2601 NW 42nd Ave,Miami,FL,33142
1706,3620 NW 79th Ave.,Doral,FL,33166
1707,3255 NW 87th Ave,Miami,FL,33172
1708,8436 NW 36th Street,Miami,FL,33166
1709,5300 NW 87th Ave.,Doral,FL,33178
1710,10311 SW 7th Terrace,Miami,FL,10311
1711,2757 Coral Way,Miami,FL,33145
1712,"5900 NW 99 Ave, Unit 1",Doral,FL,33178
1713,3511 NW 91 Ave,Miami,FL,33172
1714,"7825 NW 29th St, Ste 145",Doral,FL,33122
1715,"8181 NW 36th Street, Suite 20-G",Miami,FL,33173
1716,15750 SW 84th Terr,Miami,FL,15750
1717,7871 Fisher Island Drive,Miami,FL,33109
1718,11162 NW 71st Terrace,Doral,FL,11162
1719,536 SW 78 Court,Miami,FL,33144
1720,7320 NW 43rd Street,Miami,FL,33166
1721,2330 Ponce de Leon Blvd.,Coral Gables,FL,33134
1722,10865 NW 73rd Ter,Doral,FL,10865
1723,10311 SW 7th Terrace,Miami,FL,10311
1724,8004 NW 154th St.,Miami Lakes,FL,33016
1725,11330 NW 36 Terr,Doral,FL,11330
1726,10025 NW 116th Way #14,Medley,FL,10025
1727,"2315 NW 107th Ave, Suite 1M07",Doral,FL,33172
1728,4705 SW 75 Ave,Miami,FL,33155
1729,3333 NW 97th Ave,Doral,FL,33172
1730,20600 NW 47 Ave,Miami Gardens,FL,20600
1731,7860 NW 80th Street,Miami,FL,33166
1732,8400 NW 25th Street Suite 100,Doral,FL,33198
1733,7903 NW 66 St.,Miami,FL,33166
1734,"2500 NW 79 Ave, Suite 215",Doral,FL,33122
1735,"2500 NW 79 Ave, Suite 215",Doral,FL,33122
1736,2755 W 81st St,Hialeah,FL,33016
1737,3686 Grand Ave.,Miami,FL,33133
1738,9600 NW 38th St. Suite 215B,Doral,FL,33178
1739,1932 NW 82nd Ave,Miami,FL,33126
1740,"2020 NW 129th Ave, Suite 203",Miami,FL,33182
1741,9500 NW 12th St,Doral,FL,33172
1742,"10880 NW 138 Street, Bay 5",Hialeah Gardens,FL,10880
1743,"5600 NW 72nd Ave., Suite 668105",Miami,FL,33178
1744,6355 NW 36 St Suite 202,Miami,FL,33166
1745,8725 NW 18th Terr. Suite 405,Miami,FL,33172
1746,"9141 SW 122 Ave, #204",Miami,FL,33186
1747,265 W 55th Street,Hialeah,FL,33012
1748,8785 SW 165th Ave #200,Miami,FL,33193
1749,3325 NW 70th Ave.,Miami,FL,33122
1750,1783 NW 79th Ave,Doral,FL,33126
1751,2618 NW 112 Ave,Doral,FL,33172
1752,3900 NW 107 Ave. Suite 102,Doral,FL,33172
1753,8805 NW 23rd St,Doral,FL,33172
1754,7206 NW 31st Street,Miami,FL,33122
1755,1617 NW 79 Ave,Miami,FL,33126
1756,8240 West Flagler Street,Miami,FL,33144
1757,9825 NW 17th St.,Miami,FL,33172
1758,11461 Lakeside Drive #4201,Doral,FL,11461
1759,"2001 Biscayne Blvd, Suite 117-33",Miami,FL,33137
1760,1845 NW 112th Avenue Suite 206,Miami,FL,33172
1761,100 Miracle Mile Ste 202,Coral Gables,FL,33134
1762,723 Lincoln Ln N,Miami Beach,FL,33139
1763,1100 Biscayne Blvd,Miami,FL,33132
1764,317 NW 28th St,Miami,FL,33127
1765,645 W Hallandale Beach Blvd,Hallandale Beach,FL,33009
1766,230 NW 183rd St,Miami Gardens,FL,33169
1767,200 NW 54th Street,Miami,FL,33127
1768,195 NE 78th Street,Miami,FL,33138
1769,6820 NE 2nd Ave,Miami,FL,33138
1770,5921 NE 2nd Ave,Miami,FL,33137
1771,13315 W Dixie Hwy,North Miami,FL,13315
1772,12325 NE 6th Ave,North Miami,FL,12325
1773,14050 FAA Boulevard,Fort Worth,TX,14050
1774,3400 Fossil Creek Boulevard,Fort Worth,TX,76137
1775,901 Altamesa Blvd.,Fort Worth,TX,76134
1776,"425 Houston Street, Suite 200",Fort Worth,TX,76102
1777,3550 West 7th Street,Fort Worth,TX,76107
1778,3411 Oscar Avenue,Fort Worth,TX,76106
1779,"6707 Brentwood Stair Rd, Ste 218",Fort Worth,TX,76112
1780,5605 FM 423 Ste 500 #137,Frisco,TX,75036
1781,1332 Shalimar Dr,Fort Worth,TX,76131
1782,1400 8th Avenue,Fort Worth,TX,76104
1783,"2600 Lou Menk Drive, AOB-2",Fort Worth,TX,76131
1784,"777 Main Street, Suite 3500",Fort Worth,TX,76102
1785,"500 Main Street, Suite 1100",Fort Worth,TX,76102
1786,"5049 Edwards Ranch Rd, FL4",Fort Worth,TX,76109
1787,301 Commerce St.,Fort Worth,TX,76102
1788,551 E. Berry Street,Fort Worth,TX,76110
1789,801 W Anthony St,Fort Worth,TX,76115
1790,"100 Fort Worth Trail, 14th Floor",Fort Worth,TX,76102
1791,3000 Schwab Way,Westlake,TX,76262
1792,300 W. Central,Fort Worth,TX,76164
1793,4351 Western Center Blvd.,Fort Worth,TX,76137
1794,2633 Altamesa Blvd,Fort Worth,TX,76133
1795,144 Cottonwood St.,Fort Worth,TX,76111
1796,7204 Wavecrest Way,Fort Worth,TX,76179
1797,1622 Park Place,Fort Worth,TX,76110
1798,2205 Highway 121,Bedford,TX,76021
1799,2325 E. Loop 820 North,Fort Worth,TX,76108
1800,4830 Benbrook Blvd,Benbrook,TX,76116
1801,10379 Plano Rd.,Dallas,TX,10379
1802,2320 NE 36th Street,Fort Worth,TX,76106
1803,"1341 W. Mockingbird Lane, Suite 1200W",Dallas,TX,75247
1804,"2100 Heritage Ave, Apt 1229",Euless,TX,76039
1805,3325 Willowcrest Dr,North Richland Hills,TX,76117
1806,"4200 South Freeway, Suite 602",Fort Worth,TX,76115
1807,2831 Ellis Avenue,Fort Worth,TX,76106
1808,3131 W Bolt St Unit G02,Fort Worth,TX,76110
1809,4635 Gemini Place,Fort Worth,TX,76106
1810,5100 Oak Mill Drive,Fort Worth,TX,76135
1811,3268 West 7th Street,Fort Worth,TX,76107
1812,4903 S Hulen Street,Fort Worth,TX,76132
1813,1617 West 7th Street,Fort Worth,TX,76102
1814,"2800 Bledsoe St, Suite 100",Fort Worth,TX,76107
1815,2550 Green Oaks Rd.,Fort Worth,TX,76116
1816,1118 N Commerce St,Fort Worth,TX,76164
1817,"4200 South Fwy, Suite 2301B",Fort Worth,TX,76115
1818,"1320 Hemphill St, Ste 100",Fort Worth,TX,76104
1819,100 Throckmorton St,Fort Worth,TX,76102
1820,607 Johns Dr.,Euless,TX,76039
1821,2122 North Main Street,Fort Worth,TX,76164
1822,"12057 Katy Rd, Suite 213",Fort Worth,TX,12057
1823,"2442 S. Collins St., Ste 108 PMB1094",Arlington,TX,76014
1824,"2300 W. 7th St., Ste. 108 #509",Fort Worth,TX,76107
1825,5000 Like Way,Fort Worth,TX,76177
1826,2051 W Airport Freeway,Euless,TX,76040
1827,"2300 W. 7th St, Suite 108",Fort Worth,TX,76107
1828,1201 Houston Street,Fort Worth,TX,76102
1829,4200 Country Day Lane,Fort Worth,TX,76109
1830,6640 Camp Bowie Blvd.,Fort Worth,TX,76116
1831,"330 E. 4th St., Ste 200",Fort Worth,TX,76102
1832,"2800 NE Loop 820, Suite 660",Fort Worth,TX,76137
1833,5242 Monahans Ave,Fort Worth,TX,76109
1834,9700 Francesca Dr,Fort Worth,TX,76108
1835,1341 Old Reno Road,Springtown,TX,76082
1836,1901 Grand Ave,Fort Worth,TX,76164
1837,"4055 International Plaza, Suite 220",Fort Worth,TX,76109
1838,1111 W Lancaster Ave,Fort Worth,TX,76102
1839,1521 North Main Street,Fort Worth,TX,76164
1840,912 Northton St,Fort Worth,TX,76104
1841,1205 Halsell St.,Bridgeport,TX,76426
1842,1957 E. Irving Blvd.,Irving,TX,75060
1843,"2000 E. Lamar Blvd., Suite 600",Arlington,TX,76006
1844,2716 Dorothy Dr.,Cleburne,TX,76031
1845,16 N Mill St,Cleburne,TX,76033
1846,705 E Abram Street,Arlington,TX,76010
1847,777 Main St Ste 600,Fort Worth,TX,76102
1848,"420 Throckmorton Street, Floor 03",Fort Worth,TX,76102
1849,3300 South Freeway,Fort Worth,TX,76110
1850,1509 S University Dr #206,Fort Worth,TX,76107
1851,1900 Northpark Drive,Fort Worth,TX,76102
1852,"2201 Dottie Lynn Pkwy, Ste 139",Fort Worth,TX,76120
1853,"801 Cherry Street, Unit 11 Suite 1300",Fort Worth,TX,76102
1854,"2301 N. Collins St., Suite 270",Arlington,TX,76011
1855,2944 SE Loop 820,Fort Worth,TX,76140
1856,7113 Water Meadows Dr,Fort Worth,TX,76123
1857,"2570 River Park Plaza, Unit 110",Fort Worth,TX,76116
1858,2505 Rodeo Plaza,Fort Worth,TX,76164
1859,1111 Summit Ave.,Fort Worth,TX,76102
1860,923 Pennsylvania Ave #100,Fort Worth,TX,76104
1861,455 W Harwood,Hurst,TX,76054
1862,3333 Camp Bowie Boulevard,Fort Worth,TX,76107
1863,"201 Main Street, Suite 2500",Fort Worth,TX,76102
1864,2010 East Lancaster Ave,Fort Worth,TX,76103
1865,6200 Old Denton Road,Fort Worth,TX,76131
1866,3301 Conflans Rd,Irving,TX,75061
1867,206 N Dove Rd,Grapevine,TX,76051
1868,One Lockheed Boulevard,Fort Worth,TX,76101
1869,1110 Tennison Road,Azle,TX,76020
1870,3001 Western Center Blvd.,Fort Worth,TX,76131
1871,3108 W. 6th St. Suite 109,Fort Worth,TX,76107
1872,1762 Green Oaks Rd.,Fort Worth,TX,76116
1873,"2500 E. Broad Street, Suite 200",Mansfield,TX,76063
1874,900 8th Avenue,Fort Worth,TX,76104
1875,7001 South Freeway,Fort Worth,TX,76134
1876,"2821 West 7th Street, Suite 400",Fort Worth,TX,76107
1877,"3131 W Bolt St, Suite D62",Fort Worth,TX,76110
1878,11301 N. Riverside Dr,Fort Worth,TX,11301
1879,4805 Amon Carter Blvd.,Fort Worth,TX,76155
1880,1720 Gendy St,Fort Worth,TX,76107
1881,508 W Northside Dr,Fort Worth,TX,76164
1882,"3001 Lou Menk Drive, Building A",Fort Worth,TX,76131
1883,"777 Main Street, Suite 707",Fort Worth,TX,76102
1884,"300 Throckmorton Street, Suite 400",Fort Worth,TX,76102
1885,"1751 River Run, Suite 200",Fort Worth,TX,76107
1886,6001 Bridge St,Fort Worth,TX,76112
1887,"250 West Lancaster Avenue, Suite 170",Fort Worth,TX,76102
1888,5350 Airport Fwy,Haltom City,TX,76117
1889,2090 Highland Rd,Springtown,TX,76082
1890,"600 W. 6th Street, Suite 416",Fort Worth,TX,76102
1891,2516 Jacksboro Highway,Fort Worth,TX,76114
1892,985 E. State Highway 121 Ste. 503,Lewisville,TX,75057
1893,200 Main Street,Fort Worth,TX,76102
1894,2807 Race St,Fort Worth,TX,76111
1895,1806 NE 33rd St,Fort Worth,TX,76106
1896,"600 W. 6th St., 4th Floor Room 475",Fort Worth,TX,76102
1897,403 N. Sylvania,Fort Worth,TX,76111
1898,"950 E State Highway 114, STE 160",Southlake,TX,76092
1899,235 NE Loop 820 Ste 307,Hurst,TX,76053
1900,"5465 Legacy Dr, Ste 650",Plano,TX,75024
1901,3757 N. Beach St.,Fort Worth,TX,76137
1902,"3030 LBJ Freeway, Suite 750",Dallas,TX,75234
1903,"1320 S. University Drive, Ste 100",Fort Worth,TX,76107
1904,"2200 West 7th Street, Suite 212",Fort Worth,TX,76107
1905,2411 Weaver Street,Haltom City,TX,76117
1906,"9800 Hillwood Parkway, Suite 100",Fort Worth,TX,76177
1907,"10101 Hicks Field Rd, Suite 111",Fort Worth,TX,10101
1908,6080 Southwest Blvd.,Benbrook,TX,76109
1909,505 S Henderson St.,Fort Worth,TX,76104
1910,3107 Holbrook Rd,Springtown,TX,76082
1911,7400 Sand Street,Fort Worth,TX,76118
1912,6565 Headquarters Dr.,Plano,TX,75024
1913,1911 Montgomery Street,Fort Worth,TX,76107
1914,19111 Dallas Pkwy Suite 380,Dallas,TX,19111
1915,100 S. Village Center Dr,Southlake,TX,76092
1916,1316 Pennsylvania Avenue,Fort Worth,TX,76104
1917,2602 Mayfield Rd,Grand Prairie,TX,75052
1918,"200 Taylor Street, Suite 215",Fort Worth,TX,76102
1919,1500 Mall Cir.,Fort Worth,TX,76116
1920,4410 W. Vickery Blvd Ste 100,Fort Worth,TX,76164
1921,532 Commerce St,Fort Worth,TX,76102
1922,2601 Whiskey Ranch Rd,Fort Worth,TX,76119
1923,1400 Texas Star Parkway,Euless,TX,76040
1924,3701 Southwest Blvd,Fort Worth,TX,76123
1925,1010 N. Center Street,Arlington,TX,76011
1926,902 Grand Ave,Fort Worth,TX,76164
1927,"6080 S Hulen St, STE 360 PMB 205",Fort Worth,TX,76132
1928,1278 Bentley Blvd,Haslet,TX,76052
1929,4521 Odessa Ave,Fort Worth,TX,76133
1930,3825 S. Cravens Rd,Fort Worth,TX,76119
1931,"300 Throckmorton Street, Suite 700",Fort Worth,TX,76102
1932,2828 Rockport CV,Grapevine,TX,76051
1933,4520 Camp Bowie Blvd.,Fort Worth,TX,76107
1934,"6451 Silver Saddle Rd, Suite 301",Fort Worth,TX,76126
1935,7940 Wyoming Dr,Fort Worth,TX,76131
1936,9824 Ironwood Drive,Denton,TX,76207
1937,"777 Main Street, Suite 1200",Fort Worth,TX,76102
1938,"201 Main St, 2nd Floor Suite 200",Fort Worth,TX,76102
1939,"295 E Renfro, Suite 300",Burleson,TX,76028
1940,"1661 S. University Drive, 1052",Fort Worth,TX,76107
1941,"300 Throckmorton Street, Suite 1700",Fort Worth,TX,76102
1942,"5825 Edwards Ranch Rd, STE 100",Fort Worth,TX,76109
1943,5049 Edwards Ranch Rd,Fort Worth,TX,76109
1944,1560 East Southlake Blvd STE 177,Southlake,TX,76092
1945,4123 Cedar Springs Road,Dallas,TX,75219
1946,1033 Young Street,Dallas,TX,75202
1947,3216 Royalty Row,Irving,TX,75062
1948,"130 North Preston Road, Suite 202",Prosper,TX,75078
1949,1328 Inwood Road,Dallas,TX,75247
1950,"4000 Cedar Springs Road, Suite E",Dallas,TX,75219
1951,"12770 Coit Road, Suite 1000",Dallas,TX,12770
1952,"2155 Chenault Drive, #509",Carrollton,TX,75006
1953,"1221 Abrams Road, Suite 100",Richardson,TX,75081
1954,"901 Main Street, Suite 4700",Dallas,TX,75202
1955,"2155 Chenault Drive, Suite 509",Carrollton,TX,75006
1956,"3600 Gaston Avenue, Barnett Tower Suite 1001",Dallas,TX,75246
1957,6025 Luther Lane,Dallas,TX,75225
1958,2493 N Stemmons Freeway,Dallas,TX,75207
1959,2301 Flora Street,Dallas,TX,75201
1960,5418 St. Charles Street,Dallas,TX,75223
1961,16206 Red Cedar Trail,Dallas,TX,16206
1962,"7200 Dutch Branch Rd, Suite 300",Fort Worth,TX,76132
1963,"1117 Glade Road, Suite 120",Colleyville,TX,76034
1964,415 Century Parkway,Allen,TX,75013
1965,"10610 Metric Drive, Suite 175",Dallas,TX,10610
1966,"4144 North Central Expressway, Suite 855",Dallas,TX,75204
1967,5014 Miller Avenue,Dallas,TX,75206
1968,633 West Davis Street,Dallas,TX,75208
1969,3930 Cedar Springs Road,Dallas,TX,75219
1970,"4301 Belmont Ave, 2nd Floor",Dallas,TX,75204
1971,2899 West Pioneer Parkway,Pantego,TX,76013
1972,3829 North Hall Street,Dallas,TX,75219
1973,"600 East John Carpenter Freeway, Suite 246",Irving,TX,75062
1974,"3500 Oak Lawn Avenue, Suite 380",Dallas,TX,75219
1975,"8140 Walnut Hill Lane, Suite 430",Dallas,TX,75231
1976,"12222 Merit Drive, Suite 1200",Dallas,TX,12222
1977,210 S. O'Connor Road,Irving,TX,75060
1978,2551 Elm Street,Dallas,TX,75226
1979,"3030 Bryan Street, Suite 405",Dallas,TX,75204
1980,"6688 North Central Expressway, Suite 500",Dallas,TX,75206
1981,2613 Thomas Avenue,Dallas,TX,75204
1982,"17390 Preston Road, Suite 245",Dallas,TX,17390
1983,5211 Forest Lane,Dallas,TX,75244
1984,1904 Abrams Parkway,Dallas,TX,75214
1985,"3839 McKinney Avenue, Suite 100",Dallas,TX,75204
1986,"3838 Oak Lawn Avenue, Suite 400",Dallas,TX,75219
1987,"3000 Grapevine Mills Parkway, Suite 253",Grapevine,TX,76051
1988,"8144 Walnut Hill Lane, 16th Floor",Dallas,TX,75231
1989,1201 Columbine Drive,Garland,TX,75043
1990,10311 Garland Road,Dallas,TX,10311
1991,"2629 N. Stemmons Freeway, Suite 108",Dallas,TX,75207
1992,"3818 Cedar Springs Road, #104",Dallas,TX,75219
1993,"2451 W. Grapevine Mills Circle, Suite 106",Grapevine,TX,76051
1994,"9555 Lebanon Road, Suite 602",Frisco,TX,75035
1995,1108 Quaker Street,Dallas,TX,75207
1996,"17390 Preston Road, Suite 246",Dallas,TX,17390
1997,"4560 Mockingbird Lane, #126",Dallas,TX,75209
1998,"4606 Park Springs, Suite 140",Arlington,TX,76016
1999,"5925 Forest Lane, Suite 502",Dallas,TX,75230
2000,"4144 N Central Expressway, #700",Dallas,TX,75204
2001,6007 Legacy Drive,Plano,TX,75024
2002,"3500 Oak Lawn Avenue, Suite 200",Dallas,TX,75219
2003,3912 Cedar Springs Road,Dallas,TX,75219
2004,"811 Pemberton Hill Road, Building 2",Dallas,TX,75217
2005,2540 Meacham Boulevard,Fort Worth,TX,76106
2006,"4311 Oak Lawn Avenue, Suite 510",Dallas,TX,75219
2007,"4152 Cole Avenue, Suite 103",Dallas,TX,75204
2008,"8330 Lyndon B Johnson Freeway, Suite B1170",Dallas,TX,75243
2009,2840 Bryan Avenue,Fort Worth,TX,76104
2010,"9540 Garland Road, Suite 381-133",Dallas,TX,75218
2011,"1409 Botham Jean Boulevard, Suite 237",Dallas,TX,75215
2012,"2403 Flora Street, Suite 500",Dallas,TX,75201
2013,4428 Lemmon Avenue,Dallas,TX,75219
2014,3614 Greenville Avenue,Dallas,TX,75206
2015,1999 West Airport Freeway,Irving,TX,75062
2016,12500 TI Boulevard,Dallas,TX,12500
2017,"17304 Preston Road, Suite 847",Dallas,TX,17304
2018,"2899 West Pioneer Parkway, Suite B",Pantego,TX,76013
2019,"4210 Holland Avenue, Suite 107",Dallas,TX,75219
2020,17250 Dallas Parkway,Dallas,TX,17250
2021,1499 Regal Row #101,Dallas,TX,75247
2022,3146 Cedar Crest Blvd,Dallas,TX,75203
2023,324 E Belt Line Rd,DeSoto,TX,75115
2024,3115 S Lancaster Rd,Dallas,TX,75216
2025,5209 S Lamar St,Dallas,TX,75215
2026,1602 Martin Luther King Jr Blvd,Dallas,TX,75215
2027,5100 Lemmon Ave,Dallas,TX,75209
2028,10105 Westside Parkway Suite 110,Alpharetta,GA,10105
2029,1115 Mt Zion Rd Ste I,Morrow,GA,30260
2030,2774 Cobb Parkway NW STE 109-219,Kennesaw,GA,30144
2031,8318 Durelee Ln,Douglasville,GA,30134
2032,922 Hwy 81E Suite 135,McDonough,GA,30252
2033,5336 Kelleys Creek Dr,Stone Mountain,GA,30088
2034,4928 Hamlet Ct,Lithonia,GA,30038
2035,5459 Old National Highway,College Park,GA,30349
2036,1400 Veterans Memorial Hwy Suite 134 #431,Mableton,GA,30126
2037,25 Cole Lane,Acworth,GA,30101
2038,850 Paden Street Unit 8311,Woodstock,GA,30188
2039,1954 Airport Road,Chamblee,GA,30341
2040,2133 Lawrenceville Suwanee Rd Ste 12-382,Suwanee,GA,30024
2041,2795 Main Street West Suite 19-B,Snellville,GA,30078
2042,160 Clairemont Avenue Suite 200,Decatur,GA,30030
2043,3899 Flowers Road Suite 610-C,Doraville,GA,30360
2044,1425 Market Blvd,Roswell,GA,30076
2045,4153 Flat Shoals Pkwy Bldg B Ste 202,Decatur,GA,30034
2046,4500 Hugh Howell Rd Suite 210,Tucker,GA,30084
2047,270 Cobb Parkway South Suite 140 Unit 231,Marietta,GA,30060
2048,6105 Stanton Place Lane,Acworth,GA,30101
2049,4701 Irish Red Court,South Fulton,GA,30291
2050,1115 Mt Zion Road Suite 14,Morrow,GA,30260
2051,560 Hwy 138 SW,Jonesboro,GA,30238
2052,100 Galleria Pkwy SE Ste 1350,Atlanta,GA,30339
2053,504 Fair St SW,Atlanta,GA,30313
2054,2369 Brianna Dr,Hampton,GA,30228
2055,611 Estuary Trail,Alpharetta,GA,30005
2056,30 Pintail Overlook,Covington,GA,30014
2057,6163 Reynolds Road Suite G,Morrow,GA,30260
2058,607 Main St,Palmetto,GA,30268
2059,11770 Haynes Bridge Road Suite 205-214,Alpharetta,GA,11770
2060,2890 GA-212 A Suite 314,Conyers,GA,30094
2061,3895 Cherokee St Suite 620,Kennesaw,GA,30144
2062,5812 Tree Fern Ct SE,Mableton,GA,30126
2063,4340 N Henry Blvd Suite 260,Stockbridge,GA,30281
2064,1188 Misty Meadows Lane,Hampton,GA,30228
2065,135 Riverside Parkway,Austell,GA,30168
2066,1387 Haynes Meadow Trail,Grayson,GA,30017
2067,2582 Heritage Lake Cove,Grayson,GA,30017
2068,2121 Windy Hill Rd,Marietta,GA,30060
2069,6 Concourse Parkway Suite 1650,Sandy Springs,GA,30328
2070,300 Colonial Center Parkway Suite 100,Roswell,GA,30076
2071,1123 Church Street Suite 103,Covington,GA,30014
2072,157 Burke Street Suite 113,Stockbridge,GA,30281
2073,2255 Satellite Blvd e207,Duluth,GA,30097
2074,769 Old Roswell Rd Suite 316,Roswell,GA,30076
2075,1005 Alderman Dr Ste 113,Alpharetta,GA,30005
2076,5800 Oakdale Rd SE,Mableton,GA,30126
2077,1163 W Peachtree Street NE Suite 200,Atlanta,GA,30309
2078,5200 Dallas Hwy Suite 200 PMB 268,Powder Springs,GA,30127
2079,118 North Ave Ste K,Jonesboro,GA,30236
2080,6450 Evans Drive Unit 701,Rex,GA,30273
2081,3707 Main St #30,College Park,GA,30337
2082,1954 Airport Blvd Suite 126,Chamblee,GA,30341
2083,4000 Dunwoody Park Suite 1210,Dunwoody,GA,30338
2084,779 Mimosa Way Suite 100,Jefferson,GA,30549
2085,5825 Glenridge Drive Building 2 Suite 202,Atlanta,GA,30328
2086,5784 Lake Forrest Drive Ste 236,Sandy Springs,GA,30328
2087,2054 Reserve Parkway,McDonough,GA,30253
2088,1115 Mt Zion Rd Suite 13,Morrow,GA,30260
2089,1071 Cambridge Sq Ste D,Alpharetta,GA,30009
2090,2255 Sewell Mill Rd Ste 230,Marietta,GA,30062
2091,1954 Airport Road Suite 125,Chamblee,GA,30341
2092,2890 Georgia Hwy 212 Ste A216,Conyers,GA,30094
2093,880 Holcomb Bridge Road Suite 150,Roswell,GA,30076
2094,2398 Lenora Church Rd Suite 200,Snellville,GA,30078
2095,3011 Rainbow Drive,Decatur,GA,30034
2096,4455 Lower Roswell Rd Unit 680486,Marietta,GA,30068
2097,25 Bennett St NW,Atlanta,GA,30309
2098,2260 Cascade Rd SW,Atlanta,GA,30311
2099,239 Ponce De Leon Ave NE,Atlanta,GA,30308
2100,262 Edgewood Ave SE,Atlanta,GA,30303
2101,810 Martin Luther King Jr Dr NW,Atlanta,GA,30314
2102,464 Edgewood Ave,Atlanta,GA,30312
2103,1635 Old 41 Highway,Kennesaw,GA,30152
2104,646 Evans St SW,Atlanta,GA,30310
2105,2160 Monroe Dr NE,Atlanta,GA,30324
2106,3823 Main St,College Park,GA,30337
2107,5495 Old National Hwy,Atlanta,GA,30349
2108,955 West Marietta St NW,Atlanta,GA,30318
2109,495 Peachtree St NE,Atlanta,GA,30308
2110,3979 S Main St,Acworth,GA,30101
2111,301 Peters St SW,Atlanta,GA,30313
2112,875 York Ave SW,Atlanta,GA,30310
2113,1252 Roswell Rd,Marietta,GA,30062
2114,180 Auburn Ave NE,Atlanta,GA,30303
2115,530 Joseph E Lowery Blvd SW,Atlanta,GA,30310
2116,1281 Bouldercrest Dr SE,Atlanta,GA,30316
2117,181 Ralph David Abernathy Blvd,Atlanta,GA,30312
2118,233 Peachtree St NE,Atlanta,GA,30303
2119,30 North Avenue NE,Atlanta,GA,30308
2120,180 Northside Dr SW #B,Atlanta,GA,30313
2121,6435 Roswell Rd NE,Atlanta,GA,30328
2122,4186 Buford Hwy NE,Atlanta,GA,30345
2123,30 Ivan Allen Jr Blvd,Atlanta,GA,30308
2124,5015 Old National Hwy,Atlanta,GA,30349
2125,879 Ralph David Abernathy Blvd,Atlanta,GA,30310
2126,652 North Highland Avenue NE,Atlanta,GA,30306
2127,171 Auburn Ave NE,Atlanta,GA,30303
2128,793 Juniper St NE,Atlanta,GA,30308
2129,2975 Headland Dr SW,Atlanta,GA,30311
2130,3560 Camp Creek Pkwy,East Point,GA,30344
2131,5975 Roswell Rd NE,Sandy Springs,GA,30328
2132,471B Flat Shoals Ave SE,Atlanta,GA,30316
2133,312 North Highland Ave NE Ste C,Atlanta,GA,30307
2134,800 Marietta Street,Atlanta,GA,30318
2135,1800 Jonesboro Rd SE Ste C,Atlanta,GA,30315
2136,495 Flat Shoals Ave SE,Atlanta,GA,30316
2137,675 Ponce De Leon Ave NE Ste 225,Atlanta,GA,30308
2138,2505 Godby Rd,Atlanta,GA,30349
2139,254 Auburn Ave NE,Atlanta,GA,30303
2140,576 Lee St SW Ste D,Atlanta,GA,30310
2141,1365 Clairmont Rd,Decatur,GA,30033
2142,1308 Glenwood Ave SE,Atlanta,GA,30316
2143,186 1/2 Auburn Ave NE,Atlanta,GA,30303
2144,5815 Windward Parkway Suite 204,Alpharetta,GA,30005
2145,3208 Stratford Commons Apt H,Decatur,GA,30033
2146,3070 Windward Plaza Suite F219,Alpharetta,GA,30005
2147,1385 McDonough Parkway,McDonough,GA,30253
2148,6000 Stewart Pkwy #5142,Douglasville,GA,30154
2149,6000 Stewart Pkwy #5142,Douglasville,GA,30154
2150,863 Flat Shoals Rd SE Suite C236,Conyers,GA,30094
2151,1389 Hwy 92 Suite 102,Acworth,GA,30102
2152,40 Macon St Ste D,McDonough,GA,30253
2153,875 Old Roswell Rd Suite C100,Roswell,GA,30076
2154,150 Carnegie Pl Suite 108,Fayetteville,GA,30214
2155,2255 Sewell Mill Rd Suite 230,Marietta,GA,30062
2156,3554 Habersham at Northlake Road Building H,Tucker,GA,30084
2157,4284 Memorial Drive Suite C,Decatur,GA,30032
2158,770 Old Roswell Place Suite A100,Roswell,GA,30076
2159,308 Woodlands Dr SE,Smyrna,GA,30080
2160,149 South McDonough Street Suite 215,Jonesboro,GA,30236
2161,1755 North Brown Rd Suite 200-218,Lawrenceville,GA,30043
2162,7590 Saybrook Trail,Jonesboro,GA,30274
2163,5523 Lofwood Lane,Lithonia,GA,30058
2164,2378 Centenary Way Ct,Dacula,GA,30019
2165,10945 State Bridge Rd Ste 401-402,Alpharetta,GA,10945
2166,2148 Duluth Hwy,Duluth,GA,30096
2167,4480 S Cobb Drive Suite H-158,Smyrna,GA,30080
2168,2471 Old Sewell Rd,Marietta,GA,30068
2169,4915 Hwy 138 Ste D,Loganville,GA,30052
2170,4813 Ridge Rd Suite 111-1064,Douglasville,GA,30134
2171,107 Technology Parkway Suite 745,Peachtree Corners,GA,30092
2172,1003 E Freeway Drive SE Suite B,Conyers,GA,30094
2173,1770 The Exchange SE Suite 165,Atlanta,GA,30339
2174,760 Birch Ridge Drive,Roswell,GA,30076
2175,1075 Chimney Trace Way,Lawrenceville,GA,30045
2176,2056 W Park Place Blvd Suite D,Stone Mountain,GA,30087
2177,12 Powder Springs Street Suite 270,Marietta,GA,30064
2178,2274 Salem Rd Ste 106-1284,Conyers,GA,30013
2179,2090 Lawrenceville Suwanee Rd 644 Ste A,Suwanee,GA,30024
2180,2724 Autumn View Dr,Lawrenceville,GA,30044
2181,1201 Brentwood Rd NE,Washington,DC,20018
2182,2439 18th St NW,Washington,DC,20009
2183,1313 14th St NW,Washington,DC,20005
2184,80 M St SE Suite 100,Washington,DC,20003
2185,703 Edgewood St NE,Washington,DC,20017
2186,47 Peabody St NE,Washington,DC,20011
2187,3933 Georgia Ave NW,Washington,DC,20011
2188,3012 Martin Luther King Jr Ave SE,Washington,DC,20032
2189,2473 18th St NW Fl 2,Washington,DC,20009
2190,2624 Georgia Ave NW,Washington,DC,20001
2191,2800 10th St NE,Washington,DC,20017
2192,1926 Benning Rd NE,Washington,DC,20002
2193,1100 H St NW #1050,Washington,DC,20005
2194,633 Pennsylvania Ave NW Floor 2,Washington,DC,20004
2195,1001 H St NE,Washington,DC,20002
2196,700 Monroe St NE,Washington,DC,20017
2197,1829 1st St NW,Washington,DC,20001
2198,2815 7th St NE,Washington,DC,20017
2199,801 Virginia Ave SE #101,Washington,DC,20003
2200,5333 Connecticut Ave NW,Washington,DC,20015
2201,5401 James Pl NE,Washington,DC,20019
2202,4418 3rd St NW,Washington,DC,20011
2203,3355C Benning Rd NE,Washington,DC,20019
2204,2442 18th St NW,Washington,DC,20009
2205,1825 18th St NW,Washington,DC,20009
2206,80 T St NW,Washington,DC,20001
2207,1313 14th St NW,Washington,DC,20005
2208,"1717 K Street NW, Suite 900",Washington,DC,20006
2209,1300 I Street NW Suite 400E,Washington,DC,20005
2210,1800 Wisconsin Ave NW,Washington,DC,20007
2211,3819 14th St NW Unit C,Washington,DC,20011
2212,1508 14th Street NW 2nd Floor,Washington,DC,20005
2213,4409 Bowen Rd SE,Washington,DC,20019
2214,3815 Minnesota Ave NE,Washington,DC,20019
2215,1815 West Virginia Ave NE,Washington,DC,20002
2216,834 Upshur Street NW,Washington,DC,20011
2217,703 H St NE,Washington,DC,20002
2218,121 American Way,Oxon Hill,MD,20745
2219,2014 Rhode Island Avenue NE,Washington,DC,20018
2220,2201 Channing Street NE,Washington,DC,20018
2221,144 Waterfront Street,Oxon Hill,MD,20745
2222,1369 New York Avenue NE,Washington,DC,20002
2223,843 Upshur Street NW,Washington,DC,20011
2224,1802 Wisconsin Avenue NW,Washington,DC,20007
2225,8537 Georgia Ave,Silver Spring,MD,20910
2226,952 Sligo Ave,Silver Spring,MD,20910
2227,8221 Georgia Ave,Silver Spring,MD,20910
2228,8223 Georgia Ave,Silver Spring,MD,20910
2229,8201 Georgia Ave,Silver Spring,MD,20910
2230,8420 Fenton Street,Silver Spring,MD,20910
2231,8233 Fenton St,Silver Spring,MD,20910
2232,7849 Eastern Ave NW,Washington,DC,20012
2233,8305 Georgia Ave,Silver Spring,MD,20910
2234,8200 Fenton St,Silver Spring,MD,20910
2235,8395 Colesville Rd,Silver Spring,MD,20910
2236,8301 Georgia Ave,Silver Spring,MD,20910
2237,8120 Georgia Ave,Silver Spring,MD,20910
2238,965 Thayer Ave,Silver Spring,MD,20910
2239,7912 Georgia Ave,Silver Spring,MD,20910
2240,7833 Eastern Ave,Silver Spring,MD,20910
2241,8081 Georgia Ave,Silver Spring,MD,20910
2242,900 Silver Spring Ave,Silver Spring,MD,20910
2243,8229 Georgia Ave,Silver Spring,MD,20910
2244,904 Bonifant St,Silver Spring,MD,20910
2245,7845 Eastern Ave,Silver Spring,MD,20910
2246,8113 Fenton St,Silver Spring,MD,20910
2247,116 East Broad Street,Falls Church,VA,22046
2248,6763 Wilson Blvd Ste 8,Falls Church,VA,22044
2249,6795 Wilson Blvd Ste 11a,Falls Church,VA,22044
2250,809 W Broad St #b,Falls Church,VA,22046
2251,161 Hillwood Ave,Falls Church,VA,22046
2252,303 Douglass Ave,Falls Church,VA,22042
2253,1081 West Broad St,Falls Church,VA,22046
2254,417 W Broad St,Falls Church,VA,22046
2255,102 E Annandale Rd,Falls Church,VA,22046
2256,400 North Washington Street,Falls Church,VA,22046
2257,1000 E Broad St,Falls Church,VA,22042
2258,442 S Washington St Ste B,Falls Church,VA,22046
2259,6795 Wilson Blvd Ste 34,Falls Church,VA,22044
2260,1112 W Broad St Ste B,Falls Church,VA,22046
2261,6795 Wilson Blvd Unit 47,Falls Church,VA,22044
2262,114 W Broad St,Falls Church,VA,22046
2263,254 N Washington St,Falls Church,VA,22046
2264,354 W Broad St,Falls Church,VA,22046
2265,108 E Fairfax St,Falls Church,VA,22046
2266,303 Douglass Ave,Falls Church,VA,22042
2267,450 W Broad St Ste 350,Falls Church,VA,22046
2268,100 A East Broad St,Falls Church,VA,22046
2269,131 S Washington St,Falls Church,VA,22046
2270,6757 Wilson Blvd Ste 27,Falls Church,VA,22044
2271,140 Little Falls St Ste 202,Falls Church,VA,22046
2272,510 S Washington St Ste B,Falls Church,VA,22046
2273,450 N Washington St Ste J,Falls Church,VA,22046
2274,121 E Annandale Rd,Falls Church,VA,22046
2275,106 E Fairfax St,Falls Church,VA,22046
2276,1073 W Broad St Ste 201,Falls Church,VA,22046
2277,6757 Wilson Blvd Ste 5,Falls Church,VA,22044
2278,6795 Wilson Blvd Ste 44,Falls Church,VA,22044
2279,455 S Maple Ave Unit 1,Falls Church,VA,22046
2280,450 W Broad St Ste 116,Falls Church,VA,22046
2281,6615 Wilson Blvd,Falls Church,VA,22044
2282,1212 W Broad St,Falls Church,VA,22046
2283,1428 Park Rd NW,Washington,DC,20010
2284,1128 H St NE,Washington,DC,20002
2285,1414 9th St NW,Washington,DC,20001
2286,1301 U St NW #111,Washington,DC,20009
2287,1780 Florida Ave NW,Washington,DC,20009
2288,2450 Market St NE,Washington,DC,20018
2289,1524 U St NW,Washington,DC,20009
2290,1129 11th St NW,Washington,DC,20001
2291,2429 18th St NW,Washington,DC,20009
2292,1529 Wisconsin Ave NW,Washington,DC,20007
2293,7838 Eastern Ave NW Ste D,Washington,DC,20012
2294,2017 14th St NW,Washington,DC,20009
2295,2101 Suitland Terrace SE Apt A,Washington,DC,20020
2296,405B H St NE,Washington,DC,20002
2297,5507 Colorado Ave NW,Washington,DC,20011
2298,709 D St SE,Washington,DC,20003
2299,600F H St NE,Washington,DC,20002
2300,3451 14th St NW,Washington,DC,20010
2301,1110 Vermont Ave NW,Washington,DC,20005
2302,1100 15th St NW,Washington,DC,20005
2303,509 11th St SE,Washington,DC,20003
2304,405 Butternut St NW,Washington,DC,20012
2305,1300 Connecticut Ave NW,Washington,DC,20036
2306,403 H St NE,Washington,DC,20002
2307,8113 A Fenton St,Silver Spring,MD,20910
2308,10118 Colesville Rd,Silver Spring,MD,10118
2309,999 Philadelphia Ave,Silver Spring,MD,20910
2310,4906 Buchanan St,Hyattsville,MD,20781
2311,7001 Manchester Blvd Ste A,Alexandria,VA,22310
2312,1703 N Beauregard St,Alexandria,VA,22311
2313,418 E Raymond Ave,Alexandria,VA,22301
2314,1125 Queen St,Alexandria,VA,22314
2315,99 Canal Center Plaza Ste 505,Alexandria,VA,22314
2316,2427 Shirlington Rd,Arlington,VA,22206
2317,1012 N Highland St STE 130B-S,Arlington,VA,22201
2318,4141 Henderson Rd #16,Arlington,VA,22203
2319,4700 Columbia Pike,Arlington,VA,22204
2320,7714 US-29,Falls Church,VA,22042
2321,2921 Telestar Ct,Falls Church,VA,22042
2322,3821 S George Mason Dr D,Falls Church,VA,22041
2323,1818 New York Ave NE #208D,Washington,DC,20002
2324,1763 Columbia Rd NW,Washington,DC,20009
2325,9707 Old Georgetown Rd,Bethesda,MD,20814
2326,700 12th St NW Suite 700,Washington,DC,20005
2327,155 Potomac Passage,National Harbor,MD,20745
2328,4203 9th St NW,Washington,DC,20011
2329,2802 Georgia Ave NW,Washington,DC,20001
2330,631 Pennsylvania Ave SE,Washington,DC,20003
2331,1517 Connecticut Ave NW,Washington,DC,20036
2332,1658 Columbia Road NW,Washington,DC,20009
2333,3005 12th St NE,Washington,DC,20017
2334,4217 9th St NW,Washington,DC,20011
2335,3447 14th St NW,Washington,DC,20010
2336,502 Kennedy St NW,Washington,DC,20011
2337,3734 Magnolia Ridge,League City,TX,77573
2338,201 Flint Ridge Road,Webster,TX,77598
2339,"1900 West Loop South, Suite 300",Houston,TX,77027
2340,"2051 Greenhouse, Suite 270",Houston,TX,77084
2341,14925 Stuebner Airline #200,Houston,TX,14925
2342,804 Anderson St,Bellaire,TX,77401
2343,1302 Merriewod Dr,Friendswood,TX,77546
2344,"1980 Post Oak Blvd., Suite 100",Houston,TX,77056
2345,1711 Woodland Springs St.,Houston,TX,77077
2346,"7915 Cypress Creek Pkwy, STE 175",Houston,TX,77070
2347,"11807 Westheimer Road, Suites 550, #1058",Houston,TX,11807
2348,3808 World Houston Parkway,Houston,TX,77032
2349,"5120 Woodway, Suite 215",Houston,TX,77056
2350,"5840 Darling St, B",Houston,TX,77007
2351,"11161 Shadow Creek Pkwy, Suite 106",Pearland,TX,11161
2352,"1330 Post Oak Blvd, Floor 22",Houston,TX,77056
2353,"1708 Spring Green Blvd, STE 120-315",Katy,TX,77494
2354,"6500 W. Loop South, Suite 4100",Bellaire,TX,77401
2355,12222 N Houston Rosslyn Rd,Houston,TX,12222
2356,4333 W Sam Houston Pkwy N #150,Houston,TX,77043
2357,258 Coach Lamp Ln,Houston,TX,77060
2358,13250 Forkland Drive,Houston,TX,13250
2359,"1379 S Voss Rd, Suite C",Houston,TX,77057
2360,5430 Killough St.,Houston,TX,77086
2361,6711 Cypress Creek Pkwy,Houston,TX,77069
2362,"808 Travis Street, Suite 1424",Houston,TX,77002
2363,13815 Nathan Ridge Lane,Cypress,TX,13815
2364,18011 Channel Hill Dr,Cypress,TX,18011
2365,4700 Blaffer St,Houston,TX,77026
2366,5757 Bissonnet St,Bellaire,TX,77401
2367,7015 Barker Cypress Rd,Cypress,TX,77433
2368,611 Scarborough Lane,Pasadena,TX,77506
2369,14090 Southwest Freeway Suite 300,Sugar Land,TX,14090
2370,"24 Greenway Plaza, Suite 1309",Houston,TX,77046
2371,"12333 Sowden Rd, Ste B, PMB 287913",Houston,TX,12333
2372,"2020 SW Freeway, Suite 203",Houston,TX,77098
2373,"909 Fannin St, #3820",Houston,TX,77010
2374,2211 Norfolk Suite 735,Houston,TX,77098
2375,1111 Louisiana Street,Houston,TX,77002
2376,2480 Dallas St,Houston,TX,77003
2377,7070 Knights Court #1404,Missouri City,TX,77459
2378,"7324 Southwest Freeway, Suite 266",Houston,TX,77074
2379,10475 Deer Trail Dr,Houston,TX,10475
2380,200 Hyde Park Blvd,Houston,TX,77006
2381,8208 Westpark Dr,Houston,TX,77063
2382,"3411 Cummins St., #28",Houston,TX,77027
2383,8590 W. Tidwell Road,Houston,TX,77040
2384,708 Janisch Rd.,Houston,TX,77018
2385,600 N Shepherd St Suite 535,Houston,TX,77007
2386,308 Middleton St,Houston,TX,77003
2387,"3033 Chimney Rock, Suite 305",Houston,TX,77056
2388,"6220 Westpark Dr, Suite 110",Houston,TX,77057
2389,2420 Baylor Street,Houston,TX,77009
2390,7333 North Fwy,Houston,TX,77076
2391,"3117 College Park Dr, #230",The Woodlands,TX,77384
2392,"1001 Fannin St, Suite 4750",Houston,TX,77002
2393,10040 East Fwy,Houston,TX,10040
2394,8090 Westheimer Rd.,Houston,TX,77063
2395,8090 Westheimer Rd,Houston,TX,77063
2396,6015 N Shepherd Dr,Houston,TX,77091
2397,3250 Bingle Rd,Houston,TX,77055
2398,7018 Bender Rd,Humble,TX,77396
2399,"811 Main Street, #100",Houston,TX,77002
2400,"24 Greenway Plz, Suite 1800",Houston,TX,77046
2401,"25807 Westheimer Parkway, Suite 364",Katy,TX,25807
2402,3203 N Sam Houston Pkwy W,Houston,TX,77038
2403,9494 Southwest Freeway Suite 700,Houston,TX,77074
2404,"4203 Montrose Blvd, Suite 650",Houston,TX,77006
2405,7303 Bellaire Blvd,Houston,TX,77036
2406,2950 Meadowglen Crest,Houston,TX,77082
2407,3205 Harrisburg Blvd,Houston,TX,77003
2408,6050 North Course,Houston,TX,77072
2409,21626 Rainfall Park Dr,Spring,TX,21626
2410,8601 Almeda Genoa Road,Houston,TX,77075
2411,2950 South Gessner,Houston,TX,77063
2412,7324 Southwest Freeway Suite 1720 Tower II,Houston,TX,77074
2413,4400 Post Oak Parkway Ste 1700,Houston,TX,77027
2414,"140 Cypress Station Dr., #10019",Houston,TX,10019
2415,14603 Cypress Meadow Dr,Cypress,TX,14603
2416,"2101 CityWest Blvd, Suite 100",Houston,TX,77042
2417,14927 Bellaire Blvd,Houston,TX,14927
2418,141 Little York Rd,Houston,TX,77076
2419,"13700 Veterans Memorial Dr., Suite 420",Houston,TX,13700
2420,6611 North Main Street,Houston,TX,77006
2421,4624 NASA Pkwy,Seabrook,TX,77586
2422,5839 Bissonnet St,Bellaire,TX,77401
2423,"7155 Old Katy Rd, Suite N245",Houston,TX,77024
2424,"3200 Southwest Freeway, Suite 1900",Houston,TX,77027
2425,"2415 Town Center Drive, Suite 300",Sugar Land,TX,77478
2426,2550 Gray Falls Drive Suite 250,Houston,TX,77077
2427,One NRG Park,Houston,TX,77054
2428,"3100 Edloe St., STE 310",Houston,TX,77027
2429,5629 Winsome Ln,Houston,TX,77057
2430,5300 Memorial Dr Ste 890,Houston,TX,77007
2431,6316 Airline Dr,Houston,TX,77076
2432,7043 Sliding Rock Cir,Spring,TX,77379
2433,205 Roberts,Houston,TX,77003
2434,"10900 Northwest Fwy, Suite 105",Houston,TX,10900
2435,4900 Woodway Dr. Ste 1110,Houston,TX,77056
2436,9330 Camelia Crest Lane,Houston,TX,77064
2437,10508 Airline Ste C,Houston,TX,10508
2438,30 Archwyck Circle,The Woodlands,TX,77382
2439,"2002 Timberloch Place, Suite 200",The Woodlands,TX,77380
2440,"4101 Greenbriar Drive, Suite 240",Houston,TX,77098
2441,6060 Richmond Ave. #240,Houston,TX,77057
2442,7575 North Sam Houston Pkwy W,Houston,TX,77064
2443,4624 Fairmont Pkwy Ste 200,Pasadena,TX,77504
2444,19318 Water Bridge Dr,Cypress,TX,19318
2445,"2327 Commerce St, Unit 110",Houston,TX,77002
2446,"9595 Six Pines, Building 8, 2nd Floor, Suite 8210",The Woodlands,TX,77380
2447,10804 Roark Road,Houston,TX,10804
2448,"1810 First Oaks Street, Suite 220",Richmond,TX,77406
2449,"1235 North Loop West, Suite 125",Houston,TX,77008
2450,7643 Miller Rd 2,Houston,TX,77049
2451,"15015 W Airport Blvd, Ste 2032",Sugar Land,TX,15015
2452,1717 West Loop South,Houston,TX,77027
2453,"2501 Central Parkway, C-9",Houston,TX,77092
2454,"5900 Memorial Drive, Suite 300",Houston,TX,77007
2455,701 E 6th 1/2 Street,Houston,TX,77007
2456,8590 W. Tidwell Road,Houston,TX,77040
2457,"750 Town and Country Boulevard, Suite 175",Houston,TX,77024
2458,"845 Texas Avenue, Suite 1250",Houston,TX,77002
2459,10001 Six Pines Drive,The Woodlands,TX,10001
2460,12852 Westheimer,Houston,TX,12852
2461,"1001 Louisiana Street, Suite 2300",Houston,TX,77002
2462,"2200 Post Oak Blvd, Floor 20",Houston,TX,77056
2463,"401 Franklin St, Suite 1400",Houston,TX,77002
2464,"2020 North Loop West, Suite 205",Houston,TX,77018
2465,"9555 West Sam Houston Parkway South, Suite 550",Houston,TX,77099
2466,"6550 Fannin St, 235",Houston,TX,77030
2467,"700 Louisiana Street, Suite 3950",Houston,TX,77002
2468,"1333 W Loop South, Suite 1600",Houston,TX,77027
2469,"411 Lantern Bend Drive, Suite 210",Houston,TX,77090
2470,3210 W Dallas St.,Houston,TX,77019
2471,520 Waugh Drive,Houston,TX,77019
2472,"2929 Allen Parkway, Suite 200 - PMB 995",Houston,TX,77019
2473,910 Louisiana Street,Houston,TX,77002
2474,507 Westheimer Rd,Houston,TX,77006
2475,2923 Walnut Bend Ln,Houston,TX,77042
2476,17776 Tomball Pkwy #21,Houston,TX,17776
2477,712 1/2 Fairview St,Houston,TX,77006
2478,1035 Clear Lake City Blvd,Houston,TX,77062
2479,4814 Almeda Rd,Houston,TX,77004
2480,14608 S Post Oak Rd,Houston,TX,14608
2481,4213 Emancipation Ave,Houston,TX,77004
2482,3905 Hain St,Houston,TX,77009
2483,6314 St Augustine St,Houston,TX,77021
2484,15207 Vickery Dr Ste B,Houston,TX,15207
2485,2526 Wilshire St,Houston,TX,77023
2486,2202 Richmond Ave,Houston,TX,77098
2487,8000 S Gessner Rd #400,Houston,TX,77036
2488,14226 Sunwick St,Houston,TX,14226
2489,8542 W Bellfort Ave,Houston,TX,77071
2490,8027 Hwy 6 Ste 600,Missouri City,TX,77459
2491,8800 Katy Fwy #280,Houston,TX,77024
2492,16430 W Lake Houston Pkwy #700,Houston,TX,16430
2493,2607 North Fwy,Houston,TX,77009
2494,4922 Hwy 6 N #4904,Houston,TX,77084
2495,8191 Southwest Fwy #204,Houston,TX,77074
2496,11530 Northwest Fwy,Houston,TX,11530
2497,12569 Westheimer Rd,Houston,TX,12569
2498,15703 Longenbaugh Dr Ste J,Houston,TX,15703
2499,1447 Woodward Ave.,Detroit,MI,48226
2500,1426 Pacific Dr.,Auburn Hills,MI,48326
2501,"2601 Cambridge Ct., Suite 260",Auburn Hills,MI,48326
2502,26500 American Drive,Southfield,MI,26500
2503,"39001 W. 12 Mile Rd., Suite 200",Farmington Hills,MI,39001
2504,1630 First National Building,Detroit,MI,48226
2505,2203 Kristin Dr.,Troy,MI,48084
2506,3730 Martin St.,Detroit,MI,48210
2507,600 Lafayette East,Detroit,MI,48226
2508,1595 Ferdinand St.,Detroit,MI,48209
2509,500 Woodward Ave.,Detroit,MI,48226
2510,"91 N Saginaw St., Suite 200",Pontiac,MI,48342
2511,1502 Longfellow Ave.,Royal Oak,MI,48067
2512,"7457 Franklin Road, Suite 230",Bloomfield Hills,MI,48301
2513,14707 Keel Street,Plymouth,MI,14707
2514,"3439 Woodward Ave., Apt. 526",Detroit,MI,48201
2515,56371 Varenna Ct.,Macomb,MI,56371
2516,"440 Burroughs St., Suite 642",Detroit,MI,48202
2517,6201 Plumer St.,Detroit,MI,48209
2518,220 S Main St.,Royal Oak,MI,48067
2519,32600 Telegraph Rd.,Bingham Farms,MI,32600
2520,3700 Larkwood Ct.,Bloomfield Township,MI,48302
2521,2126 Hollywood Ave.,Grosse Pointe Woods,MI,48236
2522,"30555 Southfield Rd., Suite 520",Southfield,MI,30555
2523,3711 W. Thirteen Mile Rd.,Royal Oak,MI,48073
2524,One Dauch Drive,Detroit,MI,48211
2525,2100 Woodward Avenue,Detroit,MI,48201
2526,25225 Dequindre Road,Madison Heights,MI,25225
2527,1387 Marina Pointe,Lake Orion,MI,48362
2528,"38291 Schoolcraft Rd., Ste. 105",Livonia,MI,38291
2529,"888 W Big Beaver Rd., Suite 200",Troy,MI,48084
2530,"91 N Saginaw St., Suite 111",Pontiac,MI,48342
2531,"33533 W. 12 Mile Rd., Suite 101",Farmington Hills,MI,33533
2532,One Energy Plaza,Detroit,MI,48226
2533,"440 Burroughs St., Suite 121",Detroit,MI,48202
2534,305 W. Big Beaver Rd.,Troy,MI,48084
2535,5679 W. Vernor Hwy.,Detroit,MI,48209
2536,"615 Griswold St., Ste. 719",Detroit,MI,48226
2537,2800 High Meadow Circle,Auburn Hills,MI,48326
2538,18900 Michigan Ave.,Dearborn,MI,18900
2539,5663 E. 9 Mile Rd.,Warren,MI,48091
2540,3000 University Drive,Auburn Hills,MI,48326
2541,1670 Highwood E.,Pontiac,MI,48340
2542,"2800 Livernois Rd., Ste. 170",Troy,MI,48082
2543,29218 Cotton Road,New Baltimore,MI,29218
2544,"2761 E Jefferson Ave., Ste. 4",Detroit,MI,48207
2545,"100 W Big Beaver Rd., Suite 200",Troy,MI,48084
2546,6112 Executive Drive,Westland,MI,48185
2547,"4000 Town Center, Ste. 1800",Southfield,MI,48075
2548,"400 Maple Park Blvd., Suite 400",St. Clair Shores,MI,48081
2549,38380 Abruzzi Dr.,Westland,MI,38380
2550,100 W Big Beaver Rd.,Troy,MI,48306
2551,"3848 S. Rochester Rd., Suite 14",Rochester Hills,MI,48307
2552,"660 Woodward Ave., 2290 First National Building",Detroit,MI,48226
2553,4444 35th St.,Detroit,MI,48210
2554,27800 W Jefferson Ave.,Gibraltar,MI,27800
2555,1150 Elijah McCoy Dr.,Detroit,MI,48202
2556,1711 Junction Ave.,Detroit,MI,48209
2557,"363 W Big Beaver Rd., Suite 100",Troy,MI,48084
2558,346 Lochaven Rd.,Waterford Township,MI,48327
2559,23278 Cranbrooke Dr.,Novi,MI,23278
2560,"Pontiac, MI 48341",Detroit,MI,48341
2561,"22777 Harper Ave., Suite 207",St. Clair Shores,MI,22777
2562,415 W. 11 Mile Road,Madison Heights,MI,48071
2563,"28795 Goddard Rd., Bldg. 6 Suite 201",Romulus,MI,28795
2564,750 Tower Drive,Troy,MI,48098
2565,"150 W Jefferson Ave., Suite 2500",Detroit,MI,48226
2566,"29701 W. Six Mile Rd., Ste. 140A",Livonia,MI,29701
2567,2175 Avon Industrial Dr.,Rochester Hills,MI,48309
2568,13214 Michigan Ave.,Dearborn,MI,13214
2569,1 Concourse Dr.,Pontiac,MI,48341
2570,27000 Evergreen Rd.,Lathrup Village,MI,27000
2571,"1130 Tienken Ct., Suite 223",Rochester Hills,MI,48306
2572,9014 S Main Street,Plymouth,MI,48170
2573,"18481 W. 10 Mile Rd., Suite 202",Southfield,MI,18481
2574,14924 Hall Road,Sterling Heights,MI,14924
2575,13770 Merriman Rd.,Livonia,MI,13770
2576,"719 Griswold St., Suite 630",Detroit,MI,48226
2577,"35 W Huron St., Ste. 201",Pontiac,MI,48342
2578,"801 W. Big Beaver Rd., Suite 300",Troy,MI,48084
2579,"456 Kensington Dr., Apt. 189",Rochester Hills,MI,48307
2580,"888 W Big Beaver Rd., Ste. 200",Troy,MI,48084
2581,"1433 E Larned St., Apt. 203",Detroit,MI,48207
2582,"5958 N Canton Center Road, Suite 500",Canton,MI,48187
2583,30002 Commerce Blvd.,Chesterfield,MI,30002
2584,"13101 Eckles Road, Bldg. 3",Plymouth,MI,13101
2585,755 W. Big Beaver Rd.,Troy,MI,48084
2586,"38505 Woodward Ave., Suite 100",Bloomfield Hills,MI,38505
2587,1615 E Wattles Rd.,Troy,MI,48085
2588,"3001 W. Big Beaver Rd., Ste. 400",Troy,MI,48084
2589,800 Chrysler Dr.,Auburn Hills,MI,48326
2590,14100 33 Mile Rd.,Bruce Township,MI,14100
2591,18600 Haggerty Rd.,Livonia,MI,18600
2592,29558 English Way,Novi,MI,29558
2593,335 E Maple Rd.,Birmingham,MI,48009
2594,56851 Gratiot Avenue,Chesterfield,MI,56851
2595,29446 Somerset Dr.,Southfield,MI,29446
2596,5751 E 13 Mile Rd.,Warren,MI,48092
2597,"535 Griswold St., Suite 600",Detroit,MI,48226
2598,15701 Technology Dr.,Northville,MI,15701
2599,8111 Tireman Ave.,Dearborn,MI,48126
2600,"888 W. Big Beaver Rd., Suite 1000",Troy,MI,48084
2601,16362 Johnson Creek Drive,Northville,MI,16362
2602,2792 Quincy Dr.,Troy,MI,48085
2603,31660 John R Rd.,Madison Heights,MI,31660
2604,21516 Roosevelt Ave.,Farmington Hills,MI,21516
2605,"607 Shelby St., Suite 715",Detroit,MI,48226
2606,950 Selden St.,Detroit,MI,48201
2607,2525 Clark Street,Detroit,MI,48209
2608,"607 Shelby St., Ste. 700",Detroit,MI,48226
2609,"7752 Norse Ave., Suite B",Shelby Township,MI,48317
2610,"7020 Orchard Lake Rd., Suite 212",West Bloomfield,MI,48322
2611,25305 John R Rd.,Madison Heights,MI,25305
2612,23300 Goddard Rd.,Taylor,MI,23300
2613,6600 Schaefer Rd.,Dearborn,MI,48126
2614,"5300 Schaefer Rd., Suite B",Dearborn,MI,48126
2615,25001 Michigan Ave.,Dearborn,MI,25001
2616,10820 W Warren Ave.,Dearborn,MI,10820
2617,35830 Dequindre Rd.,Sterling Heights,MI,35830
2618,25411 W Warren Ave.,Dearborn Heights,MI,25411
2619,24724 W. Warren Ave.,Dearborn Heights,MI,24724
2620,4321 Metro Pkwy.,Sterling Heights,MI,48310
2621,5843 17 Mile Rd.,Sterling Heights,MI,48310
2622,36862 Ryan Rd.,Sterling Heights,MI,36862
2623,4220 15 Mile Rd.,Sterling Heights,MI,48310
2624,38607 Filly Drive,Sterling Heights,MI,38607
2625,"3250 W. Big Beaver Rd., Suite 342",Troy,MI,48084
2626,2456 Metropolitan Pkwy.,Sterling Heights,MI,48310
2627,33882 Dequindre Rd.,Sterling Heights,MI,33882
2628,"32000 Northwestern Hwy., Suite 120",Farmington Hills,MI,32000
2629,9400 W. Fort St.,Detroit,MI,48209
2630,24170 Sherwood St.,Center Line,MI,24170
2631,2873 Haggerty Road,Commerce Township,MI,48390
2632,29758 Southfield Rd.,Southfield,MI,29758
2633,23689 W 7 Mile Rd.,Detroit,MI,23689
2634,20727 W Seven Mile Rd.,Detroit,MI,20727
2635,2226 Inkster Rd.,Inkster,MI,48141
2636,17006 W Warren Ave.,Detroit,MI,17006
2637,32633 Cherry Hill Rd.,Westland,MI,32633
2638,12930 Beech Daly Rd.,Taylor,MI,12930
2639,21308 W McNichols Rd.,Detroit,MI,21308
2640,8973 Wayne Rd.,Livonia,MI,48150
2641,16155 Wyoming St.,Detroit,MI,16155
2642,29702 Southfield Rd.,Southfield,MI,29702
2643,8029 Agnes St.,Detroit,MI,48214
2644,6500 Woodward Ave.,Detroit,MI,48202
2645,4114 W. Vernor Hwy.,Detroit,MI,48209
2646,3362 Bagley St.,Detroit,MI,48216
2647,2650 Bagley St.,Detroit,MI,48216
2648,2443 Bagley St.,Detroit,MI,48216
2649,7934 W Vernor Hwy.,Detroit,MI,48209
2650,7340 McGraw Ave.,Detroit,MI,48210
2651,5458 W Vernor Hwy.,Detroit,MI,48209
2652,6343 Michigan Ave.,Detroit,MI,48210
2653,3345 Bagley St.,Detroit,MI,48216
2654,2244 Junction Ave.,Detroit,MI,48209
2655,4300 W Vernor Hwy.,Detroit,MI,48209
2656,1741 North Green St.,Detroit,MI,48209
2657,1068 Cresthaven Rd,Memphis,TN,38119
2658,11695 Highway 70,Arlington,TN,11695
2659,11615 Highway 70,Arlington,TN,11615
2660,1150 Germantown Parkway North,Cordova,TN,38016
2661,830 Germantown Parkway North,Cordova,TN,38016
2662,255 New Byhalia Road,Collierville,TN,38017
2663,765 West Poplar Ave,Collierville,TN,38017
2664,2050 Poplar Avenue West,Collierville,TN,38017
2665,694 Germantown Parkway North,Cordova,TN,38018
2666,880 Germantown Parkway North,Cordova,TN,38018
2667,1620 Madison Ave,Memphis,TN,38103
2668,1718 Madison Ave,Memphis,TN,38103
2669,40 North Cleveland,Memphis,TN,38104
2670,1477 Wells Station Road,Memphis,TN,38108
2671,1535 Wells Station Road,Memphis,TN,38108
2672,1308 Getwell Road,Memphis,TN,38111
2673,1414 Getwell Road,Memphis,TN,38111
2674,65 Highland Avenue South,Memphis,TN,38111
2675,1620 New Getwell Road,Memphis,TN,38111
2676,3561 Park Avenue,Memphis,TN,38111
2677,4002 Park Avenue,Memphis,TN,38111
2678,2617 Poplar Avenue,Memphis,TN,38111
2679,2877 Summer Ave,Memphis,TN,38112
2680,3019 Summer Ave,Memphis,TN,38112
2681,2366 Ketchum Road,Memphis,TN,38114
2682,6505 E. Raines Road,Memphis,TN,38115
2683,2838 Hickory Hill Road,Memphis,TN,38115
2684,3530 Hickory Hill Road,Memphis,TN,38115
2685,3699 Hickory Hill Road,Memphis,TN,38115
2686,5963 Knight Arnold Road,Memphis,TN,38115
2687,5411 Knight Arnold Road,Memphis,TN,38115
2688,5945 Knight Arnold Road,Memphis,TN,38115
2689,5967 Knight Arnold Road,Memphis,TN,38115
2690,5959 Knight Arnold Rd,Memphis,TN,38115
2691,5724 Mt Moriah,Memphis,TN,38115
2692,3151 Mendenhall South,Memphis,TN,38115
2693,3500 Mendenhall South,Memphis,TN,38115
2694,6063 Mt. Moriah Road,Memphis,TN,38115
2695,6063 Mt. Moriah Road,Memphis,TN,38115
2696,6041 Mt. Moriah Road,Memphis,TN,38115
2697,3678 Ridgeway Road,Memphis,TN,38115
2698,5744 Rayben Cir,Memphis,TN,38115
2699,3766 Ridgeway Road,Memphis,TN,38115
2700,3813 Riverdale Rd,Memphis,TN,38115
2701,4212 Winchester Road,Memphis,TN,38115
2702,5393 Winchester Road,Memphis,TN,38115
2703,5847 Winchester Road,Memphis,TN,38115
2704,6376 Winchester Road,Memphis,TN,38115
2705,6466 Winchester Road,Memphis,TN,38115
2706,6496 Winchester Road,Memphis,TN,38115
2707,6500 Winchester Road,Memphis,TN,38115
2708,6616 Winchester Road,Memphis,TN,38115
2709,6616 Winchester Road,Memphis,TN,38115
2710,6635 Winchester Road,Memphis,TN,38115
2711,6661 Winchester Road,Memphis,TN,38115
2712,3993 Lamar Avenue,Memphis,TN,38115
2713,402 Perkins Road North,Memphis,TN,38117
2714,4539 Winchester Rd,Memphis,TN,38118
2715,5163 Winchester Rd,Memphis,TN,38118
2716,4281 American Way,Memphis,TN,38118
2717,4668 American Way,Memphis,TN,38118
2718,4273 American Way,Memphis,TN,38118
2719,6084 Apple Tree,Memphis,TN,38118
2720,4771 Knight Arnold Road,Memphis,TN,38118
2721,3991 Lamar Avenue,Memphis,TN,38118
2722,2838 Mt. Moriah Road,Memphis,TN,38118
2723,3663 Cherry Rd,Memphis,TN,38118
2724,2841 Perkins Road,Memphis,TN,38118
2725,2889 Perkins Road,Memphis,TN,38118
2726,2860 Perkins Road South,Memphis,TN,38118
2727,3214 Perkins Road South,Memphis,TN,38118
2728,4299 Winchester Road,Memphis,TN,38118
2729,4430 Winchester Road,Memphis,TN,38118
2730,5689 Quince,Memphis,TN,38119
2731,5583 Murray Ave,Memphis,TN,38119
2732,665 Avon Road,Memphis,TN,38122
2733,673 Avon Road,Memphis,TN,38122
2734,681 Avon Road,Memphis,TN,38122
2735,685 Avon Road,Memphis,TN,38122
2736,3662 Macon Road,Memphis,TN,38122
2737,3896 Macon Road,Memphis,TN,38122
2738,3900 Macon Road,Memphis,TN,38122
2739,4312 Macon Road,Memphis,TN,38122
2740,681 Summer Ave,Memphis,TN,38122
2741,3937 Summer Ave,Memphis,TN,38122
2742,4069 Summer Ave,Memphis,TN,38122
2743,4090 Summer Ave,Memphis,TN,38122
2744,4090 Summer Ave,Memphis,TN,38122
2745,4091 Summer Ave,Memphis,TN,38122
2746,4774 Summer Ave,Memphis,TN,38122
2747,5110 Summer Ave,Memphis,TN,38122
2748,3987 Summer Avenue,Memphis,TN,38122
2749,4514 Summer Avenue,Memphis,TN,38122
2750,4721 Summer Ave,Memphis,TN,38122
2751,4770 Summer Avenue,Memphis,TN,38122
2752,4818 Summer Avenue,Memphis,TN,38122
2753,4894 Summer Avenue,Memphis,TN,38122
2754,5715 Summer Avenue,Memphis,TN,38122
2755,5159 Wheelies Drive,Memphis,TN,38122
2756,4511 Summer Avenue #1,Memphis,TN,38122
2757,668 Waring,Memphis,TN,38122
2758,670 Waring,Memphis,TN,38122
2759,682 Waring Road,Memphis,TN,38122
2760,3160 Austin Peay Highway,Memphis,TN,38128
2761,2532 Covington Pike,Memphis,TN,38128
2762,2829 Covington Pike,Memphis,TN,38128
2763,3024 Covington Pike,Memphis,TN,38128
2764,3030 Covington Pike,Memphis,TN,38128
2765,3960 Jackson Avenue,Memphis,TN,38128
2766,3968 Jackson Avenue,Memphis,TN,38128
2767,3970 Jackson Avenue,Memphis,TN,38128
2768,4024 Jackson Avenue,Memphis,TN,38128
2769,4122 Jackson Avenue,Memphis,TN,38128
2770,4203 Jackson Avenue,Memphis,TN,38128
2771,4209 Jackson Avenue,Memphis,TN,38128
2772,4213 Jackson Avenue,Memphis,TN,38128
2773,2204 Whitten Rd,Memphis,TN,38133
2774,2465 Whitten Rd,Memphis,TN,38133
2775,2465 Whitten Rd,Memphis,TN,38133
2776,2465 Whitten Rd,Memphis,TN,38133
2777,6194 Macon Road,Memphis,TN,38134
2778,6195 Macon Road,Memphis,TN,38134
2779,5717 Raleigh La Grange,Memphis,TN,38134
2780,5811 Stage Road,Bartlett,TN,38134
2781,6075 Stage Road,Bartlett,TN,38134
2782,2248 Whitten Rd,Memphis,TN,38134
2783,2548 Covington Pike,Memphis,TN,38134
2784,4286 Stage Road,Bartlett,TN,38134
2785,6220 Stage Road,Bartlett,TN,38134
2786,5070 Raleigh La Grange,Memphis,TN,38134
2787,5070 Raleigh La Grange,Memphis,TN,38134
2788,5070 Raleigh Lagrange,Memphis,TN,38134
2789,5070 Raleigh Lagrange,Memphis,TN,38134
2790,1920 Kirby Parkway,Memphis,TN,38138
2791,5721 Raleigh Lagrange,Germantown,TN,38138
2792,2037 Exeter Road,Memphis,TN,38138
2793,8565 Highway 51 North,Horn Lake,MS,38637
2794,7058 Highway 51 North,Horn Lake,MS,38637
2795,2500 Goodman Road West,Horn Lake,MS,38637
2796,2508 Goodman Road West,Horn Lake,MS,38637
2797,2510 Goodman Road West,Horn Lake,MS,38637
2798,1100 Ingram Blvd,West Memphis,AR,72301
2799,650 E Service Rd,West Memphis,AR,72301
2800,2369 Elvis Presley Blvd,Memphis,TN,38106
2801,392 Beale St,Memphis,TN,38103
2802,3156 Thomas St,Memphis,TN,38127
2803,3327 Winchester Rd,Memphis,TN,38118
2804,2653 Mt Moriah Rd,Memphis,TN,38115
2805,5621 Federal Ave,Memphis,TN,38118
2806,6706 Winchester Rd,Memphis,TN,38115
2807,3625 Hickory Hill Rd,Memphis,TN,38115
2808,4509 Summer Ave,Memphis,TN,38122
2809,7020 E Shelby Dr Ste 101,Memphis,TN,38125
2810,779 E Brookhaven Cir,Memphis,TN,38117
2811,775 Ridge Lake Blvd Ste 400,Memphis,TN,38120
2812,7144 Winchester Rd,Memphis,TN,38125
2813,3907 Ajanders Dr,Memphis,TN,38128
2814,1321 Loflin Rd,Aberdeen,MD,21001
2815,35 Fulford Ave Suite 100,Bel Air,MD,21014
2816,37 N Philadelphia Blvd,Aberdeen,MD,21001
2817,423 Edgewood Rd B,Edgewood,MD,21040
2818,1200 Brass Mill Rd Suite E,Belcamp,MD,21017
2819,308 S Main St,Bel Air,MD,21014
2820,3006 Churchville Rd,Churchville,MD,21028
2821,300 State Hwy 755,Edgewood,MD,21040
2822,2120 Emmorton Park Rd,Edgewood,MD,21040
2823,6 N Parke St,Aberdeen,MD,21001
2824,705 S Philadelphia Blvd,Aberdeen,MD,21001
2825,321 S Philadelphia Blvd,Aberdeen,MD,21001
2826,552 Lewis St,Havre de Grace,MD,21078
2827,208 W Bel Air Ave,Aberdeen,MD,21001
2828,1928 Pulaski Hwy Unit D,Edgewood,MD,21040
2829,2719 Pulaski Hwy Suite 2,Edgewood,MD,21040
2830,101 N Washington St,Havre de Grace,MD,21078
2831,111 S Philadelphia Blvd,Aberdeen,MD,21001
2832,425 St John St,Havre de Grace,MD,21078
2833,208 W Bel Air Ave,Aberdeen,MD,21001
2834,15 S Parke St,Aberdeen,MD,21001
2835,35 Fulford Ave,Bel Air,MD,21014
2836,2719 Pulaski Hwy Suite 5,Edgewood,MD,21040
2837,1131 Baltimore Pike Suite 202,Bel Air,MD,21014
2838,1 Barrington Rd,Bel Air,MD,21014
2839,3709 Pulaski Hwy Unit 8,Abingdon,MD,21009
2840,16 A Bel Air S Pkwy,Bel Air,MD,21015
2841,510 Pulaski Hwy,Joppatowne,MD,21085
2842,800 Maxa Rd,Aberdeen,MD,21001
2843,15 E Churchville Rd #104,Bel Air,MD,21014
2844,3709 Pulaski Hwy #5,Abingdon,MD,21009
2845,414 S Main St,Bel Air,MD,21014
2846,2017 Pulaski Hwy Suite A & B,Havre de Grace,MD,21078
2847,114 N Washington St,Havre de Grace,MD,21078
2848,2111 Laurel Bush Rd,Bel Air,MD,21015
2849,12 Medstar Blvd,Bel Air,MD,21015
2850,12 Medstar Blvd,Bel Air,MD,21015
2851,1001 Edgewood Rd,Edgewood,MD,21040
2852,15 S Parke St Suite 400,Aberdeen,MD,21001
2853,113 S Philadelphia Blvd,Aberdeen,MD,21001
2854,1001 Edgewood Rd,Edgewood,MD,21040
2855,1012 Starboard Drive,Edgewood,MD,21040
2856,604 Mulberry Ln,Edgewood,MD,21040
2857,2123 Conowingo Rd Suite 105,Bel Air,MD,21014
2858,1221 Halls Chance Lane,Belcamp,MD,21017
2859,2945 Emmorton Road Unit 266,Abingdon,MD,21009
2860,150 Royal Oak Drive,Bel Air,MD,21015
2861,317 Summer Squall Ct,Havre de Grace,MD,21078
2862,1919 Pulaski Highway,Edgewood,MD,21040
2863,2113 Emmorton Park Road Suite 100,Edgewood,MD,21040
2864,324 Park Avenue,Baltimore,MD,21201
2865,224 N Liberty Street,Baltimore,MD,21201
2866,602 N Howard Street,Baltimore,MD,21201
2867,327 Park Avenue,Baltimore,MD,21201
2868,217 W Saratoga Street,Baltimore,MD,21201
2869,328 N Eutaw Street,Baltimore,MD,21201
2870,230 N Eutaw Street,Baltimore,MD,21201
2871,231 N Eutaw Street,Baltimore,MD,21201
2872,213 W Saratoga Street,Baltimore,MD,21201
2873,401 N Eutaw Street,Baltimore,MD,21201
2874,234 Park Avenue,Baltimore,MD,21201
2875,201 W Saratoga Street,Baltimore,MD,21201
2876,223 N Eutaw Street,Baltimore,MD,21201
2877,112 W Lexington Street,Baltimore,MD,21201
2878,509 W Lexington Street,Baltimore,MD,21201
2879,214 W Saratoga Street,Baltimore,MD,21201
2880,205 W Saratoga Street,Baltimore,MD,21201
2881,110 W Lexington Street,Baltimore,MD,21201
2882,229 N Eutaw Street,Baltimore,MD,21201
2883,108 N Howard Street,Baltimore,MD,21201
2884,227 N Eutaw Street,Baltimore,MD,21201
2885,7 N Howard Street,Baltimore,MD,21201
2886,112 N Howard Street,Baltimore,MD,21201
2887,300 N Eutaw Street,Baltimore,MD,21201
2888,313 W Madison Street,Baltimore,MD,21201
2889,228 N Eutaw Street,Baltimore,MD,21201
2890,124 W Franklin Street,Baltimore,MD,21201
2891,401 N Eutaw Street,Baltimore,MD,21201
2892,225 N Paca Street,Baltimore,MD,21201
2893,501 W Lexington Street,Baltimore,MD,21201
2894,401B W Saratoga Street,Baltimore,MD,21201
2895,329 N Eutaw Street,Baltimore,MD,21201
2896,507 W Lexington Street,Baltimore,MD,21201
2897,400 W Saratoga Street,Baltimore,MD,21201
2898,225 N Howard Street,Baltimore,MD,21201
2899,203 W Saratoga Street,Baltimore,MD,21201
2900,23 N Howard Street,Baltimore,MD,21201
2901,329 W Lexington Street,Baltimore,MD,21201
2902,221 N Howard Street,Baltimore,MD,21201
2903,332 Park Avenue,Baltimore,MD,21201
2904,219 W Saratoga Street,Baltimore,MD,21201
2905,321 Park Avenue,Baltimore,MD,21201
2906,218 N Paca Street,Baltimore,MD,21201
2907,323 N Paca Street,Baltimore,MD,21201
2908,11 N Howard Street,Baltimore,MD,21201
2909,401A W Saratoga Street,Baltimore,MD,21201
2910,209 W Saratoga Street,Baltimore,MD,21201
2911,15 N Howard Street,Baltimore,MD,21201
2912,232 N Eutaw Street,Baltimore,MD,21201
2913,300 N Howard Street,Baltimore,MD,21201
2914,204 W Fayette Street,Baltimore,MD,21201
2915,521 W Lexington Street,Baltimore,MD,21201
2916,223 N Howard Street,Baltimore,MD,21201
2917,529 W Lexington Street,Baltimore,MD,21201
2918,234 N Eutaw Street,Baltimore,MD,21201
2919,215 W Saratoga Street,Baltimore,MD,21201
2920,515 W Lexington Street,Baltimore,MD,21201
2921,117 W Lexington Street,Baltimore,MD,21201
2922,505 W Lexington Street,Baltimore,MD,21201
2923,318 Park Avenue,Baltimore,MD,21201
2924,308 N Eutaw Street,Baltimore,MD,21201
2925,310 Park Avenue,Baltimore,MD,21201
2926,529 W Lexington Street,Baltimore,MD,21201
2927,104 N Howard Street,Baltimore,MD,21201
2928,111 W Saratoga Street,Baltimore,MD,21201
2929,322 W Baltimore Street,Baltimore,MD,21201
2930,427 N Eutaw Street Suite A,Baltimore,MD,21201
2931,110 N Eutaw Street,Baltimore,MD,21201
2932,227 N Howard Street,Baltimore,MD,21201
2933,231 N Howard Street,Baltimore,MD,21201
2934,19 N Howard Street,Baltimore,MD,21201
2935,300 N Howard Street,Baltimore,MD,21201
2936,108 W Lexington Street,Baltimore,MD,21201
2937,511 W Lexington Street,Baltimore,MD,21201
2938,409 W Saratoga Street,Baltimore,MD,21201
2939,519 W Lexington Street,Baltimore,MD,21201
2940,318 W Baltimore Street,Baltimore,MD,21201
2941,236 N Eutaw Street,Baltimore,MD,21201
2942,308 N Eutaw Street,Baltimore,MD,21201
2943,218 N Liberty Street,Baltimore,MD,21201
2944,206 W Saratoga Street,Baltimore,MD,21201
2945,225 Park Avenue,Baltimore,MD,21201
2946,401 W Baltimore Street,Baltimore,MD,21201
2947,415 N Paca Street,Baltimore,MD,21201
2948,315 W Franklin Street,Baltimore,MD,21201
2949,520 Park Avenue,Baltimore,MD,21201
2950,422 W Mulberry Street,Baltimore,MD,21201
2951,101 W Lexington Street,Baltimore,MD,21201
2952,324 W Baltimore Street,Baltimore,MD,21201
2953,5 N Howard Street,Baltimore,MD,21201
2954,401 W Baltimore Street,Baltimore,MD,21201
2955,413 W Baltimore Street,Baltimore,MD,21201
2956,3 N Eutaw Street,Baltimore,MD,21201
2957,316 Park Avenue,Baltimore,MD,21201
2958,102 W Clay Street,Baltimore,MD,21201
2959,429 N Eutaw Street,Baltimore,MD,21201
2960,226 N Paca Street,Baltimore,MD,21201
2961,9 N Howard Street,Baltimore,MD,21201
2962,422 N Howard Street,Baltimore,MD,21201
2963,225 N Eutaw Street,Baltimore,MD,21201
2964,210 N Paca Street,Baltimore,MD,21201
2965,321 W Madison Street,Baltimore,MD,21201
2966,318 N Howard Street,Baltimore,MD,21201
2967,113 W Saratoga Street,Baltimore,MD,21201
2968,20 Park Avenue,Baltimore,MD,21201
2969,115 W Saratoga Street,Baltimore,MD,21201
2970,322 N Howard Street,Baltimore,MD,21201
2971,114 W Mulberry Street,Baltimore,MD,21201
2972,114 N Howard Street,Baltimore,MD,21201
2973,407 W Franklin Street,Baltimore,MD,21201
2974,322 N Howard Street,Baltimore,MD,21201
2975,230 Park Avenue,Baltimore,MD,21201
2976,312 Park Avenue,Baltimore,MD,21201
2977,421 W Saratoga Street,Baltimore,MD,21201
2978,326 N Eutaw Street,Baltimore,MD,21201
2979,207 W Saratoga Street,Baltimore,MD,21201
2980,105 W Saratoga Street,Baltimore,MD,21201
2981,401 N Eutaw Street,Baltimore,MD,21201
2982,219 W Mulberry Street,Baltimore,MD,21201
2983,402 W Saratoga Street,Baltimore,MD,21201
2984,221 W Mulberry Street,Baltimore,MD,21201
2985,314 Park Avenue,Baltimore,MD,21201
2986,109 W Saratoga Street,Baltimore,MD,21201
2987,117 W Saratoga Street,Baltimore,MD,21201
2988,304 W Baltimore Street,Baltimore,MD,21201
2989,229 N Howard Street,Baltimore,MD,21201
2990,419 N Eutaw Street,Baltimore,MD,21201
2991,105 W Saratoga Street,Baltimore,MD,21201
2992,330 N Paca Street,Baltimore,MD,21201
2993,319 W Mulberry Street,Baltimore,MD,21201
2994,204 W Saratoga Street,Baltimore,MD,21201
2995,123 W Saratoga Street,Baltimore,MD,21201
2996,427 N Eutaw Street,Baltimore,MD,21201
2997,119 W Saratoga Street,Baltimore,MD,21201
2998,226 N Liberty Street,Baltimore,MD,21201
2999,325 N Howard Street,Baltimore,MD,21201
3000,210 W Saratoga Street,Baltimore,MD,21201
3001,232 N Liberty Street,Baltimore,MD,21201
3002,500 Park Avenue,Baltimore,MD,21201
3003,416 N Howard Street,Baltimore,MD,21201
3004,100 Park Avenue,Baltimore,MD,21201
3005,405 N Paca Street,Baltimore,MD,21201
3006,108 N Eutaw Street,Baltimore,MD,21201
3007,310 N Eutaw Street,Baltimore,MD,21201
3008,107 W Saratoga Street,Baltimore,MD,21201
3009,306 N Eutaw Street,Baltimore,MD,21201
3010,119 N Eutaw Street,Baltimore,MD,21201
3011,113 N Eutaw Street,Baltimore,MD,21201
3012,308 W Saratoga Street,Baltimore,MD,21201
3013,110 W Saratoga Street,Baltimore,MD,21201
3014,10 W Eager St Suite 326,Baltimore,MD,21201
3015,2200 Van Deman St Suite 300,Baltimore,MD,21224
3016,1055 Taylor Ave Suite 207,Towson,MD,21286
3017,3000 Druid Park Drive,Baltimore,MD,21215
3018,2300 York Rd Suite 208,Timonium,MD,21093
3019,145 W Ostend St Suite 600,Baltimore,MD,21230
3020,2603 Waterview Ave,Baltimore,MD,21230
3021,9631 Liberty Rd Suites F&G,Randallstown,MD,21133
3022,5968 Avalon Drive,Elkridge,MD,21075
3023,100 International Dr #2350,Baltimore,MD,21202
3024,6470 Dobbin Rd Suite B,Columbia,MD,21045
3025,1100 Wicomico Street Suite 300,Baltimore,MD,21230
3026,101 N Haven St Suite 301,Baltimore,MD,21224
3027,2930 Hammonds Ferry Rd,Baltimore,MD,21227
3028,1501 S Clinton St Suite 1302,Baltimore,MD,21224
3029,1 N Charles Street Suite 1400,Baltimore,MD,21201
3030,826 E Baltimore St,Baltimore,MD,21202
3031,100 E Pratt St 22nd Floor,Baltimore,MD,21202
3032,2322 Annapolis Road,Baltimore,MD,21230
3033,21132 Old York Road,Parkton,MD,21132
3034,1829 Reisterstown Rd Suite 350,Pikesville,MD,21208
3035,209 Homevale Rd,Reisterstown,MD,21136
3036,1812 Ridgeway Ave,Lutherville,MD,21093
3037,2115 Brigadier Blvd,Odenton,MD,21113
3038,1313 Cheswick Lane,Odenton,MD,21113
3039,6506 Park Heights Avenue Unit B,Baltimore,MD,21215
3040,14725-A Baltimore Ave,Laurel,MD,14725
3041,98 Alco Place,Halethorpe,MD,21227
3042,26 8th Street,Glen Burnie,MD,21061
3043,510 McCormick Dr Suites P-Q,Glen Burnie,MD,21061
3044,1202 Jenny Road,Bel Air,MD,21014
3045,583 Frederick Rd Suite 6B,Catonsville,MD,21228
3046,4485 Forbes Blvd,Lanham,MD,20706
3047,6755 Business Parkway,Elkridge,MD,21075
3048,1 Hazel Avenue,Farmingdale,NY,11735
3049,9010 195th Street,Hollis,NY,11423
3050,36 New Hyde Park Road,Franklin Square,NY,11010
3051,3801 23 Avenue Suite 311,Astoria,NY,11105
3052,77-13 25th Avenue,East Elmhurst,NY,11370
3053,89-04 130th Street,Richmond Hill,NY,11418
3054,104 Charlotte Avenue,Hicksville,NY,11801
3055,218-10 Hillside Ave,Queens Village,NY,11427
3056,11919 192nd Street,Saint Albans,NY,11919
3057,2714 39th Avenue,Long Island City,NY,11101
3058,26-14 123rd Street,Flushing,NY,11354
3059,74-03 71st Avenue,Middle Village,NY,11379
3060,101 New South Rd,Hicksville,NY,11801
3061,117-02 Atlantic Avenue,South Richmond Hill,NY,11419
3062,640 Parkside Avenue Suite 501,Brooklyn,NY,11226
3063,358 Legion Street,Brooklyn,NY,11212
3064,166 East Industrial Loop,Staten Island,NY,10309
3065,640 Parkside Avenue Suite 401,Brooklyn,NY,11226
3066,71-05 Metropolitan Avenue,Middle Village,NY,11379
3067,2929 Third Avenue 4th Floor,Bronx,NY,10455
3068,112-52 Guy R Brewer Blvd,Jamaica,NY,11433
3069,32-27 105th St,East Elmhurst,NY,11369
3070,4016 Church Avenue Suite A,Brooklyn,NY,11203
3071,340 W 42nd St Unit 477,New York,NY,10108
3072,2737 Ocean Ave Suite 2A,Brooklyn,NY,11229
3073,200-06 Linden Blvd 1st Floor,Saint Albans,NY,11412
3074,612 Corporate Way,Valley Cottage,NY,10989
3075,120 Otis Street,West Babylon,NY,11704
3076,239 Lexington Ave,Mount Kisco,NY,10549
3077,132-02 89th Avenue Suite 222,Jamaica,NY,11418
3078,15 Garfield Ave,Bay Shore,NY,11706
3079,32-08 38th Ave 2nd Floor,Long Island City,NY,11101
3080,3550 White Plains Rd Suite 9,Bronx,NY,10467
3081,1384 Broadway Suite 604,New York,NY,10018
3082,114 West 26th Street 9th Floor,New York,NY,10001
3083,155 Tompkins Ave,Brooklyn,NY,11206
3084,2568 E 17th St Suite 101,Brooklyn,NY,11235
3085,101 Bay Ave,Hicksville,NY,11801
3086,2237 Schenectady Ave,Brooklyn,NY,11234
3087,88 Grattan St,Brooklyn,NY,11237
3088,420 W 49th St Front 1,New York,NY,10019
3089,68 Prospect Ave,Ossining,NY,10562
3090,1833 Bathgate Ave,Bronx,NY,10457
3091,464 S 10th Ave,Mount Vernon,NY,10550
3092,1076 Castleton Ave,Staten Island,NY,10310
3093,540 Manida St,Bronx,NY,10474
3094,932 Nostrand Ave,Brooklyn,NY,11225
3095,30 Summit Ave,Staten Island,NY,10306
3096,1510 Surprise St,Elmont,NY,11003
3097,37-20 34th St,Long Island City,NY,11101
3098,150 South Terrace Ave,Mount Vernon,NY,10550
3099,232-06 121st Ave,Cambria Heights,NY,11411
3100,14-37 30th Rd,Astoria,NY,11102
3101,9-11 40 Avenue,Long Island City,NY,11101
3102,715 Church Ave,Brooklyn,NY,11218
3103,404 W 145th Street,New York,NY,10031
3104,1439 Bassett Ave,Bronx,NY,10461
3105,156-15 146th Ave Suite 206,Jamaica,NY,11434
3106,34-11 10th Street,Astoria,NY,11106
3107,34-18 Northern Blvd 1st Floor,Long Island City,NY,11101
3108,220 36th St Suite B-538 Mailbox 29,Brooklyn,NY,11232
3109,370 E 149th Street 3rd Floor Suite 2,Bronx,NY,10455
3110,112-33 Guy R. Brewer Blvd,Jamaica,NY,11433
3111,2350 Rugby Street,East Meadow,NY,11554
3112,145-33 228 Street,Springfield Gardens,NY,11413
3113,3271 43rd Street Apt 2R,Astoria,NY,11103
3114,21 Dodworth St,Brooklyn,NY,11221
3115,2845 Briggs Ave,Bronx,NY,10458
3116,105-17 Jamaica Avenue,Richmond Hill,NY,11418
3117,291 Broadway,New York,NY,10007
3118,31 Brighton 8th Place,Brooklyn,NY,11235
3119,1841 Steinway Street,Astoria,NY,11105
3120,140 Miller Place,Hicksville,NY,11801
3121,4235 Katonah Ave,Bronx,NY,10470
3122,4120 46th St Suite 4B,Sunnyside,NY,11104
3123,370 E 146 Street,Bronx,NY,10455
3124,2861 Bruckner Blvd Suite 3,Bronx,NY,10465
3125,95 S 2nd Street Suite 203,Bay Shore,NY,11706
3126,13219 107th Street,Ozone Park,NY,13219
3127,1320 Beach Avenue,Bronx,NY,10472
3128,57-12 Grand Avenue,Maspeth,NY,11378
3129,300 Northern Blvd Suite 201,Great Neck,NY,11021
3130,749 E 135th Street Office 209,Bronx,NY,10454
3131,491 East 166th Street,Bronx,NY,10456
3132,231 W 29th Street Suite 305,New York,NY,10001
3133,79-45 77th Avenue,Glendale,NY,11385
3134,41 Springer Avenue,Yonkers,NY,10704
3135,224 Dahill Road Suite 2,Brooklyn,NY,11218
3136,1094 Utica Avenue,Brooklyn,NY,11203
3137,215-20 43rd Ave,Bayside,NY,11361
3138,18-44 123rd Street,College Point,NY,11356
3139,280 N Columbus Avenue,Freeport,NY,11520
3140,1261 Theriot Ave,Bronx,NY,10472
3141,576 Cary Ave,Staten Island,NY,10310
3142,30 Railroad Ave,Copiague,NY,11726
3143,2251 Schenectady Avenue,Brooklyn,NY,11234
3144,129-09 26th Ave Suite C,Flushing,NY,11354
3145,2612 Borough Place Suite 3A,Woodside,NY,11377
3146,1412 Gravesend Neck Road,Brooklyn,NY,11229
3147,2761 Bath Ave Unit B2,Brooklyn,NY,11224
3148,150-80 70th Road Floor 3,Flushing,NY,11367
3149,357 Herkimer Street,Brooklyn,NY,11216
3150,516 Industrial Loop Suite 201,Staten Island,NY,10309
3151,30-49 72nd St,East Elmhurst,NY,11370
3152,112-20 14th Avenue,College Point,NY,11356
3153,1688 Utica Avenue 2nd Floor,Brooklyn,NY,11234
3154,1765 Stillwell Avenue,Brooklyn,NY,11223
3155,1101 East Gun Hill Road,Bronx,NY,10469
3156,2614 W 13th St,Brooklyn,NY,11223
3157,220-11 139th Ave,Laurelton,NY,11413
3158,4 Pinehurst Drive,Bellport,NY,11713
3159,68 Horseblock Road,Centereach,NY,11720
3160,95-44 115 St,South Richmond Hill,NY,11419
3161,1358 Kitchawan Road,Ossining,NY,10562
3162,1106 East 43rd Street,Brooklyn,NY,11210
3163,1420 White Plains Rd Apt 1,Bronx,NY,10462
3164,33 Dayton Street,Westbury,NY,11590
3165,616 E9th Street Storefront East,New York,NY,10009
3166,4020 Broadway Avenue,New York,NY,10032
3167,148 George Street,Brooklyn,NY,11237
3168,159 21st Street,Brooklyn,NY,11232
3169,1033 86th Street,Brooklyn,NY,11228
3170,34 Evans Street 2nd Floor,New Rochelle,NY,10801
3171,188-42 Mnagin Ave,Saint Albans,NY,11412
3172,100 North 3rd,Brooklyn,NY,11249
3173,587 Riverside Drive Apt 4D,New York,NY,10031
3174,2465 Tratman Avenue Unit 6D,Bronx,NY,10461
3175,115-38 222nd Street,Cambria Heights,NY,11411
3176,459 East 149th Street,Bronx,NY,10455
3177,420 Carlton Ave 3rd Floor,Brooklyn,NY,11238
3178,303 125 College Point,College Point,NY,11356
3179,2099 9th Avenue,New York,NY,10027
3180,172-70 Highland Avenue Apt 7T,Jamaica,NY,11432
3181,1500 Lexington Ave,New York,NY,10029
3182,11 Bittercrest Ct,New York,NY,10025
3183,213-08 99th Avenue,Queens Village,NY,11429
3184,619 Oakside Road,New York,NY,10026
3185,1140 East 92nd Street,Brooklyn,NY,11236
3186,71 Hobson St,Staten Island,NY,10314
3187,3084 Coney Island Avenue,Brooklyn,NY,11235
3188,538 Throggs Neck Expwy Suite 2,Bronx,NY,10465
3189,236 W 27th Street Suite 802,New York,NY,10001
3190,22 Beaver Street,New York,NY,10004
3191,54 Pyngyp Rd,Stony Point,NY,10980
3192,100 Duffy Avenue Suite 510,Hicksville,NY,11801
3193,500 College Road East Suite 225,Princeton,NJ,08540
3194,300-2 State Route 17 S Suite 3,Lodi,NJ,07644
3195,107 67th Street,West New York,NJ,07093
3196,60 Fadem Road,Springfield,NJ,07081
3197,420 Park Ave,Perth Amboy,NJ,08862
3198,250 44th St #211,Brooklyn,NY,
3199,747 New Lots Ave,Brooklyn,NY,
3200,166 21st St Suite 201,Brooklyn,NY,
3201,9819 Avenue K,Brooklyn,NY,
3202,1134 Stanley Ave,Brooklyn,NY,
3203,1087 Rutland Rd,Brooklyn,NY,
3204,535 Flatbush Ave,Brooklyn,NY,
3205,139 Clifton Pl,Brooklyn,NY,
3206,259 E 92nd St,Brooklyn,NY,
3207,441 Marcus Garvey Blvd,Brooklyn,NY,
3208,3504 Church Ave,Brooklyn,NY,
3209,5502 Kings Hwy,Brooklyn,NY,
3210,115 York St 1st floor,Brooklyn,NY,
3211,79 West St,Brooklyn,NY,
3212,426 Rockaway Pkwy g2,Brooklyn,NY,
3213,232 Varet St,Brooklyn,NY,
3214,569 Grand Ave,Brooklyn,NY,
3215,4140 1st Ave,Brooklyn,NY,
3216,276 Knickerbocker Ave,Brooklyn,NY,
3217,583 Sutter Ave,Brooklyn,NY,
3218,900 Fulton St,Brooklyn,NY,
3219,"BKLYN Commons, 495 Flatbush Ave",Brooklyn,NY,
3220,545 Bradford St,Brooklyn,NY,
3221,129 Havemeyer St,Brooklyn,NY,
3222,41 Flatbush Ave Floor 1 PMB 765,Brooklyn,NY,
3223,2601 Pitkin Ave,Brooklyn,NY,
3224,"Storefront #4, 165 Willoughby St",Brooklyn,NY,
3225,175 Pearl St,Brooklyn,NY,
3226,2219 Avenue X,Brooklyn,NY,
3227,1900 Flatbush Ave,Brooklyn,NY,
3228,746 Utica Ave,Brooklyn,NY,
3229,320 Franklin Ave,Brooklyn,NY,
3230,157 Washington Park,Brooklyn,NY,
3231,14 Paerdegat 8th St,Brooklyn,NY,
3232,6502 11th Ave,Brooklyn,NY,
3233,495 Flatbush Ave Suite 54,Brooklyn,NY,
3234,225 Montauk Ave,Brooklyn,NY,
3235,391 Arlington Ave,Brooklyn,NY,
3236,851 Utica Ave,Brooklyn,NY,
3237,643 Decatur St,Brooklyn,NY,
3238,4 Newkirk Plaza,Brooklyn,NY,
3239,12 Wyckoff Ave,Brooklyn,NY,
3240,1247 37th St,Brooklyn,NY,
3241,5512 Snyder Ave,Brooklyn,NY,
3242,794 Washington Ave,Brooklyn,NY,
3243,1322 Troy Ave,Brooklyn,NY,
3244,250a E 88th St,Brooklyn,NY,
3245,155 Water St,Brooklyn,NY,
3246,3440A Atlantic Ave,Brooklyn,NY,
3247,220 Atlantic Ave,Brooklyn,NY,
3248,2708 Glenwood Rd,Brooklyn,NY,
3249,750 Classon Ave,Brooklyn,NY,
3250,2618 Cortelyou Rd,Brooklyn,NY,
3251,823b Park Pl,Brooklyn,NY,
3252,9060 Fort Hamilton Pkwy,Brooklyn,NY,
3253,12 Columbia Pl,Brooklyn,NY,
3254,227 Prospect Park W,Brooklyn,NY,
3255,225 Stanhope St,Brooklyn,NY,
3256,835 Classon Ave,Brooklyn,NY,
3257,227 DeKalb Ave,Brooklyn,NY,
3258,1414 Bergen St,Brooklyn,NY,
3259,54 Kosciuszko St,Brooklyn,NY,
3260,1466 E 89th St,Brooklyn,NY,
3261,2602 Avenue U #1012,Brooklyn,NY,
3262,2918 Avenue I #1091,Brooklyn,NY,
3263,1148 Union St,Brooklyn,NY,
3264,131 Wyckoff Ave,Brooklyn,NY,
3265,5366 Kings Hwy,Brooklyn,NY,
3266,3051 Ocean Ave apt C6,Brooklyn,NY,
3267,2916 Brighton 8th St,Brooklyn,NY,
3268,4204 Avenue J,Brooklyn,NY,
3269,395 Gateway Dr #176,Brooklyn,NY,
3270,252 Knickerbocker Ave,Brooklyn,NY,
3271,234 3rd Ave 3rd floor,Brooklyn,NY,
3272,1263 Ralph Ave,Brooklyn,NY,
3273,498 E 40th St,Brooklyn,NY,
3274,1144 Nostrand Ave,Brooklyn,NY,
3275,212 Patchen Ave,Brooklyn,NY,
3276,154 South 3rd Street,Brooklyn,NY,
3277,777 St Marks Ave #1c,Brooklyn,NY,
3278,67 Hanson Pl,Brooklyn,NY,
3279,115 Montague St,Brooklyn,NY,
3280,"Green Spa Facilities, 8804 3rd Ave",Brooklyn,NY,
3281,6 Kingston Ave,Brooklyn,NY,
3282,853 Troy Ave,Brooklyn,NY,
3283,12 Park St,Brooklyn,NY,
3284,76 Saint Marks Avenue,Brooklyn,NY,
3285,388 Avenue X Suite 4K,Brooklyn,NY,
3286,801 Van Siclen Ave,Brooklyn,NY,
3287,796 Saratoga Ave,Brooklyn,NY,
3288,195 Broadway 4th Floor,Brooklyn,NY,
3289,8801 3rd Ave,Brooklyn,NY,
3290,182 Bristol St,Brooklyn,NY,
3291,267 Bond St,Brooklyn,NY,
3292,6225 New Utrecht Ave,Brooklyn,NY,
3293,910 Grand St STUDIO E,Brooklyn,NY,
3294,921 Cleveland St,Brooklyn,NY,
3295,636 Brooklyn Ave,Brooklyn,NY,
3296,303 E 54th St,Brooklyn,NY,
3297,95 South 2nd St,Brooklyn,NY,
3298,649 Morgan Avenue,Brooklyn,NY,
3299,1228 Sterling Pl,Brooklyn,NY,
3300,1079 Utica Ave,Brooklyn,NY,
3301,3080 Fulton St,Brooklyn,NY,
3302,447 Avenue P,Brooklyn,NY,
3303,923 Livonia Ave,Brooklyn,NY,
3304,1 Main St apt 1,Brooklyn,NY,
3305,20 Jay St,Brooklyn,NY,
3306,251 Huron St,Brooklyn,NY,
3307,349 Bergen St,Brooklyn,NY,
3308,117 14th St,Brooklyn,NY,
3309,497 Eastern Pkwy,Brooklyn,NY,
3310,213 Court St,Brooklyn,NY,
3311,100 Linden Blvd,Brooklyn,NY,
3312,32 Stuyvesant Ave 2nd floor,Brooklyn,NY,
3313,1646 Remsen Ave,Brooklyn,NY,
3314,155 Water St,Brooklyn,NY,
3315,240 Cozine Ave,Brooklyn,NY,
3316,755 Flatbush Ave,Brooklyn,NY,
3317,452 Alabama Ave,Brooklyn,NY,
3318,225 Montauk Ave,Brooklyn,NY,
3319,33 35th St Suite A404,Brooklyn,NY,
3320,751 Linden Blvd,Brooklyn,NY,
3321,1343 Greene Ave,Brooklyn,NY,
3322,355 Utica Ave,Brooklyn,NY,
3323,1076 Rutland Rd,Brooklyn,NY,
3324,1530 Pennsylvania Ave,Brooklyn,NY,
3325,315 E 37th St,Brooklyn,NY,
3326,2118-2126 Ford St,Brooklyn,NY,
3327,31 Garden Pl,Brooklyn,NY,
3328,71 5th Ave,Brooklyn,NY,
3329,58 S 6th St,Brooklyn,NY,
3330,130 Clymer St,Brooklyn,NY,
3331,310 Nostrand Ave,Brooklyn,NY,
3332,302 Marcus Garvey Blvd,Brooklyn,NY,
3333,921 E 86th St,Brooklyn,NY,
3334,"Vanderbilt Plaza, 34 Plaza St E",Brooklyn,NY,
3335,155 Water St,Brooklyn,NY,
3336,44 Court St #1217,Brooklyn,NY,
3337,32 Court St Suite 904,Brooklyn,NY,
3338,2250 Emmons Ave,Brooklyn,NY,
3339,459 New Lots Ave,Brooklyn,NY,
3340,469 Dekalb Ave,Brooklyn,NY,
3341,409 Lewis Ave,Brooklyn,NY,
3342,417 Newport St,Brooklyn,NY,
3343,10516 Flatlands 5th St,Brooklyn,NY,10516
3344,12 Park St,Brooklyn,NY,
3345,368a Decatur St,Brooklyn,NY,
3346,90 Henry St,Brooklyn,NY,
3347,1112 Fulton Street,Brooklyn,NY,
3348,32 Court St Suite 904,Brooklyn,NY,
3349,32 Newkirk Plaza,Brooklyn,NY,
3350,2076 Flatbush Ave 2nd Floor,Brooklyn,NY,
3351,884 New Lots Ave,Brooklyn,NY,
3352,97 N 10th St,Brooklyn,NY,
3353,1739 Troy Ave,Brooklyn,NY,
3354,232 Varet St,Brooklyn,NY,
3355,1614 Fulton St,Brooklyn,NY,
3356,550 DeKalb Ave,Brooklyn,NY,
3357,1116 Avenue U,Brooklyn,NY,
3358,291 Nevins St,Brooklyn,NY,
3359,1837 Coney Island Ave,Brooklyn,NY,
3360,147 Prince St,Brooklyn,NY,
3361,147 Prince St,Brooklyn,NY,
3362,67 West St,Brooklyn,NY,
3363,814 64th St,Brooklyn,NY,
3364,55 Water St,Brooklyn,NY,
3365,1 Troy Ave,Brooklyn,NY,
3366,64 Henry St,Brooklyn,NY,
3367,323 Scholes St,Brooklyn,NY,
