id,name,city,state,listing_status,status,category,subcategory,address,website,phone,latitude,longitude,created_date
80da276d-923b-44b7-bec9-c83bcf5697f0,Abington Black Law Group,Abington,PA,live_unclaimed,active,Professional Services,Family Law / Estate Attorney,1200 Edge Hill Rd Suite 201,,,40.119800,-75.120100,Tue Aug 11 2026 00:00:00 GMT+0000 (Coordinated Universal Time)
31cda334-9b42-4cce-b0cb-7d3d0a01d983,Abington Dental Associates — Diverse Community,Abington,PA,live_unclaimed,active,Health & Wellness,Dental,1200 Old York Rd,,,40.121200,-75.118100,Tue Aug 11 2026 00:00:00 GMT+0000 (Coordinated Universal Time)
0dd5c471-0839-48ca-b14d-552178686133,Abington Mental Health — BIPOC Affirming,Abington,PA,live_unclaimed,active,Health & Wellness,Mental Health Counseling,1011 Old York Rd Suite 201,,,40.118900,-75.119800,Tue Aug 11 2026 00:00:00 GMT+0000 (Coordinated Universal Time)
8cf8eeb7-d1bc-49ec-b29c-4ac0a2185e63,AnBrea's Beauty Salon,Abington,PA,live_unclaimed,active,Beauty & Personal Care,Black Hair Salon,"Abington, PA 19001",,,40.125700,-75.126200,Wed Aug 12 2026 00:00:00 GMT+0000 (Coordinated Universal Time)
61ec2bfc-06f0-42eb-ae71-b03b2c63664f,StyleAndBeauty Bar,Abington,PA,live_unclaimed,active,Beauty & Personal Care,Salon & Beauty Supply,"Abington, PA 19001",,,40.125700,-75.126200,Wed Aug 12 2026 00:00:00 GMT+0000 (Coordinated Universal Time)
5fac20af-1d38-484c-8cc8-0d8957dcf478,Alfred Street Baptist Church,Alexandria,VA,live_unclaimed,active,Faith & Spirituality,Baptist,301 S Alfred St,,,38.804900,-77.055800,Mon Aug 10 2026 00:00:00 GMT+0000 (Coordinated Universal Time)
e69d6b41-115a-4b89-9ac2-c4ee90a07687,Raymon Frazier CPA — Tax & Accounting,Alexandria,VA,live_unclaimed,active,Professional Services,CPA & Accounting,2800 Eisenhower Ave,,,38.824000,-77.071900,Mon Aug 10 2026 00:00:00 GMT+0000 (Coordinated Universal Time)
3d88b763-a470-42ea-9c95-459ae35ab11b,7th Street Community Childcare,Allentown,PA,live_unclaimed,active,Childcare & Early Education,Bilingual Daycare,921 N 7th St,,,40.612500,-75.483600,Tue Aug 11 2026 00:00:00 GMT+0000 (Coordinated Universal Time)
01d9601f-7185-4b3d-8c03-cb54944a4d4b,7th Street Community Dental — Allentown,Allentown,PA,live_unclaimed,active,Health & Wellness,Dental,830 N 7th St,,,40.612100,-75.483200,Tue Aug 11 2026 00:00:00 GMT+0000 (Coordinated Universal Time)
6edb7620-4c3f-490b-a878-d4415967786f,Allentown Arabic Dental Care,Allentown,PA,live_unclaimed,active,Health & Wellness,Dental,2218 W Tilghman St,,,40.596800,-75.512100,Tue Aug 11 2026 00:00:00 GMT+0000 (Coordinated Universal Time)
7b40098b-0fff-48cd-aee2-8e799b3327e9,Allentown Criminal Defense — Black & Latino Community,Allentown,PA,live_unclaimed,active,Professional Services,Criminal Defense Attorney,555 Hamilton St Suite 700,,,40.604800,-75.485500,Tue Aug 11 2026 00:00:00 GMT+0000 (Coordinated Universal Time)
8caf2b6a-ecbd-493d-addf-6ce1762b35be,Allentown Immigration Law — Puerto Rican Community,Allentown,PA,live_unclaimed,active,Professional Services,Immigration / Family Law Attorney,702 Hamilton St Suite 300,,,40.605400,-75.484300,Tue Aug 11 2026 00:00:00 GMT+0000 (Coordinated Universal Time)
9aa21ec3-545b-4331-b1d4-83a9a2e8824c,Allentown Latino Auto Repair,Allentown,PA,live_unclaimed,active,Professional Services,Auto Repair,1012 N 7th St,,,40.613300,-75.483500,Tue Aug 11 2026 00:00:00 GMT+0000 (Coordinated Universal Time)
21f5ea69-f44c-4048-a136-d667ee11a25a,Allentown Latino Plumbing,Allentown,PA,live_unclaimed,active,Professional Services,Plumbing,1118 N 7th St,,,40.613800,-75.483400,Tue Aug 11 2026 00:00:00 GMT+0000 (Coordinated Universal Time)
0b477fe8-dafc-44a4-a8b4-85dc945601b7,Allentown Social — Live Music Bar,Allentown,PA,live_unclaimed,active,Entertainment & Recreation,Bar / Live Music,802 Hamilton St,,,40.605800,-75.483600,Tue Aug 11 2026 00:00:00 GMT+0000 (Coordinated Universal Time)
47f0c440-2c0d-43ba-b235-89f00d125654,Ayat,Allentown,PA,live_unclaimed,active,Food,Middle Eastern,"1243 W Tilghman Street, Allentown, PA 18102",,,40.608400,-75.490200,Sat Aug 08 2026 00:00:00 GMT+0000 (Coordinated Universal Time)
f888d168-8952-469e-a40c-5cbd81fed5a4,Braza & Candela,Allentown,PA,live_unclaimed,active,Food,Food,"Allentown, PA",,,40.608400,-75.490200,Sat Aug 08 2026 00:00:00 GMT+0000 (Coordinated Universal Time)
15917825-780f-4fa7-9317-f7d3ed65dd55,El Barrio Social Club — Allentown,Allentown,PA,live_unclaimed,active,Entertainment & Recreation,Latin Bar / Social Club,1203 Hamilton St,,,40.607400,-75.480800,Tue Aug 11 2026 00:00:00 GMT+0000 (Coordinated Universal Time)
67d9aa29-296c-482e-801c-2cfbff7d81fd,GQ'S Soul Kitchen,Allentown,PA,live_unclaimed,active,Food,Soul Food,"Allentown, PA 18103",,,40.608400,-75.490200,Sat Aug 08 2026 00:00:00 GMT+0000 (Coordinated Universal Time)
64d7a5c3-b29e-4026-a3a5-457b26b13634,Hamilton Street Bilingual Learning Center,Allentown,PA,live_unclaimed,active,Childcare & Early Education,Bilingual Daycare,1456 Hamilton St,,,40.608500,-75.478100,Tue Aug 11 2026 00:00:00 GMT+0000 (Coordinated Universal Time)
af66116c-eab1-412b-a0ff-a55c44a85d67,Hamilton Street Dental — Bilingual,Allentown,PA,live_unclaimed,active,Health & Wellness,Dental,1242 Hamilton St,,,40.607900,-75.480200,Tue Aug 11 2026 00:00:00 GMT+0000 (Coordinated Universal Time)
80693ca7-d99d-4345-a0ea-a0dcdb0d4ee3,Hamilton Street Tax Center,Allentown,PA,live_unclaimed,active,Professional Services,Tax Preparation,1318 Hamilton St,,,40.608100,-75.479600,Tue Aug 11 2026 00:00:00 GMT+0000 (Coordinated Universal Time)
72bf21a2-79ee-4ad7-bad7-8009fa173cfe,La Placita Mexico,Allentown,PA,live_unclaimed,active,Food,Mexican,"Allentown, PA",,,40.608400,-75.490200,Sat Aug 08 2026 00:00:00 GMT+0000 (Coordinated Universal Time)
a2a55abb-9e00-4046-bc26-6e89c5dbbbd8,Las Palmas Restaurant,Allentown,PA,live_unclaimed,active,Food,Food,"959 W Turner St, Allentown, PA",,,40.608400,-75.490200,Sat Aug 08 2026 00:00:00 GMT+0000 (Coordinated Universal Time)
b8c86d34-f0f1-432a-a1c0-de07ac68e504,Lehigh Valley Black Electric,Allentown,PA,live_unclaimed,active,Professional Services,Electrical,2012 Gordon St,,,40.602100,-75.488200,Tue Aug 11 2026 00:00:00 GMT+0000 (Coordinated Universal Time)
7abc8b23-4734-40f8-a43c-124aef1c84b5,Lehigh Valley Latino Mental Health,Allentown,PA,live_unclaimed,active,Health & Wellness,Mental Health Counseling,1234 Hamilton St Suite 201,,,40.607700,-75.480500,Tue Aug 11 2026 00:00:00 GMT+0000 (Coordinated Universal Time)
00ba8594-67fc-4a8b-a6ec-ff50a6619bbe,North Side Dental — Allentown,Allentown,PA,live_unclaimed,active,Health & Wellness,Dental,1521 Linden St,,,40.614200,-75.485100,Tue Aug 11 2026 00:00:00 GMT+0000 (Coordinated Universal Time)
6c812b68-b433-47c9-b1c1-e0b9a1e41e09,North Side Head Start — Allentown,Allentown,PA,live_unclaimed,active,Childcare & Early Education,Head Start,1601 Walnut St,,,40.613900,-75.487100,Tue Aug 11 2026 00:00:00 GMT+0000 (Coordinated Universal Time)
b41f3a23-70f6-4fa5-9b0d-c325d3c52326,Rice Family,Allentown,PA,live_unclaimed,active,Food,Food,"2952 Lehigh St, Allentown, PA 18103",,,40.608400,-75.490200,Sat Aug 08 2026 00:00:00 GMT+0000 (Coordinated Universal Time)
1b5ca426-14bc-4008-b03e-592f39da2283,Sahara Mediterranean Cuisine,Allentown,PA,live_unclaimed,active,Food,Middle Eastern,"5661 Hamilton Blvd, Allentown, PA",,,40.608400,-75.490200,Sat Aug 08 2026 00:00:00 GMT+0000 (Coordinated Universal Time)
5dc58100-aab9-49ca-b96b-3e2f2cf8905d,This Life Forever,Allentown,PA,live_unclaimed,active,Food,Food,"Allentown, PA",,,40.608400,-75.490200,Sat Aug 08 2026 00:00:00 GMT+0000 (Coordinated Universal Time)
e692e24d-6677-43e2-9f23-eb425454405a,Yemeni Family Daycare — Allentown,Allentown,PA,live_unclaimed,active,Childcare & Early Education,Bilingual Family Daycare,2104 W Tilghman St,,,40.597100,-75.510100,Tue Aug 11 2026 00:00:00 GMT+0000 (Coordinated Universal Time)
f69d37e7-05db-4f1c-991c-7b0d8c1d0b14,Indian Cultural Association — Atlanta,Alpharetta,GA,live_unclaimed,active,Community Organizations,Indian Cultural Organization,Alpharetta,,,34.075400,-84.294100,Tue Aug 11 2026 00:00:00 GMT+0000 (Coordinated Universal Time)
7ef430f5-69d4-4b64-943f-2151a0993318,Handi Boyz,Ambler,PA,live_unclaimed,active,Home & Trades,General Contractor,"Ambler, PA 19002",,,40.152800,-75.224500,Wed Aug 12 2026 00:00:00 GMT+0000 (Coordinated Universal Time)
9abf1b95-12b7-45eb-b127-2a1d946ba9bd,Jay Bharat Restaurant,Artesia,CA,live_unclaimed,active,Food,Indian Vegetarian,18701 Pioneer Blvd,,,33.869500,-118.075600,Tue Aug 11 2026 00:00:00 GMT+0000 (Coordinated Universal Time)
997ade60-b6e4-49ff-ba9b-80bb865051e4,Rajdhani Restaurant,Artesia,CA,live_unclaimed,active,Food,Indian Thali,18928 Pioneer Blvd,,,33.870000,-118.073700,Tue Aug 11 2026 00:00:00 GMT+0000 (Coordinated Universal Time)
88b9268f-f72d-4abc-bdee-39d9a0872e6c,Surati Farsan Mart,Artesia,CA,live_unclaimed,active,Food,Indian Gujarati,18640 Pioneer Blvd,,,33.869600,-118.077300,Tue Aug 11 2026 00:00:00 GMT+0000 (Coordinated Universal Time)
637a01fb-3bbb-4f68-8972-bba666814a3d,44th & 3rd Bookseller,Atlanta,GA,live_unclaimed,active,Retail,Bookstore,"451 Lee St SW, Atlanta, GA 30310",,,33.749000,-84.388000,Sat Aug 08 2026 00:00:00 GMT+0000 (Coordinated Universal Time)
53d039a7-a78e-4dc3-9006-c9c052750685,Addis Ababa Ethiopian Grocery & Café,Atlanta,GA,live_unclaimed,active,Food,Ethiopian,(Various locations/pop-ups in the Ethiopian community hubs),,,33.749000,-84.388000,Sat Aug 08 2026 00:00:00 GMT+0000 (Coordinated Universal Time)
dd7d25e7-8283-4632-99d1-13342a4633d2,African Hair Braiding on Buford Hwy,Atlanta,GA,live_unclaimed,active,Beauty & Personal Care,African Hair Braiding,3730 Buford Hwy NE,,,33.857800,-84.327200,Tue Aug 11 2026 00:00:00 GMT+0000 (Coordinated Universal Time)
15,Afro-Fusion Braiding Studio,Atlanta,GA,permanently_hidden,active,Beauty & Personal Care,Hair Braiding,742 Sweet Auburn Ave NE,,(404) 555-0751,33.753800,-84.377300,Thu Jun 18 2026 00:00:00 GMT+0000 (Coordinated Universal Time)
5031ffa7-c4fa-4b99-a97b-bdd1eb332c07,Al-Farooq Masjid of Atlanta,Atlanta,GA,live_unclaimed,active,Faith & Spirituality,Islamic Center,442 14th St NW,,,33.789400,-84.402200,Mon Aug 10 2026 00:00:00 GMT+0000 (Coordinated Universal Time)
96a162a9-8a75-46f7-99f7-d0b54bb9d69a,APEX Museum (African American Panoramic Experience),Atlanta,GA,live_unclaimed,active,Arts & Culture,History Museum,135 Auburn Ave NE,https://apexmuseum.org,,33.751900,-84.380000,Tue Aug 11 2026 00:00:00 GMT+0000 (Coordinated Universal Time)
a7fe8382-6583-431e-ae8c-f769fed6640f,Arepa Mia,Atlanta,GA,live_unclaimed,active,Food,Mexican,"10 N Clarendon Ave, Avondale Estates, GA 30002",,,33.749000,-84.388000,Sat Aug 08 2026 00:00:00 GMT+0000 (Coordinated Universal Time)
580ade78-441f-48ef-8488-2aa8d1b0c833,Atlanta Center for Independent Living,Atlanta,GA,live_unclaimed,active,Children & Family,Accessibility & Disability Services,1201 Glenwood Ave SE,https://www.acilc.org,,33.741100,-84.362000,Mon Aug 10 2026 00:00:00 GMT+0000 (Coordinated Universal Time)
43dd5bbd-f16b-4de5-9ada-90a86e3bb396,Atlanta Dermatology & Skin Care,Atlanta,GA,live_unclaimed,active,Health & Wellness,Dermatology,1140 Hammond Dr NE,,,33.918000,-84.351300,Mon Aug 10 2026 00:00:00 GMT+0000 (Coordinated Universal Time)
317621ab-5dc7-4658-9fd0-ac4e10cbd925,ATL Black Plumbing Co.,Atlanta,GA,live_unclaimed,active,Professional Services,Plumbing,1522 Hollowell Pkwy NW,,,33.769900,-84.444800,Tue Aug 11 2026 00:00:00 GMT+0000 (Coordinated Universal Time)
36e17287-703d-45d3-8da3-4c0f23a191c9,ATL Chicken & Trap Music,Atlanta,GA,live_unclaimed,active,Food Trucks,Lunch & Dinner,"1110 Oak St SW, Atlanta, GA",,,33.738100,-84.418800,Thu Aug 13 2026 00:00:00 GMT+0000 (Coordinated Universal Time)
eb6102c8-ee2d-4b8e-88b4-6c511293ec7e,A-Town Barbershop,Atlanta,GA,live_unclaimed,active,Beauty & Personal Care,Barbershop,785 Cascade Ave SW,,,33.721800,-84.408500,Mon Aug 10 2026 00:00:00 GMT+0000 (Coordinated Universal Time)
599c5720-7570-4539-b241-3c1a24761e19,AUC Dental Smiles — Vine City,Atlanta,GA,live_unclaimed,active,Health & Wellness,Dental,819 Martin Luther King Jr Dr NW,,,33.754000,-84.412800,Tue Aug 11 2026 00:00:00 GMT+0000 (Coordinated Universal Time)
5d2427a3-e2a2-400a-a06e-5467ef2de2f5,AUC Little Scholars Academy,Atlanta,GA,live_unclaimed,active,Childcare & Early Education,Daycare,920 Abernathy Blvd SW,,,33.734800,-84.403000,Tue Aug 11 2026 00:00:00 GMT+0000 (Coordinated Universal Time)
2dbf0f6f-7d34-48ee-b0c8-0d026d6b71c5,Bankhead Bright Beginnings,Atlanta,GA,live_unclaimed,active,Childcare & Early Education,Daycare,1534 Bankhead Ave NW,,,33.772200,-84.445500,Tue Aug 11 2026 00:00:00 GMT+0000 (Coordinated Universal Time)
01d458e1-5780-4b0d-b8b2-db25017347a1,Bankhead Dental Associates,Atlanta,GA,live_unclaimed,active,Health & Wellness,Dental,1412 Donald Lee Hollowell Pkwy NW,,,33.772000,-84.453000,Tue Aug 11 2026 00:00:00 GMT+0000 (Coordinated Universal Time)
36676b15-6f0f-4ada-be39-63cc9d8c149a,Beautiful Restaurant,Atlanta,GA,live_unclaimed,active,Food,Soul Food,2260 Cascade Rd SW,,,33.719100,-84.435000,Tue Aug 11 2026 00:00:00 GMT+0000 (Coordinated Universal Time)
0db82098-4b30-4b3c-82cc-10527a34425b,Bhojanic,Atlanta,GA,live_unclaimed,active,Food,Indian,924 Ponce de Leon Ave NE,https://bhojanic.com,,33.771000,-84.355700,Tue Aug 11 2026 00:00:00 GMT+0000 (Coordinated Universal Time)
21229998-4a57-4fff-96e6-e11f1dd4aa09,Big Bethel AME Church,Atlanta,GA,live_unclaimed,active,Faith & Spirituality,AME,220 Auburn Ave NE,,,33.754200,-84.377400,Mon Aug 10 2026 00:00:00 GMT+0000 (Coordinated Universal Time)
7f35b7be-bdeb-40b9-88db-4c6e462dc0b4,Blake's On The Park,Atlanta,GA,live_unclaimed,active,Entertainment & Recreation,LGBTQ Bar & Lounge,227 10th St NE,https://www.blakesonthepark.com,,33.781700,-84.378400,Mon Aug 10 2026 00:00:00 GMT+0000 (Coordinated Universal Time)
097a34a5-b854-4ea8-9e31-74762916cc41,Braids by Essence ATL,Atlanta,GA,live_unclaimed,active,Beauty & Personal Care,Braiding Salon,3680 Camp Creek Pkwy SW,,,33.697500,-84.476900,Mon Aug 10 2026 00:00:00 GMT+0000 (Coordinated Universal Time)
e040686c-d3d4-448a-b797-e3fdae84ecc3,Breakfast at Barney's,Atlanta,GA,live_unclaimed,active,Food,Soul Food,"349 Decatur St SE, Atlanta, GA 30312",,,33.749000,-84.388000,Sat Aug 08 2026 00:00:00 GMT+0000 (Coordinated Universal Time)
677ccda7-21d1-4828-9c2c-ea1788bffcd7,Brush Sushi,Atlanta,GA,live_unclaimed,active,Food,Food,"3009 Peachtree Road NE, Atlanta, GA 30305",,,33.749000,-84.388000,Sat Aug 08 2026 00:00:00 GMT+0000 (Coordinated Universal Time)
d6789c0a-c678-4d86-8014-03c347008f83,Busy Bee Cafe,Atlanta,GA,live_unclaimed,active,Food,Soul Food,"810 Martin Luther King Jr Dr SW, Atlanta, GA 30314",,,33.749000,-84.388000,Sat Aug 08 2026 00:00:00 GMT+0000 (Coordinated Universal Time)
771b7789-00f8-4163-91f7-82d5bb04bb65,Busy Bee Café,Atlanta,GA,live_unclaimed,active,Food,Soul Food,810 Martin Luther King Jr Dr SW,https://thebusybeecafe.com,,33.750100,-84.412900,Tue Aug 11 2026 00:00:00 GMT+0000 (Coordinated Universal Time)
85,Caribbean Crossroads Market,Atlanta,GA,permanently_hidden,active,Retail,Grocery & Artisan Market,850 Oak St SW,,(404) 555-8501,33.727800,-84.413100,Thu Jun 18 2026 00:00:00 GMT+0000 (Coordinated Universal Time)
d719bcaf-4a14-4003-a3b7-cb34c25bedc7,Cascade Auto Care,Atlanta,GA,live_unclaimed,active,Professional Services,Auto Repair,2756 Cascade Rd SW,,,33.716200,-84.454100,Tue Aug 11 2026 00:00:00 GMT+0000 (Coordinated Universal Time)
86,Cascade Heights Dental,Atlanta,GA,permanently_hidden,active,Health & Wellness,Dental Care,3350 Cascade Rd SW,cascadeheightsdental.com,(404) 555-8614,33.701200,-84.457100,Thu Jun 18 2026 00:00:00 GMT+0000 (Coordinated Universal Time)
725d8d65-afcb-4ba2-a473-2ca1927e85f5,Cascade Realty Group — Atlanta,Atlanta,GA,live_unclaimed,active,Professional Services,Real Estate,3300 Cobb Pkwy SE,,,33.787100,-84.462000,Mon Aug 10 2026 00:00:00 GMT+0000 (Coordinated Universal Time)
f436fbf6-ac6b-48ec-b849-237fa4f931c2,Cascade Room — Jazz & Blues Lounge,Atlanta,GA,live_unclaimed,active,Entertainment & Recreation,Jazz Bar / Lounge,2837 Cascade Rd SW,,,33.716700,-84.456800,Tue Aug 11 2026 00:00:00 GMT+0000 (Coordinated Universal Time)
5566c5b2-8580-4eb5-9d9c-bdbaa31176da,Cascade Tax Service,Atlanta,GA,live_unclaimed,active,Professional Services,Tax Preparation,3050 Cascade Rd SW,,,33.713900,-84.460300,Tue Aug 11 2026 00:00:00 GMT+0000 (Coordinated Universal Time)
c36a8bb4-6352-43ce-9758-61825ea6ad55,Cascade United Methodist Church,Atlanta,GA,live_unclaimed,active,Faith & Spirituality,United Methodist,3144 Cascade Rd SW,,,33.718900,-84.432200,Mon Aug 10 2026 00:00:00 GMT+0000 (Coordinated Universal Time)
de372b6a-3790-404f-9865-f8e6c16689c3,Cascade United Methodist Church — Atlanta,Atlanta,GA,live_unclaimed,active,Faith & Spirituality,Methodist Church,3144 Cascade Rd SW,,,33.713900,-84.439900,Tue Aug 11 2026 00:00:00 GMT+0000 (Coordinated Universal Time)
c6574887-2954-48ac-97a9-6e8a79d8ca48,Chick-fil-A — Auburn Ave (Black Operator),Atlanta,GA,live_unclaimed,active,Food,Fast Food / Franchise,300 Auburn Ave NE,,,33.755100,-84.381100,Mon Aug 10 2026 00:00:00 GMT+0000 (Coordinated Universal Time)
6b8f2336-2244-496f-9623-f539316a2349,Chris Kids Youth Services,Atlanta,GA,live_unclaimed,active,Children & Family,Youth Programs & Special Needs,1345 Seaboard Industrial Blvd,https://www.chriskids.org,,33.801000,-84.419800,Mon Aug 10 2026 00:00:00 GMT+0000 (Coordinated Universal Time)
18f2336d-f099-4541-b622-cfe411565c10,Compound Atlanta,Atlanta,GA,live_unclaimed,active,Entertainment & Recreation,Nightclub,1008 Brady Ave NW,https://compoundatl.com,,33.772300,-84.411900,Mon Aug 10 2026 00:00:00 GMT+0000 (Coordinated Universal Time)
73ee6e31-b7e1-4b67-85ed-6d3a6fda5f1c,Covenant House Georgia,Atlanta,GA,live_unclaimed,active,Children & Family,Youth Services,1559 Johnson Rd NE,https://covenanthousega.org,,33.780400,-84.356000,Mon Aug 10 2026 00:00:00 GMT+0000 (Coordinated Universal Time)
dfc03a89-7261-4781-8b68-dec1e6c54533,Crown Beauty Lounge Atlanta,Atlanta,GA,live_unclaimed,active,Beauty & Personal Care,Full-Service Beauty Salon,1375 Virginia Ave NE,,,33.773600,-84.345900,Mon Aug 10 2026 00:00:00 GMT+0000 (Coordinated Universal Time)
92dbc666-eda7-4109-b5ac-b78f4cea7fed,Crown Roofing Solutions — Atlanta,Atlanta,GA,live_unclaimed,active,Services,Roofing,2100 Jonesboro Rd SE,,,33.701900,-84.357100,Mon Aug 10 2026 00:00:00 GMT+0000 (Coordinated Universal Time)
32c332da-cef0-431f-ab33-f12c3c3826f7,Curl Ambassadors Natural Hair Studio,Atlanta,GA,live_unclaimed,active,Beauty & Personal Care,Natural Hair Salon,3315 Peachtree Rd NE,,,33.848600,-84.368400,Mon Aug 10 2026 00:00:00 GMT+0000 (Coordinated Universal Time)
aecc0690-bf79-4295-a6f8-73bab4989d3d,Darkroom Tattoo — Atlanta,Atlanta,GA,live_unclaimed,active,Beauty & Personal Care,Tattoo Studio,1170 Ralph David Abernathy Blvd SW,,,33.738100,-84.404900,Mon Aug 10 2026 00:00:00 GMT+0000 (Coordinated Universal Time)
2dc61e3c-9c58-4009-9bd1-337a207e5c56,Delia's Chicken Sausage Stand,Atlanta,GA,live_unclaimed,active,Food,Casual Dining,489 Moreland Ave NE,https://deliaschiasausagestand.com,,33.746500,-84.353400,Tue Aug 11 2026 00:00:00 GMT+0000 (Coordinated Universal Time)
5f4d3e1d-b43b-4bf4-a67e-e4a7e2ef67a3,Desta Ethiopian Kitchen,Atlanta,GA,live_unclaimed,active,Food,Ethiopian,3086 Briarcliff Rd NE,https://destaeats.com,,33.811700,-84.320400,Tue Aug 11 2026 00:00:00 GMT+0000 (Coordinated Universal Time)
80928f83-0b0b-43d2-9758-615e7628e368,Dr. Ayanna Howard — Pediatric Care Atlanta,Atlanta,GA,live_unclaimed,active,Health & Wellness,Pediatrician,1968 Peachtree Rd NW,,,33.812400,-84.387900,Mon Aug 10 2026 00:00:00 GMT+0000 (Coordinated Universal Time)
84c041af-860e-4e6f-bd05-c0b358acfa22,"Dr. Nzinga Harrison, MD — Psychiatry Atlanta",Atlanta,GA,live_unclaimed,active,Health & Wellness,Psychiatry,2300 Henderson Mill Rd NE,,,33.861800,-84.280400,Mon Aug 10 2026 00:00:00 GMT+0000 (Coordinated Universal Time)
dde26872-7142-406d-b566-bd938a3702b7,Ebenezer Baptist Church,Atlanta,GA,live_unclaimed,active,Faith & Spirituality,Baptist,101 Jackson St NE,,,33.755100,-84.373900,Mon Aug 10 2026 00:00:00 GMT+0000 (Coordinated Universal Time)
c4415b16-9a0f-49c4-bb2a-44e470c15a56,El Super Pan,Atlanta,GA,live_unclaimed,active,Retail,Caribbean,"675 Ponce De Leon Ave NE, Atlanta, GA 30308",,,33.749000,-84.388000,Sat Aug 08 2026 00:00:00 GMT+0000 (Coordinated Universal Time)
c698672d-61bd-4098-bfbb-f8bb5e68bcb0,El Taco Veloz,Atlanta,GA,live_unclaimed,active,Food,Mexican / Taquería,3893 Buford Hwy NE,,,33.860800,-84.325800,Tue Aug 11 2026 00:00:00 GMT+0000 (Coordinated Universal Time)
2ccd405e-76e9-46fa-a969-57c2feb5de4d,Ethiopian Orthodox Tewahedo Church — Debre Mihret St. Michael,Atlanta,GA,live_unclaimed,active,Faith & Spirituality,Ethiopian Orthodox,2040 Jonesboro Rd SE,,,33.709000,-84.355000,Mon Aug 10 2026 00:00:00 GMT+0000 (Coordinated Universal Time)
59a2c6b0-1aa8-465a-9417-f48b8028a373,Food Terminal,Atlanta,GA,live_unclaimed,active,Food,Food,"1000 Marietta St NW, Atlanta, GA 30318 (also 5000 Buford Hwy, Chamblee)",,,33.749000,-84.388000,Sat Aug 08 2026 00:00:00 GMT+0000 (Coordinated Universal Time)
df69be60-6cb5-45aa-9131-f5a74516357e,For Keeps Books,Atlanta,GA,live_unclaimed,active,Retail,Bookstore,"171 Auburn Ave NE, Atlanta, GA 30303",,,33.749000,-84.388000,Sat Aug 08 2026 00:00:00 GMT+0000 (Coordinated Universal Time)
99eaa058-20bb-4526-97d3-7744252cc975,Ghanaian Association of Georgia,Atlanta,GA,live_unclaimed,active,Community Organizations,Ghanaian Community Organization,Atlanta,,,33.749000,-84.388000,Tue Aug 11 2026 00:00:00 GMT+0000 (Coordinated Universal Time)
c7fcd1ee-49c0-42a8-8276-ada0c875bb93,Gold Room ATL,Atlanta,GA,live_unclaimed,active,Entertainment & Recreation,Nightclub,2416 Piedmont Rd NE,https://goldroomatl.com,,33.823500,-84.370200,Tue Aug 11 2026 00:00:00 GMT+0000 (Coordinated Universal Time)
672ac212-f16e-4b09-ad19-3c6d7c94439e,Gold Room Atlanta,Atlanta,GA,live_unclaimed,active,Entertainment & Recreation,Nightclub,2416 Piedmont Rd NE,https://goldroomatlanta.com,,33.839100,-84.365900,Mon Aug 10 2026 00:00:00 GMT+0000 (Coordinated Universal Time)
8d098467-3a81-4f80-a7af-2f3147ae948e,Grady Memorial Hospital,Atlanta,GA,live_unclaimed,active,Health & Wellness,Public Hospital,80 Jesse Hill Jr Dr SE,https://gradyhealth.org,,33.748200,-84.384600,Mon Aug 10 2026 00:00:00 GMT+0000 (Coordinated Universal Time)
88,Guerrero Brothers Boxing & Fitness,Atlanta,GA,permanently_hidden,active,Health & Wellness,Gym & Wellness,664 Highland Ave NE,,(404) 555-8841,33.755300,-84.368600,Thu Jun 18 2026 00:00:00 GMT+0000 (Coordinated Universal Time)
88fdf67c-dac8-4092-9c90-0c2b13f920a1,Hammonds House Museum,Atlanta,GA,live_unclaimed,active,Arts & Culture,Art Museum,503 Peeples St SW,https://hammondshouse.org,,33.728700,-84.413100,Mon Aug 10 2026 00:00:00 GMT+0000 (Coordinated Universal Time)
f37fd386-83ff-483a-972a-391c768d4f19,Hammonds House Museum — Atlanta,Atlanta,GA,live_unclaimed,active,Arts & Culture,Museum,503 Peeples St SW,,,33.736200,-84.395400,Mon Aug 10 2026 00:00:00 GMT+0000 (Coordinated Universal Time)
b52eb060-4494-4266-bce2-0d4b39833cc5,Harris Family Law Group — Atlanta,Atlanta,GA,live_unclaimed,active,Legal,Family Law,191 Peachtree St NE,,,33.757300,-84.388000,Mon Aug 10 2026 00:00:00 GMT+0000 (Coordinated Universal Time)
fd002312-b728-4be3-a5d4-ad1b0b71d5b4,Havana Sandwich Shop,Atlanta,GA,live_unclaimed,active,Food,Cuban / Vietnamese Fusion,2905 Buford Hwy NE,,,33.834000,-84.343200,Tue Aug 11 2026 00:00:00 GMT+0000 (Coordinated Universal Time)
68526bf4-94dc-4768-9701-6ab993e6c455,Healing the Diaspora Therapy — Atlanta,Atlanta,GA,live_unclaimed,active,Health & Wellness,Mental Health Counseling,3200 Peachtree Rd NE Suite 300,,,33.842300,-84.382100,Tue Aug 11 2026 00:00:00 GMT+0000 (Coordinated Universal Time)
68724843-f6c9-4473-9666-c0c5360d2b15,Hilo Música,Atlanta,GA,live_unclaimed,active,Retail,Retail,"604 W College Ave, Decatur, GA 30030",,,33.749000,-84.388000,Sat Aug 08 2026 00:00:00 GMT+0000 (Coordinated Universal Time)
d7c45247-de61-4445-a1f7-f54d6a039d84,Hole in the Wall — West Midtown Afrobeats,Atlanta,GA,live_unclaimed,active,Entertainment & Recreation,Bar / Afrobeats Venue,1174 Howell Mill Rd NW,,,33.785100,-84.409800,Tue Aug 11 2026 00:00:00 GMT+0000 (Coordinated Universal Time)
ebce00a2-308e-45e5-90ef-cc08af2a83f2,Home Instead Senior Care — Atlanta,Atlanta,GA,live_unclaimed,active,Children & Family,Elder Care & Home Health,3525 Piedmont Rd NE,https://www.homeinstead.com,,33.845700,-84.362100,Mon Aug 10 2026 00:00:00 GMT+0000 (Coordinated Universal Time)
9fa7ccad-8cc7-4121-b191-04e70694c499,Jackson & Webb Criminal Defense — Atlanta,Atlanta,GA,live_unclaimed,active,Professional Services,Criminal Defense Attorney,260 Peachtree St NW Suite 2200,,,33.759000,-84.388300,Tue Aug 11 2026 00:00:00 GMT+0000 (Coordinated Universal Time)
51abb34e-9119-4ba7-a86c-5d941eaef23b,Johnson & Thompson Law Group — Atlanta,Atlanta,GA,live_unclaimed,active,Professional Services,Attorney,191 Peachtree St NE,,,33.756900,-84.388600,Mon Aug 10 2026 00:00:00 GMT+0000 (Coordinated Universal Time)
4ae566a6-691e-4761-91b6-9a174f5000cf,Joystick Gamebar — Old Fourth Ward,Atlanta,GA,live_unclaimed,active,Entertainment & Recreation,Bar / Gaming Lounge,427 Edgewood Ave SE,https://joystickgamebar.com,,33.752300,-84.378700,Tue Aug 11 2026 00:00:00 GMT+0000 (Coordinated Universal Time)
427a23b9-3774-415c-80ef-dbd62bdc95ee,Just 4 Girls Salon,Atlanta,GA,live_unclaimed,active,Beauty & Personal Care,Beauty,"568 Fayetteville Rd SE, Atlanta, GA 30316",,,33.749000,-84.388000,Sat Aug 08 2026 00:00:00 GMT+0000 (Coordinated Universal Time)
8ebf0096-729e-4966-92b2-22b9e9738135,Ke'nekt,Atlanta,GA,live_unclaimed,active,Arts & Culture,Arts & Culture,"Westview, Atlanta, GA",,,33.749000,-84.388000,Sat Aug 08 2026 00:00:00 GMT+0000 (Coordinated Universal Time)
7,Kingdom Cuts Barbershop,Atlanta,GA,permanently_hidden,active,Beauty & Personal Care,Barbershop,1807 Peachtree Rd NE,,(404) 555-0714,33.798200,-84.374900,Thu Jun 18 2026 00:00:00 GMT+0000 (Coordinated Universal Time)
11,Kingston Jerk House,Atlanta,GA,permanently_hidden,active,Food,Pan-African Cuisine,2200 Martin Luther King Jr Dr SW,,(404) 555-0312,33.741700,-84.413700,Thu Jun 18 2026 00:00:00 GMT+0000 (Coordinated Universal Time)
9732bf07-625b-427b-bb69-e8d58e36f8ad,Korean-American Chamber of Commerce of Atlanta,Atlanta,GA,live_unclaimed,active,Community Organizations,Business Association,5600 Roswell Rd,https://kaccaga.com,,33.887100,-84.369400,Tue Aug 11 2026 00:00:00 GMT+0000 (Coordinated Universal Time)
dea38f97-3d0c-4638-a22f-58de1124de35,Las Delicias de la Abuela,Atlanta,GA,live_unclaimed,active,Food,Mexican,"5600 Buford Hwy NE, Doraville, GA 30340",,,33.749000,-84.388000,Sat Aug 08 2026 00:00:00 GMT+0000 (Coordinated Universal Time)
c7b2230d-2a66-4ac3-9f1b-b0751ea0325c,Legacy Construction Group — Atlanta,Atlanta,GA,live_unclaimed,active,Home & Trades,General Contractor,1350 Ralph David Abernathy Blvd SW,,,33.743000,-84.415700,Mon Aug 10 2026 00:00:00 GMT+0000 (Coordinated Universal Time)
ef168c84-80a7-48b9-a352-823ac05142f2,Mahogany Bakery — Atlanta,Atlanta,GA,live_unclaimed,active,Food,Bakery,2269 Lee St SW,,,33.732700,-84.413400,Mon Aug 10 2026 00:00:00 GMT+0000 (Coordinated Universal Time)
b1f50c27-4249-4b48-ab33-6c6055861edb,Makeda Ethiopian Kitchen — Atlanta,Atlanta,GA,live_unclaimed,active,Food,Ethiopian,1867 Cheshire Bridge Rd NE,,,33.813700,-84.347800,Mon Aug 10 2026 00:00:00 GMT+0000 (Coordinated Universal Time)
1de7902c-12ef-49f0-97e2-c656ee9c3431,Martin Luther King Jr. National Historic Park,Atlanta,GA,live_unclaimed,active,Arts & Culture,Historic Park / Civil Rights,450 Auburn Ave NE,https://www.nps.gov/malu,,33.755000,-84.373700,Tue Aug 11 2026 00:00:00 GMT+0000 (Coordinated Universal Time)
71f6eb17-df48-431a-96d7-e9283096fca7,Masjid Al-Farooq,Atlanta,GA,live_unclaimed,active,Faith & Spirituality,Mosque / Islamic Center,3400 Toney Dr NE,https://alfarooqmasjid.com,,33.811600,-84.334000,Mon Aug 10 2026 00:00:00 GMT+0000 (Coordinated Universal Time)
76c4d391-a528-4c19-914e-776f356f67e1,McDonald's — Greenbriar (Black Franchise Owner),Atlanta,GA,live_unclaimed,active,Food,Fast Food / Franchise,2825 Headland Dr SW,,,33.692000,-84.481300,Mon Aug 10 2026 00:00:00 GMT+0000 (Coordinated Universal Time)
584af321-69ef-4eec-8f0d-2f77fee13bc1,McNair & Associates CPA — Atlanta,Atlanta,GA,live_unclaimed,active,Professional Services,CPA & Accounting,235 Peachtree St NE,,,33.755500,-84.388100,Mon Aug 10 2026 00:00:00 GMT+0000 (Coordinated Universal Time)
ebbc9d53-9caa-42eb-aaac-e99e7ebe6d28,Mechanicsville Fresh Threads,Atlanta,GA,live_unclaimed,active,Home Services,Dry Cleaning,850 Pryor St SW,,,33.739700,-84.395300,Thu Aug 13 2026 00:00:00 GMT+0000 (Coordinated Universal Time)
03d64c9f-d8f6-4266-8cbf-0c18ba4e23b8,Medu Bookstore — Atlanta,Atlanta,GA,live_unclaimed,active,Retail,Bookstore,2841 Greenbriar Pkwy SW,,,33.686800,-84.480200,Mon Aug 10 2026 00:00:00 GMT+0000 (Coordinated Universal Time)
c274555a-cd43-47d2-aae6-74ef38d24fb8,Midwives of Color — Atlanta Collective,Atlanta,GA,live_unclaimed,active,Health & Wellness,Doula & Midwife,1775 Memorial Dr SE,,,33.750600,-84.345100,Mon Aug 10 2026 00:00:00 GMT+0000 (Coordinated Universal Time)
b1f5632e-0742-4af4-8435-204e7cd64548,Morehouse College,Atlanta,GA,live_unclaimed,active,Arts & Culture,HBCU,830 Westview Dr SW,https://morehouse.edu,,33.748100,-84.414300,Tue Aug 11 2026 00:00:00 GMT+0000 (Coordinated Universal Time)
a1581e9d-4fb8-4eab-b860-767eec6e62e1,Morehouse Healthcare,Atlanta,GA,live_unclaimed,active,Health & Wellness,HBCU-Affiliated Medical Practice,1515 W Cleveland Ave SW,https://morehouse.healthcare,,33.725500,-84.413600,Mon Aug 10 2026 00:00:00 GMT+0000 (Coordinated Universal Time)
1f131298-2bdd-42f0-8fc1-665415baa54e,Morehouse School of Medicine Community Health,Atlanta,GA,live_unclaimed,active,Health & Wellness,Academic Medicine,720 Westview Dr SW,,,33.747000,-84.412700,Mon Aug 10 2026 00:00:00 GMT+0000 (Coordinated Universal Time)
34de569d-c58b-42fe-95ce-bb103bd157e4,National Center for Civil and Human Rights,Atlanta,GA,live_unclaimed,active,Arts & Culture,Civil Rights Museum,100 Ivan Allen Jr Blvd NW,https://civilandhumanrights.org,,33.760400,-84.394400,Mon Aug 10 2026 00:00:00 GMT+0000 (Coordinated Universal Time)
32,Nile Valley Juice Bar,Atlanta,GA,permanently_hidden,active,Food,Juice & Health Food,750 Joseph E Lowery Blvd SW,,(404) 555-2534,33.742400,-84.405300,Thu Jun 18 2026 00:00:00 GMT+0000 (Coordinated Universal Time)
a41c769a-a45a-45df-a6cd-dd2b88e52bbd,No Mas! Hacienda,Atlanta,GA,live_unclaimed,active,Food,Food,"180 Walker St SW, Atlanta, GA 30313",,,33.749000,-84.388000,Sat Aug 08 2026 00:00:00 GMT+0000 (Coordinated Universal Time)
6a4c34b5-6e53-41ee-9927-bc7b1a2f301f,Old Fourth Ward Early Learning,Atlanta,GA,live_unclaimed,active,Childcare & Early Education,Preschool,410 Edgewood Ave NE,,,33.753300,-84.379300,Tue Aug 11 2026 00:00:00 GMT+0000 (Coordinated Universal Time)
a64757c5-7fea-46fe-9380-2a2ee5746deb,Opera Atlanta,Atlanta,GA,live_unclaimed,active,Entertainment & Recreation,Nightclub,1150B Peachtree St NE,https://operaatlanta.com,,33.782000,-84.384200,Mon Aug 10 2026 00:00:00 GMT+0000 (Coordinated Universal Time)
8de87b2e-67d6-4e17-b457-e9ab6e485a68,Paschal's Restaurant,Atlanta,GA,live_unclaimed,active,Food,Soul Food / Southern,180 Northside Dr SW,https://paschalsatlanta.com,,33.751800,-84.400600,Tue Aug 11 2026 00:00:00 GMT+0000 (Coordinated Universal Time)
ff5bee51-44a5-42b2-9fd3-b7b64af57755,Paschal's Restaurant — Atlanta,Atlanta,GA,live_unclaimed,active,Food,Soul Food,180 Northside Dr SW,,,33.748900,-84.400000,Mon Aug 10 2026 00:00:00 GMT+0000 (Coordinated Universal Time)
8d77a0e0-52aa-4cfe-817d-7d3595e9a8f5,Patria Cocina,Atlanta,GA,live_unclaimed,active,Food,Mexican,"1039 Grant St SE, Atlanta, GA 30315",,,33.749000,-84.388000,Sat Aug 08 2026 00:00:00 GMT+0000 (Coordinated Universal Time)
4d4d3630-55f8-4518-a800-2eb04bd076dc,Pho 79 Restaurant,Atlanta,GA,live_unclaimed,active,Food,Vietnamese,4166 Buford Hwy NE,,,33.864100,-84.323900,Tue Aug 11 2026 00:00:00 GMT+0000 (Coordinated Universal Time)
4a4841b1-7346-441d-a896-3d4c07d82296,Power House Electric — Atlanta,Atlanta,GA,live_unclaimed,active,Home & Trades,Electrical,1800 Campbellton Rd SW,,,33.713000,-84.448000,Mon Aug 10 2026 00:00:00 GMT+0000 (Coordinated Universal Time)
8513ca19-e205-4a66-8fdc-441289c83b28,Prick Studio — Atlanta,Atlanta,GA,live_unclaimed,active,Beauty & Personal Care,Tattoo Studio,349 Auburn Ave NE,,,33.755400,-84.377300,Mon Aug 10 2026 00:00:00 GMT+0000 (Coordinated Universal Time)
951bcf48-b484-478d-8dd8-b8622bbb6618,Ray of Hope Christian Church,Atlanta,GA,live_unclaimed,active,Faith & Spirituality,Affirming Church,2778 E Point St,https://www.rayofhopechurch.com,,33.674900,-84.436000,Mon Aug 10 2026 00:00:00 GMT+0000 (Coordinated Universal Time)
6e1db52d-f435-42fd-a7c7-277819f50ca4,Right Way Plumbing & Drain — Atlanta,Atlanta,GA,live_unclaimed,active,Home & Trades,Plumbing,2585 Metropolitan Pkwy SW,,,33.703200,-84.431900,Mon Aug 10 2026 00:00:00 GMT+0000 (Coordinated Universal Time)
172cfe88-4375-4bd0-963b-32784d31a0d7,Sandlux Apparel,Atlanta,GA,live_unclaimed,active,Retail,Retail,"4166 Buford Hwy NE, Atlanta, GA 30345",,,33.749000,-84.388000,Sat Aug 08 2026 00:00:00 GMT+0000 (Coordinated Universal Time)
b469a877-f736-4326-873c-a6ecfb200dcd,Sankofa Fitness ATL,Atlanta,GA,live_unclaimed,active,Health & Wellness,Fitness Center,1031 Lee St SW,,,33.735600,-84.406900,Mon Aug 10 2026 00:00:00 GMT+0000 (Coordinated Universal Time)
63c49800-4946-4cfe-a296-a3df0c25771f,Sheltering Arms Early Education,Atlanta,GA,live_unclaimed,active,Children & Family,Early Childhood Education,2090 Marietta Blvd NW,https://shelteringarmskids.org,,33.802500,-84.441700,Mon Aug 10 2026 00:00:00 GMT+0000 (Coordinated Universal Time)
4569e91a-b01b-4069-a17d-efb637175fc7,Silk by Sasha,Atlanta,GA,live_unclaimed,active,Beauty & Personal Care,Natural Hair Salon,5365 Buford Hwy,,,33.859000,-84.319700,Mon Aug 10 2026 00:00:00 GMT+0000 (Coordinated Universal Time)
99ba3efb-8c1d-442f-97e8-11565d06b0ff,Slutty Vegan ATL,Atlanta,GA,live_unclaimed,active,Food,Vegan / Plant-Based,1542 Ralph David Abernathy Blvd SW,https://sluttyveganatl.com,,33.739000,-84.403800,Tue Aug 11 2026 00:00:00 GMT+0000 (Coordinated Universal Time)
9d50d5af-5812-40ef-98fe-79b0a2740680,Smiles of Atlanta Dental,Atlanta,GA,live_unclaimed,active,Health & Wellness,Dentistry,2140 Peachtree Rd NW,,,33.818300,-84.393700,Mon Aug 10 2026 00:00:00 GMT+0000 (Coordinated Universal Time)
3f5a6dc5-66d6-46ff-b8c1-779643133916,South Atlanta Dental Group,Atlanta,GA,live_unclaimed,active,Health & Wellness,Dental,2241 Campbellton Rd SW,,,33.716500,-84.448000,Tue Aug 11 2026 00:00:00 GMT+0000 (Coordinated Universal Time)
269bf476-a030-4122-9dd8-6b7740623c0c,South Atlanta Head Start — Capitol Homes,Atlanta,GA,live_unclaimed,active,Childcare & Early Education,Head Start,622 Chappell Rd SW,,,33.718200,-84.419300,Tue Aug 11 2026 00:00:00 GMT+0000 (Coordinated Universal Time)
a844cf9b-9e27-4fb8-abee-a6a769fe44f9,Southern Center for Human Rights,Atlanta,GA,live_unclaimed,active,Legal,Civil Rights / Criminal Defense,83 Poplar St NW,https://schr.org,,33.756200,-84.388600,Mon Aug 10 2026 00:00:00 GMT+0000 (Coordinated Universal Time)
21f89c17-e1d9-4840-b569-b44e6cff7a9e,SouthTrust Financial Advisors Atlanta,Atlanta,GA,live_unclaimed,active,Professional Services,Financial Advisor,3520 Piedmont Rd NE,,,33.843900,-84.361300,Mon Aug 10 2026 00:00:00 GMT+0000 (Coordinated Universal Time)
87,Spelman Bookstore & Café,Atlanta,GA,permanently_hidden,active,Food,Café & Books,350 Spelman Ln SW,,(404) 555-8726,33.746800,-84.412000,Thu Jun 18 2026 00:00:00 GMT+0000 (Coordinated Universal Time)
cfc096ad-232d-4372-beda-713e6f7f7515,Spelman College,Atlanta,GA,live_unclaimed,active,Arts & Culture,HBCU,350 Spelman Ln SW,https://spelman.edu,,33.746300,-84.412600,Tue Aug 11 2026 00:00:00 GMT+0000 (Coordinated Universal Time)
f7ae86ce-930f-4b92-bd61-75b0639df823,Stewart Law Group — Estate Planning,Atlanta,GA,live_unclaimed,active,Legal,Estate Planning,5555 Glenridge Connector,,,33.884700,-84.339000,Mon Aug 10 2026 00:00:00 GMT+0000 (Coordinated Universal Time)
1,Sweet Auburn BBQ,Atlanta,GA,permanently_hidden,active,Food,Barbecue,656 N Highland Ave NE,sweetauburnbbq.com,(404) 555-0191,33.764100,-84.360500,Thu Jun 18 2026 00:00:00 GMT+0000 (Coordinated Universal Time)
296a3511-b906-4551-a7d0-579f7f0a285d,Sweet Auburn Breakfast Cart,Atlanta,GA,live_unclaimed,active,Food Trucks,Breakfast,"475 Auburn Ave NE, Atlanta, GA",,,33.753700,-84.373000,Thu Aug 13 2026 00:00:00 GMT+0000 (Coordinated Universal Time)
0e9893c7-aaac-4b2e-9657-903d2cbf9db0,Sweet Auburn Curb Market,Atlanta,GA,live_unclaimed,active,Retail,Public Market,209 Edgewood Ave SE,https://sweetauburncurbmarket.com,,33.749900,-84.383100,Tue Aug 11 2026 00:00:00 GMT+0000 (Coordinated Universal Time)
5858d011-87ba-4527-9bda-84debab71ae3,Talat Market,Atlanta,GA,live_unclaimed,active,Food,Thai,"112 Ormond St SE, Atlanta, GA 30315",,,33.749000,-84.388000,Sat Aug 08 2026 00:00:00 GMT+0000 (Coordinated Universal Time)
4ce68138-d8d0-4c17-9ff2-a020b5522ac1,TEN ATL,Atlanta,GA,live_unclaimed,active,Arts & Culture,Arts & Culture,"Atlanta, GA",,,33.749000,-84.388000,Sat Aug 08 2026 00:00:00 GMT+0000 (Coordinated Universal Time)
4682b841-ff55-4a0f-8746-86640b8aab05,The Freakin Incan,Atlanta,GA,live_unclaimed,active,Food,Peruvian,"4651 Woodstock Rd Ste 305, Roswell, GA 30075",,,33.749000,-84.388000,Sat Aug 08 2026 00:00:00 GMT+0000 (Coordinated Universal Time)
0a9111a4-a4d0-4498-b7b3-c8ad93513a99,The Masquerade — Heaven Stage,Atlanta,GA,live_unclaimed,active,Entertainment & Recreation,Live Music Venue / Bar,75 MLK Jr Dr SE,https://masqueradeatlanta.com,,33.752000,-84.393000,Tue Aug 11 2026 00:00:00 GMT+0000 (Coordinated Universal Time)
ca7bd4e8-8607-4d3c-9765-379243e71df6,The Natural Hair Shop Atlanta,Atlanta,GA,live_unclaimed,active,Beauty & Personal Care,Natural Hair Salon,1230 Ralph David Abernathy Blvd SW,,,33.739000,-84.406900,Mon Aug 10 2026 00:00:00 GMT+0000 (Coordinated Universal Time)
3d7deb97-361d-4e8f-88c2-bef362de6952,Therapy for Black Girls — Atlanta Affiliate,Atlanta,GA,live_unclaimed,active,Health & Wellness,Mental Health & Therapy,1100 Peachtree St NE,https://therapyforblackgirls.com,,33.777300,-84.382600,Mon Aug 10 2026 00:00:00 GMT+0000 (Coordinated Universal Time)
8fb21570-53bb-45a3-be31-dab3920f6c71,The Tabernacle Atlanta,Atlanta,GA,live_unclaimed,active,Entertainment & Recreation,Live Music Venue,152 Luckie St NW,https://tabernacleatl.com,,33.759800,-84.392000,Mon Aug 10 2026 00:00:00 GMT+0000 (Coordinated Universal Time)
26,The Trap Kitchen ATL,Atlanta,GA,permanently_hidden,active,Food,Caribbean Fusion,916 Cascade Rd SW,,(404) 555-1893,33.719600,-84.426000,Thu Jun 18 2026 00:00:00 GMT+0000 (Coordinated Universal Time)
bc781317-baac-48c5-b57d-2102d9680903,The Village Retail,Atlanta,GA,live_unclaimed,active,Retail,Retail,"675 Ponce De Leon Ave NE Suite 225, Atlanta, GA 30308",,,33.749000,-84.388000,Sat Aug 08 2026 00:00:00 GMT+0000 (Coordinated Universal Time)
ab84cd44-9390-48ff-8901-794b85156f6f,Thompson Family Law Group — Atlanta,Atlanta,GA,live_unclaimed,active,Professional Services,Family Law Attorney,191 Peachtree St NE Suite 3100,,,33.757800,-84.387200,Tue Aug 11 2026 00:00:00 GMT+0000 (Coordinated Universal Time)
e320e5bd-571a-4825-b388-594b93a930d1,Tio Lucho's,Atlanta,GA,live_unclaimed,active,Food,Peruvian,"675 N Highland Ave NE Ste 6000, Atlanta, GA 30306",,,33.749000,-84.388000,Sat Aug 08 2026 00:00:00 GMT+0000 (Coordinated Universal Time)
d2a1648e-24c3-4512-a418-fe3dafcac428,Trap Kitchen ATL,Atlanta,GA,live_unclaimed,active,Food Trucks,Dinner,"840 Ralph David Abernathy Blvd SW, Atlanta, GA",,,33.736600,-84.401900,Thu Aug 13 2026 00:00:00 GMT+0000 (Coordinated Universal Time)
7a68794b-b19d-4364-9936-b54821424abc,Ujima Afterschool Program — Atlanta,Atlanta,GA,live_unclaimed,active,Education,After-School Program,735 Westview Dr SW,,,33.746200,-84.412000,Mon Aug 10 2026 00:00:00 GMT+0000 (Coordinated Universal Time)
6bce5045-588e-4f89-91ed-fd9294fc4b76,Velvet Underground — Atlanta,Atlanta,GA,live_unclaimed,active,Entertainment & Recreation,Music Venue,360 Pharr Rd NE,,,33.840900,-84.365400,Mon Aug 10 2026 00:00:00 GMT+0000 (Coordinated Universal Time)
eb828e77-c287-4b6e-945b-0ba629df2ec2,Village Elder Care — Atlanta,Atlanta,GA,live_unclaimed,active,Health & Wellness,Elder Care,2170 Cascade Rd SW,,,33.721800,-84.421900,Mon Aug 10 2026 00:00:00 GMT+0000 (Coordinated Universal Time)
072165e7-622c-4613-939c-97b6b1f0be6a,Vine City HVAC & Air Quality,Atlanta,GA,live_unclaimed,active,Professional Services,HVAC,900 Vine St NW,,,33.756000,-84.419200,Tue Aug 11 2026 00:00:00 GMT+0000 (Coordinated Universal Time)
99b19588-571b-41af-a4d4-e47a5a3cc344,Vine City Spin & Fold,Atlanta,GA,live_unclaimed,active,Home Services,Laundromat,762 Magnolia St NW,,,33.755200,-84.410000,Thu Aug 13 2026 00:00:00 GMT+0000 (Coordinated Universal Time)
6d1a664b-47bb-41e2-a65f-39b9ad85d1c4,West End Auto Repair,Atlanta,GA,live_unclaimed,active,Professional Services,Auto Repair,1156 Lee St SW,,,33.732600,-84.411100,Tue Aug 11 2026 00:00:00 GMT+0000 (Coordinated Universal Time)
d8720e44-567f-4a10-b0fb-fd9ad5d751b0,West End CDC — Atlanta,Atlanta,GA,live_unclaimed,active,Community Organizations,Community Development,1058 Ralph David Abernathy Blvd SW,,,33.735200,-84.405800,Tue Aug 11 2026 00:00:00 GMT+0000 (Coordinated Universal Time)
14a26167-dcc2-4983-a72e-e4532d6d69cf,West End Children's Learning Center,Atlanta,GA,live_unclaimed,active,Childcare & Early Education,Daycare,1136 Lee St SW,,,33.732000,-84.411500,Tue Aug 11 2026 00:00:00 GMT+0000 (Coordinated Universal Time)
63fc9d8e-3297-4f78-83a3-4fe05e0166b6,West End Family Dental,Atlanta,GA,live_unclaimed,active,Health & Wellness,Dental,1040 Ralph David Abernathy Blvd SW,,,33.736000,-84.407200,Tue Aug 11 2026 00:00:00 GMT+0000 (Coordinated Universal Time)
5f860d3a-9d31-4f2e-bc50-0a4a53baed80,West End Laundry Center,Atlanta,GA,live_unclaimed,active,Home Services,Laundromat,1110 Cascade Ave SW,,,33.738100,-84.418800,Thu Aug 13 2026 00:00:00 GMT+0000 (Coordinated Universal Time)
c0736749-72ab-4fe1-a7a6-fa58ef9daa6c,West End Market Atlanta,Atlanta,GA,live_unclaimed,active,Retail,Market / Marketplace,756 West End Ave SW,,,33.736500,-84.417200,Tue Aug 11 2026 00:00:00 GMT+0000 (Coordinated Universal Time)
0a1683d2-8cd8-4bcd-a325-db1c86ed5552,Wheat Street Baptist Church,Atlanta,GA,live_unclaimed,active,Faith & Spirituality,Baptist Church,359 Auburn Ave NE,https://wheatstreet.org,,33.755300,-84.374800,Mon Aug 10 2026 00:00:00 GMT+0000 (Coordinated Universal Time)
5119689c-be81-4ffc-a63a-664bfd793ef8,WigStop Atlanta,Atlanta,GA,live_unclaimed,active,Beauty & Personal Care,Wig Specialist,2785 E Point St,,,33.682300,-84.439300,Mon Aug 10 2026 00:00:00 GMT+0000 (Coordinated Universal Time)
841ba928-1515-4fd6-86e5-aeeb899c0f61,Xing Fu Tang,Atlanta,GA,live_unclaimed,active,Food,Food,"2476 Pleasant Hill Rd, Duluth, GA 30096",,,33.749000,-84.388000,Sat Aug 08 2026 00:00:00 GMT+0000 (Coordinated Universal Time)
8164ab74-2d27-4ef7-8c2d-9f668f997b10,Yanga African Restaurant,Atlanta,GA,live_unclaimed,active,Food,West African / Nigerian,2939 Buford Hwy NE,,,33.834600,-84.342500,Tue Aug 11 2026 00:00:00 GMT+0000 (Coordinated Universal Time)
299bf192-7e69-4a76-9f67-2abde9c7dcd0,ZuCot Gallery,Atlanta,GA,live_unclaimed,active,Arts & Culture,Arts & Culture,"100 Centennial Olympic Park Dr NW, Atlanta, GA 30313",,,33.749000,-84.388000,Sat Aug 08 2026 00:00:00 GMT+0000 (Coordinated Universal Time)
1ab2f006-b500-4acf-af50-79f07326deb5,Aurora Cultural Arts District (Colfax Corridor),Aurora,CO,live_unclaimed,active,Arts & Culture,Cultural District,1400 Dallas St,https://aurora-arts.org,,39.741500,-104.883500,Tue Aug 11 2026 00:00:00 GMT+0000 (Coordinated Universal Time)
2839f840-dd5e-4ae2-9b99-759a18fea941,H Mart Denver (Korean Grocery),Aurora,CO,live_unclaimed,active,Retail,Korean / Asian Grocery,2985 S Havana St,https://hmart.com,,39.655000,-104.860100,Tue Aug 11 2026 00:00:00 GMT+0000 (Coordinated Universal Time)
41fbc421-22e3-4773-a427-fda4e63f497a,Pho 95 (Aurora Vietnamese),Aurora,CO,live_unclaimed,active,Food,Vietnamese Restaurant,9195 E Colfax Ave,,,39.741500,-104.845400,Tue Aug 11 2026 00:00:00 GMT+0000 (Coordinated Universal Time)
3f4fb4d6-f316-423c-aa5e-4d6ec0959adb,People's Community Clinic — Austin,Austin,TX,live_unclaimed,active,Health & Wellness,Primary Care,1101 Camino La Costa,https://www.austinpcc.org,,30.320000,-97.714000,Mon Aug 10 2026 00:00:00 GMT+0000 (Coordinated Universal Time)
35,Three Sisters Native Market,Austin,TX,permanently_hidden,active,Retail,Event Venue,1900 E MLK Blvd,houseofpraiseatx.com,(512) 555-2864,30.281700,-97.716100,Thu Jun 18 2026 00:00:00 GMT+0000 (Coordinated Universal Time)
a158c7ff-acce-41c1-a131-8c175725620c,Baltimore African Art & Cultural Center,Baltimore,MD,live_unclaimed,active,Arts & Culture,African Art Gallery,1717 N Charles St,,,39.317900,-76.618000,Tue Aug 11 2026 00:00:00 GMT+0000 (Coordinated Universal Time)
77c4e37d-43ae-4088-a348-ea13b7a83265,Baltimore Black-Owned Barbershop (Kings of Kuts),Baltimore,MD,live_unclaimed,active,Beauty & Personal Care,Barbershop,2019 Pennsylvania Ave,,,39.301900,-76.639400,Tue Aug 11 2026 00:00:00 GMT+0000 (Coordinated Universal Time)
53,Baltimore Braids & Beauty,Baltimore,MD,permanently_hidden,active,Beauty & Personal Care,Hair Braiding,2908 Edmondson Ave,,(410) 555-5329,39.299400,-76.687700,Thu Jun 18 2026 00:00:00 GMT+0000 (Coordinated Universal Time)
f1d1c295-59e7-4298-a78b-da60e5e444da,Baltimore Cape Verdean Association,Baltimore,MD,live_unclaimed,active,Community Organizations,Cape Verdean Community,2325 Frederick Ave,,,39.296300,-76.653500,Tue Aug 11 2026 00:00:00 GMT+0000 (Coordinated Universal Time)
6fb1cee1-1e7a-4fb2-a962-81c98281bdce,Baltimore Elevated Dispensary,Baltimore,MD,live_unclaimed,active,Cannabis & Dispensary,Cannabis Dispensary,"2200 Pennsylvania Ave, Baltimore, MD",,,39.311600,-76.638100,Thu Aug 13 2026 00:00:00 GMT+0000 (Coordinated Universal Time)
77d7729d-721f-496e-9502-5ccca95002a7,Baltimore Ethiopian Restaurant (Dukem),Baltimore,MD,live_unclaimed,active,Food,Ethiopian,2506 N Charles St,,,39.327300,-76.618300,Tue Aug 11 2026 00:00:00 GMT+0000 (Coordinated Universal Time)
badf5514-95fe-4d3d-a247-e8a93d97980b,Baltimore Guatemalan Restaurant (Chiquimula),Baltimore,MD,live_unclaimed,active,Food,Guatemalan,3901 Eastern Ave,,,39.282800,-76.556500,Tue Aug 11 2026 00:00:00 GMT+0000 (Coordinated Universal Time)
0cd71493-2bf7-4db7-89f9-fb02dcdfcea3,Baltimore Korean Restaurant (Seoul Food Kitchen),Baltimore,MD,live_unclaimed,active,Food,Korean,1700 Fleet St,,,39.285300,-76.587800,Tue Aug 11 2026 00:00:00 GMT+0000 (Coordinated Universal Time)
25d3a523-65f8-48c0-8e7f-35337d0c0d20,Baltimore Latino Immigrant Services Organization,Baltimore,MD,live_unclaimed,active,Community Organizations,Immigrant Services,601 N Howard St,,,39.298500,-76.623700,Tue Aug 11 2026 00:00:00 GMT+0000 (Coordinated Universal Time)
c8571f3f-06fb-431a-96f0-45fec5f7df1c,Baltimore Mosque (Masjid As-Sabur),Baltimore,MD,live_unclaimed,active,Faith & Spirituality,Mosque,514 Islamic Way,,,39.299300,-76.637100,Tue Aug 11 2026 00:00:00 GMT+0000 (Coordinated Universal Time)
585bd115-efa0-4f19-89dd-8fb96e373ed3,Baltimore Museum of Art (Community Programs),Baltimore,MD,live_unclaimed,active,Arts & Culture,Museum,10 Art Museum Dr,https://artbma.org,,39.325700,-76.624000,Tue Aug 11 2026 00:00:00 GMT+0000 (Coordinated Universal Time)
246384cb-d034-4036-84b0-eee12f32c71e,Baltimore Puerto Rican Community (Fells Point),Baltimore,MD,live_unclaimed,active,Community Organizations,Puerto Rican Community,3100 Eastern Ave,,,39.281900,-76.570000,Tue Aug 11 2026 00:00:00 GMT+0000 (Coordinated Universal Time)
04a34b8b-59fa-47f5-810d-1b7231786c2a,Baltimore Salvadoran Restaurant (El Antojo),Baltimore,MD,live_unclaimed,active,Food,Salvadoran,702 S Conkling St,,,39.277400,-76.566600,Tue Aug 11 2026 00:00:00 GMT+0000 (Coordinated Universal Time)
e3458d9d-5bb3-4caf-a192-b5aafec7f3e1,Bethel AME Church Baltimore,Baltimore,MD,live_unclaimed,active,Faith & Spirituality,AME,1300 Druid Hill Ave,,,39.306800,-76.633400,Mon Aug 10 2026 00:00:00 GMT+0000 (Coordinated Universal Time)
4db7ecfb-0b37-4f92-87e1-0a43fb3bba6d,Cajou Creamery,Baltimore,MD,live_unclaimed,active,Retail,Retail,"Downtown, Baltimore, MD",,,39.290400,-76.612200,Sat Aug 08 2026 00:00:00 GMT+0000 (Coordinated Universal Time)
a6a52a17-c83a-4e4b-b442-91ef605bfcd4,Chaps Pit Beef,Baltimore,MD,live_unclaimed,active,Food,Barbecue,1301 N Rolling Rd,https://chapspitbeef.com,,39.319300,-76.762700,Tue Aug 11 2026 00:00:00 GMT+0000 (Coordinated Universal Time)
97835f7c-6f4a-4e35-9f7a-921daf825308,Charm City Cannabis,Baltimore,MD,live_unclaimed,active,Cannabis & Dispensary,Cannabis Dispensary,"2100 E Monument St, Baltimore, MD",,,39.297000,-76.577100,Thu Aug 13 2026 00:00:00 GMT+0000 (Coordinated Universal Time)
52,Charm City Law Group,Baltimore,MD,permanently_hidden,active,Legal,Criminal & Civil Rights,36 S Charles St,charmcitylawgroup.com,(410) 555-5214,39.288900,-76.614200,Thu Jun 18 2026 00:00:00 GMT+0000 (Coordinated Universal Time)
54,Chesapeake Wellness Center,Baltimore,MD,permanently_hidden,active,Health & Wellness,Mental Health & Therapy,4500 E Cold Spring Ln,chesapeakewellnessbalt.com,(410) 555-5441,39.344600,-76.593700,Thu Jun 18 2026 00:00:00 GMT+0000 (Coordinated Universal Time)
6615664d-39cf-4eb9-bdae-95894b5f6787,Civic Works Baltimore,Baltimore,MD,live_unclaimed,active,Children & Family,Youth Development & Workforce,2701 St Lo Dr,,,39.316700,-76.554800,Tue Aug 11 2026 00:00:00 GMT+0000 (Coordinated Universal Time)
24623d62-161d-4daa-9108-93ecdcb7e942,Destiny Wealth Partners — Financial Advisory,Baltimore,MD,live_unclaimed,active,Professional Services,Financial Advisor,400 E Pratt St,,,39.286200,-76.609900,Mon Aug 10 2026 00:00:00 GMT+0000 (Coordinated Universal Time)
a04a2981-e446-4598-9f94-d0f11bab999c,Druid Hill Park (Baltimore),Baltimore,MD,live_unclaimed,active,Entertainment & Recreation,Park / Community Space,3001 Park Circle Dr,,,39.324400,-76.651800,Tue Aug 11 2026 00:00:00 GMT+0000 (Coordinated Universal Time)
b3e04165-4069-4095-8be0-f0ade4f6d3bc,Dukem Ethiopian Restaurant,Baltimore,MD,live_unclaimed,active,Food,Ethiopian,"Mount Vernon, Baltimore, MD",,,39.290400,-76.612200,Sat Aug 08 2026 00:00:00 GMT+0000 (Coordinated Universal Time)
9a2f61d1-aa25-4ff3-a20c-41e263f387c8,East Baltimore Community School,Baltimore,MD,live_unclaimed,active,Children & Family,Community School,808 N Caroline St,https://ebcs-baltimore.org,,39.298100,-76.596000,Mon Aug 10 2026 00:00:00 GMT+0000 (Coordinated Universal Time)
fb0c2fd9-c753-4390-837a-932fb80c5b2f,East Baltimore Fresh Wash,Baltimore,MD,live_unclaimed,active,Home Services,Laundromat,2305 E Monument St,,,39.297000,-76.577100,Thu Aug 13 2026 00:00:00 GMT+0000 (Coordinated Universal Time)
0e3894d5-9f54-40ea-8617-6e134f64773a,Ekiben,Baltimore,MD,live_unclaimed,active,Food,Food,"Fells Point, Baltimore, MD",,,39.290400,-76.612200,Sat Aug 08 2026 00:00:00 GMT+0000 (Coordinated Universal Time)
b7e9e440-9f08-4dad-b009-efca1deee6fc,Enoch Pratt Free Library (African American Collection),Baltimore,MD,live_unclaimed,active,Arts & Culture,Library / Cultural Collection,400 Cathedral St,https://prattlibrary.org,,39.297600,-76.618300,Tue Aug 11 2026 00:00:00 GMT+0000 (Coordinated Universal Time)
6bc1875f-3333-4bf2-822a-402f39ab735f,Fade Masters Barbershop Baltimore,Baltimore,MD,live_unclaimed,active,Beauty & Personal Care,Barbershops,1510 N Gay St,,,39.307600,-76.598500,Tue Aug 11 2026 00:00:00 GMT+0000 (Coordinated Universal Time)
71504e2d-bd11-4208-ba21-0a148491259b,Freddie's Breakfast Spot,Baltimore,MD,live_unclaimed,active,Food Trucks,Breakfast,"2100 W North Ave, Baltimore, MD",,,39.311600,-76.638100,Thu Aug 13 2026 00:00:00 GMT+0000 (Coordinated Universal Time)
e096921e-b9d1-4f11-a5e0-76b92e8c7a90,Gertrude's Chesapeake Kitchen,Baltimore,MD,live_unclaimed,active,Food,Seafood,10 Art Museum Dr,,,39.327800,-76.624700,Tue Aug 11 2026 00:00:00 GMT+0000 (Coordinated Universal Time)
bdbfe1f4-fbd1-4edf-9f9a-3702bc604ca7,Ida B's Table,Baltimore,MD,live_unclaimed,active,Food,Soul Food & Southern,235 Holliday St,,,39.290800,-76.610800,Tue Aug 11 2026 00:00:00 GMT+0000 (Coordinated Universal Time)
e6740c52-71b1-4e30-aedf-af1ca05581f4,Land of Kush,Baltimore,MD,live_unclaimed,active,Food,Vegan & Plant-Based,840 N Eutaw St,,,39.298900,-76.626100,Tue Aug 11 2026 00:00:00 GMT+0000 (Coordinated Universal Time)
8439c05e-3fa5-4265-9757-551920e0ae4e,Lexington Market (Black-Owned Vendors),Baltimore,MD,live_unclaimed,active,Food,Public Market,400 W Lexington St,https://lexingtonmarket.com,,39.291900,-76.621400,Tue Aug 11 2026 00:00:00 GMT+0000 (Coordinated Universal Time)
9e165c47-d8e1-4ff4-8c63-ca8594558d78,Maryland Legal Aid,Baltimore,MD,live_unclaimed,active,Legal & Government Services,Legal Aid,500 E Lexington St,,,39.292500,-76.609500,Tue Aug 11 2026 00:00:00 GMT+0000 (Coordinated Universal Time)
f523f1b9-a586-4a1b-8676-38fe470c4826,Masjid Ul-Haqq Baltimore,Baltimore,MD,live_unclaimed,active,Faith & Spirituality,Islamic Center,514 Islamic Way,,,39.302200,-76.629500,Mon Aug 10 2026 00:00:00 GMT+0000 (Coordinated Universal Time)
f128d302-69b7-4900-9922-648b613fae45,Monument City Soul Truck,Baltimore,MD,live_unclaimed,active,Food Trucks,Lunch & Dinner,"401 Light St, Baltimore, MD",,,39.284900,-76.611300,Thu Aug 13 2026 00:00:00 GMT+0000 (Coordinated Universal Time)
2b543b9d-242c-4b07-8282-4e12b65a99ad,Moveable Feast,Baltimore,MD,live_unclaimed,active,Community Organizations,Food Justice / Community Kitchen,1218 N Charles St,https://mfeast.org,,39.306300,-76.617800,Tue Aug 11 2026 00:00:00 GMT+0000 (Coordinated Universal Time)
bf18ab77-b846-4102-a26b-be870a462c69,Nailah's Kitchen,Baltimore,MD,live_unclaimed,active,Food,Food,"Baltimore, MD",,,39.290400,-76.612200,Sat Aug 08 2026 00:00:00 GMT+0000 (Coordinated Universal Time)
eee983be-c7f6-4b4b-bb80-3cb0ef15eadc,Natural Culture Hair Salon Baltimore,Baltimore,MD,live_unclaimed,active,Beauty & Personal Care,Natural Hair & Loc Specialists,2612 Pennsylvania Ave,,,39.305000,-76.635300,Tue Aug 11 2026 00:00:00 GMT+0000 (Coordinated Universal Time)
0b1410b7-92e8-417d-b813-ee7217fba61a,New Psalmist Baptist Church,Baltimore,MD,live_unclaimed,active,Faith & Spirituality,Baptist,6801 Dogwood Rd,,,39.349100,-76.728400,Tue Aug 11 2026 00:00:00 GMT+0000 (Coordinated Universal Time)
77bfbac4-876c-4af8-b408-f238541981be,Park Heights Community Health Alliance,Baltimore,MD,live_unclaimed,active,Health & Wellness,Community Health Center,4800 Reisterstown Rd,https://parkheights.org,,39.351500,-76.681800,Tue Aug 11 2026 00:00:00 GMT+0000 (Coordinated Universal Time)
8766264a-9a82-47d8-9c04-6312c5e1b400,Park Heights Laundry Center,Baltimore,MD,live_unclaimed,active,Home Services,Laundromat,4709 Park Heights Ave,,,39.344500,-76.672700,Thu Aug 13 2026 00:00:00 GMT+0000 (Coordinated Universal Time)
87f1ca1a-2fc7-4f94-a784-65ec148a58a3,Puerto 511,Baltimore,MD,live_unclaimed,active,Food,Peruvian,"Downtown, Baltimore, MD",,,39.290400,-76.612200,Sat Aug 08 2026 00:00:00 GMT+0000 (Coordinated Universal Time)
55226bdb-a367-4d03-ae2f-61c9e49df856,Reginald F. Lewis Museum of Maryland African American History,Baltimore,MD,live_unclaimed,active,Arts & Culture,Museum,830 E Pratt St,https://rflewismuseum.org,,39.286200,-76.603500,Mon Aug 10 2026 00:00:00 GMT+0000 (Coordinated Universal Time)
55,Sage & Cedar Wellness Collective,Baltimore,MD,permanently_hidden,active,Education,Arts & Culture,1 Druid Hill Park,,(410) 555-5552,39.318700,-76.640700,Thu Jun 18 2026 00:00:00 GMT+0000 (Coordinated Universal Time)
c981c5bd-be6f-4a3f-a785-de3a18aa28fe,Sharp-Leadenhall Community Association,Baltimore,MD,live_unclaimed,active,Community Organizations,Community Preservation,848 Leadenhall St,,,39.282000,-76.619800,Tue Aug 11 2026 00:00:00 GMT+0000 (Coordinated Universal Time)
0000d421-0302-471e-83ec-9aeaf254a1dd,Sharp Street Memorial United Methodist Church,Baltimore,MD,live_unclaimed,active,Faith & Spirituality,United Methodist,1206 Etting St,,,39.301400,-76.637200,Mon Aug 10 2026 00:00:00 GMT+0000 (Coordinated Universal Time)
dc3a99c5-7d09-4a63-8d37-e085fd7d2b61,Tamber's Caribbean Restaurant,Baltimore,MD,live_unclaimed,active,Food,Caribbean,3801 Liberty Heights Ave,,,39.336200,-76.676100,Tue Aug 11 2026 00:00:00 GMT+0000 (Coordinated Universal Time)
8c325096-891f-4ab8-ba18-5aa04879a105,Taqueria El Sabor del Parque,Baltimore,MD,live_unclaimed,active,Food,Mexican,"Highlandtown, Baltimore, MD",,,39.290400,-76.612200,Sat Aug 08 2026 00:00:00 GMT+0000 (Coordinated Universal Time)
b8d8e28a-021b-40c5-8c5d-2950b52456a0,The Land of Kush,Baltimore,MD,live_unclaimed,active,Food,Soul Food,"Midtown, Baltimore, MD",,,39.290400,-76.612200,Sat Aug 08 2026 00:00:00 GMT+0000 (Coordinated Universal Time)
9f7207ed-040a-44a5-b081-265be4af1454,Total Health Care Baltimore,Baltimore,MD,live_unclaimed,active,Health & Wellness,Community Health Center,1215 E Monument St,,,39.298800,-76.589700,Tue Aug 11 2026 00:00:00 GMT+0000 (Coordinated Universal Time)
08aca74c-feb1-48a6-b40a-348a7fad0b40,Union Baptist Church Baltimore,Baltimore,MD,live_unclaimed,active,Faith & Spirituality,Baptist Church,1211 Druid Hill Ave,https://unionbaptistbaltimore.org,,39.303100,-76.639300,Mon Aug 10 2026 00:00:00 GMT+0000 (Coordinated Universal Time)
093d35cc-75c3-46ac-86cd-781077d4ec79,University of Maryland Medical Center Midtown,Baltimore,MD,live_unclaimed,active,Health & Wellness,Hospital & Community Health,827 Linden Ave,,,39.300200,-76.627500,Tue Aug 11 2026 00:00:00 GMT+0000 (Coordinated Universal Time)
09a051ce-b9ee-48a5-b64c-be6e02493317,Urban Reads Bookstore,Baltimore,MD,live_unclaimed,active,Retail,Bookstore,"Waverly, Baltimore, MD",,,39.290400,-76.612200,Sat Aug 08 2026 00:00:00 GMT+0000 (Coordinated Universal Time)
3ecc977b-2b6d-44e4-a563-131d6fa778a4,Water for Chocolate,Baltimore,MD,live_unclaimed,active,Food,Soul Food,"Upper Fells Point, Baltimore, MD",,,39.290400,-76.612200,Sat Aug 08 2026 00:00:00 GMT+0000 (Coordinated Universal Time)
51,West Side Market & Deli,Baltimore,MD,permanently_hidden,active,Food,Deli & Market,1801 N Monroe St,,(410) 555-5101,39.300800,-76.650700,Thu Jun 18 2026 00:00:00 GMT+0000 (Coordinated Universal Time)
0b5bbbbb-fa97-4e9a-9000-560411ae2fc4,Asiatique The Riverfront,Bangkok,,live_unclaimed,active,Entertainment & Recreation,Night Market,"2194 Charoen Krung Rd, Wat Phraya Krai",,,13.701400,100.509500,Mon Aug 10 2026 00:00:00 GMT+0000 (Coordinated Universal Time)
c1cc04dc-bf63-496a-906f-4ecf35e428c2,Banyan Tree Spa Bangkok,Bangkok,,live_unclaimed,active,Health & Wellness,Spa,21/100 South Sathorn Rd,,,13.719900,100.527800,Mon Aug 10 2026 00:00:00 GMT+0000 (Coordinated Universal Time)
f1c7d3d7-fd68-4f7c-a618-e79f8c19d1d8,Blue Elephant Royal Thai Cuisine,Bangkok,,live_unclaimed,active,Food,Fine Dining Thai,233 South Sathorn Rd,,,13.721300,100.530000,Mon Aug 10 2026 00:00:00 GMT+0000 (Coordinated Universal Time)
4b057562-a351-44ed-baec-046d1dd28d86,Bo.lan Restaurant,Bangkok,,live_unclaimed,active,Food,Thai Cuisine,"24 Sukhumvit Soi 53, Klongtoey Nua",,,13.729500,100.568000,Mon Aug 10 2026 00:00:00 GMT+0000 (Coordinated Universal Time)
bc9ed615-75d5-4995-8fe5-4cedb0c74233,Chatuchak Weekend Market,Bangkok,,live_unclaimed,active,Retail,Weekend Market,"587/10 Kampaeng Phet 2 Rd, Chatuchak",,,13.799900,100.550500,Mon Aug 10 2026 00:00:00 GMT+0000 (Coordinated Universal Time)
2760e1bf-57b9-455c-9aee-1ccad40eaacc,DJ Station Bangkok,Bangkok,,live_unclaimed,active,Entertainment & Recreation,LGBTQ Bar & Lounge,8/6-8 Silom Soi 2,,,13.728300,100.528300,Mon Aug 10 2026 00:00:00 GMT+0000 (Coordinated Universal Time)
0fa65f15-e5ee-47fb-ab3e-22dc784b637f,Health Land Spa & Massage Bangkok,Bangkok,,live_unclaimed,active,Health & Wellness,Spa,120 North Sathorn Rd,,,13.726000,100.530800,Mon Aug 10 2026 00:00:00 GMT+0000 (Coordinated Universal Time)
fa944099-b8ba-4569-85ad-89a9d77a2ab6,Issaya Siamese Club,Bangkok,,live_unclaimed,active,Food,Fine Dining Thai,"4 Soi Si Akson, Chua Ploeng Rd",,,13.721000,100.547600,Mon Aug 10 2026 00:00:00 GMT+0000 (Coordinated Universal Time)
569c789e-44be-4ce5-ad54-a0a833466d9b,Jim Thompson House,Bangkok,,live_unclaimed,active,Arts & Culture,Museum & Historic Site,"6 Kasem San 2, Wang Mai, Pathum Wan",,,13.748000,100.528600,Mon Aug 10 2026 00:00:00 GMT+0000 (Coordinated Universal Time)
5c935960-9f62-42b0-8a69-a1bace98f66e,Lhong 1919,Bangkok,,live_unclaimed,active,Arts & Culture,Cultural Heritage Site,"248 Chiang Mai Rd, Khlong San",,,13.728300,100.497200,Mon Aug 10 2026 00:00:00 GMT+0000 (Coordinated Universal Time)
8771fa9f-1155-46a3-9b82-78e5c8f95fe8,Mandarin Oriental Spa Bangkok,Bangkok,,live_unclaimed,active,Health & Wellness,Luxury Spa,"48 Oriental Ave, Bang Rak",,,13.721300,100.512300,Mon Aug 10 2026 00:00:00 GMT+0000 (Coordinated Universal Time)
0ab16496-9095-429d-ad04-d4e0c4ab1073,MOCA Bangkok,Bangkok,,live_unclaimed,active,Arts & Culture,Museum & Art Gallery,"499 Kamphaeng Phet 6 Rd, Lat Yao",,,13.856700,100.569500,Mon Aug 10 2026 00:00:00 GMT+0000 (Coordinated Universal Time)
bbf6cf04-7567-454f-b93d-f3d0c2763015,Namsaah Bottling Trust,Bangkok,,live_unclaimed,active,Entertainment & Recreation,Bar / Restaurant,401 Silom Rd,,,13.727800,100.528700,Mon Aug 10 2026 00:00:00 GMT+0000 (Coordinated Universal Time)
44f932a9-0178-4848-b529-e3965e0b4c08,Or Tor Kor Market Bangkok,Bangkok,,live_unclaimed,active,Retail,Market,"101 Kamphaeng Phet Rd, Chatuchak",,,13.798300,100.548400,Mon Aug 10 2026 00:00:00 GMT+0000 (Coordinated Universal Time)
72d31073-ceab-498b-84b0-edfdaa9fde47,Paste Restaurant,Bangkok,,live_unclaimed,active,Food,Fine Dining Thai,"Gaysorn Village, 999 Ploenchit Rd",,,13.743500,100.540000,Mon Aug 10 2026 00:00:00 GMT+0000 (Coordinated Universal Time)
9a3ff620-f8cd-48e2-bd8f-1955af0e0c8f,Roots Coffee Roasters,Bangkok,,live_unclaimed,active,Food,Specialty Coffee,"Ari neighborhood, Phahon Yothin Rd",,,13.775900,100.548500,Mon Aug 10 2026 00:00:00 GMT+0000 (Coordinated Universal Time)
8b0de447-e433-4697-9083-7e4813b53947,Saxophone Pub & Restaurant,Bangkok,,live_unclaimed,active,Entertainment & Recreation,Live Music Venue,"3/8 Phetchaburi Rd, Victory Monument",,,13.761700,100.537000,Mon Aug 10 2026 00:00:00 GMT+0000 (Coordinated Universal Time)
4c388c71-0ac4-4496-b028-b52e6cea1d2b,Sirocco Sky Bar,Bangkok,,live_unclaimed,active,Entertainment & Recreation,Rooftop Bar,"Lebua at State Tower, 1055 Silom Rd",,,13.722300,100.514000,Mon Aug 10 2026 00:00:00 GMT+0000 (Coordinated Universal Time)
062ae28a-3f09-4155-ada6-68be7f210484,Soul Food Mahanakorn,Bangkok,,live_unclaimed,active,Food,Thai Tavern,"56/10 Sukhumvit Soi 55, Thonglor",,,13.729000,100.580000,Mon Aug 10 2026 00:00:00 GMT+0000 (Coordinated Universal Time)
68d28ccf-7db8-4ecf-a26e-e742831324d9,Sri Trang Agro-Industry Dining Room,Bangkok,,live_unclaimed,active,Food,Thai Cuisine,"Vibhavadi Rangsit Rd, Chatuchak",,,13.811600,100.557400,Mon Aug 10 2026 00:00:00 GMT+0000 (Coordinated Universal Time)
e85140ba-8d4b-4678-8435-8cf900a4ee95,The Bookshop Bangkok,Bangkok,,live_unclaimed,active,Retail,Bookstore,"36 Gaysorn Tower, Ploenchit Rd",,,13.744200,100.540300,Mon Aug 10 2026 00:00:00 GMT+0000 (Coordinated Universal Time)
c6157dba-8002-4b89-8e8f-61813c98e835,Tropic City — Bangkok,Bangkok,,live_unclaimed,active,Entertainment & Recreation,Bar / LGBTQIA+-Friendly,672/49 Charoen Krung Rd,,,13.727300,100.514300,Mon Aug 10 2026 00:00:00 GMT+0000 (Coordinated Universal Time)
0c9483c1-5397-40fa-841d-6bf0030ee365,Vertigo & Moon Bar,Bangkok,,live_unclaimed,active,Entertainment & Recreation,Rooftop Bar,"Banyan Tree Bangkok, 21/100 South Sathorn Rd",,,13.719900,100.527800,Mon Aug 10 2026 00:00:00 GMT+0000 (Coordinated Universal Time)
78a65e76-c90c-465d-bc30-0b9367730d3a,Wat Arun — Temple of Dawn,Bangkok,,live_unclaimed,active,Arts & Culture,Temple / Cultural Site,"158 Thanon Wang Doem, Wat Arun",,,13.743700,100.488800,Mon Aug 10 2026 00:00:00 GMT+0000 (Coordinated Universal Time)
6c72082c-cfcf-4af5-b845-4e0cd1998d7e,Wat Pho — Temple of the Reclining Buddha,Bangkok,,live_unclaimed,active,Arts & Culture,Temple / Cultural Site,"2 Sanam Chai Rd, Phra Nakhon",,,13.746600,100.492700,Mon Aug 10 2026 00:00:00 GMT+0000 (Coordinated Universal Time)
9487dd8f-0dfe-4ae4-81c5-f0c69e7ed4bd,Al Shami,Baton Rouge,LA,live_unclaimed,active,Food,Middle Eastern,Baton Rouge area,,,30.451500,-91.187100,Sat Aug 08 2026 00:00:00 GMT+0000 (Coordinated Universal Time)
23f116e1-f3c9-40db-88e8-d5e31c56385a,Bao Vietnamese Kitchen,Baton Rouge,LA,live_unclaimed,active,Food,Vietnamese,"8342 Perkins Rd, Baton Rouge, LA 70810",,,30.451500,-91.187100,Sat Aug 08 2026 00:00:00 GMT+0000 (Coordinated Universal Time)
4876857f-5777-4310-94e3-cf915f718187,Baton Rouge African American Museum,Baton Rouge,LA,live_unclaimed,active,Arts & Culture,History Museum,1155 Howard Ave,,,30.450800,-91.185900,Tue Aug 11 2026 00:00:00 GMT+0000 (Coordinated Universal Time)
60aa95fd-f495-456c-8c1a-417bf918f36b,Baton Rouge Black Law Associates,Baton Rouge,LA,live_unclaimed,active,Professional Services,Criminal Defense / Family Law,301 Main St Suite 700,,,30.447900,-91.187100,Tue Aug 11 2026 00:00:00 GMT+0000 (Coordinated Universal Time)
fbbb8798-814b-4079-925a-74a558e04c86,Café Du Monde — Baton Rouge,Baton Rouge,LA,live_unclaimed,active,Food,Creole / Louisiana,7301 Bluebonnet Blvd,,,30.374100,-91.091900,Tue Aug 11 2026 00:00:00 GMT+0000 (Coordinated Universal Time)
fb317735-e536-48ae-9521-1d18d6f2e094,Capital Area Alliance — Baton Rouge Latino Community,Baton Rouge,LA,live_unclaimed,active,Community Organizations,Latino Community Services,Baton Rouge,,,30.451500,-91.187100,Tue Aug 11 2026 00:00:00 GMT+0000 (Coordinated Universal Time)
b2c6d248-d184-47c4-ae4d-f12e4b15c93e,Capital Region Tax & Accounting,Baton Rouge,LA,live_unclaimed,active,Professional Services,Tax Preparation,4420 Plank Rd,,,30.496400,-91.108500,Tue Aug 11 2026 00:00:00 GMT+0000 (Coordinated Universal Time)
da3d3204-8733-4ade-a44a-8fc52b94bcc1,Dang's Vietnamese Restaurant,Baton Rouge,LA,live_unclaimed,active,Food,Vietnamese,"12385 Florida Blvd, Baton Rouge, LA 70815",,,30.451500,-91.187100,Sat Aug 08 2026 00:00:00 GMT+0000 (Coordinated Universal Time)
e04d46c6-fdf9-44ce-999a-8e0f648e14b6,Diversity Kitchen,Baton Rouge,LA,live_unclaimed,active,Food,West African,Baton Rouge area,,,30.451500,-91.187100,Sat Aug 08 2026 00:00:00 GMT+0000 (Coordinated Universal Time)
01721177-c150-49a6-9c87-0ce0551229b3,Drusilla Seafood Restaurant,Baton Rouge,LA,live_unclaimed,active,Food,Creole / Cajun Seafood,3482 Drusilla Ln,,,30.441100,-91.099900,Tue Aug 11 2026 00:00:00 GMT+0000 (Coordinated Universal Time)
44f3535c-9d56-44d7-9eda-20cf9eef18c0,Eden Park Dental Associates,Baton Rouge,LA,live_unclaimed,active,Health & Wellness,Dental,4812 Plank Rd,,,30.493200,-91.109800,Tue Aug 11 2026 00:00:00 GMT+0000 (Coordinated Universal Time)
de1c56e0-6f69-46e7-af7a-edc6b85f0190,El Dorado Mexican Restaurant — Baton Rouge,Baton Rouge,LA,live_unclaimed,active,Food,Mexican,7680 Jefferson Hwy,,,30.425600,-91.098100,Tue Aug 11 2026 00:00:00 GMT+0000 (Coordinated Universal Time)
6c4e0358-a4df-483c-9053-6de09e87e782,Greater King David Missionary Baptist Church,Baton Rouge,LA,live_unclaimed,active,Faith & Spirituality,Missionary Baptist,2627 N Acadian Thruway E,,,30.462100,-91.157300,Mon Aug 10 2026 00:00:00 GMT+0000 (Coordinated Universal Time)
38af8c26-6f2a-4f07-b8e2-d517b97ea842,Greater St. Stephens Missionary Baptist Church,Baton Rouge,LA,live_unclaimed,active,Faith & Spirituality,Missionary Baptist Church,2330 Greenwood Dr,,,30.430000,-91.134200,Mon Aug 10 2026 00:00:00 GMT+0000 (Coordinated Universal Time)
4c9d489a-271a-4880-9ce4-34830e65bc0f,La Carreta,Baton Rouge,LA,live_unclaimed,active,Food,Mexican,"4065 Government St, Baton Rouge, LA 70806",,,30.451500,-91.187100,Sat Aug 08 2026 00:00:00 GMT+0000 (Coordinated Universal Time)
512e6394-3276-404d-80e5-edfea2684e86,Mestizo Louisiana Mexican Cuisine,Baton Rouge,LA,live_unclaimed,active,Food,Mexican,"2323 S Acadian Thruway, Baton Rouge, LA 70808",,,30.451500,-91.187100,Sat Aug 08 2026 00:00:00 GMT+0000 (Coordinated Universal Time)
ea83ee96-47ea-48a5-9d71-07cb1fe3e397,Mi Tierra,Baton Rouge,LA,live_unclaimed,active,Food,Food,"13213 Perkins Rd, Baton Rouge, LA 70810",,,30.451500,-91.187100,Sat Aug 08 2026 00:00:00 GMT+0000 (Coordinated Universal Time)
184fcb94-df31-4c2c-b0d7-3719ff94cbe1,Monarch Books,Baton Rouge,LA,live_unclaimed,active,Retail,Bookstore,Downtown area,,,30.451500,-91.187100,Sat Aug 08 2026 00:00:00 GMT+0000 (Coordinated Universal Time)
a0657666-e49a-43f1-a7f6-bcbf68eaf839,Mt. Zion First Baptist Church,Baton Rouge,LA,live_unclaimed,active,Faith & Spirituality,Baptist Church,755 North St,https://mtzionbr.org,,30.452200,-91.187500,Mon Aug 10 2026 00:00:00 GMT+0000 (Coordinated Universal Time)
7c06ea44-b0ab-4e5a-9cfc-5013bd5c63df,North Baton Rouge Auto Repair,Baton Rouge,LA,live_unclaimed,active,Professional Services,Auto Repair,4912 Plank Rd,,,30.497800,-91.109200,Tue Aug 11 2026 00:00:00 GMT+0000 (Coordinated Universal Time)
7eda6317-1d81-4524-b696-ce8118f20821,North Baton Rouge Community Dental,Baton Rouge,LA,live_unclaimed,active,Health & Wellness,Dental,1421 Airline Hwy,,,30.485400,-91.098700,Tue Aug 11 2026 00:00:00 GMT+0000 (Coordinated Universal Time)
2006cd3d-c93a-4091-8acc-0de2ace3ada3,North Baton Rouge Family Childcare,Baton Rouge,LA,live_unclaimed,active,Childcare & Early Education,Daycare,5201 Plank Rd,,,30.499200,-91.108900,Tue Aug 11 2026 00:00:00 GMT+0000 (Coordinated Universal Time)
ea0b4bbf-1a86-406c-bfff-b05a6fa2e4da,North BR Plumbing — Black-Owned,Baton Rouge,LA,live_unclaimed,active,Professional Services,Plumbing,6012 Airline Hwy,,,30.503100,-91.092100,Tue Aug 11 2026 00:00:00 GMT+0000 (Coordinated Universal Time)
dad46818-21b8-455f-8bb5-748ce90578cc,Red Star Bar — Baton Rouge Blues,Baton Rouge,LA,live_unclaimed,active,Entertainment & Recreation,Bar / Blues Venue,1020 3rd St,,,30.445100,-91.185100,Tue Aug 11 2026 00:00:00 GMT+0000 (Coordinated Universal Time)
c21cccc5-833f-487e-ace1-1cab77e65f5a,Sazon Latin Grill,Baton Rouge,LA,live_unclaimed,active,Food,Colombian,"1230 O'Neal Ln Suite 4, Baton Rouge, LA 70816",,,30.451500,-91.187100,Sat Aug 08 2026 00:00:00 GMT+0000 (Coordinated Universal Time)
c3d48025-6f52-4e70-beaf-0784b5bd8d80,Scotlandville Learning Center,Baton Rouge,LA,live_unclaimed,active,Childcare & Early Education,Daycare,3512 Scenic Hwy,,,30.523800,-91.102100,Tue Aug 11 2026 00:00:00 GMT+0000 (Coordinated Universal Time)
97174948-a351-4c13-aa19-15cb2657bd52,Shiloh Missionary Baptist Church Baton Rouge,Baton Rouge,LA,live_unclaimed,active,Faith & Spirituality,Missionary Baptist,3750 Greenwell Springs Rd,,,30.490800,-91.135600,Mon Aug 10 2026 00:00:00 GMT+0000 (Coordinated Universal Time)
d4788789-63e3-4a9c-90d9-37675a30cf7c,Smoke Bayou,Baton Rouge,LA,live_unclaimed,active,Food,Food,"4310 Florida Blvd, Baton Rouge, LA 70806",,,30.451500,-91.187100,Sat Aug 08 2026 00:00:00 GMT+0000 (Coordinated Universal Time)
9dd326d6-11ac-441d-aa1a-1258db4a32f3,SoBar — Scotlandville Bar & Lounge,Baton Rouge,LA,live_unclaimed,active,Entertainment & Recreation,Bar / Lounge,3718 Scenic Hwy,,,30.524100,-91.100800,Tue Aug 11 2026 00:00:00 GMT+0000 (Coordinated Universal Time)
dc90c455-6f99-42c5-9562-7668d0390509,Southern University and A&M College,Baton Rouge,LA,live_unclaimed,active,Arts & Culture,HBCU,801 Harding Blvd,https://subr.edu,,30.532600,-91.189600,Tue Aug 11 2026 00:00:00 GMT+0000 (Coordinated Universal Time)
5ffbb8a7-fd5a-4c34-8136-431b8d00f644,Southern University Area Dental,Baton Rouge,LA,live_unclaimed,active,Health & Wellness,Dental,3212 Scenic Hwy,,,30.521800,-91.104200,Tue Aug 11 2026 00:00:00 GMT+0000 (Coordinated Universal Time)
55f7287c-8b84-44c2-8bdb-70a33d772895,The Basin Music Hall,Baton Rouge,LA,live_unclaimed,active,Arts & Culture,Arts & Culture,"Downtown Baton Rouge, LA",,,30.451500,-91.187100,Sat Aug 08 2026 00:00:00 GMT+0000 (Coordinated Universal Time)
cd489777-8b58-470c-a9b1-ebaf41a9bc7e,The Bullfish Bistro,Baton Rouge,LA,live_unclaimed,active,Food,Caribbean,"4001 Nicholson Dr, Baton Rouge, LA 70808",,,30.451500,-91.187100,Sat Aug 08 2026 00:00:00 GMT+0000 (Coordinated Universal Time)
8665e12e-9d36-4372-8bfe-c31cefac9b74,The Chicken Shack,Baton Rouge,LA,live_unclaimed,active,Food,Soul Food,"413 N Acadian Thruway, Baton Rouge, LA 70806",,,30.451500,-91.187100,Sat Aug 08 2026 00:00:00 GMT+0000 (Coordinated Universal Time)
1fc8dbf7-f520-4474-ad84-fb2f91c4d7a1,The Station,Baton Rouge,LA,live_unclaimed,active,Food,Food,Baton Rouge area,,,30.451500,-91.187100,Sat Aug 08 2026 00:00:00 GMT+0000 (Coordinated Universal Time)
bd517ea8-ce0b-47ac-9ce9-308bd4856e8c,Tin Roof Brewing Company — Community Space,Baton Rouge,LA,live_unclaimed,active,Entertainment & Recreation,Brewery / Community Gathering,1624 Wyoming St,https://tinroofbeer.com,,30.432100,-91.134800,Tue Aug 11 2026 00:00:00 GMT+0000 (Coordinated Universal Time)
b06cb7ca-9ccb-48f3-b934-4ff3f3091712,Vietnamese Community Center — Baton Rouge,Baton Rouge,LA,live_unclaimed,active,Community Organizations,Vietnamese Community Organization,Airline Hwy,,,30.448900,-91.072300,Tue Aug 11 2026 00:00:00 GMT+0000 (Coordinated Universal Time)
ce36c9d9-b1e0-403d-8c13-afe97b453c39,Yori African Restaurant,Baton Rouge,LA,live_unclaimed,active,Food,West African,Baton Rouge area,,,30.451500,-91.187100,Sat Aug 08 2026 00:00:00 GMT+0000 (Coordinated Universal Time)
3357a5e7-abb2-47fd-9f08-87ab0c7635da,Copper Crow Distillery,Bayfield,WI,live_unclaimed,active,Food,Food,"Bayfield, WI (Regional)",,,46.813500,-90.819600,Sat Aug 08 2026 00:00:00 GMT+0000 (Coordinated Universal Time)
c41ee665-7d86-4d73-8acb-6df25d017612,Bete-Lukas Ethiopian Restaurant (Berkeley),Berkeley,CA,live_unclaimed,active,Food,Ethiopian Restaurant,1941 San Pablo Ave,,,37.868600,-122.286000,Tue Aug 11 2026 00:00:00 GMT+0000 (Coordinated Universal Time)
a5c6a083-e694-4895-ad49-52eadee3d98d,Everett & Jones BBQ (Berkeley),Berkeley,CA,live_unclaimed,active,Food,Barbecue,1601 Telegraph Ave,,,37.868100,-122.260100,Tue Aug 11 2026 00:00:00 GMT+0000 (Coordinated Universal Time)
33088ead-2612-4ad4-b192-91f8cb460fbc,La Peña Cultural Center (Berkeley),Berkeley,CA,live_unclaimed,active,Arts & Culture,Cultural Center,3105 Shattuck Ave,https://lapena.org,,37.855400,-122.269100,Tue Aug 11 2026 00:00:00 GMT+0000 (Coordinated Universal Time)
60ba824c-38b1-413d-ac99-81a7e5ce8a8f,16th Street Baptist Church,Birmingham,AL,live_unclaimed,active,Faith & Spirituality,Baptist,1530 6th Ave N,,,33.517500,-86.813800,Mon Aug 10 2026 00:00:00 GMT+0000 (Coordinated Universal Time)
e448b551-ebb0-46d5-a304-cc4887b49fc8,4th Avenue Auto Service,Birmingham,AL,live_unclaimed,active,Professional Services,Auto Repair,2212 4th Ave N,,,33.519500,-86.804100,Tue Aug 11 2026 00:00:00 GMT+0000 (Coordinated Universal Time)
869e58b5-0601-47de-a415-63c51b2fac31,4th Avenue Dental Center,Birmingham,AL,live_unclaimed,active,Health & Wellness,Dental,414 4th Ave N,,,33.518800,-86.811600,Tue Aug 11 2026 00:00:00 GMT+0000 (Coordinated Universal Time)
d5d39a8c-216f-481e-892b-3f7a4bdb5b69,4th Avenue Early Learning Center,Birmingham,AL,live_unclaimed,active,Childcare & Early Education,Daycare,510 4th Ave N,,,33.519200,-86.810200,Tue Aug 11 2026 00:00:00 GMT+0000 (Coordinated Universal Time)
fc719f69-ea4b-41b5-9ce6-4a6d5e1e4d73,4th Avenue Jazz Lounge,Birmingham,AL,live_unclaimed,active,Entertainment & Recreation,Jazz Bar / Lounge,420 4th Ave N,,,33.518600,-86.812000,Tue Aug 11 2026 00:00:00 GMT+0000 (Coordinated Universal Time)
83,Alabama Center for Black Entrepreneurship,Birmingham,AL,permanently_hidden,active,Tech,Business Development,1801 4th Ave N,alabamablackentrepreneurs.com,(205) 555-8315,33.521800,-86.809900,Thu Jun 18 2026 00:00:00 GMT+0000 (Coordinated Universal Time)
eac751a6-249d-49c9-8186-66be4d01bde7,Alabama Immigration Law Center,Birmingham,AL,live_unclaimed,active,Professional Services,Immigration Attorney,600 20th St N Suite 300,,,33.517200,-86.802800,Tue Aug 11 2026 00:00:00 GMT+0000 (Coordinated Universal Time)
039dc6c4-ff88-41ee-9a90-13a5a52649e2,Alabama Institute for Deaf & Blind — Birmingham,Birmingham,AL,live_unclaimed,active,Children & Family,Special Needs Services,205 Paul W Bryant Dr,https://www.aidb.org,,33.520400,-86.802500,Mon Aug 10 2026 00:00:00 GMT+0000 (Coordinated Universal Time)
82,Baba's Mediterranean Grill,Birmingham,AL,permanently_hidden,active,Food,Southern Comfort,320 4th Ave N,,(205) 555-8201,33.520100,-86.809700,Thu Jun 18 2026 00:00:00 GMT+0000 (Coordinated Universal Time)
5dd0aefd-a0af-49a7-975e-ae5ae4993c68,Bethel Baptist Church Birmingham,Birmingham,AL,live_unclaimed,active,Faith & Spirituality,Baptist Church,3233 29th Ave N,https://bethelbirm.org,,33.538800,-86.813800,Mon Aug 10 2026 00:00:00 GMT+0000 (Coordinated Universal Time)
84,Bethel Baptist Cultural Center,Birmingham,AL,permanently_hidden,active,Education,History & Heritage,3233 8th Ave N,bethelbaptistbhm.org,(205) 555-8429,33.526500,-86.808600,Thu Jun 18 2026 00:00:00 GMT+0000 (Coordinated Universal Time)
6713bbb2-8b6b-43b5-a984-3fc62fce52d0,Birmingham Black Plumbing Co.,Birmingham,AL,live_unclaimed,active,Professional Services,Plumbing,2410 Ensley Ave,,,33.512000,-86.871200,Tue Aug 11 2026 00:00:00 GMT+0000 (Coordinated Universal Time)
ec52328a-9c50-40bc-840e-bdffda209203,Birmingham Civil Rights Institute,Birmingham,AL,live_unclaimed,active,Arts & Culture,Museum,520 16th St N,,,33.517900,-86.814800,Mon Aug 10 2026 00:00:00 GMT+0000 (Coordinated Universal Time)
57ea1463-4da7-4f64-bb15-4f48ab8e13d9,Birmingham Civil Rights Legal Advocates,Birmingham,AL,live_unclaimed,active,Professional Services,Civil Rights / Criminal Defense,1901 6th Ave N Suite 500,,,33.519000,-86.816000,Tue Aug 11 2026 00:00:00 GMT+0000 (Coordinated Universal Time)
e82b8e30-3d51-4501-b467-cb68eb25a62b,Birmingham Islamic Society,Birmingham,AL,live_unclaimed,active,Faith & Spirituality,Islamic Center,5208 Messer-Airport Hwy,https://bislam.org,,33.537800,-86.734100,Tue Aug 11 2026 00:00:00 GMT+0000 (Coordinated Universal Time)
0049d4e6-4109-4d50-b7e5-a7d5c8dd6aa3,Chef Lee's Soul Food — Birmingham,Birmingham,AL,live_unclaimed,active,Food,Soul Food,1200 4th Ave N,,,33.519500,-86.805800,Mon Aug 10 2026 00:00:00 GMT+0000 (Coordinated Universal Time)
c9c7ae52-2732-445e-807f-103197ffd930,Cinco de Mayo Restaurant — Birmingham,Birmingham,AL,live_unclaimed,active,Food,Mexican,1408 34th St N,,,33.531900,-86.799400,Tue Aug 11 2026 00:00:00 GMT+0000 (Coordinated Universal Time)
15dbbaef-dead-4db2-a161-1cc410b2b443,Civil Rights Kitchen Truck,Birmingham,AL,live_unclaimed,active,Food Trucks,Lunch,"520 16th St N, Birmingham, AL",,,33.514900,-86.812800,Thu Aug 13 2026 00:00:00 GMT+0000 (Coordinated Universal Time)
0597c283-929d-4762-9e09-deb9073e5c5f,Dos Hermanos Taco Truck,Birmingham,AL,live_unclaimed,active,Food,Mexican,"99 14th St N, Birmingham, AL",,,33.518600,-86.810400,Sat Aug 08 2026 00:00:00 GMT+0000 (Coordinated Universal Time)
8d876648-6a17-4344-8305-3b7c6e1324f9,Dreamland Bar-B-Que — Birmingham,Birmingham,AL,live_unclaimed,active,Food,BBQ,1427 14th Ave S,https://dreamlandbbq.com,,33.505000,-86.804200,Tue Aug 11 2026 00:00:00 GMT+0000 (Coordinated Universal Time)
a0eaea11-4356-47da-8fd2-7b7b6aacf864,East Lake Children's Academy,Birmingham,AL,live_unclaimed,active,Childcare & Early Education,Daycare,5621 1st Ave N,,,33.537800,-86.761200,Tue Aug 11 2026 00:00:00 GMT+0000 (Coordinated Universal Time)
b6e2ea28-c0db-4bef-98d0-9713e8ff0343,East Lake Dental Associates,Birmingham,AL,live_unclaimed,active,Health & Wellness,Dental,1802 Center St N,,,33.537100,-86.753400,Tue Aug 11 2026 00:00:00 GMT+0000 (Coordinated Universal Time)
d7c55c2c-3063-409e-b5db-f7ba68ceca76,East Lake Home Services — Plumbing,Birmingham,AL,live_unclaimed,active,Professional Services,Plumbing,6412 1st Ave N,,,33.538400,-86.754300,Tue Aug 11 2026 00:00:00 GMT+0000 (Coordinated Universal Time)
2fcab982-6428-4f03-8a86-91ddb211f01f,El Barrio Mexican Restaurant — Birmingham,Birmingham,AL,live_unclaimed,active,Food,Mexican,2209 Morris Ave,,,33.521800,-86.809800,Tue Aug 11 2026 00:00:00 GMT+0000 (Coordinated Universal Time)
4bbd4f2f-b56c-4a92-b3e1-f6535655f46d,Ensley Community Childcare Center,Birmingham,AL,live_unclaimed,active,Childcare & Early Education,Daycare,1900 Avenue E,,,33.511800,-86.878900,Tue Aug 11 2026 00:00:00 GMT+0000 (Coordinated Universal Time)
91d27bc3-ad68-47d3-bf37-fa70e64009f0,Ensley Electric — Minority-Owned,Birmingham,AL,live_unclaimed,active,Professional Services,Electrical,1912 Ensley Ave,,,33.512100,-86.877800,Tue Aug 11 2026 00:00:00 GMT+0000 (Coordinated Universal Time)
8e93d36b-cd43-4098-9ab7-e8f6620feb2f,Ensley Family Dental,Birmingham,AL,live_unclaimed,active,Health & Wellness,Dental,2005 Avenue F,,,33.513000,-86.877800,Tue Aug 11 2026 00:00:00 GMT+0000 (Coordinated Universal Time)
a5b9e039-8a8e-45ce-b078-44bcf5239cfb,Ensley Fresh Clean,Birmingham,AL,live_unclaimed,active,Home Services,Laundromat,1100 Avenue E,,,33.510100,-86.900200,Thu Aug 13 2026 00:00:00 GMT+0000 (Coordinated Universal Time)
491602c7-16ce-49bf-9eab-b43c40826b65,Ensley Good Eats Truck,Birmingham,AL,live_unclaimed,active,Food Trucks,Breakfast & Lunch,"1800 Ave E, Birmingham, AL",,,33.510100,-86.900200,Thu Aug 13 2026 00:00:00 GMT+0000 (Coordinated Universal Time)
a182c5b4-912d-4e1a-9649-55e5c3a1f0f2,Ensley Social Club,Birmingham,AL,live_unclaimed,active,Entertainment & Recreation,Bar / Neighborhood Lounge,1701 Avenue F,,,33.512800,-86.879200,Tue Aug 11 2026 00:00:00 GMT+0000 (Coordinated Universal Time)
08b1a479-277b-4d32-a22c-39ceee64a23e,Ensley Tax & Accounting Services,Birmingham,AL,live_unclaimed,active,Professional Services,Tax Preparation,2011 Avenue E,,,33.512000,-86.877900,Tue Aug 11 2026 00:00:00 GMT+0000 (Coordinated Universal Time)
df2a4fda-287e-4789-abb5-55443d0d848c,Ensley Tire & Auto,Birmingham,AL,live_unclaimed,active,Professional Services,Auto Repair,1630 Avenue F,,,33.512400,-86.880300,Tue Aug 11 2026 00:00:00 GMT+0000 (Coordinated Universal Time)
9e59a200-f90f-4931-9369-c121f4e9ea21,Epice,Birmingham,AL,live_unclaimed,active,Food,Middle Eastern,"2308 1st Ave S, Birmingham, AL",,,33.518600,-86.810400,Sat Aug 08 2026 00:00:00 GMT+0000 (Coordinated Universal Time)
137dab51-69a6-42e1-9316-b285f451fa9f,Eugene's Hot Chicken,Birmingham,AL,live_unclaimed,active,Food,Vietnamese,"2268 9th Ave N, Birmingham, AL",,,33.518600,-86.810400,Sat Aug 08 2026 00:00:00 GMT+0000 (Coordinated Universal Time)
b160c1c2-13ce-4828-920a-1d0bd5a1de83,Falafel Cafe,Birmingham,AL,live_unclaimed,active,Food,Middle Eastern,"401 19th St S, Birmingham, AL",,,33.518600,-86.810400,Sat Aug 08 2026 00:00:00 GMT+0000 (Coordinated Universal Time)
c4a5892e-95a6-4dd5-9d71-e991951e7f49,Ghion Cultural Hall,Birmingham,AL,live_unclaimed,active,Food,Ethiopian,"1821 2nd Ave N, Birmingham, AL",,,33.518600,-86.810400,Sat Aug 08 2026 00:00:00 GMT+0000 (Coordinated Universal Time)
4501270e-96ab-48e1-88cb-ca3c0b45b63e,Jefferson County Community Mental Health,Birmingham,AL,live_unclaimed,active,Health & Wellness,Mental Health / Community Health,908 Minor Pkwy,,,33.544100,-86.802100,Tue Aug 11 2026 00:00:00 GMT+0000 (Coordinated Universal Time)
150c5e50-5856-4287-8962-26d42b9d1317,Jefferson County Family Law Group,Birmingham,AL,live_unclaimed,active,Professional Services,Family Law Attorney,2012 4th Ave N,,,33.518300,-86.806800,Tue Aug 11 2026 00:00:00 GMT+0000 (Coordinated Universal Time)
02baf30a-07fc-47f4-85a8-f371776b70e2,Kelly Ingram Park,Birmingham,AL,live_unclaimed,active,Arts & Culture,Historic Civil Rights Site,5th Ave N & 16th St N,,,33.515500,-86.815100,Tue Aug 11 2026 00:00:00 GMT+0000 (Coordinated Universal Time)
280a12c4-fe94-463c-a9a0-72cbaaafca19,K&J's Elegant Pastries,Birmingham,AL,live_unclaimed,active,Food,Bakery,"2260 9th Ave N, Birmingham, AL",,,33.518600,-86.810400,Sat Aug 08 2026 00:00:00 GMT+0000 (Coordinated Universal Time)
b72f7245-42ee-4c32-8d72-d682b65a8dde,Magic City Financial Services,Birmingham,AL,live_unclaimed,active,Professional Services,Tax Preparation / Financial Services,1710 3rd Ave N,,,33.519100,-86.817000,Tue Aug 11 2026 00:00:00 GMT+0000 (Coordinated Universal Time)
48150d4a-d2d6-4865-84fb-43fc28803c54,Magic City Healing Center,Birmingham,AL,live_unclaimed,active,Health & Wellness,Mental Health Counseling,2200 University Blvd Suite 301,,,33.505000,-86.805000,Tue Aug 11 2026 00:00:00 GMT+0000 (Coordinated Universal Time)
3ba13aa1-c836-4060-8776-668d2d108510,Magic City HVAC,Birmingham,AL,live_unclaimed,active,Professional Services,HVAC,3108 4th Ave W,,,33.513100,-86.850100,Tue Aug 11 2026 00:00:00 GMT+0000 (Coordinated Universal Time)
9edfc608-b7e1-42cf-951d-13045937396f,Magic City Natural Hair Studio,Birmingham,AL,live_unclaimed,active,Beauty & Personal Care,Natural Hair Salon,1900 3rd Ave N,,,33.521400,-86.803100,Mon Aug 10 2026 00:00:00 GMT+0000 (Coordinated Universal Time)
d24813e8-a617-4bbc-beb0-2719c1cc3974,Memory Lane,Birmingham,AL,live_unclaimed,active,Food,Food,"2320 1st Ave N Ste 110, Birmingham, AL",,,33.518600,-86.810400,Sat Aug 08 2026 00:00:00 GMT+0000 (Coordinated Universal Time)
95668b85-a458-4eaf-97e7-1aa273d3d595,Niki's West Restaurant,Birmingham,AL,live_unclaimed,active,Food,Southern / Greek,233 Finley Ave W,https://nikiswest.com,,33.514600,-86.836700,Tue Aug 11 2026 00:00:00 GMT+0000 (Coordinated Universal Time)
82741648-9be0-414c-aded-f6d1247e338a,North Birmingham Community Dental,Birmingham,AL,live_unclaimed,active,Health & Wellness,Dental,3301 28th Ave N,,,33.545000,-86.820000,Tue Aug 11 2026 00:00:00 GMT+0000 (Coordinated Universal Time)
9ccd3687-a917-408e-8a30-4bcb5a046d1b,Saturn Birmingham,Birmingham,AL,live_unclaimed,active,Entertainment & Recreation,Live Music Venue,200 41st St S,https://saturnbirmingham.com,,33.516300,-86.780200,Mon Aug 10 2026 00:00:00 GMT+0000 (Coordinated Universal Time)
277751a5-5ac3-460f-a014-7bdd9db87388,Sixteenth Street Baptist Church,Birmingham,AL,live_unclaimed,active,Faith & Spirituality,Baptist Church,1530 6th Ave N,https://16thstreetbaptist.org,,33.516600,-86.815000,Mon Aug 10 2026 00:00:00 GMT+0000 (Coordinated Universal Time)
c7b96622-3849-48d7-9435-fa56eca39efa,Sixth Avenue Baptist Church,Birmingham,AL,live_unclaimed,active,Faith & Spirituality,Baptist,1101 Martin Luther King Jr Dr SW,,,33.513500,-86.815500,Mon Aug 10 2026 00:00:00 GMT+0000 (Coordinated Universal Time)
ba2d0a44-735c-4183-8cdd-e673356aa334,Smithfield Head Start,Birmingham,AL,live_unclaimed,active,Childcare & Early Education,Head Start,1712 4th Ave N,,,33.518200,-86.824000,Tue Aug 11 2026 00:00:00 GMT+0000 (Coordinated Universal Time)
f1bb2a43-f6d8-48de-8acd-63b7e3eee180,Southern Caribbean Restaurant,Birmingham,AL,live_unclaimed,active,Food,Caribbean,"1116 Lomb Ave, West Birmingham, AL",,,33.518600,-86.810400,Sat Aug 08 2026 00:00:00 GMT+0000 (Coordinated Universal Time)
7ce20099-48a3-44e8-8c2b-486ac7b13ef3,St. Paul United Methodist Church Birmingham,Birmingham,AL,live_unclaimed,active,Faith & Spirituality,United Methodist,1431 4th Ave N,,,33.517900,-86.811100,Mon Aug 10 2026 00:00:00 GMT+0000 (Coordinated Universal Time)
4bc6cbcf-fcdd-47bf-a09d-a9516f434273,Strong Foundation Contracting — Birmingham,Birmingham,AL,live_unclaimed,active,Services,General Contractor,1524 3rd Ave N,,,33.522500,-86.810400,Mon Aug 10 2026 00:00:00 GMT+0000 (Coordinated Universal Time)
65028cff-47ce-4df7-9f0e-7029f86f4077,Texas de Brazil,Birmingham,AL,live_unclaimed,active,Food,Brazilian,"2301 Richard Arrington Jr Blvd N, Birmingham, AL",,,33.518600,-86.810400,Sat Aug 08 2026 00:00:00 GMT+0000 (Coordinated Universal Time)
b6f1d798-35e0-44b6-ba4a-d218b7f1b00b,The Garage Cafe — Avondale,Birmingham,AL,live_unclaimed,active,Entertainment & Recreation,Bar / Live Music,2304 10th Ave S,,,33.502900,-86.770100,Tue Aug 11 2026 00:00:00 GMT+0000 (Coordinated Universal Time)
bac43652-bd1b-4499-8f72-7aaa6ab88332,Titusville Dental Care,Birmingham,AL,live_unclaimed,active,Health & Wellness,Dental,700 6th Ave W,,,33.507200,-86.824400,Tue Aug 11 2026 00:00:00 GMT+0000 (Coordinated Universal Time)
fc830421-786a-455d-b838-02d79b63ede7,Titusville Laundry Center,Birmingham,AL,live_unclaimed,active,Home Services,Laundromat,1412 Ave G SW,,,33.502800,-86.840300,Thu Aug 13 2026 00:00:00 GMT+0000 (Coordinated Universal Time)
36096f53-a79a-4aa0-8ed6-92152ffed22a,West Birmingham Learning Tree,Birmingham,AL,live_unclaimed,active,Childcare & Early Education,Family Daycare Home,1823 6th Ave W,,,33.507700,-86.841200,Tue Aug 11 2026 00:00:00 GMT+0000 (Coordinated Universal Time)
39deef0d-3aa4-4dea-a809-f24a49444cba,West End Dental Group,Birmingham,AL,live_unclaimed,active,Health & Wellness,Dental,2121 Bessemer Rd,,,33.507800,-86.849900,Tue Aug 11 2026 00:00:00 GMT+0000 (Coordinated Universal Time)
9b8d76da-229d-4662-913f-e9368c6bd441,Yo' Mama's Restaurant,Birmingham,AL,live_unclaimed,active,Food,Soul Food,"2024 4th Ave N, Birmingham, AL",,,33.518600,-86.810400,Sat Aug 08 2026 00:00:00 GMT+0000 (Coordinated Universal Time)
515d52c3-63e5-4513-8553-4b0c3d9d6842,Zydeco — Birmingham Live Music,Birmingham,AL,live_unclaimed,active,Entertainment & Recreation,Live Music Venue / Bar,2001 15th Ave S,https://zydecobirmingham.com,,33.502800,-86.799100,Tue Aug 11 2026 00:00:00 GMT+0000 (Coordinated Universal Time)
1bf7c640-1b4f-4404-aebd-b2de5ded1b5c,Ali's Roti Restaurant,Boston,MA,live_unclaimed,active,Food,Trinidadian / Caribbean,1188 Blue Hill Ave,,,42.297400,-71.075200,Tue Aug 11 2026 00:00:00 GMT+0000 (Coordinated Universal Time)
76ae8f79-a47b-43cf-89cf-067b3e25778b,Alma Gaucha,Boston,MA,live_unclaimed,active,Food,Brazilian,"Seaport district, Boston, MA",,,42.360100,-71.058900,Sat Aug 08 2026 00:00:00 GMT+0000 (Coordinated Universal Time)
57b6e769-5791-4adb-b804-c8c2ca6b0d6b,Boston Black-Owned Law Firm (The Law Office of Rolanda Payne),Boston,MA,live_unclaimed,active,Professional Services,Law Firm,615 Blue Hill Ave,,,42.295000,-71.073400,Tue Aug 11 2026 00:00:00 GMT+0000 (Coordinated Universal Time)
39190360-fb44-4915-b580-8afa1c22b213,Boston Cape Verdean Restaurant (Cesária),Boston,MA,live_unclaimed,active,Food,Cape Verdean,266 Bowdoin St,,,42.300300,-71.068700,Tue Aug 11 2026 00:00:00 GMT+0000 (Coordinated Universal Time)
b800deef-97f0-42ae-850d-7df7ad32cbbc,Boston Guyanese Restaurant (Guyana Roti Shop),Boston,MA,live_unclaimed,active,Food,Guyanese,1234 Blue Hill Ave,,,42.295700,-71.074600,Tue Aug 11 2026 00:00:00 GMT+0000 (Coordinated Universal Time)
80e3a43d-eea9-4272-9f01-af8aa6a73f37,Boston Nigerian Community Association,Boston,MA,live_unclaimed,active,Community Organizations,Nigerian Community,551 Columbia Rd,,,42.307200,-71.064000,Tue Aug 11 2026 00:00:00 GMT+0000 (Coordinated Universal Time)
21299753-379a-4c77-bb72-8ed6fe725def,Boston Puerto Rican Restaurant (La Paloma),Boston,MA,live_unclaimed,active,Food,Puerto Rican,978 Tremont St,,,42.330200,-71.089100,Tue Aug 11 2026 00:00:00 GMT+0000 (Coordinated Universal Time)
572a7d14-eb0c-4074-a24d-6a055d35cd0a,Boston Senegalese Community Association,Boston,MA,live_unclaimed,active,Community Organizations,Senegalese / West African Community,91 Intervale St,,,42.316500,-71.079200,Tue Aug 11 2026 00:00:00 GMT+0000 (Coordinated Universal Time)
ebdd5ade-2dae-4fd4-9977-319226f9a8c2,Boston Somali Community Center,Boston,MA,live_unclaimed,active,Community Organizations,Somali Community,112 Border St,,,42.370200,-71.028200,Tue Aug 11 2026 00:00:00 GMT+0000 (Coordinated Universal Time)
baba3c52-6312-4116-b369-e1499de8e646,BrightSpring Early Learning Center (Dorchester),Boston,MA,live_unclaimed,active,Childcare & Early Education,Early Childhood Education,1554 Blue Hill Ave,,,42.289000,-71.074300,Tue Aug 11 2026 00:00:00 GMT+0000 (Coordinated Universal Time)
8457b65a-e821-47e4-9e34-7b8d084f3f0a,"Café Mamtaz (Bangladeshi, Dorchester)",Boston,MA,live_unclaimed,active,Food,Bangladeshi,2111 Dorchester Ave,,,42.300000,-71.068600,Tue Aug 11 2026 00:00:00 GMT+0000 (Coordinated Universal Time)
1ab6c7aa-ba01-411b-a24c-f30311a6caee,Comfort Kitchen,Boston,MA,live_unclaimed,active,Food,Caribbean,"Dorchester, Boston, MA",,,42.360100,-71.058900,Sat Aug 08 2026 00:00:00 GMT+0000 (Coordinated Universal Time)
ac094a81-11e5-43a4-bfb4-e68108a8804e,Doña Habana Restaurant,Boston,MA,live_unclaimed,active,Food,Food,"Mass Ave, Roxbury, Boston, MA",,,42.360100,-71.058900,Sat Aug 08 2026 00:00:00 GMT+0000 (Coordinated Universal Time)
d57ddb22-9da6-4bff-8c5a-0dd4082ced8b,Dudley Square Main Streets,Boston,MA,live_unclaimed,active,Community Organizations,Small Business Support,2289 Washington St,,,42.323700,-71.083400,Tue Aug 11 2026 00:00:00 GMT+0000 (Coordinated Universal Time)
a13f5412-99e1-427f-9eb6-4171956be66f,Fasika Cafe,Boston,MA,live_unclaimed,active,Food,Ethiopian,"Roxbury, Boston, MA",,,42.360100,-71.058900,Sat Aug 08 2026 00:00:00 GMT+0000 (Coordinated Universal Time)
b4b99ffd-4498-46db-960b-277cd0af165a,Flames Restaurant (Mattapan),Boston,MA,live_unclaimed,active,Food,Soul Food,1386 Blue Hill Ave,,,42.291300,-71.074800,Tue Aug 11 2026 00:00:00 GMT+0000 (Coordinated Universal Time)
860e505f-d19f-4f16-941d-e9926a176253,Frugal Bookstore,Boston,MA,live_unclaimed,active,Retail,Bookstore,"Roxbury, Boston, MA",,,42.360100,-71.058900,Sat Aug 08 2026 00:00:00 GMT+0000 (Coordinated Universal Time)
094667c8-48da-4c19-af36-382a3bb693f2,Gourmet Kreyol,Boston,MA,live_unclaimed,active,Food,Food,"Blue Hill Ave, Mattapan, Boston, MA",,,42.360100,-71.058900,Sat Aug 08 2026 00:00:00 GMT+0000 (Coordinated Universal Time)
f27741a4-29b5-4649-b161-5b439a31e922,Haitian Baptist Church (Boston),Boston,MA,live_unclaimed,active,Faith & Spirituality,Baptist Church,66 Quincy St,,,42.331000,-71.076700,Tue Aug 11 2026 00:00:00 GMT+0000 (Coordinated Universal Time)
edd8805d-36a6-43cf-9466-9863ab3790ba,Haitian Multi-Service Center (Boston),Boston,MA,live_unclaimed,active,Community Organizations,Haitian Community Services,108 Melnea Cass Blvd,,,42.325000,-71.081800,Tue Aug 11 2026 00:00:00 GMT+0000 (Coordinated Universal Time)
42e3ccc5-a5a7-4897-8f04-ca929e356758,Haley House Bakery Café,Boston,MA,live_unclaimed,active,Food,Bakery / Café,12 Dade St,https://haleyhouse.org,,42.326100,-71.091600,Tue Aug 11 2026 00:00:00 GMT+0000 (Coordinated Universal Time)
16293cdd-b893-4091-b4f7-e2256ee51d25,Himalayan Bistro (West Roxbury),Boston,MA,live_unclaimed,active,Food,Nepali,1735 Centre St,,,42.284200,-71.161300,Tue Aug 11 2026 00:00:00 GMT+0000 (Coordinated Universal Time)
1935da3c-c8e7-46b5-8a49-5a3cb600328b,Huong Que,Boston,MA,live_unclaimed,active,Food,Vietnamese,"Fields Corner, Dorchester, Boston, MA",,,42.360100,-71.058900,Sat Aug 08 2026 00:00:00 GMT+0000 (Coordinated Universal Time)
7d7b0acd-dea9-4b99-a182-973aff169065,Joseph P. Kennedy Jr. Community Health Center — Pediatrics,Boston,MA,live_unclaimed,active,Health & Wellness,Pediatrics,820 Washington St,,,42.315300,-71.055200,Mon Aug 10 2026 00:00:00 GMT+0000 (Coordinated Universal Time)
6121104f-a17e-463d-87ea-4410d57d1b65,Lakay Haitian Restaurant — Boston,Boston,MA,live_unclaimed,active,Food,Haitian,388 Blue Hill Ave,,,42.313800,-71.086300,Mon Aug 10 2026 00:00:00 GMT+0000 (Coordinated Universal Time)
d2eeb9be-3804-4a59-b241-ce804fbb7d03,Mosque for the Praising of Allah (Roxbury),Boston,MA,live_unclaimed,active,Faith & Spirituality,Mosque,35 Intervale St,,,42.316500,-71.079100,Tue Aug 11 2026 00:00:00 GMT+0000 (Coordinated Universal Time)
ad064bb5-fcd2-4f9b-ae55-780609fa78e9,Museum of African American History (Boston),Boston,MA,live_unclaimed,active,Arts & Culture,Museum,46 Joy St,https://maah.org,,42.358700,-71.068500,Tue Aug 11 2026 00:00:00 GMT+0000 (Coordinated Universal Time)
43d39c51-668a-48d4-a54f-8037dcd48f1e,Nos Casa Cafe,Boston,MA,live_unclaimed,active,Food,West African,"Roxbury, Boston, MA",,,42.360100,-71.058900,Sat Aug 08 2026 00:00:00 GMT+0000 (Coordinated Universal Time)
8d843ede-c0a9-4006-9f69-4ebf65651bed,Roxbury Community College (Community Programs),Boston,MA,live_unclaimed,active,Community Organizations,Community Education,1234 Columbus Ave,https://rcc.mass.edu,,42.332000,-71.093000,Tue Aug 11 2026 00:00:00 GMT+0000 (Coordinated Universal Time)
a3a7f6cc-00da-462a-a8a9-27d20674842f,Roxbury Presbyterian Church,Boston,MA,live_unclaimed,active,Faith & Spirituality,Presbyterian Church,275 Warren St,,,42.327100,-71.083600,Tue Aug 11 2026 00:00:00 GMT+0000 (Coordinated Universal Time)
ad552692-cf49-45a4-ab1e-0d75ee1b2b2a,Somali Community Center (Boston),Boston,MA,live_unclaimed,active,Community Organizations,Somali Community,112 Border St,,,42.370200,-71.028200,Tue Aug 11 2026 00:00:00 GMT+0000 (Coordinated Universal Time)
8742a0b8-b1b7-4bc9-9465-16c2fc00cdf1,Tropical Foods (Roxbury),Boston,MA,live_unclaimed,active,Retail,International Grocery,2101 Washington St,,,42.327800,-71.081200,Tue Aug 11 2026 00:00:00 GMT+0000 (Coordinated Universal Time)
58f43991-f57f-49d0-b06b-0d75d7303866,Cape Verdean Association of Brockton (Le Foyer),Brockton,MA,live_unclaimed,active,Community Organizations,Cape Verdean Community,46 Hamburg St,,,42.089200,-71.019600,Tue Aug 11 2026 00:00:00 GMT+0000 (Coordinated Universal Time)
195f110c-6fa3-4b5d-9b8c-aa971463988d,Nātv,Broken Arrow,OK,live_unclaimed,active,Food,Food,"Broken Arrow, Tulsa Metro, OK",,,36.052600,-95.790800,Sat Aug 08 2026 00:00:00 GMT+0000 (Coordinated Universal Time)
37e5de65-04f1-40db-aad4-b77acd3ced10,African Market Vendors (Fordham Road),Bronx,NY,live_unclaimed,active,Retail,African Market,2840 Fordham Rd,,,40.860500,-73.890000,Tue Aug 11 2026 00:00:00 GMT+0000 (Coordinated Universal Time)
0e91aa23-c195-464a-b7d1-94c09e845f2a,Bronx Council on the Arts,Bronx,NY,live_unclaimed,active,Arts & Culture,Arts Organization,One Fordham Plaza,https://bronxarts.org,,40.858700,-73.891700,Tue Aug 11 2026 00:00:00 GMT+0000 (Coordinated Universal Time)
fb300944-1ca5-4eaf-a047-1aa67d07eaae,Bronx Dominican Association,Bronx,NY,live_unclaimed,active,Community Organizations,Dominican Community,2432 Grand Concourse,,,40.860100,-73.904200,Tue Aug 11 2026 00:00:00 GMT+0000 (Coordinated Universal Time)
3ee19f93-37c4-4d32-8f5c-5909e3a407cd,Bronx Dominican Club (Quisqueya FC Social Club),Bronx,NY,live_unclaimed,active,Entertainment & Recreation,Dominican Social Club,2300 Grand Concourse,,,40.857100,-73.905500,Tue Aug 11 2026 00:00:00 GMT+0000 (Coordinated Universal Time)
640b51aa-4337-491a-be9c-ea51174e859e,Bronx Ghanaian Restaurant (Accra Cuisine),Bronx,NY,live_unclaimed,active,Food,Ghanaian,2351 Grand Concourse,,,40.857800,-73.902500,Tue Aug 11 2026 00:00:00 GMT+0000 (Coordinated Universal Time)
7aa6c171-389c-471c-87db-748af45ba0fc,Bronx Guatemalan Restaurant (La Mixteca),Bronx,NY,live_unclaimed,active,Food,Guatemalan / Mexican,882 E Tremont Ave,,,40.847500,-73.882900,Tue Aug 11 2026 00:00:00 GMT+0000 (Coordinated Universal Time)
02f715a5-a5f7-48ef-b61e-3469e6bb60a0,Bronx Mexican Restaurant (Taqueria Los Comales),Bronx,NY,live_unclaimed,active,Food,Mexican,1165 Tremont Ave,,,40.843700,-73.906000,Tue Aug 11 2026 00:00:00 GMT+0000 (Coordinated Universal Time)
a28b200d-7306-4f87-a556-5a7f2463b2dc,Bronx Nigerian Church (RCCG Glory Chapel),Bronx,NY,live_unclaimed,active,Faith & Spirituality,Nigerian Christian Church,2455 Southern Blvd,,,40.823200,-73.889000,Tue Aug 11 2026 00:00:00 GMT+0000 (Coordinated Universal Time)
15803733-6a5a-4225-80e4-83327e95376f,Bronx Nigerian Clothing & African Fashion (Elegance Afrique),Bronx,NY,live_unclaimed,active,Retail,African Fashion,2438 Webster Ave,,,40.864100,-73.885600,Tue Aug 11 2026 00:00:00 GMT+0000 (Coordinated Universal Time)
8efc7e92-17d9-484c-af64-19bb3584b32a,Bronx Nigerian Restaurant (Egbe Omo Yoruba),Bronx,NY,live_unclaimed,active,Food,Nigerian / Yoruba,2182 Webster Ave,,,40.855000,-73.892300,Tue Aug 11 2026 00:00:00 GMT+0000 (Coordinated Universal Time)
68c7423c-f187-48fc-b794-c0196ee1983e,Bronx Puerto Rican Restaurant (Casa Borinquen),Bronx,NY,live_unclaimed,active,Food,Puerto Rican,553 Willis Ave,,,40.816300,-73.917200,Tue Aug 11 2026 00:00:00 GMT+0000 (Coordinated Universal Time)
d763c083-f355-4e0a-b5a6-794790e0fc15,Dominican Hair Braiding Salon (Tremont),Bronx,NY,live_unclaimed,active,Beauty & Personal Care,Hair Braiding,1906 Valentine Ave,,,40.853000,-73.898600,Tue Aug 11 2026 00:00:00 GMT+0000 (Coordinated Universal Time)
466c2b89-8907-4726-b299-f466448ff5e7,East Side House Settlement (Bronx),Bronx,NY,live_unclaimed,active,Childcare & Early Education,Settlement House / Education,337 Alexander Ave,https://eastsidehouse.org,,40.806400,-73.926200,Tue Aug 11 2026 00:00:00 GMT+0000 (Coordinated Universal Time)
e161c220-9842-4c96-bd38-f666de0524e0,El Morocco Club (Bronx),Bronx,NY,live_unclaimed,active,Entertainment & Recreation,Nightclub / Latin Music,2541 Third Ave,,,40.809700,-73.928500,Tue Aug 11 2026 00:00:00 GMT+0000 (Coordinated Universal Time)
3ab5ae6d-3c62-4482-b303-f040eb63a7b4,Ethiopian Orthodox Tewahedo Church (NYC),Bronx,NY,live_unclaimed,active,Faith & Spirituality,Ethiopian Orthodox Church,2028 Barnes Ave,,,40.863700,-73.870600,Tue Aug 11 2026 00:00:00 GMT+0000 (Coordinated Universal Time)
e9ecd846-271d-4ff3-aca9-162cebb0e0b0,Feeding Tree Restaurant (Bronx),Bronx,NY,live_unclaimed,active,Food,Jamaican,892 Gerard Ave,,,40.827200,-73.921200,Tue Aug 11 2026 00:00:00 GMT+0000 (Coordinated Universal Time)
6b6639f5-3bd1-4f6f-ba4e-c676a20d0bb9,Hostos Community College Arts Center,Bronx,NY,live_unclaimed,active,Arts & Culture,Performing Arts Center,450 Grand Concourse,https://hostos.cuny.edu/arts,,40.815400,-73.925700,Tue Aug 11 2026 00:00:00 GMT+0000 (Coordinated Universal Time)
da1f28ad-d6a8-4e75-bf78-2f1551228bb7,Rancho Taqueria (Bronx),Bronx,NY,live_unclaimed,active,Food,Mexican,574 E Tremont Ave,,,40.846300,-73.889300,Tue Aug 11 2026 00:00:00 GMT+0000 (Coordinated Universal Time)
fe4a4b5b-df39-4495-938b-60cd6385709e,Southeast Bronx Neighborhood Centers,Bronx,NY,live_unclaimed,active,Community Organizations,Community Services,955 Tinton Ave,,,40.817800,-73.906900,Tue Aug 11 2026 00:00:00 GMT+0000 (Coordinated Universal Time)
150c8240-03fc-4ae9-8bd2-c48c31a9eb90,St. Augustine's Roman Catholic Church (Bronx),Bronx,NY,live_unclaimed,active,Faith & Spirituality,Catholic Church,1183 Franklin Ave,,,40.822900,-73.913000,Tue Aug 11 2026 00:00:00 GMT+0000 (Coordinated Universal Time)
dbe6beef-f077-4cd1-8dca-b584c8ad7641,West African Grocery (Melrose),Bronx,NY,live_unclaimed,active,Retail,West African Grocery,715 Melrose Ave,,,40.820000,-73.919800,Tue Aug 11 2026 00:00:00 GMT+0000 (Coordinated Universal Time)
577070f3-79aa-4bc5-ba43-53d03184fc10,"Temple Beth El (Historically Black Congregation, Boston)",Brookline,MA,live_unclaimed,active,Faith & Spirituality,Synagogue,195 Harvard St,,,42.339300,-71.123800,Tue Aug 11 2026 00:00:00 GMT+0000 (Coordinated Universal Time)
a8affc98-8359-4b54-bbed-2153fc364f10,Akwaaba Mansion,Brooklyn,NY,live_unclaimed,active,Entertainment & Recreation,Bed & Breakfast,347 MacDonough St,https://akwaaba.com,,40.682000,-73.928500,Tue Aug 11 2026 00:00:00 GMT+0000 (Coordinated Universal Time)
f7663cb9-d728-4544-bf97-8054abf6a537,Al-Noor School,Brooklyn,NY,live_unclaimed,active,Childcare & Early Education,Islamic School,675 Coney Island Ave,https://alnoorinstitute.org,,40.635000,-73.968200,Tue Aug 11 2026 00:00:00 GMT+0000 (Coordinated Universal Time)
a9626c32-bae8-47e1-896e-4d2f1ca71ff0,Ancient Song Doula Services — Brooklyn,Brooklyn,NY,live_unclaimed,active,Health & Wellness,Doula & Midwifery,394 Nostrand Ave,https://www.ancientsongdoula.com,,40.667600,-73.950100,Mon Aug 10 2026 00:00:00 GMT+0000 (Coordinated Universal Time)
d1f234c1-a162-493f-87f8-11305a8f1c9c,Bangla Bazar (Brooklyn Bangladeshi Market),Brooklyn,NY,live_unclaimed,active,Retail,Ethnic Grocery,229 McDonald Ave,,,40.643200,-73.977000,Tue Aug 11 2026 00:00:00 GMT+0000 (Coordinated Universal Time)
90,Bed-Stuy Natural Apothecary,Brooklyn,NY,permanently_hidden,active,Retail,Natural Beauty & Wellness,862 Nostrand Ave,bedstuyapothecary.com,(718) 555-9012,40.676000,-73.950100,Thu Jun 18 2026 00:00:00 GMT+0000 (Coordinated Universal Time)
6135c309-19df-4164-b9b5-0ed9986d70e0,Bed-Stuy Plates,Brooklyn,NY,live_unclaimed,active,Food Trucks,Lunch,"800 Fulton St, Brooklyn, NY",,,40.681800,-73.955600,Thu Aug 13 2026 00:00:00 GMT+0000 (Coordinated Universal Time)
02f631d8-daa3-413a-b5d6-c1aaa5dc0002,Bed-Stuy Property Management (Sterling Real Estate),Brooklyn,NY,live_unclaimed,active,Home & Property,Property Management,870 Bedford Ave,,,40.689000,-73.955700,Tue Aug 11 2026 00:00:00 GMT+0000 (Coordinated Universal Time)
d866da41-c1ec-49e2-b872-06eea872f968,Bònn Manje (Brooklyn Haitian Kitchen),Brooklyn,NY,live_unclaimed,active,Food,Haitian,1220 Nostrand Ave,,,40.663700,-73.949900,Tue Aug 11 2026 00:00:00 GMT+0000 (Coordinated Universal Time)
a7062f48-323e-434e-b6fb-50a2f8397f9a,BRIC Arts Media,Brooklyn,NY,live_unclaimed,active,Arts & Culture,Arts Center,647 Fulton St,https://bricartsmedia.org,,40.688400,-73.977700,Tue Aug 11 2026 00:00:00 GMT+0000 (Coordinated Universal Time)
207f5e8c-6d49-44d7-af5f-d8a0bc9527e9,Brooklyn Afrobeats Nightclub (Afro Nation Brooklyn),Brooklyn,NY,live_unclaimed,active,Entertainment & Recreation,Afrobeats Nightclub,600 Degraw St,,,40.679700,-73.983900,Tue Aug 11 2026 00:00:00 GMT+0000 (Coordinated Universal Time)
3cfefffe-3452-4b7b-ae38-268b1fd4aed8,Brooklyn Caribbean Nightclub (Platinum Club),Brooklyn,NY,live_unclaimed,active,Entertainment & Recreation,Caribbean Nightclub,3811 Church Ave,,,40.645500,-73.955400,Tue Aug 11 2026 00:00:00 GMT+0000 (Coordinated Universal Time)
b937ca6f-8fc6-4683-9816-35b5bec702c0,Brooklyn Caribbean Record Shop (Flatbush Vinyl),Brooklyn,NY,live_unclaimed,active,Retail,Record Store,1218 Flatbush Ave,,,40.651600,-73.952700,Tue Aug 11 2026 00:00:00 GMT+0000 (Coordinated Universal Time)
d6c09c6a-5fc1-40c9-95cd-1578531ac5cf,Brooklyn Central American Restaurant (La Pequeña Honduras),Brooklyn,NY,live_unclaimed,active,Food,Honduran,1301 Rogers Ave,,,40.662500,-73.946200,Tue Aug 11 2026 00:00:00 GMT+0000 (Coordinated Universal Time)
72626eaf-8ac5-4087-a25f-3087115707a2,Brooklyn Guyanese Restaurant (New Amsterdam),Brooklyn,NY,live_unclaimed,active,Food,Guyanese,745 Rogers Ave,,,40.653800,-73.954000,Tue Aug 11 2026 00:00:00 GMT+0000 (Coordinated Universal Time)
1c0d02e7-3c40-43a8-99a6-1f3991019064,Brooklyn Haitian Multi-Service Center,Brooklyn,NY,live_unclaimed,active,Community Organizations,Multicultural Services,750 Nostrand Ave,,,40.654000,-73.950000,Tue Aug 11 2026 00:00:00 GMT+0000 (Coordinated Universal Time)
ae7d7e7a-0ef2-4e09-b758-5ae044b9cee7,Brooklyn Museum,Brooklyn,NY,live_unclaimed,active,Arts & Culture,Museum,200 Eastern Pkwy,https://brooklynmuseum.org,,40.671200,-73.963700,Tue Aug 11 2026 00:00:00 GMT+0000 (Coordinated Universal Time)
81b2489e-48db-4f2d-a0dd-d0a6fb80df7c,Brooklyn Pakistani Halal Market,Brooklyn,NY,live_unclaimed,active,Retail,Pakistani / Halal Grocery,1013 Coney Island Ave,,,40.641000,-73.971700,Tue Aug 11 2026 00:00:00 GMT+0000 (Coordinated Universal Time)
9627d996-90e3-42a8-adbf-5ebb5918bb7d,Brownsville Coin Laundry,Brooklyn,NY,live_unclaimed,active,Home Services,Laundromat,480 Rockaway Ave,,,40.664900,-73.906600,Thu Aug 13 2026 00:00:00 GMT+0000 (Coordinated Universal Time)
0f72c075-6d63-4b06-93cf-034bdf2c6a4a,Brownsville Community Cannabis,Brooklyn,NY,live_unclaimed,active,Cannabis & Dispensary,Cannabis Dispensary,"488 Rockaway Ave, Brooklyn, NY",,,40.664900,-73.906600,Thu Aug 13 2026 00:00:00 GMT+0000 (Coordinated Universal Time)
89,Brownsville Heritage House,Brooklyn,NY,permanently_hidden,active,Education,History & Community,1616 Pitkin Ave,,(718) 555-8901,40.663500,-73.917600,Thu Jun 18 2026 00:00:00 GMT+0000 (Coordinated Universal Time)
d51c9ecf-6bd8-40e3-9f3b-e8381d655400,"Bunna Café (Vegan Ethiopian, Brooklyn)",Brooklyn,NY,live_unclaimed,active,Food,Ethiopian / Vegan,1084 Flushing Ave,https://bunnacafe.com,,40.704000,-73.937300,Tue Aug 11 2026 00:00:00 GMT+0000 (Coordinated Universal Time)
7bed06c7-4ba7-4c84-aaf8-aae7dbd14af3,Caribbean American Chamber of Commerce (Brooklyn),Brooklyn,NY,live_unclaimed,active,Professional Services,Chamber of Commerce,1 Metrotech Center,,,40.694300,-73.986800,Tue Aug 11 2026 00:00:00 GMT+0000 (Coordinated Universal Time)
0231a852-39ec-4fcf-8036-671a3d1ccd44,"Church of God of Prophecy (Caribbean, Brooklyn)",Brooklyn,NY,live_unclaimed,active,Faith & Spirituality,Pentecostal Church,1218 Flatbush Ave,,,40.651500,-73.952800,Tue Aug 11 2026 00:00:00 GMT+0000 (Coordinated Universal Time)
17faab40-8c69-4a8f-a627-35058a65b83b,Concord Baptist Church of Christ,Brooklyn,NY,live_unclaimed,active,Faith & Spirituality,Baptist Church,833 Gardner C Taylor Blvd,https://concordbaptist.org,,40.682600,-73.930200,Tue Aug 11 2026 00:00:00 GMT+0000 (Coordinated Universal Time)
91,Crown Heights Creole Kitchen,Brooklyn,NY,permanently_hidden,active,Food,Creole & Caribbean,760 Franklin Ave,,(718) 555-9124,40.669700,-73.955700,Thu Jun 18 2026 00:00:00 GMT+0000 (Coordinated Universal Time)
806576fc-be4d-4fdb-acc8-9cee0efae7cb,Crown Heights Laundry,Brooklyn,NY,live_unclaimed,active,Home Services,Laundromat,890 Nostrand Ave,,,40.669200,-73.950200,Thu Aug 13 2026 00:00:00 GMT+0000 (Coordinated Universal Time)
d65c06f3-e33a-49f1-8e89-aa9a5e213123,Crown Heights Nigerian Restaurant,Brooklyn,NY,live_unclaimed,active,Food,Nigerian,850 Nostrand Ave,,,40.658700,-73.949900,Tue Aug 11 2026 00:00:00 GMT+0000 (Coordinated Universal Time)
064e16c5-fa42-489d-9e1a-48ae6e7f450e,D&D Jamaican Bakery,Brooklyn,NY,live_unclaimed,active,Food,Caribbean Bakery,897 Flatbush Ave,,,40.641400,-73.954900,Tue Aug 11 2026 00:00:00 GMT+0000 (Coordinated Universal Time)
7e131fc0-eba7-425f-bd47-1c3d1fb395e6,"Dhaka Restaurant (Bangladeshi, Kensington Brooklyn)",Brooklyn,NY,live_unclaimed,active,Food,Bangladeshi,412 Church Ave,,,40.644300,-73.976400,Tue Aug 11 2026 00:00:00 GMT+0000 (Coordinated Universal Time)
e2ac5e3f-0c50-4109-a743-5a23f1df1815,"Eastern Parkway (Labor Day Parade, Brooklyn)",Brooklyn,NY,live_unclaimed,active,Arts & Culture,Cultural Parade Route,Eastern Pkwy,,,40.669700,-73.960000,Tue Aug 11 2026 00:00:00 GMT+0000 (Coordinated Universal Time)
ae249bea-33c4-4e06-a12c-98e114c5d58d,Flatbush African Burial Ground Coalition,Brooklyn,NY,live_unclaimed,active,Community Organizations,Cultural Preservation,2505 Church Ave,,,40.648100,-73.960000,Tue Aug 11 2026 00:00:00 GMT+0000 (Coordinated Universal Time)
eb6cff56-38a9-4029-9b52-d9f5e06bde5d,Flatbush Development Corporation,Brooklyn,NY,live_unclaimed,active,Community Organizations,Community Development,1418 Cortelyou Rd,,,40.641500,-73.964500,Tue Aug 11 2026 00:00:00 GMT+0000 (Coordinated Universal Time)
8ffe8d26-d467-41b2-962f-2709e48b8cab,Flatbush Fry Masters,Brooklyn,NY,live_unclaimed,active,Food Trucks,Lunch & Dinner,"1400 Church Ave, Brooklyn, NY",,,40.639000,-73.962700,Thu Aug 13 2026 00:00:00 GMT+0000 (Coordinated Universal Time)
43ee6727-c9d6-4d6b-ba17-5d4ab09a6113,Flatbush Green,Brooklyn,NY,live_unclaimed,active,Cannabis & Dispensary,Cannabis Dispensary,"1465 Flatbush Ave, Brooklyn, NY",,,40.633000,-73.950500,Thu Aug 13 2026 00:00:00 GMT+0000 (Coordinated Universal Time)
344ed599-fad7-4d78-9844-2514825c2187,Flatbush Wash & Fold,Brooklyn,NY,live_unclaimed,active,Home Services,Laundromat,1428 Flatbush Ave,,,40.632800,-73.949800,Thu Aug 13 2026 00:00:00 GMT+0000 (Coordinated Universal Time)
0cd95ea4-904a-47c8-afaf-23e1d5bce95b,Gloria's Caribbean Cuisine,Brooklyn,NY,live_unclaimed,active,Food,Trinidadian / Caribbean,764 Nostrand Ave,,,40.656000,-73.949900,Tue Aug 11 2026 00:00:00 GMT+0000 (Coordinated Universal Time)
716a5857-7ec2-4697-8a8d-aca87d96299a,Islands Restaurant,Brooklyn,NY,live_unclaimed,active,Food,Jamaican,803 Flatbush Ave,,,40.645900,-73.955000,Tue Aug 11 2026 00:00:00 GMT+0000 (Coordinated Universal Time)
7a5bcb48-8ccd-41fe-b89c-6865334bda72,Kensington Bangladeshi Restaurant Row,Brooklyn,NY,live_unclaimed,active,Food,Bangladeshi,704 Church Ave,,,40.643800,-73.972900,Tue Aug 11 2026 00:00:00 GMT+0000 (Coordinated Universal Time)
a5ea4d16-41f6-4079-b247-f34c233d5146,Keur Djembe African Dance & Drum,Brooklyn,NY,live_unclaimed,active,Arts & Culture,Dance & Drum,1413 Fulton St,,,40.682600,-73.926600,Tue Aug 11 2026 00:00:00 GMT+0000 (Coordinated Universal Time)
341a0442-99d5-409c-bfd5-f779cfe9afc9,Khamit Kinks,Brooklyn,NY,live_unclaimed,active,Beauty & Personal Care,Natural Hair Salon,1 Hanson Place,https://khamitkinks.com,,40.684000,-73.975900,Mon Aug 10 2026 00:00:00 GMT+0000 (Coordinated Universal Time)
ed68d686-fe60-4383-ab91-8fe2135643b2,Madame Alexander's Beauty Salon,Brooklyn,NY,live_unclaimed,active,Beauty & Personal Care,Hair Salon,1425 Nostrand Ave,,,40.668300,-73.949900,Tue Aug 11 2026 00:00:00 GMT+0000 (Coordinated Universal Time)
fe2d8f4b-4fe8-48f6-aa75-388771833a26,Masjid Al-Taqwa,Brooklyn,NY,live_unclaimed,active,Faith & Spirituality,Mosque,1266 Bedford Ave,https://almasjid.com,,40.681900,-73.955600,Tue Aug 11 2026 00:00:00 GMT+0000 (Coordinated Universal Time)
c25222ed-ddd0-430a-a62f-d46bc8102bbd,Mitchell's Soul Food,Brooklyn,NY,live_unclaimed,active,Food,Soul Food,617 Vanderbilt Ave,,,40.675600,-73.968400,Tue Aug 11 2026 00:00:00 GMT+0000 (Coordinated Universal Time)
d560e63a-674f-4036-aa50-2b24b9c0e019,"Prospect Park (Caribbean Festival, Brooklyn)",Brooklyn,NY,live_unclaimed,active,Entertainment & Recreation,Park / Cultural Events,95 Prospect Park W,https://prospectpark.org,,40.660200,-73.969000,Tue Aug 11 2026 00:00:00 GMT+0000 (Coordinated Universal Time)
845d0adf-a10f-4d4c-be22-f2a35cee56a3,Restoration Plaza,Brooklyn,NY,live_unclaimed,active,Community Organizations,Community Development,1368 Fulton St,https://restorationplaza.org,,40.683900,-73.923800,Tue Aug 11 2026 00:00:00 GMT+0000 (Coordinated Universal Time)
436cb8fb-4ab5-4246-b948-4c0a23632620,Sistas' Place,Brooklyn,NY,live_unclaimed,active,Entertainment & Recreation,Jazz Venue,456 Nostrand Ave,https://sistasplace.org,,40.686600,-73.950800,Tue Aug 11 2026 00:00:00 GMT+0000 (Coordinated Universal Time)
10,Trini Roots Apothecary,Brooklyn,NY,permanently_hidden,active,Retail,Health & Beauty Products,4321 Flatbush Ave,sankofaapothecary.com,(718) 555-0295,40.650100,-73.949600,Thu Jun 18 2026 00:00:00 GMT+0000 (Coordinated Universal Time)
01cf3c8a-4356-45ae-ac02-4b076367420c,Malibu Hindu Temple,Calabasas,CA,live_unclaimed,active,Faith & Spirituality,Hindu Temple,1600 Las Virgenes Rd,https://hindutemple.org,,34.133700,-118.706600,Tue Aug 11 2026 00:00:00 GMT+0000 (Coordinated Universal Time)
abfff7cb-77ce-4955-98ce-4e80d7a2df50,Associação Cabo Verde (East Cambridge),Cambridge,MA,live_unclaimed,active,Community Organizations,Cape Verdean Association,18 Essex St,,,42.365100,-71.103700,Tue Aug 11 2026 00:00:00 GMT+0000 (Coordinated Universal Time)
e1170a6e-8519-4dcf-88bf-062bef48bf7b,Brazilian Community (Allston / Cambridge),Cambridge,MA,live_unclaimed,active,Community Organizations,Brazilian Community Hub,201 Cambridge St,,,42.366900,-71.109900,Tue Aug 11 2026 00:00:00 GMT+0000 (Coordinated Universal Time)
e6d61977-50ce-4b4e-b198-e6ea2829bb81,El Muelle Cevichería — Cancun,Cancun,Quintana Roo,live_unclaimed,active,Food,Seafood / Mexican,"Av. Yaxchilán 47, Sm 22",,,21.162800,-86.824500,Mon Aug 10 2026 00:00:00 GMT+0000 (Coordinated Universal Time)
4bd90704-e9e5-4f42-b3f8-9b1cc7eb2b46,La Parrilla Cancun,Cancun,Quintana Roo,live_unclaimed,active,Food,Mexican,Av. Yaxchilán 51,,,21.161900,-86.824800,Mon Aug 10 2026 00:00:00 GMT+0000 (Coordinated Universal Time)
62e8462d-531c-44ad-a2ab-4a4ad2b33de7,Mercado 23 Cancun,Cancun,Quintana Roo,live_unclaimed,active,Retail,Market,"Av. Tulum, SM 23",,,21.164200,-86.829200,Mon Aug 10 2026 00:00:00 GMT+0000 (Coordinated Universal Time)
bf3155dc-ab77-4187-878c-89a979a81ca9,La Camaronera Colombian Seafood,Canoga Park,CA,live_unclaimed,active,Food,Colombian,8210 Deering Ave,,,34.197000,-118.596000,Tue Aug 11 2026 00:00:00 GMT+0000 (Coordinated Universal Time)
6023ae23-1770-4c30-af58-6d9b6559293a,Korean BBQ House — Carrollton TX,Carrollton,TX,live_unclaimed,active,Food,Korean BBQ,2811 E Trinity Mills Rd,,,32.991800,-96.875300,Tue Aug 11 2026 00:00:00 GMT+0000 (Coordinated Universal Time)
0d2305fc-9ec7-4ea5-99b1-849bfd5fbf0d,Korea Town Shopping Center — Carrollton,Carrollton,TX,live_unclaimed,active,Retail,Korean Commercial District,2625 Old Denton Rd,,,32.987000,-96.902200,Tue Aug 11 2026 00:00:00 GMT+0000 (Coordinated Universal Time)
71013582-0d9a-4845-a5b2-b2b6f8d8bce7,Chalong Temple (Wat Chalong),Chalong,,live_unclaimed,active,Arts & Culture,Temple / Cultural Site,"Luang Pho Cham Rd, Chalong",,,7.844600,98.335800,Mon Aug 10 2026 00:00:00 GMT+0000 (Coordinated Universal Time)
cd6fd6ac-a534-458d-9634-adff91abcc7c,Elephant Jungle Sanctuary Phuket,Chalong,,live_unclaimed,active,Travel & Hospitality,Nature / Wildlife Sanctuary,"Patak Road, Chalong",https://elephantjunglesanctuary.com,,7.915600,98.354200,Mon Aug 10 2026 00:00:00 GMT+0000 (Coordinated Universal Time)
9de7b3d6-adf7-453c-8898-e8a313a025ff,PRG Floating Restaurant — Phuket,Chalong,,live_unclaimed,active,Food,Seafood,"Chalong Pier, Chalong Bay",,,7.810800,98.354300,Mon Aug 10 2026 00:00:00 GMT+0000 (Coordinated Universal Time)
b4011bcc-e5b3-4be9-882e-28d99ec0ef45,The Big Buddha Phuket,Chalong,,live_unclaimed,active,Arts & Culture,Monument / Landmark,"Nakkerd Hills, Chalong",,,7.827800,98.312900,Mon Aug 10 2026 00:00:00 GMT+0000 (Coordinated Universal Time)
947ea53b-283c-45ee-982e-d7a337ddb9fc,Wat Chalong Temple,Chalong,,live_unclaimed,active,Arts & Culture,Temple / Religious Site,"Chao Fah Tawan Ok Road, Chalong",,,7.844400,98.337600,Mon Aug 10 2026 00:00:00 GMT+0000 (Coordinated Universal Time)
6bd6eddc-893d-4e85-9b4e-bd1fb27f3683,Asian Square Mall,Chamblee,GA,live_unclaimed,active,Retail,Asian Mall,5150 Buford Hwy NE,,,33.894000,-84.284700,Tue Aug 11 2026 00:00:00 GMT+0000 (Coordinated Universal Time)
6971050d-a4ac-4ac5-b800-994b20e3af80,Chamblee Bilingual Kids Academy,Chamblee,GA,live_unclaimed,active,Childcare & Early Education,Bilingual Daycare,5212 Peachtree Blvd,,,33.893500,-84.301800,Tue Aug 11 2026 00:00:00 GMT+0000 (Coordinated Universal Time)
1bcaa394-e53c-4278-a8f6-774d3bd01f3b,Chamblee Dental — Bilingual,Chamblee,GA,live_unclaimed,active,Health & Wellness,Dental,5030 Buford Hwy NE,,,33.898700,-84.297200,Tue Aug 11 2026 00:00:00 GMT+0000 (Coordinated Universal Time)
fa6b0b9a-8252-478f-9c34-c0ce956ca033,Chamblee Immigration Law — Buford Highway,Chamblee,GA,live_unclaimed,active,Professional Services,Immigration Attorney,5041 Buford Hwy NE Suite 200,,,33.894100,-84.298000,Tue Aug 11 2026 00:00:00 GMT+0000 (Coordinated Universal Time)
0599e67d-d562-4b8e-bc6a-2babafc2b480,Chamblee Latino Mental Health Services,Chamblee,GA,live_unclaimed,active,Health & Wellness,Mental Health Counseling,4920 Buford Hwy NE Suite 101,,,33.892300,-84.299000,Tue Aug 11 2026 00:00:00 GMT+0000 (Coordinated Universal Time)
c9dae68e-f60e-41f1-922f-68bed4cea05e,Dukem Ethiopian Restaurant,Chamblee,GA,live_unclaimed,active,Food,Ethiopian,3841 Chamblee Dunwoody Rd,,,33.888900,-84.295900,Tue Aug 11 2026 00:00:00 GMT+0000 (Coordinated Universal Time)
b1b0d56a-92f2-4290-9d62-5ec879a40167,Ethiopian Community Development Council — Atlanta,Chamblee,GA,live_unclaimed,active,Community Organizations,Refugee & Immigrant Services,4411 Buford Hwy NE,https://ecdcatl.org,,33.882700,-84.288800,Tue Aug 11 2026 00:00:00 GMT+0000 (Coordinated Universal Time)
2bf8047c-4030-443d-ab2d-63cab35ecc1a,International House of Pancakes at Buford Hwy — Multicultural Buford Corridor,Chamblee,GA,live_unclaimed,active,Community Organizations,International Commercial Corridor,Buford Hwy NE,,,33.870000,-84.310000,Tue Aug 11 2026 00:00:00 GMT+0000 (Coordinated Universal Time)
0a16145b-4d51-4853-a5a3-9a436dee1ebe,Pho Dai Loi,Chamblee,GA,live_unclaimed,active,Food,Vietnamese,4186 Buford Hwy NE,,,33.864500,-84.323200,Tue Aug 11 2026 00:00:00 GMT+0000 (Coordinated Universal Time)
0fa3804b-0f3a-4dfc-9310-6f915f297cb0,Wild Horse Pass Resort (Gila River Indian Community),Chandler,AZ,live_unclaimed,active,Entertainment & Recreation,Tribal Resort / Casino,5594 W Wild Horse Pass Blvd,https://wildhorsepassresort.com,,33.307300,-111.985100,Tue Aug 11 2026 00:00:00 GMT+0000 (Coordinated Universal Time)
34aa63e6-d0ce-4c5e-b908-f66b1186ba7f,Bintü Atelier,Charleston,SC,live_unclaimed,active,Food,West African,"East Side, Charleston, SC",,,32.776500,-79.931100,Sat Aug 08 2026 00:00:00 GMT+0000 (Coordinated Universal Time)
990d56a4-dcbf-4244-a7b9-b45c3ffda791,Cruz Remodeling and Repair,Charleston,SC,live_unclaimed,active,Beauty & Personal Care,Beauty,"Charleston, SC",,,32.776500,-79.931100,Sat Aug 08 2026 00:00:00 GMT+0000 (Coordinated Universal Time)
0354e2f0-f419-42e3-ae51-fae572798b18,Hannibal's Kitchen,Charleston,SC,live_unclaimed,active,Food,Food,"East Side, Charleston, SC",,,32.776500,-79.931100,Sat Aug 08 2026 00:00:00 GMT+0000 (Coordinated Universal Time)
13ff2579-e0f0-4d7f-bae3-26a66ff2e010,Adulis Ethiopian Restaurant,Charlotte,NC,live_unclaimed,active,Food,Ethiopian,3306 N Davidson St,,,35.252000,-80.817100,Tue Aug 11 2026 00:00:00 GMT+0000 (Coordinated Universal Time)
21031ff2-3fe9-4f29-83c7-5507c33306d6,Beatties Ford Fresh Wash,Charlotte,NC,live_unclaimed,active,Home Services,Laundromat,2604 Beatties Ford Rd,,,35.258000,-80.882000,Thu Aug 13 2026 00:00:00 GMT+0000 (Coordinated Universal Time)
fe01e67e-c989-4a9c-8306-7b433a49c2f0,Beatties Ford Road Children's Center,Charlotte,NC,live_unclaimed,active,Childcare & Early Education,Daycare,3302 Beatties Ford Rd,,,35.257100,-80.876100,Tue Aug 11 2026 00:00:00 GMT+0000 (Coordinated Universal Time)
5fe14b97-1855-4f93-9b3b-e020d5ae56de,Calle Sol Café & Cevicheria,Charlotte,NC,live_unclaimed,active,Food,Peruvian,"1205 Thomas Ave, Charlotte, NC 28205",,,35.227100,-80.843100,Sat Aug 08 2026 00:00:00 GMT+0000 (Coordinated Universal Time)
52acf853-6243-4b71-9c7d-774d514652fb,Caribbean Hut,Charlotte,NC,live_unclaimed,active,Food,Caribbean,"9609 N Tryon St, Charlotte, NC 28262",,,35.227100,-80.843100,Sat Aug 08 2026 00:00:00 GMT+0000 (Coordinated Universal Time)
e7f8bb96-c3f0-48bc-90c1-0d6f9358ca64,Caribbean Roots Charlotte,Charlotte,NC,live_unclaimed,active,Food Trucks,Lunch & Dinner,"2604 Beatties Ford Rd, Charlotte, NC",,,35.258000,-80.882000,Thu Aug 13 2026 00:00:00 GMT+0000 (Coordinated Universal Time)
160b3ed4-b21b-4ab7-903c-93bbbf1ee92d,Cavo Lounge — Charlotte Afrobeats,Charlotte,NC,live_unclaimed,active,Entertainment & Recreation,Nightclub / Lounge,1521 S Church St,,,35.206500,-80.851800,Tue Aug 11 2026 00:00:00 GMT+0000 (Coordinated Universal Time)
99d9a6b8-489b-4661-ba3e-c696c63b9e8a,Charlotte Black Criminal Defense,Charlotte,NC,live_unclaimed,active,Professional Services,Criminal Defense Attorney,301 S McDowell St Suite 1024,,,35.221900,-80.838800,Tue Aug 11 2026 00:00:00 GMT+0000 (Coordinated Universal Time)
c6005cdf-0e30-42e7-a2b6-9e80848a1fa3,Charlotte Black Therapists Network,Charlotte,NC,live_unclaimed,active,Health & Wellness,Mental Health Counseling,4700 Central Ave Suite 210,,,35.240500,-80.748900,Tue Aug 11 2026 00:00:00 GMT+0000 (Coordinated Universal Time)
c784d991-ee35-4210-8d3b-af98e2df10a6,Charlotte Latino Plumbing & HVAC,Charlotte,NC,live_unclaimed,active,Professional Services,Plumbing / HVAC,5821 N Tryon St,,,35.301200,-80.785500,Tue Aug 11 2026 00:00:00 GMT+0000 (Coordinated Universal Time)
39,Crown Wellness Spa,Charlotte,NC,permanently_hidden,active,Health & Wellness,Spa & Wellness,6400 Rea Rd,crownwellnessnc.com,(704) 555-3972,35.128200,-80.820800,Thu Jun 18 2026 00:00:00 GMT+0000 (Coordinated Universal Time)
3339347d-fbbb-42dc-a46c-bdbc481a0677,"Curio, Craft & Conjure",Charlotte,NC,live_unclaimed,active,Retail,Retail,"3204 N Davidson St, Suite C, Charlotte, NC 28205",,,35.227100,-80.843100,Sat Aug 08 2026 00:00:00 GMT+0000 (Coordinated Universal Time)
bbad7d82-a9c1-427e-85c1-52248e4451e2,Dusk — Charlotte Hip-Hop & R&B,Charlotte,NC,live_unclaimed,active,Entertainment & Recreation,Bar / Nightlife,2928 N Davidson St,,,35.249100,-80.797300,Tue Aug 11 2026 00:00:00 GMT+0000 (Coordinated Universal Time)
e6231849-5ff2-4c4a-a3df-5be1cc1dc753,Eastside Electric — Charlotte,Charlotte,NC,live_unclaimed,active,Professional Services,Electrical,5200 Central Ave,,,35.239700,-80.744300,Tue Aug 11 2026 00:00:00 GMT+0000 (Coordinated Universal Time)
8b0531ae-532d-42db-966c-94955f379548,Eastway Child Development Center,Charlotte,NC,live_unclaimed,active,Childcare & Early Education,Daycare,4913 Eastway Dr,,,35.249300,-80.757600,Tue Aug 11 2026 00:00:00 GMT+0000 (Coordinated Universal Time)
974c7beb-b95c-440b-b7e6-804d7fe4d713,Eastway Dental Care,Charlotte,NC,live_unclaimed,active,Health & Wellness,Dental,4800 Eastway Dr,,,35.249800,-80.758300,Tue Aug 11 2026 00:00:00 GMT+0000 (Coordinated Universal Time)
51045fe6-2111-4498-8fd0-9a97242ddc5e,El Lechon Asado — Charlotte,Charlotte,NC,live_unclaimed,active,Food,Guatemalan / Central American,8331 E WT Harris Blvd,,,35.257400,-80.727600,Tue Aug 11 2026 00:00:00 GMT+0000 (Coordinated Universal Time)
c5909195-cb58-40b7-ab51-42f5d39f401b,Enat Ethiopian Restaurant,Charlotte,NC,live_unclaimed,active,Food,Ethiopian,"4150 Maney Dr, Charlotte, NC 28205",,,35.227100,-80.843100,Sat Aug 08 2026 00:00:00 GMT+0000 (Coordinated Universal Time)
13f295ef-cb48-470f-89f3-b0adab596ea3,Filipino Community of Charlotte,Charlotte,NC,live_unclaimed,active,Community Organizations,Filipino Community Organization,Charlotte,,,35.227100,-80.843100,Tue Aug 11 2026 00:00:00 GMT+0000 (Coordinated Universal Time)
e1b9416f-ec36-4642-845d-41c11e2c4fad,Freedom School Early Learning — Charlotte,Charlotte,NC,live_unclaimed,active,Childcare & Early Education,Cultural Preschool,2812 Beatties Ford Rd,,,35.250800,-80.876000,Tue Aug 11 2026 00:00:00 GMT+0000 (Coordinated Universal Time)
d2e89f80-38c1-4f9f-890c-e52412e0d678,Friendship Missionary Baptist Church Charlotte,Charlotte,NC,live_unclaimed,active,Faith & Spirituality,Baptist Church,3400 Beatties Ford Rd,https://friendshipcharlotte.org,,35.258000,-80.878000,Mon Aug 10 2026 00:00:00 GMT+0000 (Coordinated Universal Time)
ca15b7bf-084c-4a81-af53-ada3ef4707bb,Grier Heights Community Childcare,Charlotte,NC,live_unclaimed,active,Childcare & Early Education,Daycare,4712 Grier Rd,,,35.195100,-80.789800,Tue Aug 11 2026 00:00:00 GMT+0000 (Coordinated Universal Time)
ca83db7b-6f7f-4a5b-a029-188fcd072b5b,Grier Heights Dental Center,Charlotte,NC,live_unclaimed,active,Health & Wellness,Dental,4600 Grier Rd,,,35.194800,-80.789300,Tue Aug 11 2026 00:00:00 GMT+0000 (Coordinated Universal Time)
960b5eb6-2263-4502-866a-fb80618a2afb,Harvey B. Gantt Center for African-American Arts + Culture,Charlotte,NC,live_unclaimed,active,Arts & Culture,Arts Center,551 S Tryon St,https://ganttcenter.org,,35.221900,-80.842400,Tue Aug 11 2026 00:00:00 GMT+0000 (Coordinated Universal Time)
3cfb0a0e-806f-41fc-bfc1-415566aa8e7a,Hidden Valley Dental Group,Charlotte,NC,live_unclaimed,active,Health & Wellness,Dental,1831 Hidden Valley Rd,,,35.262100,-80.790500,Tue Aug 11 2026 00:00:00 GMT+0000 (Coordinated Universal Time)
2b4d8deb-2641-4e73-90c0-fdb0b30e358e,Hidden Valley Learning Center,Charlotte,NC,live_unclaimed,active,Childcare & Early Education,Daycare,1642 Hidden Valley Rd,,,35.260800,-80.792100,Tue Aug 11 2026 00:00:00 GMT+0000 (Coordinated Universal Time)
d335b5b7-6161-4515-a33a-33f43ab0dc73,Jambox,Charlotte,NC,live_unclaimed,active,Food,Food,"Charlotte, NC",,,35.227100,-80.843100,Sat Aug 08 2026 00:00:00 GMT+0000 (Coordinated Universal Time)
ddd8c59c-a018-4eed-a3b0-ef768747da94,Johnson C. Smith University,Charlotte,NC,live_unclaimed,active,Arts & Culture,HBCU,100 Beatties Ford Rd,https://jcsu.edu,,35.237800,-80.867300,Tue Aug 11 2026 00:00:00 GMT+0000 (Coordinated Universal Time)
8244ea38-331f-4069-b88d-02c693f0f732,Lagz Restaurant,Charlotte,NC,live_unclaimed,active,Food,West African,"3130 N Tryon St, Charlotte, NC 28206",,,35.227100,-80.843100,Sat Aug 08 2026 00:00:00 GMT+0000 (Coordinated Universal Time)
9ee4f622-05b8-419e-9d42-170e8d7a6bff,La Shish Kabob,Charlotte,NC,live_unclaimed,active,Food,Middle Eastern,"3117 N Sharon Amity Rd, Charlotte, NC 28205",,,35.227100,-80.843100,Sat Aug 08 2026 00:00:00 GMT+0000 (Coordinated Universal Time)
bc4dae32-160d-4283-8193-2224f3cc8be6,Latin American Coalition — Charlotte,Charlotte,NC,live_unclaimed,active,Community Organizations,Latino Community Services,901 N Tryon St,https://latinamericancoalition.org,,35.234300,-80.840100,Tue Aug 11 2026 00:00:00 GMT+0000 (Coordinated Universal Time)
df72e9a0-bdbf-4b14-8ec2-5ac59ea7e3e7,Latino Mental Health Charlotte,Charlotte,NC,live_unclaimed,active,Health & Wellness,Mental Health Counseling,5112 N Tryon St Suite 102,,,35.286300,-80.783200,Tue Aug 11 2026 00:00:00 GMT+0000 (Coordinated Universal Time)
f1578b9f-d564-4475-b145-318340d083c6,Latino Tax Center — North Charlotte,Charlotte,NC,live_unclaimed,active,Professional Services,Tax Preparation,5421 N Tryon St,,,35.291000,-80.783500,Tue Aug 11 2026 00:00:00 GMT+0000 (Coordinated Universal Time)
a6337d29-2571-4307-a701-18714b180b99,La Unica Mexican Restaurant — Charlotte,Charlotte,NC,live_unclaimed,active,Food,Mexican,3308 N Sharon Amity Rd,,,35.245900,-80.776200,Tue Aug 11 2026 00:00:00 GMT+0000 (Coordinated Universal Time)
115a2096-89d0-430f-8651-4dcc60c0fc6f,Let's Meat Kbbq,Charlotte,NC,live_unclaimed,active,Food,Korean,"1400 S Church St, Charlotte, NC 28203",,,35.227100,-80.843100,Sat Aug 08 2026 00:00:00 GMT+0000 (Coordinated Universal Time)
6999d54b-944d-46e7-8744-5114456f3980,Levine Museum of the New South,Charlotte,NC,live_unclaimed,active,Arts & Culture,History Museum,200 E 7th St,https://museumofthenewsouth.org,,35.227500,-80.838500,Tue Aug 11 2026 00:00:00 GMT+0000 (Coordinated Universal Time)
9fc7ddb8-7048-4b6c-b2de-9adb0395dd92,Little Rock AME Zion Church,Charlotte,NC,live_unclaimed,active,Faith & Spirituality,AME Zion Church,401 N McDowell St,https://littlerockamezion.org,,35.228000,-80.837500,Mon Aug 10 2026 00:00:00 GMT+0000 (Coordinated Universal Time)
136f8db2-2d46-41b8-abdb-1a615ea0d1ba,Little Stars Learning Academy,Charlotte,NC,live_unclaimed,active,Children & Family,Childcare & Daycare,5401 Nations Ford Rd,,,35.148000,-80.874400,Mon Aug 10 2026 00:00:00 GMT+0000 (Coordinated Universal Time)
dcccbbc4-1ff9-4ff1-9666-fb80e239ea01,Mert's Heart and Soul,Charlotte,NC,live_unclaimed,active,Food,Soul Food,"214 N College St, Charlotte, NC 28202",,,35.227100,-80.843100,Sat Aug 08 2026 00:00:00 GMT+0000 (Coordinated Universal Time)
eea5031b-eea2-4f72-8377-21e9d72c16e9,Mert's Heart & Soul,Charlotte,NC,live_unclaimed,active,Food,Soul Food,214 N College St,https://mertsheartandsoul.com,,35.228600,-80.840200,Tue Aug 11 2026 00:00:00 GMT+0000 (Coordinated Universal Time)
834e2049-f1a6-42b6-9d9b-022e8d9e758d,Mi Tierra Colombian Restaurant,Charlotte,NC,live_unclaimed,active,Food,Colombian,"10405 Park Rd, Charlotte, NC 28210",,,35.227100,-80.843100,Sat Aug 08 2026 00:00:00 GMT+0000 (Coordinated Universal Time)
80a5f533-4022-4be0-9d1a-958fab27fc2c,Neighborhood Theatre Charlotte,Charlotte,NC,live_unclaimed,active,Entertainment & Recreation,Live Music Venue,511 E 36th St,https://neighborhoodtheatre.com,,35.252700,-80.820100,Mon Aug 10 2026 00:00:00 GMT+0000 (Coordinated Universal Time)
6a50a193-a63d-479b-9174-10c7d7e4fc7f,North Charlotte Immigration Law,Charlotte,NC,live_unclaimed,active,Professional Services,Immigration Attorney,5800 N Tryon St Suite 200,,,35.300000,-80.785300,Tue Aug 11 2026 00:00:00 GMT+0000 (Coordinated Universal Time)
2c1b1d96-ed62-46f2-879d-fa7c39331ff1,North Charlotte Latino Dental — Bilingual,Charlotte,NC,live_unclaimed,active,Health & Wellness,Dental,5014 N Tryon St Suite A,,,35.284100,-80.782600,Tue Aug 11 2026 00:00:00 GMT+0000 (Coordinated Universal Time)
d0aba8b5-7570-47ad-baca-e11dcafdf7d1,North Charlotte Latino Family Daycare,Charlotte,NC,live_unclaimed,active,Childcare & Early Education,Bilingual Daycare,5321 N Tryon St,,,35.290300,-80.784000,Tue Aug 11 2026 00:00:00 GMT+0000 (Coordinated Universal Time)
3b0eff80-dcca-48e9-a2f3-f732951ee86f,Petra's Bar — Charlotte,Charlotte,NC,live_unclaimed,active,Entertainment & Recreation,Bar / LGBTQ+ Venue,1919 Commonwealth Ave,,,35.245200,-80.797800,Tue Aug 11 2026 00:00:00 GMT+0000 (Coordinated Universal Time)
37,Pinnacle Cuts Barbershop,Charlotte,NC,permanently_hidden,active,Beauty & Personal Care,Barbershop,5801 N Tryon St,,(704) 555-3728,35.313500,-80.813700,Thu Jun 18 2026 00:00:00 GMT+0000 (Coordinated Universal Time)
34,Queen City Fitness,Charlotte,NC,permanently_hidden,active,Health & Wellness,Gym & Fitness,3900 Freedom Dr,queencityfitness.com,(704) 555-2753,35.213100,-80.914800,Thu Jun 18 2026 00:00:00 GMT+0000 (Coordinated Universal Time)
3b5b0d83-3e3e-4221-ab2f-f37489187827,Queen City Plumbing — Black-Owned,Charlotte,NC,live_unclaimed,active,Professional Services,Plumbing,4121 W Boulevard,,,35.209100,-80.882900,Tue Aug 11 2026 00:00:00 GMT+0000 (Coordinated Universal Time)
36,Queen City Soul Kitchen,Charlotte,NC,permanently_hidden,active,Food,Soul Food,3121 Freedom Dr,,(704) 555-3601,35.200200,-80.881700,Thu Jun 18 2026 00:00:00 GMT+0000 (Coordinated Universal Time)
4e113503-4f99-4552-afb2-26547ffdfd49,Queen City Soul Truck,Charlotte,NC,live_unclaimed,active,Food Trucks,Lunch,"310 E Trade St, Charlotte, NC",,,35.227200,-80.842600,Thu Aug 13 2026 00:00:00 GMT+0000 (Coordinated Universal Time)
d1a5a0e8-eddb-43df-9801-904aa9276913,Queen City Tax Services — West Charlotte,Charlotte,NC,live_unclaimed,active,Professional Services,Tax Preparation,3218 Beatties Ford Rd,,,35.256300,-80.875600,Tue Aug 11 2026 00:00:00 GMT+0000 (Coordinated Universal Time)
27,Red Cedar Native Plant Nursery,Charlotte,NC,permanently_hidden,active,Retail,Home & Garden,2500 S Tryon St,verdantdesignco.com,(704) 555-1974,35.189900,-80.869200,Thu Jun 18 2026 00:00:00 GMT+0000 (Coordinated Universal Time)
c38e97fe-654b-44cc-878c-340210d20edb,Sabor Latin Street Grill,Charlotte,NC,live_unclaimed,active,Food,Food,"415 Hawthorne Ln, Charlotte, NC 28204 (Elizabeth location)",https://www.saborlatingrill.com,,35.227100,-80.843100,Sat Aug 08 2026 00:00:00 GMT+0000 (Coordinated Universal Time)
38,Sankofa Bookshop & Gallery,Charlotte,NC,permanently_hidden,active,Retail,Books & Art,2117 Central Ave,sankofaclt.com,(704) 555-3859,35.207200,-80.809400,Thu Jun 18 2026 00:00:00 GMT+0000 (Coordinated Universal Time)
472d12ae-0480-42f7-92c7-d989fb207e86,Selwyn Pub — South Charlotte Jazz Night,Charlotte,NC,live_unclaimed,active,Entertainment & Recreation,Bar / Jazz Venue,6601 Morrison Blvd,,,35.154100,-80.834100,Tue Aug 11 2026 00:00:00 GMT+0000 (Coordinated Universal Time)
166cffa8-ebb8-402e-a634-eb985b840122,Soul Gastrolounge — Charlotte,Charlotte,NC,live_unclaimed,active,Entertainment & Recreation,Restaurant / Lounge,1500 Central Ave,https://soulgastrolounge.com,,35.219500,-80.807700,Tue Aug 11 2026 00:00:00 GMT+0000 (Coordinated Universal Time)
40,Tabari Creative Studio,Charlotte,NC,permanently_hidden,active,Tech,Creative & Design,820 Hamilton St,,(704) 555-4087,35.226400,-80.837600,Thu Jun 18 2026 00:00:00 GMT+0000 (Coordinated Universal Time)
03ccb394-e97f-483f-88df-dc06e7791b59,The Dumpling Lady,Charlotte,NC,live_unclaimed,active,Food,Food,"1115 N Brevard St, Charlotte, NC 28206 (Optimist Hall)",,,35.227100,-80.843100,Sat Aug 08 2026 00:00:00 GMT+0000 (Coordinated Universal Time)
cde4aa7d-6a53-4803-aa8c-573a8b0737e6,The Evening Muse,Charlotte,NC,live_unclaimed,active,Arts & Culture,Arts & Culture,"NoDa, Charlotte, NC",,,35.227100,-80.843100,Sat Aug 08 2026 00:00:00 GMT+0000 (Coordinated Universal Time)
f1e3efa2-3374-4edb-a7f1-ce1c5cdcf410,University Area Comprehensive Dental,Charlotte,NC,live_unclaimed,active,Health & Wellness,Dental,8620 University City Blvd,,,35.308100,-80.738300,Tue Aug 11 2026 00:00:00 GMT+0000 (Coordinated Universal Time)
a0f0427b-7ad9-4f9c-afc1-f513fe25dcc5,University City Auto Repair — Multilingual,Charlotte,NC,live_unclaimed,active,Professional Services,Auto Repair,5612 N Tryon St,,,35.298800,-80.784800,Tue Aug 11 2026 00:00:00 GMT+0000 (Coordinated Universal Time)
7b762e83-bc19-452e-a31b-e001f3ed3964,University City Head Start,Charlotte,NC,live_unclaimed,active,Childcare & Early Education,Head Start,9001 University City Blvd,,,35.311800,-80.731200,Tue Aug 11 2026 00:00:00 GMT+0000 (Coordinated Universal Time)
f1d95c61-1a82-42fb-bf17-b4495c5da540,Urban Reader Bookstore,Charlotte,NC,live_unclaimed,active,Retail,Bookstore,"440 E McCullough Dr, Suite A-130, Charlotte, NC 28262",,,35.227100,-80.843100,Sat Aug 08 2026 00:00:00 GMT+0000 (Coordinated Universal Time)
1345fb92-4ad9-4e51-9591-515044887433,Vietnamese Baptist Church — Charlotte,Charlotte,NC,live_unclaimed,active,Faith & Spirituality,Vietnamese Church,4201 The Plaza,,,35.255600,-80.795000,Tue Aug 11 2026 00:00:00 GMT+0000 (Coordinated Universal Time)
496b3c61-14c3-499f-8cfa-bee84a9fce25,Viva Chicken,Charlotte,NC,live_unclaimed,active,Food,Peruvian,"1617 Elizabeth Ave, Charlotte, NC 28204 (Elizabeth location)",,,35.227100,-80.843100,Sat Aug 08 2026 00:00:00 GMT+0000 (Coordinated Universal Time)
a977074e-4abe-454b-8920-1b983aba0471,West Boulevard Children's Academy,Charlotte,NC,live_unclaimed,active,Childcare & Early Education,Daycare,3109 W Boulevard,,,35.209900,-80.868700,Tue Aug 11 2026 00:00:00 GMT+0000 (Coordinated Universal Time)
cc272342-aae3-46ef-8202-3cb8a0843059,West Boulevard Dental Associates,Charlotte,NC,live_unclaimed,active,Health & Wellness,Dental,3312 W Boulevard,,,35.210600,-80.870600,Tue Aug 11 2026 00:00:00 GMT+0000 (Coordinated Universal Time)
81913513-6ed6-4e0c-ac57-76fe5e475315,West Charlotte Auto Care,Charlotte,NC,live_unclaimed,active,Professional Services,Auto Repair,3121 Beatties Ford Rd,,,35.255900,-80.875800,Tue Aug 11 2026 00:00:00 GMT+0000 (Coordinated Universal Time)
9688875a-aae5-46c4-b26d-26ae05cab12a,West Charlotte Family Attorneys,Charlotte,NC,live_unclaimed,active,Professional Services,Family Law Attorney,2700 Beatties Ford Rd Suite 110,,,35.247800,-80.871400,Tue Aug 11 2026 00:00:00 GMT+0000 (Coordinated Universal Time)
c81a4ed1-6d74-4dc0-bb8f-af81e8b68a9a,West Charlotte Laundry Center,Charlotte,NC,live_unclaimed,active,Home Services,Laundromat,3229 Freedom Dr,,,35.219600,-80.882800,Thu Aug 13 2026 00:00:00 GMT+0000 (Coordinated Universal Time)
acb2ca97-9067-45b9-a542-6d0b50a81f25,Surin Beach,Cherng Talay,,live_unclaimed,active,Travel & Hospitality,Beach,"Surin Beach, Cherng Talay",,,7.962800,98.277200,Mon Aug 10 2026 00:00:00 GMT+0000 (Coordinated Universal Time)
07c93f87-8e74-4a71-9747-aa9684a97f26,5 Rabanitos,Chicago,IL,live_unclaimed,active,Food,Mexican,"Pilsen, Chicago, IL",,,41.878100,-87.629800,Sat Aug 08 2026 00:00:00 GMT+0000 (Coordinated Universal Time)
1b646e69-6c0d-4c38-a238-187c48c07b43,African American Heritage Alliance Chicago,Chicago,IL,live_unclaimed,active,Community Organizations,Pan-African Organization,7558 S Chicago Ave,,,41.757600,-87.604700,Tue Aug 11 2026 00:00:00 GMT+0000 (Coordinated Universal Time)
2fba6278-4e10-4bc5-af7f-a2a57f6e172a,Arab American Action Network Chicago,Chicago,IL,live_unclaimed,active,Community Organizations,Arab American Community Services,3148 W 63rd St,https://aaan.net,,41.779800,-87.702400,Tue Aug 11 2026 00:00:00 GMT+0000 (Coordinated Universal Time)
73f1f0ff-52b2-4c03-9ead-b78320666da9,Austin Community Laundry,Chicago,IL,live_unclaimed,active,Home Services,Laundromat,5601 W Madison St,,,41.880700,-87.772600,Thu Aug 13 2026 00:00:00 GMT+0000 (Coordinated Universal Time)
bd9da589-07c8-42b5-838f-df0523d4b67c,Black Ensemble Theater,Chicago,IL,live_unclaimed,active,Arts & Culture,Theater,4450 N Clark St,https://blackensembletheater.org,,41.961300,-87.656300,Tue Aug 11 2026 00:00:00 GMT+0000 (Coordinated Universal Time)
a348a269-cea9-4f2f-aae3-3102202abad6,Bronzeville Brunch Truck,Chicago,IL,live_unclaimed,active,Food Trucks,Breakfast & Brunch,"4700 S Cottage Grove Ave, Chicago, IL",,,41.808300,-87.606300,Thu Aug 13 2026 00:00:00 GMT+0000 (Coordinated Universal Time)
f0baffbd-1650-4c96-be5d-68c999033d96,Bronzeville Dispensary,Chicago,IL,live_unclaimed,active,Cannabis & Dispensary,Cannabis Dispensary,"4700 S Cottage Grove Ave, Chicago, IL",,,41.808300,-87.606300,Thu Aug 13 2026 00:00:00 GMT+0000 (Coordinated Universal Time)
6e832251-86f5-445d-9122-9975ef4df946,Bronzeville Health (Chicago Black Health Clinic),Chicago,IL,live_unclaimed,active,Health & Wellness,Community Health Clinic,4646 S King Dr,,,41.814000,-87.615200,Tue Aug 11 2026 00:00:00 GMT+0000 (Coordinated Universal Time)
ff6a783f-1320-4403-b586-21b2261f06e4,Bronzeville Laundry Co.,Chicago,IL,live_unclaimed,active,Home Services,Dry Cleaning,4525 S Cottage Grove Ave,,,41.813700,-87.606300,Thu Aug 13 2026 00:00:00 GMT+0000 (Coordinated Universal Time)
819a828b-f64e-4513-bf4f-245480284fdf,Bronzeville Winery,Chicago,IL,live_unclaimed,active,Food,Food,"Bronzeville, Chicago, IL",,,41.878100,-87.629800,Sat Aug 08 2026 00:00:00 GMT+0000 (Coordinated Universal Time)
8913f497-b06b-4f2b-bd08-55471e65de17,Café Colao,Chicago,IL,live_unclaimed,active,Food,Coffee Shop / Café,2638 W Division St,,,41.899800,-87.699200,Tue Aug 11 2026 00:00:00 GMT+0000 (Coordinated Universal Time)
aadb51b1-6702-4972-8396-433d00407fb1,Carnitas Uruapan Restaurant,Chicago,IL,live_unclaimed,active,Food,Mexican Restaurant,1725 W 18th St,,,41.858000,-87.666600,Tue Aug 11 2026 00:00:00 GMT+0000 (Coordinated Universal Time)
417d2454-3173-44eb-912c-2127c7ea952b,Centro Romero,Chicago,IL,live_unclaimed,active,Community Organizations,Immigration Services,6216 N Clark St,https://centroromero.org,,41.995600,-87.667100,Tue Aug 11 2026 00:00:00 GMT+0000 (Coordinated Universal Time)
95,Chatham Barbershop & Grooming,Chicago,IL,permanently_hidden,active,Beauty & Personal Care,Barbershop,8017 S Cottage Grove Ave,,(312) 555-9528,41.747600,-87.606300,Thu Jun 18 2026 00:00:00 GMT+0000 (Coordinated Universal Time)
1528c2d2-f175-4ecb-9d7f-f6811d1ebfd8,Chatham Cannabis House,Chicago,IL,live_unclaimed,active,Cannabis & Dispensary,Cannabis Dispensary,"8300 S Cottage Grove Ave, Chicago, IL",,,41.745000,-87.605800,Thu Aug 13 2026 00:00:00 GMT+0000 (Coordinated Universal Time)
62f6423d-fb5f-49e2-abae-563c2c9badce,Chatham Fresh Clean,Chicago,IL,live_unclaimed,active,Home Services,Laundromat,8230 S Cottage Grove Ave,,,41.745200,-87.606000,Thu Aug 13 2026 00:00:00 GMT+0000 (Coordinated Universal Time)
7283b476-5070-41c7-9ea6-98c43b02dbdd,Chicago Defender Charities,Chicago,IL,live_unclaimed,active,Community Organizations,Charitable Foundation,4445 S King Dr,https://chicagodefendercharities.org,,41.815100,-87.615200,Tue Aug 11 2026 00:00:00 GMT+0000 (Coordinated Universal Time)
2890e9f0-460a-4311-8c37-9e70c30e7aa2,Chicago Korean Community Service Center,Chicago,IL,live_unclaimed,active,Community Organizations,Ethnic Community Services,3450 N Pulaski Rd,,,41.939700,-87.726300,Tue Aug 11 2026 00:00:00 GMT+0000 (Coordinated Universal Time)
9583adc1-0eaf-4577-8420-df870b06c32a,Chicago Volunteer Legal Services,Chicago,IL,live_unclaimed,active,Legal & Government Services,Legal Aid,321 N Clark St,,,41.885900,-87.630500,Tue Aug 11 2026 00:00:00 GMT+0000 (Coordinated Universal Time)
22,Crown & Glory Wig Studio,Chicago,IL,permanently_hidden,active,Beauty & Personal Care,Wigs & Extensions,7720 S Shore Dr,crownandglorywigs.com,(773) 555-1458,41.752200,-87.589600,Thu Jun 18 2026 00:00:00 GMT+0000 (Coordinated Universal Time)
f8cb32ad-642b-4f77-9f2d-446c5bc497aa,Crown Natural Hair Salon Chicago,Chicago,IL,live_unclaimed,active,Beauty & Personal Care,Natural Hair & Loc Specialists,1200 E 79th St,,,41.750500,-87.602400,Tue Aug 11 2026 00:00:00 GMT+0000 (Coordinated Universal Time)
20c3ce72-f543-434d-aed3-9dc250e8b745,Demera Ethiopian Restaurant,Chicago,IL,live_unclaimed,active,Food,Ethiopian,"Uptown, Chicago, IL",,,41.878100,-87.629800,Sat Aug 08 2026 00:00:00 GMT+0000 (Coordinated Universal Time)
79368b78-162e-4d86-adde-6156f07e42bc,DuSable Black History Museum and Education Center,Chicago,IL,live_unclaimed,active,Arts & Culture,Museum,740 E 56th Pl,https://dusablemuseum.org,,41.793000,-87.587300,Tue Aug 11 2026 00:00:00 GMT+0000 (Coordinated Universal Time)
6bd3cfdf-dd03-427b-98a0-bff4e7ebcb58,Eko Kitchen,Chicago,IL,live_unclaimed,active,Food,Nigerian Restaurant,6701 S Stony Island Ave,,,41.773500,-87.586200,Tue Aug 11 2026 00:00:00 GMT+0000 (Coordinated Universal Time)
3d0fccab-650c-4f2e-baa2-5eb4e42a20c4,El Milagro Tortillería,Chicago,IL,live_unclaimed,active,Food,Tortillería / Bakery,3050 W 26th St,https://el-milagro.com,,41.843900,-87.702400,Tue Aug 11 2026 00:00:00 GMT+0000 (Coordinated Universal Time)
7a400170-915f-4ea2-9f9c-7bef4718730f,Esperanza Health Centers,Chicago,IL,live_unclaimed,active,Health & Wellness,Community Health Center,2001 S California Ave,,,41.854500,-87.693600,Tue Aug 11 2026 00:00:00 GMT+0000 (Coordinated Universal Time)
3800a5c0-0a60-4ce6-ab07-b2198bd852c7,Filipino Chicago Community (FilAm Arts Chicago),Chicago,IL,live_unclaimed,active,Arts & Culture,Arts Organization,333 N Michigan Ave,,,41.886500,-87.624700,Tue Aug 11 2026 00:00:00 GMT+0000 (Coordinated Universal Time)
322d4b5f-3c84-409d-be62-04b862d1b707,Gandhi India Restaurant,Chicago,IL,live_unclaimed,active,Food,Indian Restaurant,2601 W Devon Ave,,,41.996300,-87.694800,Tue Aug 11 2026 00:00:00 GMT+0000 (Coordinated Universal Time)
6f6f6d32-c349-4615-a15b-f6039347901b,Hai Yen Restaurant,Chicago,IL,live_unclaimed,active,Food,Vietnamese Restaurant,1055 W Argyle St,,,41.973400,-87.657200,Tue Aug 11 2026 00:00:00 GMT+0000 (Coordinated Universal Time)
3,Harambee Tech Hub,Chicago,IL,permanently_hidden,active,Tech,Coworking & Education,1401 S Wabash Ave,harambeetehhub.com,(312) 555-0382,41.865500,-87.625200,Thu Jun 18 2026 00:00:00 GMT+0000 (Coordinated Universal Time)
d06b547e-f4de-4fcd-a92d-c48ea73dcccf,Harold's Chicken Shack #62,Chicago,IL,live_unclaimed,active,Food,Fried Chicken,7310 S Halsted St,,,41.763500,-87.646700,Tue Aug 11 2026 00:00:00 GMT+0000 (Coordinated Universal Time)
a40472d7-b735-46bc-a00b-ca2a9f5b0cbc,Harold's Chicken Shack — Chicago,Chicago,IL,live_unclaimed,active,Food,Soul Food,6406 S Wentworth Ave,,,41.779700,-87.633800,Mon Aug 10 2026 00:00:00 GMT+0000 (Coordinated Universal Time)
b5f90580-7da7-4812-a447-b6e6e32e783e,Hema's Kitchen,Chicago,IL,live_unclaimed,active,Food,Indian Restaurant,2439 W Devon Ave,https://hemaskitchen.com,,41.996300,-87.691500,Tue Aug 11 2026 00:00:00 GMT+0000 (Coordinated Universal Time)
173e9a03-b881-4c5a-ba1a-ba569ecb9ee6,India House Restaurant Chicago,Chicago,IL,live_unclaimed,active,Food,Indian / Pakistani Restaurant,2548 W Devon Ave,,,41.996300,-87.693900,Tue Aug 11 2026 00:00:00 GMT+0000 (Coordinated Universal Time)
fb7c833f-42e8-4fb9-a11b-0f56736dfe95,Isla Pilipina Restaurant,Chicago,IL,live_unclaimed,active,Food,Filipino Restaurant,2501 S Millard Ave,,,41.846100,-87.710600,Tue Aug 11 2026 00:00:00 GMT+0000 (Coordinated Universal Time)
04751472-d509-447e-8178-2692a9a34e40,Jamaica Jerk (Rogers Park),Chicago,IL,live_unclaimed,active,Food,Caribbean / Jamaican Restaurant,1631 W Howard St,,,42.018700,-87.671100,Tue Aug 11 2026 00:00:00 GMT+0000 (Coordinated Universal Time)
45b6b88e-9f8d-4ac4-8ecd-e63f4693beff,Joong Boo Market,Chicago,IL,live_unclaimed,active,Retail,Korean Grocery / Market,3333 N Kimball Ave,https://joongboomarket.com,,41.938700,-87.714100,Tue Aug 11 2026 00:00:00 GMT+0000 (Coordinated Universal Time)
c345f828-7fef-4710-b2ec-1c6659b5add4,Juan Antonio Corretjer Puerto Rican Cultural Center,Chicago,IL,live_unclaimed,active,Community Organizations,Cultural Center,2739 W Division St,https://prcc-chgo.org,,41.899800,-87.700700,Tue Aug 11 2026 00:00:00 GMT+0000 (Coordinated Universal Time)
7655fab5-12ad-422a-b33f-b57263bb686e,Kuumba Lynx (Chicago Hip-Hop Arts Education),Chicago,IL,live_unclaimed,active,Arts & Culture,Youth Arts Education,4422 S Martin Luther King Dr,https://kuumbalynx.com,,41.814700,-87.615200,Tue Aug 11 2026 00:00:00 GMT+0000 (Coordinated Universal Time)
2bd06b72-3519-4887-a5a4-902e1d703185,La Casa del Pueblo,Chicago,IL,live_unclaimed,active,Retail,Grocery / Market,1834 S Blue Island Ave,,,41.857200,-87.662000,Tue Aug 11 2026 00:00:00 GMT+0000 (Coordinated Universal Time)
4b38edd4-ad9c-4bff-bc3a-be829bead6a2,La Casa Del Pueblo Taqueria,Chicago,IL,live_unclaimed,active,Food,Mexican,"Pilsen, Chicago, IL",,,41.878100,-87.629800,Sat Aug 08 2026 00:00:00 GMT+0000 (Coordinated Universal Time)
93,Lakay Haitian Bakery,Chicago,IL,permanently_hidden,active,Food,Bakery & Brunch,3734 S Cottage Grove Ave,,(312) 555-9301,41.826400,-87.607600,Thu Jun 18 2026 00:00:00 GMT+0000 (Coordinated Universal Time)
39d7fec1-0fc0-4188-998a-940001eb5ebf,Luella's Gospel Bird (Chicago),Chicago,IL,live_unclaimed,active,Food,Soul Food,4609 S Cottage Grove Ave,,,41.813800,-87.608600,Tue Aug 11 2026 00:00:00 GMT+0000 (Coordinated Universal Time)
78660126-27bb-4811-acc1-bb9c3e05c980,Luella's Southern Kitchen,Chicago,IL,live_unclaimed,active,Food,Soul Food,"Lincoln Square, Chicago, IL",,,41.878100,-87.629800,Sat Aug 08 2026 00:00:00 GMT+0000 (Coordinated Universal Time)
d67a084c-eb17-4c6c-bb95-f3f3ffd2b960,MacArthur's Restaurant,Chicago,IL,live_unclaimed,active,Food,Soul Food,5412 W Madison St,https://macarthurschicago.com,,41.880400,-87.764300,Tue Aug 11 2026 00:00:00 GMT+0000 (Coordinated Universal Time)
d68ae905-50c6-4722-80ed-a6db7a62c37e,Masjid Al-Taqwa Chicago (Muslim Community),Chicago,IL,live_unclaimed,active,Faith & Spirituality,Mosque,5442 S Hyde Park Blvd,,,41.799300,-87.589800,Tue Aug 11 2026 00:00:00 GMT+0000 (Coordinated Universal Time)
cbc39967-a138-418e-a13e-5a1343c9e3a1,Mujeres Latinas en Acción,Chicago,IL,live_unclaimed,active,Community Organizations,Women's Advocacy / Services,2603 S Millard Ave,https://mujereslatinasenaccion.org,,41.844900,-87.710600,Tue Aug 11 2026 00:00:00 GMT+0000 (Coordinated Universal Time)
e1be7c42-d781-46a9-975c-48d5f3dd4034,National Museum of Mexican Art,Chicago,IL,live_unclaimed,active,Arts & Culture,Museum,1852 W 19th St,https://nationalmuseumofmexicanart.org,,41.856900,-87.674100,Tue Aug 11 2026 00:00:00 GMT+0000 (Coordinated Universal Time)
ad592feb-e532-472b-b6a0-c020110b0ab1,National Museum of Puerto Rican Arts & Culture,Chicago,IL,live_unclaimed,active,Arts & Culture,Museum,3015 W Division St,https://nmprac.org,,41.899800,-87.705800,Tue Aug 11 2026 00:00:00 GMT+0000 (Coordinated Universal Time)
52761233-f770-44d4-8167-21f1189da954,NiceLena & Friends,Chicago,IL,live_unclaimed,active,Retail,Retail,"Evanston, IL",,,41.878100,-87.629800,Sat Aug 08 2026 00:00:00 GMT+0000 (Coordinated Universal Time)
0757ae95-49d5-4e70-9795-3f81863effe8,Nigerian Community Organization Chicago,Chicago,IL,live_unclaimed,active,Community Organizations,West African Community Organization,7500 S Stony Island Ave,,,41.757400,-87.586200,Tue Aug 11 2026 00:00:00 GMT+0000 (Coordinated Universal Time)
47539c60-3f82-40dc-affd-20784dbe2b9a,Nigerian Eats Chicago,Chicago,IL,live_unclaimed,active,Food Trucks,Lunch & Dinner,"8200 S Cottage Grove Ave, Chicago, IL",,,41.745200,-87.606000,Thu Aug 13 2026 00:00:00 GMT+0000 (Coordinated Universal Time)
65c15704-9712-4ac5-bc8e-a45f36f97c05,Noon-O-Kabab (Iranian / Persian — Chicago),Chicago,IL,live_unclaimed,active,Food,Iranian / Persian Restaurant,4661 N Kedzie Ave,,,41.966900,-87.707700,Tue Aug 11 2026 00:00:00 GMT+0000 (Coordinated Universal Time)
f22e1b57-e407-4d5e-bf70-8d5660a10efc,Nuevo León Restaurant,Chicago,IL,live_unclaimed,active,Food,Mexican Restaurant,1515 W 18th St,,,41.858000,-87.663900,Tue Aug 11 2026 00:00:00 GMT+0000 (Coordinated Universal Time)
59cd0d8e-faf6-42c5-a2b3-9e95639143f9,Olivet Baptist Church,Chicago,IL,live_unclaimed,active,Faith & Spirituality,Baptist,3101 S King Dr,,,41.837800,-87.616200,Tue Aug 11 2026 00:00:00 GMT+0000 (Coordinated Universal Time)
dfd22918-12a2-4baa-920b-700c2a04a9f2,Operation PUSH / Rainbow PUSH Coalition,Chicago,IL,live_unclaimed,active,Community Organizations,Civil Rights / Advocacy,930 E 50th St,https://rainbowpush.org,,41.802200,-87.599000,Tue Aug 11 2026 00:00:00 GMT+0000 (Coordinated Universal Time)
67dacc47-732a-4193-8851-f07bb0efd02c,Patel Brothers (Devon Ave),Chicago,IL,live_unclaimed,active,Retail,South Asian Grocery,2610 W Devon Ave,https://patelbros.com,,41.996300,-87.695300,Tue Aug 11 2026 00:00:00 GMT+0000 (Coordinated Universal Time)
6c7a9415-e613-4340-ba51-308b591af1fd,Pearl's Place,Chicago,IL,live_unclaimed,active,Food,Soul Food & Southern,3901 S Michigan Ave,,,41.827000,-87.622100,Tue Aug 11 2026 00:00:00 GMT+0000 (Coordinated Universal Time)
04566a5d-31f9-45f1-9ba2-bef3fe0f2c55,Pilsen Alliance (Chicago Housing Justice),Chicago,IL,live_unclaimed,active,Community Organizations,Housing Justice / Community Organizing,1511 W 18th St,https://thepilsenalliance.org,,41.857900,-87.663800,Tue Aug 11 2026 00:00:00 GMT+0000 (Coordinated Universal Time)
67d2f789-9ce6-46eb-8313-deb79b0eb7ef,Puerto Rican Arts Alliance,Chicago,IL,live_unclaimed,active,Arts & Culture,Arts Organization,3000 W North Ave,https://praachicago.org,,41.910000,-87.705200,Tue Aug 11 2026 00:00:00 GMT+0000 (Coordinated Universal Time)
1979fe22-d26f-4837-8075-b90e8b5594db,Ras Dashen Ethiopian Restaurant,Chicago,IL,live_unclaimed,active,Food,Ethiopian Restaurant,5846 N Broadway,,,41.988900,-87.659000,Tue Aug 11 2026 00:00:00 GMT+0000 (Coordinated Universal Time)
31,Rebuild Nation Construction,Chicago,IL,permanently_hidden,active,Tech,Construction & Design,4444 W Chicago Ave,,(773) 555-2419,41.895300,-87.738500,Thu Jun 18 2026 00:00:00 GMT+0000 (Coordinated Universal Time)
c9b3770a-bec2-403d-84db-c866757a8109,Reggie's Rock Club,Chicago,IL,live_unclaimed,active,Entertainment & Recreation,Music Venue / Bar,2109 S State St,https://reggieslive.com,,41.855500,-87.627700,Tue Aug 11 2026 00:00:00 GMT+0000 (Coordinated Universal Time)
d7fd09da-f2e8-4640-9569-6022d431b9ed,Restaurante Chapín,Chicago,IL,live_unclaimed,active,Food,Guatemalan Restaurant,5348 W Fullerton Ave,,,41.924900,-87.768100,Tue Aug 11 2026 00:00:00 GMT+0000 (Coordinated Universal Time)
4bd65dfb-630a-4f63-8c18-f05806b1ce65,Rudy Lozano Branch Library,Chicago,IL,live_unclaimed,active,Community Organizations,Public Library,1805 S Loomis St,https://chipublib.org,,41.856600,-87.664900,Tue Aug 11 2026 00:00:00 GMT+0000 (Coordinated Universal Time)
3e0a51c7-0d14-4a71-91b1-4c365f6f6019,Saigon Sisters,Chicago,IL,live_unclaimed,active,Food,Vietnamese,"West Loop, Chicago, IL",,,41.878100,-87.629800,Sat Aug 08 2026 00:00:00 GMT+0000 (Coordinated Universal Time)
8d8b3c65-72ef-4158-b5cd-fb8c4177f49c,Salem Baptist Church of Chicago,Chicago,IL,live_unclaimed,active,Faith & Spirituality,Baptist,11800 S Indiana Ave,,,41.666700,-87.622100,Tue Aug 11 2026 00:00:00 GMT+0000 (Coordinated Universal Time)
943ffdcd-cf6e-45be-92dc-5aa005b206ca,Salon KaRoc (Chicago Black-owned Salon),Chicago,IL,live_unclaimed,active,Beauty & Personal Care,Natural Hair Salon,1935 W 87th St,,,41.733000,-87.673700,Tue Aug 11 2026 00:00:00 GMT+0000 (Coordinated Universal Time)
74810fba-33ac-43ca-8995-789185e22ee6,Salsa 17 (Chicago Andersonville — Guatemalan),Chicago,IL,live_unclaimed,active,Food,Guatemalan Restaurant,4721 N Clark St,,,41.965700,-87.654700,Tue Aug 11 2026 00:00:00 GMT+0000 (Coordinated Universal Time)
4bb9b59a-cddd-4219-a008-21a77088ea49,Sinai Health System,Chicago,IL,live_unclaimed,active,Health & Wellness,Hospital & Community Health,1500 S Fairfield Ave,,,41.858800,-87.692300,Tue Aug 11 2026 00:00:00 GMT+0000 (Coordinated Universal Time)
07a383ae-ffcb-400e-bd48-32a3960f88f9,Soul Shack Chicago,Chicago,IL,live_unclaimed,active,Food,Soul Food & Southern,1368 E 53rd St,,,41.799700,-87.589800,Tue Aug 11 2026 00:00:00 GMT+0000 (Coordinated Universal Time)
94,South Shore Cultural Center Café,Chicago,IL,permanently_hidden,active,Food,Café & Events,7059 S Shore Dr,,(312) 555-9415,41.763400,-87.570600,Thu Jun 18 2026 00:00:00 GMT+0000 (Coordinated Universal Time)
bb5a2ca1-a444-4d4d-8375-88c054243226,South Side Community Art Center,Chicago,IL,live_unclaimed,active,"Arts, Culture & Entertainment",Community Arts & Cultural Centers,3831 S Michigan Ave,,,41.828800,-87.622600,Tue Aug 11 2026 00:00:00 GMT+0000 (Coordinated Universal Time)
71f4feea-6034-4db0-b0a5-86b610416ab1,South Side Elevated — Chicago,Chicago,IL,live_unclaimed,active,Cannabis & Dispensary,Cannabis Dispensary,"8200 S Cottage Grove Ave, Chicago, IL",,,41.745200,-87.606000,Thu Aug 13 2026 00:00:00 GMT+0000 (Coordinated Universal Time)
59a83e92-b64e-4550-84d0-48aa18f4a20e,South Side Jerk & Greens,Chicago,IL,live_unclaimed,active,Food Trucks,Lunch,"6301 S Dr. Martin Luther King Jr Dr, Chicago, IL",,,41.779300,-87.616000,Thu Aug 13 2026 00:00:00 GMT+0000 (Coordinated Universal Time)
3bd96561-0986-4e7c-97a3-0223c959f1d0,Sunshine Gospel Ministries Early Childhood Center,Chicago,IL,live_unclaimed,active,Children & Family,Childcare & Early Learning,5004 S Ingleside Ave,,,41.802800,-87.608900,Tue Aug 11 2026 00:00:00 GMT+0000 (Coordinated Universal Time)
1eaafffd-9d3c-45bd-80a9-519b496fd3ff,Tai Nam Market (Chicago — Vietnamese / Southeast Asian),Chicago,IL,live_unclaimed,active,Retail,Southeast Asian Grocery,4925 N Broadway,,,41.972800,-87.656600,Tue Aug 11 2026 00:00:00 GMT+0000 (Coordinated Universal Time)
eab71aad-6948-4962-84ae-7dd1651ed0fe,Tank Noodle (Pho Xe Tang),Chicago,IL,live_unclaimed,active,Food,Vietnamese Restaurant / Pho,4953 N Broadway,,,41.972600,-87.656800,Tue Aug 11 2026 00:00:00 GMT+0000 (Coordinated Universal Time)
f55266dd-f05f-4892-a4c9-cbaf4a951999,The Promontory,Chicago,IL,live_unclaimed,active,Arts & Culture,Music Venue,5311 S Lake Park Ave,https://promontorychicago.com,,41.798900,-87.586200,Tue Aug 11 2026 00:00:00 GMT+0000 (Coordinated Universal Time)
deec0a6d-9eff-4ee1-b820-e7fdd094f0ab,Trinity United Church of Christ,Chicago,IL,live_unclaimed,active,Faith & Spirituality,Christian – UCC,400 W 95th St,,,41.721800,-87.640100,Tue Aug 11 2026 00:00:00 GMT+0000 (Coordinated Universal Time)
6048e7c8-4623-4987-9c28-baa4e3dd1c4f,Trinity United Church of Christ Chicago,Chicago,IL,live_unclaimed,active,Faith & Spirituality,United Church of Christ,400 W 95th St,https://www.trinitychicago.org,,41.721800,-87.633500,Tue Aug 11 2026 00:00:00 GMT+0000 (Coordinated Universal Time)
53e637f5-05f4-4e87-b70a-2107c9e74fcc,Udupi Palace,Chicago,IL,live_unclaimed,active,Food,Indian Restaurant / Vegetarian,2543 W Devon Ave,,,41.996300,-87.693500,Tue Aug 11 2026 00:00:00 GMT+0000 (Coordinated Universal Time)
32e33629-0113-4ffe-8733-5864ed8dc1ee,Urban Kutz Barbershop Chicago,Chicago,IL,live_unclaimed,active,Beauty & Personal Care,Barbershops,215 W 87th St,,,41.735700,-87.631300,Tue Aug 11 2026 00:00:00 GMT+0000 (Coordinated Universal Time)
3c7c7cb8-8c28-4b5f-b31f-958b6cad2d3e,Valois Cafeteria,Chicago,IL,live_unclaimed,active,Food,Cafeteria / Diner,1518 E 53rd St,,,41.801500,-87.585400,Tue Aug 11 2026 00:00:00 GMT+0000 (Coordinated Universal Time)
5b2ea71b-0ebd-49e5-b25d-e5ef85933bc1,Vietnamese Association of Illinois,Chicago,IL,live_unclaimed,active,Community Organizations,Ethnic Community Services,5215 N Sheridan Rd,,,41.977900,-87.654200,Tue Aug 11 2026 00:00:00 GMT+0000 (Coordinated Universal Time)
3833dfdd-2658-4600-bafa-b5602d7e312c,Viet Nom Nom,Chicago,IL,live_unclaimed,active,Food,Vietnamese Restaurant,4922 N Broadway,,,41.972000,-87.656600,Tue Aug 11 2026 00:00:00 GMT+0000 (Coordinated Universal Time)
b7efc3f2-0ee8-4a1e-be66-03bed73584f4,Virtue Restaurant,Chicago,IL,live_unclaimed,active,Food,Southern / Soul Food,1462 E 53rd St,https://virtuerestaurant.com,,41.801000,-87.585200,Tue Aug 11 2026 00:00:00 GMT+0000 (Coordinated Universal Time)
2cad8219-b52a-4026-86ef-3f1f766f3a2e,Virtue Restaurant & Bar,Chicago,IL,live_unclaimed,active,Food,Soul Food,"Hyde Park, Chicago, IL",,,41.878100,-87.629800,Sat Aug 08 2026 00:00:00 GMT+0000 (Coordinated Universal Time)
48f014ef-8fe2-4463-ae0d-3554b4e0617a,"Bernardino's Bakery, Inc.",Chicopee,MA,live_unclaimed,active,Food,Bakery,"Chicopee, MA 01014",,,42.148700,-72.607900,Sat Aug 08 2026 00:00:00 GMT+0000 (Coordinated Universal Time)
ef61c47a-027a-4853-908e-657668d9e93d,Chicopee Latino Dental Care,Chicopee,MA,live_unclaimed,active,Health & Wellness,Dental,1012 Granby Rd,,,42.149000,-72.553100,Tue Aug 11 2026 00:00:00 GMT+0000 (Coordinated Universal Time)
f065fb4a-3d1b-449d-b63b-a903c6e9486b,Chicopee Multilingual Children's Center,Chicopee,MA,live_unclaimed,active,Childcare & Early Education,Multilingual Daycare,841 Chicopee St,,,42.152100,-72.560100,Tue Aug 11 2026 00:00:00 GMT+0000 (Coordinated Universal Time)
95b1cb2f-aa18-4fca-88c7-72acfce93a4c,Chicopee Tax & Accounting — Bilingual,Chicopee,MA,live_unclaimed,active,Professional Services,Tax Preparation / Accounting,650 Front St,,,42.150100,-72.607500,Tue Aug 11 2026 00:00:00 GMT+0000 (Coordinated Universal Time)
ad75379f-893e-4ba9-a1f4-40cbe9e9063e,El Comalito,Chicopee,MA,live_unclaimed,active,Food,Mexican,"Locations in nearby Amherst/Easthampton, serving the Chicopee/Springfield area",,,42.148700,-72.607900,Sat Aug 08 2026 00:00:00 GMT+0000 (Coordinated Universal Time)
96db89cb-3756-4d55-944e-3f277bce770e,Flame On Vegan,Chicopee,MA,live_unclaimed,active,Food,Food,"57 Springfield St, Chicopee, MA 01013",,,42.148700,-72.607900,Sat Aug 08 2026 00:00:00 GMT+0000 (Coordinated Universal Time)
a5dceb09-e6e6-4b54-bd4a-6c6b69afc647,Hazel's Kitchen,Chicopee,MA,live_unclaimed,active,Food,Food,"76 Main St, Chicopee, MA 01020",,,42.148700,-72.607900,Sat Aug 08 2026 00:00:00 GMT+0000 (Coordinated Universal Time)
78c15625-4559-4993-a5a8-42a8301eea37,Solid Gold Beauty Palace,Chicopee,MA,live_unclaimed,active,Beauty & Personal Care,Beauty,Springfield/Chicopee area,,,42.148700,-72.607900,Sat Aug 08 2026 00:00:00 GMT+0000 (Coordinated Universal Time)
63a3ec09-d879-46db-8105-c9f851df3c15,African Paradise,Cincinnati,OH,live_unclaimed,active,Food,Food,"Greater Cincinnati Area, OH",,,39.103100,-84.512000,Sat Aug 08 2026 00:00:00 GMT+0000 (Coordinated Universal Time)
cd2f8b83-72ba-415c-90da-883562e626d9,blaCk Coffee Lounge,Cincinnati,OH,live_unclaimed,active,Food,Food,"Downtown Cincinnati, OH",,,39.103100,-84.512000,Sat Aug 08 2026 00:00:00 GMT+0000 (Coordinated Universal Time)
984e083a-2d85-4592-a0dc-43b245a99d93,Blue Ash Chili (Cincinnati-style),Cincinnati,OH,live_unclaimed,active,Food,Cincinnati Chili,9565 Kenwood Rd,https://blueashchili.com,,39.236400,-84.380900,Tue Aug 11 2026 00:00:00 GMT+0000 (Coordinated Universal Time)
51d2db17-6b63-4d56-8aad-5b47fdc693ea,Bridges Nepali Cuisine,Cincinnati,OH,live_unclaimed,active,Food,Food,"Walnut Hills, Cincinnati, OH",,,39.103100,-84.512000,Sat Aug 08 2026 00:00:00 GMT+0000 (Coordinated Universal Time)
e00f66ff-0af4-4a76-b365-b295d3df8e8e,Cincinnati Art Museum (African American Collection),Cincinnati,OH,live_unclaimed,active,Arts & Culture,Museum,953 Eden Park Dr,https://cincinnatiartmuseum.org,,39.113600,-84.494900,Tue Aug 11 2026 00:00:00 GMT+0000 (Coordinated Universal Time)
5fad6102-8551-470f-8058-111388590a00,Cincinnati Somali Community,Cincinnati,OH,live_unclaimed,active,Community Organizations,Ethnic Community Services,1740 Langdon Farm Rd,,,39.171400,-84.508700,Tue Aug 11 2026 00:00:00 GMT+0000 (Coordinated Universal Time)
f92e25dd-8a71-46df-a325-adacff24612c,Esoteric Brewing,Cincinnati,OH,live_unclaimed,active,Beauty & Personal Care,Beauty,"Walnut Hills, Cincinnati, OH",,,39.103100,-84.512000,Sat Aug 08 2026 00:00:00 GMT+0000 (Coordinated Universal Time)
d21758d4-9cfe-4985-84d2-9b2de7f324ed,Habesha,Cincinnati,OH,live_unclaimed,active,Food,Ethiopian,"Westwood, Cincinnati, OH",,,39.103100,-84.512000,Sat Aug 08 2026 00:00:00 GMT+0000 (Coordinated Universal Time)
237f919c-0657-442e-abbd-931717d70594,La Causa Cincinnati,Cincinnati,OH,live_unclaimed,active,Community Organizations,Latino Advocacy / Immigration,4100 Hamilton Ave,,,39.174900,-84.529300,Tue Aug 11 2026 00:00:00 GMT+0000 (Coordinated Universal Time)
70e8598e-efa5-4ee9-94e2-53d2c10a5b80,La Mexicana Restaurant Cincinnati,Cincinnati,OH,live_unclaimed,active,Food,Mexican Restaurant,3900 Spring Grove Ave,,,39.160800,-84.527000,Tue Aug 11 2026 00:00:00 GMT+0000 (Coordinated Universal Time)
b9268b02-3ab0-4d44-b5a8-c1647eb62ef8,National Underground Railroad Freedom Center,Cincinnati,OH,live_unclaimed,active,Arts & Culture,Museum / Memorial,50 E Freedom Way,https://freedomcenter.org,,39.095600,-84.512600,Tue Aug 11 2026 00:00:00 GMT+0000 (Coordinated Universal Time)
6210b878-be7a-443b-971b-9bae81c65b5f,National Underground Railroad Freedom Center — Cincinnati,Cincinnati,OH,live_unclaimed,active,Arts & Culture,Museum,50 E Freedom Way,,,39.102200,-84.512100,Mon Aug 10 2026 00:00:00 GMT+0000 (Coordinated Universal Time)
a8c4fb5c-8214-416d-ac49-ec9d88c3d6b1,Nolia Kitchen,Cincinnati,OH,live_unclaimed,active,Food,Soul Food,"Over-the-Rhine, Cincinnati, OH",,,39.103100,-84.512000,Sat Aug 08 2026 00:00:00 GMT+0000 (Coordinated Universal Time)
529d05c1-eb39-4360-a911-14a56fab4d62,Olive Tree,Cincinnati,OH,live_unclaimed,active,Food,Middle Eastern,"Oakley Kitchen, Cincinnati, OH",,,39.103100,-84.512000,Sat Aug 08 2026 00:00:00 GMT+0000 (Coordinated Universal Time)
4dde67e9-d9fc-48cc-b6a0-7fd5b50616ae,Tome Books and Novelteas,Cincinnati,OH,live_unclaimed,active,Retail,Bookstore,"Cincinnati, OH",,,39.103100,-84.512000,Sat Aug 08 2026 00:00:00 GMT+0000 (Coordinated Universal Time)
0ccdd4fb-510c-47e3-9f7f-49372e77ab71,True Plumbing & HVAC Solutions,Cincinnati,OH,live_unclaimed,active,Services,Plumber / HVAC,3912 Reading Rd,,,39.174100,-84.488200,Mon Aug 10 2026 00:00:00 GMT+0000 (Coordinated Universal Time)
d7409159-398e-4470-b2af-93d53db314b5,Urban League of Greater Southwestern Ohio,Cincinnati,OH,live_unclaimed,active,Community Organizations,Civil Rights / Economic Empowerment,3458 Reading Rd,https://urbanleague.net,,39.148000,-84.493600,Tue Aug 11 2026 00:00:00 GMT+0000 (Coordinated Universal Time)
4270e85e-1f14-41c8-9a2e-8aa29594483c,Clarkston Community Center,Clarkston,GA,live_unclaimed,active,Community Organizations,Community Center,3701 College Ave,https://clarkstoncommunity.org,,33.812400,-84.238100,Tue Aug 11 2026 00:00:00 GMT+0000 (Coordinated Universal Time)
3bd9d0be-1d8b-44db-aaac-743d3ce5468b,Clarkston Community Learning Center,Clarkston,GA,live_unclaimed,active,Childcare & Early Education,Multicultural Daycare,3921 Church St,,,33.811200,-84.240700,Tue Aug 11 2026 00:00:00 GMT+0000 (Coordinated Universal Time)
dc77c48f-5147-41ab-865b-01ddba751321,La Mixteca Restaurant,Clarkston,GA,live_unclaimed,active,Food,Oaxacan / Mexican,950 N Indian Creek Dr,,,33.810500,-84.237100,Tue Aug 11 2026 00:00:00 GMT+0000 (Coordinated Universal Time)
ab827166-1b5f-4ca0-a44c-53cf47a6ec60,Asia Plaza (Cleveland Asia Town),Cleveland,OH,live_unclaimed,active,Retail,Asian Shopping Center,2999 Payne Ave,,,41.504400,-81.670600,Tue Aug 11 2026 00:00:00 GMT+0000 (Coordinated Universal Time)
bd857dbf-1b63-4b06-8456-5d732fdbbaf7,Batuqui The Flavor of Brasil,Cleveland,OH,live_unclaimed,active,Food,Brazilian,"Larchmere/Chagrin Falls, Cleveland, OH",,,41.499300,-81.694400,Sat Aug 08 2026 00:00:00 GMT+0000 (Coordinated Universal Time)
a7dbf988-ca7d-4a81-b221-fe69ad17fcd7,Cleveland Museum of Art (Afro-American Collection),Cleveland,OH,live_unclaimed,active,Arts & Culture,Museum,11150 East Blvd,https://clevelandart.org,,41.509000,-81.612200,Tue Aug 11 2026 00:00:00 GMT+0000 (Coordinated Universal Time)
eb959898-093c-4f79-9538-b9767f39db7a,Cleveland's Karamu Café (Community Dining),Cleveland,OH,live_unclaimed,active,Food,Café / Community Dining,2355 E 89th St,,,41.505000,-81.635600,Tue Aug 11 2026 00:00:00 GMT+0000 (Coordinated Universal Time)
46a6ca92-1932-4404-b238-0140aa92b4e9,East Cleveland Green,Cleveland,OH,live_unclaimed,active,Cannabis & Dispensary,Cannabis Dispensary,"7601 Euclid Ave, Cleveland, OH",,,41.512300,-81.624600,Thu Aug 13 2026 00:00:00 GMT+0000 (Coordinated Universal Time)
1d59ad4a-bd32-4aa3-85aa-26de41debf68,East Side Soul Truck — Cleveland,Cleveland,OH,live_unclaimed,active,Food Trucks,Lunch & Dinner,"1001 E 105th St, Cleveland, OH",,,41.533000,-81.593000,Thu Aug 13 2026 00:00:00 GMT+0000 (Coordinated Universal Time)
e2bec846-fd01-458e-8eb8-160525b1121f,El Barrio Community Development Corporation,Cleveland,OH,live_unclaimed,active,Community Organizations,Community Development,3205 W 45th St,,,41.478000,-81.738000,Tue Aug 11 2026 00:00:00 GMT+0000 (Coordinated Universal Time)
37d38f66-7766-4130-b75a-d89a9a157d4a,Empress Taytu Ethiopian Restaurant,Cleveland,OH,live_unclaimed,active,Food,Ethiopian,"St. Clair-Superior, Cleveland, OH",,,41.499300,-81.694400,Sat Aug 08 2026 00:00:00 GMT+0000 (Coordinated Universal Time)
121d7e58-99aa-4bd2-bd61-86a4d794ba39,Entrepreneur's Edge Cleveland,Cleveland,OH,live_unclaimed,active,Professional Services,Business Development / Entrepreneurship,1100 Superior Ave E,https://entrepreneursedge.biz,,41.499300,-81.688900,Tue Aug 11 2026 00:00:00 GMT+0000 (Coordinated Universal Time)
ab645f61-108f-4a12-a24a-6bd1eafba359,Fat Fish Blue,Cleveland,OH,live_unclaimed,active,Food,Soul Food / Blues Venue,21 Prospect Ave E,,,41.498600,-81.686600,Tue Aug 11 2026 00:00:00 GMT+0000 (Coordinated Universal Time)
79de9959-0f9a-4076-9a3c-afd8dcc707d2,Glenville Clean Threads,Cleveland,OH,live_unclaimed,active,Home Services,Laundromat,730 E 105th St,,,41.533000,-81.593000,Thu Aug 13 2026 00:00:00 GMT+0000 (Coordinated Universal Time)
78d243c8-72a2-4569-8c6e-1a389f7a4824,Glenville Community Cannabis,Cleveland,OH,live_unclaimed,active,Cannabis & Dispensary,Cannabis Dispensary,"730 E 105th St, Cleveland, OH",,,41.533000,-81.593000,Thu Aug 13 2026 00:00:00 GMT+0000 (Coordinated Universal Time)
d093c3f3-f0fe-4945-bee8-e56a63114e8a,Habesha Ethiopian and Eritrean Restaurant,Cleveland,OH,live_unclaimed,active,Food,Ethiopian,"Lorain Ave, West Park/Kamm's Corners, Cleveland, OH",,,41.499300,-81.694400,Sat Aug 08 2026 00:00:00 GMT+0000 (Coordinated Universal Time)
5d749a39-cf63-4e1a-854d-a501fe9feb45,Hispanics in Philanthropy – Cleveland,Cleveland,OH,live_unclaimed,active,Community Organizations,Philanthropic Organization,1422 Euclid Ave,,,41.498500,-81.672200,Tue Aug 11 2026 00:00:00 GMT+0000 (Coordinated Universal Time)
2fa6bec5-d9bf-4e46-afca-372c5c047ef3,Hough Fresh Laundry,Cleveland,OH,live_unclaimed,active,Home Services,Laundromat,7612 Hough Ave,,,41.521900,-81.606400,Thu Aug 13 2026 00:00:00 GMT+0000 (Coordinated Universal Time)
ebca5231-babd-400a-9861-e2f15bd9e783,Irie Jamaican Kitchen,Cleveland,OH,live_unclaimed,active,Food,Caribbean,"East Side, Cleveland, OH",,,41.499300,-81.694400,Sat Aug 08 2026 00:00:00 GMT+0000 (Coordinated Universal Time)
e85d9694-bb39-4961-93fc-8817d2a4a194,Karamu House,Cleveland,OH,live_unclaimed,active,Arts & Culture,Theater,2355 E 89th St,https://karamuhouse.org,,41.504800,-81.635800,Tue Aug 11 2026 00:00:00 GMT+0000 (Coordinated Universal Time)
95e79caa-801f-407e-8626-88e646f42af8,La Plaza de Mercado Supermarket,Cleveland,OH,live_unclaimed,active,Retail,Hispanic Grocery / Market,3104 W 25th St,,,41.479000,-81.725800,Tue Aug 11 2026 00:00:00 GMT+0000 (Coordinated Universal Time)
ce6aa26f-9123-4c77-86fb-b13913e5b19c,Li Wah Restaurant,Cleveland,OH,live_unclaimed,active,Food,Chinese / Dim Sum Restaurant,2999 Payne Ave,,,41.504500,-81.670400,Tue Aug 11 2026 00:00:00 GMT+0000 (Coordinated Universal Time)
7f6595d0-1372-421d-8d9d-51533e49dfc1,Nate's Deli & Restaurant,Cleveland,OH,live_unclaimed,active,Food,Middle Eastern,"Ohio City, Cleveland, OH",,,41.499300,-81.694400,Sat Aug 08 2026 00:00:00 GMT+0000 (Coordinated Universal Time)
ae2821cb-094c-488a-be4b-339d946b9728,Saigon Restaurant and Bar,Cleveland,OH,live_unclaimed,active,Food,Vietnamese,"East 4th Street, Downtown, Cleveland, OH",,,41.499300,-81.694400,Sat Aug 08 2026 00:00:00 GMT+0000 (Coordinated Universal Time)
654e9f15-9a73-4e6a-a4f3-e999e0c31bc0,Superior Pho,Cleveland,OH,live_unclaimed,active,Food,Vietnamese,"AsiaTown, Cleveland, OH",,,41.499300,-81.694400,Sat Aug 08 2026 00:00:00 GMT+0000 (Coordinated Universal Time)
17f0eaa4-2bf0-4503-a8d8-92837986679d,ThirdSpace Reading Room,Cleveland,OH,live_unclaimed,active,Retail,Bookstore,"E. 105th Street, Glenville, Cleveland, OH",,,41.499300,-81.694400,Sat Aug 08 2026 00:00:00 GMT+0000 (Coordinated Universal Time)
77ef0a44-9f60-471a-a5b1-ee7b0c52078f,Urban Community School Cleveland,Cleveland,OH,live_unclaimed,active,Childcare & Early Education,Community School,4909 Lorain Ave,https://myucs.org,,41.483400,-81.713400,Tue Aug 11 2026 00:00:00 GMT+0000 (Coordinated Universal Time)
ed069e6c-aec8-4373-8553-43e4f97ae5ee,Vietnamese Community of Greater Cleveland,Cleveland,OH,live_unclaimed,active,Community Organizations,Ethnic Community Services,4112 Lorain Ave,,,41.483500,-81.704800,Tue Aug 11 2026 00:00:00 GMT+0000 (Coordinated Universal Time)
fbe9e680-3917-42bd-99f7-1abdebb55ea1,Zoma Ethiopian Restaurant,Cleveland,OH,live_unclaimed,active,Food,Ethiopian,"Cleveland Heights area, Cleveland, OH",,,41.499300,-81.694400,Sat Aug 08 2026 00:00:00 GMT+0000 (Coordinated Universal Time)
5bd5598c-edef-4b6c-bab9-af6c3e83a174,Power Up Electric — Atlanta,College Park,GA,live_unclaimed,active,Professional Services,Electrical,2845 Godby Rd,,,33.648900,-84.443300,Tue Aug 11 2026 00:00:00 GMT+0000 (Coordinated Universal Time)
da3d2a59-3a34-48f8-864d-2434692aa5d8,All Good Books,Columbia,SC,live_unclaimed,active,Retail,Bookstore,"734 Harden St, Columbia, SC 29205",,,34.000700,-81.034800,Sat Aug 08 2026 00:00:00 GMT+0000 (Coordinated Universal Time)
c194e032-0fdc-49f0-87c0-81781ea80dae,Amigos Mexican Restaurant Columbia SC,Columbia,SC,live_unclaimed,active,Food,Mexican Restaurant,1530 Gervais St,,,34.002000,-81.039200,Tue Aug 11 2026 00:00:00 GMT+0000 (Coordinated Universal Time)
ab308800-8a43-411e-8957-185f1602dfe4,Arabesque on Devine,Columbia,SC,live_unclaimed,active,Food,Middle Eastern,"2930 Devine St, Columbia, SC 29205",,,34.000700,-81.034800,Sat Aug 08 2026 00:00:00 GMT+0000 (Coordinated Universal Time)
225a8cff-f25e-4f23-a612-9841fa103be8,Benedict-Allen Area Dental,Columbia,SC,live_unclaimed,active,Health & Wellness,Dental,1612 Taylor St,,,34.014300,-81.034300,Tue Aug 11 2026 00:00:00 GMT+0000 (Coordinated Universal Time)
2f012626-02d3-4874-acf7-e44e545f1b2c,Benedict Village Early Learning,Columbia,SC,live_unclaimed,active,Childcare & Early Education,Daycare,1600 Harden St,,,34.012800,-81.029900,Tue Aug 11 2026 00:00:00 GMT+0000 (Coordinated Universal Time)
194d9c89-e43d-4359-857c-b906927885ae,Bethel AME Church Columbia,Columbia,SC,live_unclaimed,active,Faith & Spirituality,AME,1528 Sumter St,,,34.000700,-81.034700,Mon Aug 10 2026 00:00:00 GMT+0000 (Coordinated Universal Time)
f1d313b6-cc7b-4898-a8d1-448c148c679b,Braza Do Sul Brazilian Steakhouse,Columbia,SC,live_unclaimed,active,Food,Brazilian,"410 Columbiana Dr, Columbia, SC 29212",,,34.000700,-81.034800,Sat Aug 08 2026 00:00:00 GMT+0000 (Coordinated Universal Time)
033e39ec-3b96-4da7-acb5-2137951c3341,Calabash Caribbean Grill,Columbia,SC,live_unclaimed,active,Food,Caribbean,"817 St Andrews Rd, Unit 106, Columbia, SC 29210",,,34.000700,-81.034800,Sat Aug 08 2026 00:00:00 GMT+0000 (Coordinated Universal Time)
75bc9332-d78d-426b-95e7-31c4e1bb09f9,Carolina Handyman Services — Columbia SC,Columbia,SC,live_unclaimed,active,Services,Handyman,1805 Bull St,,,34.007000,-81.028300,Mon Aug 10 2026 00:00:00 GMT+0000 (Coordinated Universal Time)
242102fa-b17c-4b11-a53f-42e9a3274fcb,Charbar — Columbia HBCU Night,Columbia,SC,live_unclaimed,active,Entertainment & Recreation,Bar / HBCU Nightlife,626 Harden St,,,34.001800,-81.032000,Tue Aug 11 2026 00:00:00 GMT+0000 (Coordinated Universal Time)
28c15f03-61ed-445e-b442-ee27adf00601,Columbia Black Law Group,Columbia,SC,live_unclaimed,active,Professional Services,Criminal Defense / Family Law,1512 Marion St Suite 200,,,34.011300,-81.035200,Tue Aug 11 2026 00:00:00 GMT+0000 (Coordinated Universal Time)
399a92d8-7c81-40a1-a820-ab10cb617f06,Columbia Black Wellness & Therapy,Columbia,SC,live_unclaimed,active,Health & Wellness,Mental Health Counseling,1613 Taylor St Suite 301,,,34.014200,-81.034600,Tue Aug 11 2026 00:00:00 GMT+0000 (Coordinated Universal Time)
18c84e8d-62be-4583-b13d-ef3244396e9d,Columbia Plumbing & Home Services,Columbia,SC,live_unclaimed,active,Professional Services,Plumbing,2108 Two Notch Rd,,,34.020800,-81.001400,Tue Aug 11 2026 00:00:00 GMT+0000 (Coordinated Universal Time)
1dbe00e4-6da0-4b41-8bc1-283611bcb328,Columbia Urban League,Columbia,SC,live_unclaimed,active,Community Organizations,Civil Rights / Economic Empowerment,1400 Barnwell St,https://urbanleagueofcolumbia.org,,34.013500,-81.049000,Tue Aug 11 2026 00:00:00 GMT+0000 (Coordinated Universal Time)
0fe1fa9f-0511-4d17-98ed-428c9047a612,First Calvary Baptist Church Columbia,Columbia,SC,live_unclaimed,active,Faith & Spirituality,Baptist,1701 Park St,,,34.006400,-81.029000,Mon Aug 10 2026 00:00:00 GMT+0000 (Coordinated Universal Time)
962a6082-16a5-49a9-9a04-464f38fe25a0,Harambe Ethiopian Restaurant,Columbia,SC,live_unclaimed,active,Food,Ethiopian,"2006 Senate St, Columbia, SC 29205",,,34.000700,-81.034800,Sat Aug 08 2026 00:00:00 GMT+0000 (Coordinated Universal Time)
866101c2-b0ad-4e48-b3a7-b3233d10f35a,Islamic Center of Columbia SC,Columbia,SC,live_unclaimed,active,Faith & Spirituality,Islamic Center,7304 Parklane Rd,,,33.989700,-81.021900,Mon Aug 10 2026 00:00:00 GMT+0000 (Coordinated Universal Time)
7a331680-88c4-4274-b307-78cc393efd36,Kusina Filipina,Columbia,SC,live_unclaimed,active,Food,Filipino,"2312 Decker Blvd, Columbia, SC 29206",,,34.000700,-81.034800,Sat Aug 08 2026 00:00:00 GMT+0000 (Coordinated Universal Time)
f69bf464-d1ab-4a82-bc09-b4af78de4355,La Isla Bonita Restaurante,Columbia,SC,live_unclaimed,active,Food,Caribbean,"1701 Two Notch Rd, Columbia, SC 29204",,,34.000700,-81.034800,Sat Aug 08 2026 00:00:00 GMT+0000 (Coordinated Universal Time)
15dba7d9-8c48-4b06-9cd6-b6efec9bd037,Mama's Way Restaurant (Columbia SC),Columbia,SC,live_unclaimed,active,Food,Soul Food / Lowcountry,4210 Monticello Rd,,,34.046600,-81.084100,Tue Aug 11 2026 00:00:00 GMT+0000 (Coordinated Universal Time)
2969d593-ef50-4eb9-bd5b-fbe9a6b019ed,Mary's Arepas,Columbia,SC,live_unclaimed,active,Food,Colombian,"1731 Main St, Columbia, SC 29201",,,34.000700,-81.034800,Sat Aug 08 2026 00:00:00 GMT+0000 (Coordinated Universal Time)
04c28818-dd43-4aab-a173-0a5c32d52c28,Midlands Tax & Accounting — Columbia,Columbia,SC,live_unclaimed,active,Professional Services,Tax Preparation / Accounting,2518 Two Notch Rd,,,34.022500,-80.995600,Tue Aug 11 2026 00:00:00 GMT+0000 (Coordinated Universal Time)
2b597646-c555-41e1-ae19-6e313dae90bb,Natural Roots Hair Studio Columbia SC,Columbia,SC,live_unclaimed,active,Beauty & Personal Care,Natural Hair Salon,2500 Gervais St,,,34.011200,-81.026900,Mon Aug 10 2026 00:00:00 GMT+0000 (Coordinated Universal Time)
38f19945-68de-4e0a-8d50-f913659d4d4d,Nickelodeon Theatre Columbia SC,Columbia,SC,live_unclaimed,active,Arts & Culture,Arts Cinema,1607 Main St,https://nickelodeon.org,,34.002100,-81.034800,Tue Aug 11 2026 00:00:00 GMT+0000 (Coordinated Universal Time)
d70e2d8e-7e03-4b09-8825-961149bf6f93,North Columbia Auto Repair,Columbia,SC,live_unclaimed,active,Professional Services,Auto Repair,1902 Monticello Rd,,,34.018800,-81.043500,Tue Aug 11 2026 00:00:00 GMT+0000 (Coordinated Universal Time)
4c36d52c-20aa-421b-a080-4ef97b6a8cc3,North Columbia Children's Academy,Columbia,SC,live_unclaimed,active,Childcare & Early Education,Daycare,1820 Monticello Rd,,,34.017800,-81.042100,Tue Aug 11 2026 00:00:00 GMT+0000 (Coordinated Universal Time)
b7085b46-0b2a-4569-aed6-c63066decddc,North Columbia Community Dental,Columbia,SC,live_unclaimed,active,Health & Wellness,Dental,2310 Two Notch Rd,,,34.021200,-80.997800,Tue Aug 11 2026 00:00:00 GMT+0000 (Coordinated Universal Time)
4c81bb24-b24d-46be-afca-f5f992285096,Pho Viet Restaurant,Columbia,SC,live_unclaimed,active,Food,Vietnamese,"2011 Devine St, Columbia, SC 29205",,,34.000700,-81.034800,Sat Aug 08 2026 00:00:00 GMT+0000 (Coordinated Universal Time)
4897c47d-bf66-406e-8f65-3559717238d0,Railroad BBQ,Columbia,SC,live_unclaimed,active,Food,Soul Food,"2001 Hampton St, Columbia, SC 29204",,,34.000700,-81.034800,Sat Aug 08 2026 00:00:00 GMT+0000 (Coordinated Universal Time)
587136c3-b912-486f-bf71-920d9bf730eb,Real Mexico Restaurant Y Tienda,Columbia,SC,live_unclaimed,active,Food,Mexican,"2421 Bush River Rd, Columbia, SC 29210",,,34.000700,-81.034800,Sat Aug 08 2026 00:00:00 GMT+0000 (Coordinated Universal Time)
b5b5dd9b-15ec-4af5-b212-0dd01255785a,Richland County Family Dental,Columbia,SC,live_unclaimed,active,Health & Wellness,Dental,4312 Forest Dr,,,34.007100,-80.968200,Tue Aug 11 2026 00:00:00 GMT+0000 (Coordinated Universal Time)
d291b05c-2306-4cc2-97cf-a835640f95ac,Rosewood Community Daycare,Columbia,SC,live_unclaimed,active,Childcare & Early Education,Daycare,4020 Rosewood Dr,,,33.991200,-81.011200,Tue Aug 11 2026 00:00:00 GMT+0000 (Coordinated Universal Time)
aa8e4778-fd16-4d2e-8b80-86a2bcf9b591,Sophie's Ethiopian,Columbia,SC,live_unclaimed,active,Food,Ethiopian,"2431 Main St, Columbia, SC 29201",,,34.000700,-81.034800,Sat Aug 08 2026 00:00:00 GMT+0000 (Coordinated Universal Time)
6ee135e4-b6b7-433d-868a-935a17ddb036,Tati's Island Cuisine,Columbia,SC,live_unclaimed,active,Food,Caribbean,"2540 Decker Blvd, Columbia, SC 29206",,,34.000700,-81.034800,Sat Aug 08 2026 00:00:00 GMT+0000 (Coordinated Universal Time)
71c01258-0619-40f3-816a-5f50160283e3,The Barbershop on Main — Columbia SC,Columbia,SC,live_unclaimed,active,Beauty & Personal Care,Barbershop,1218 Main St,,,34.002500,-81.032600,Mon Aug 10 2026 00:00:00 GMT+0000 (Coordinated Universal Time)
47ec58ae-49e1-47d5-b486-9bb03f13403e,Vista Dental — Columbia SC,Columbia,SC,live_unclaimed,active,Health & Wellness,Dentist,700 Assembly St,,,34.003400,-81.039400,Mon Aug 10 2026 00:00:00 GMT+0000 (Coordinated Universal Time)
59b5678c-a45e-45c4-b7f8-74c09370712e,X Mart Brazil,Columbia,SC,live_unclaimed,active,Food,Brazilian,"1500 Broad River Rd, Columbia, SC 29210",,,34.000700,-81.034800,Sat Aug 08 2026 00:00:00 GMT+0000 (Coordinated Universal Time)
7cdf9dc0-8946-49ce-9dbc-667884b69804,2 Natural Sisters,Columbus,OH,live_unclaimed,active,Beauty & Personal Care,Beauty,"Columbus, OH",,,39.961200,-82.998800,Sat Aug 08 2026 00:00:00 GMT+0000 (Coordinated Universal Time)
e6cac593-2b34-4f61-ad13-fa25ff67c832,Addis Restaurant,Columbus,OH,live_unclaimed,active,Food,Ethiopian,"Northeast Columbus, Columbus, OH",,,39.961200,-82.998800,Sat Aug 08 2026 00:00:00 GMT+0000 (Coordinated Universal Time)
ac352705-d9e5-42fb-b75f-e8a4c376d35e,Al Noor Academy,Columbus,OH,live_unclaimed,active,Childcare & Early Education,Islamic School,3810 Stelzer Rd,https://alnooracademy.org,,40.049600,-82.889900,Tue Aug 11 2026 00:00:00 GMT+0000 (Coordinated Universal Time)
ee36b246-11f4-4487-8378-76a5f676129f,Buckeye Pho,Columbus,OH,live_unclaimed,active,Food,Vietnamese,"Northwest Columbus, Columbus, OH",,,39.961200,-82.998800,Sat Aug 08 2026 00:00:00 GMT+0000 (Coordinated Universal Time)
44bd44b4-a44b-4217-b7df-043cf50d16cf,Casa Blanca Mexican Restaurant (Columbus),Columbus,OH,live_unclaimed,active,Food,Mexican Restaurant,3454 Cleveland Ave,,,40.038400,-82.970000,Tue Aug 11 2026 00:00:00 GMT+0000 (Coordinated Universal Time)
debf7f97-afe4-435c-a910-7e8d17102a69,Columbus Urban League,Columbus,OH,live_unclaimed,active,Community Organizations,Civil Rights / Economic Empowerment,788 Mt Vernon Ave,https://columbusurbanleague.org,,40.000000,-82.995200,Tue Aug 11 2026 00:00:00 GMT+0000 (Coordinated Universal Time)
a5c123c2-5f6c-4dd8-bbf9-5a918e009627,Concilio of Spanish Speaking Organizations,Columbus,OH,live_unclaimed,active,Community Organizations,Latino Advocacy / Services,1228 Cleveland Ave,https://concilioofspanishspeakingorganizations.com,,39.992700,-82.989800,Tue Aug 11 2026 00:00:00 GMT+0000 (Coordinated Universal Time)
8be827eb-5e9f-4b2e-bf8c-8cb1281a02b3,Dirty Frank's Hot Dog Palace,Columbus,OH,live_unclaimed,active,Food,Hot Dogs / American,544 S High St,https://dirtyfrankshotdogpalace.com,,39.949200,-83.000700,Tue Aug 11 2026 00:00:00 GMT+0000 (Coordinated Universal Time)
ac48f8c1-8523-4878-961a-8ae6505bc95a,"Ganesha Indian Grocery (Columbus, OH)",Columbus,OH,live_unclaimed,active,Retail,Indian / South Asian Grocery,5620 Bethel Center Dr,,,40.100900,-83.058100,Tue Aug 11 2026 00:00:00 GMT+0000 (Coordinated Universal Time)
65761caa-a71f-44bd-af6d-1b14bec01483,Greater Columbus Arts Council,Columbus,OH,live_unclaimed,active,Arts & Culture,Arts Organization / Funding,182 E Long St,https://gcac.org,,39.962800,-82.998000,Tue Aug 11 2026 00:00:00 GMT+0000 (Coordinated Universal Time)
d9dcde7c-1942-4e98-87e5-4af843f81a74,"Halal Eats (Somali Restaurant Row, Morse Rd)",Columbus,OH,live_unclaimed,active,Food,Somali / East African Restaurant,3240 Morse Rd,,,40.073200,-82.945200,Tue Aug 11 2026 00:00:00 GMT+0000 (Coordinated Universal Time)
697851cd-daf8-447b-800a-8fba385db887,Hoyo's Kitchen,Columbus,OH,live_unclaimed,active,Food,Food,"North Market, Columbus, OH",,,39.961200,-82.998800,Sat Aug 08 2026 00:00:00 GMT+0000 (Coordinated Universal Time)
dcfe2bfd-2c16-401d-ae0e-9e4fa7ea77f1,Huong Vietnamese Restaurant,Columbus,OH,live_unclaimed,active,Food,Vietnamese,"Northland, Columbus, OH",,,39.961200,-82.998800,Sat Aug 08 2026 00:00:00 GMT+0000 (Coordinated Universal Time)
bf45c4f5-70c6-490a-a4e0-a909ac9c14ac,King Arts Complex,Columbus,OH,live_unclaimed,active,Arts & Culture,Cultural Center,867 Mt Vernon Ave,https://kingartscomplex.com,,40.001200,-82.994200,Tue Aug 11 2026 00:00:00 GMT+0000 (Coordinated Universal Time)
73b96532-ffca-4644-b2b5-ed56e12e339f,La Cazuela Grille,Columbus,OH,live_unclaimed,active,Food,Mexican Restaurant,2057 Bethel Rd,,,40.101500,-83.058000,Tue Aug 11 2026 00:00:00 GMT+0000 (Coordinated Universal Time)
62b927a7-e95a-4018-b68e-ba885ca17ef5,Lalibela Ethiopian Restaurant,Columbus,OH,live_unclaimed,active,Food,Ethiopian Restaurant,2514 N High St,,,40.010300,-83.009500,Tue Aug 11 2026 00:00:00 GMT+0000 (Coordinated Universal Time)
bb71d088-ea5a-4cf9-8ced-8324b593233b,Lalibela Restaurant and Bar,Columbus,OH,live_unclaimed,active,Food,Ethiopian,"Eastmoor, Columbus, OH",,,39.961200,-82.998800,Sat Aug 08 2026 00:00:00 GMT+0000 (Coordinated Universal Time)
78534650-dc5e-460e-abc0-63c3c3925b9b,Masjid Ibn Taymiyah,Columbus,OH,live_unclaimed,active,Faith & Spirituality,Mosque,1155 Morse Rd,,,40.072800,-82.989500,Tue Aug 11 2026 00:00:00 GMT+0000 (Coordinated Universal Time)
282121f5-40fc-448e-8265-28ec844fdb35,Royal Cottage,Columbus,OH,live_unclaimed,active,Food,Food,"Columbus, OH",,,39.961200,-82.998800,Sat Aug 08 2026 00:00:00 GMT+0000 (Coordinated Universal Time)
62845bb2-e597-4c11-b780-27f29897d904,Simplee Deelicious and Catering,Columbus,OH,live_unclaimed,active,Food,Soul Food,"Columbus, OH",,,39.961200,-82.998800,Sat Aug 08 2026 00:00:00 GMT+0000 (Coordinated Universal Time)
e058a269-bd41-44d0-9eb2-88375232fd4b,Somali Bantu Community Association (Columbus),Columbus,OH,live_unclaimed,active,Community Organizations,Somali Bantu / Refugee Services,2929 E Broad St,,,39.961700,-82.952200,Tue Aug 11 2026 00:00:00 GMT+0000 (Coordinated Universal Time)
2e9d8aa9-136f-4863-818f-3a02ba57544b,Somali Community Association of Ohio,Columbus,OH,live_unclaimed,active,Community Organizations,Ethnic Community Services / Refugee Resettlement,3263 E Main St,,,39.961700,-82.953100,Tue Aug 11 2026 00:00:00 GMT+0000 (Coordinated Universal Time)
b514fbdf-9dd8-452e-b56f-9ceac05624e7,Tam's Burgers,Compton,CA,live_unclaimed,active,Food,Burgers & American,1239 W Rosecrans Ave,,,33.893900,-118.231500,Tue Aug 11 2026 00:00:00 GMT+0000 (Coordinated Universal Time)
67675f70-3227-4f34-b258-c2125918241a,Queens Corona Salvadoran Restaurant (El Pupusero),Corona,NY,live_unclaimed,active,Food,Salvadoran,97-09 Northern Blvd,,,40.755100,-73.868800,Tue Aug 11 2026 00:00:00 GMT+0000 (Coordinated Universal Time)
7e0a1717-b50c-4778-8cfc-3c91a32dc49c,Sabor Guatemalteco (Queens),Corona,NY,live_unclaimed,active,Food,Guatemalan,4101 Junction Blvd,,,40.739000,-73.863100,Tue Aug 11 2026 00:00:00 GMT+0000 (Coordinated Universal Time)
a9a8ed5f-9de9-4c9b-83d7-09330a7d6459,Salvadoran Bakery (Corona),Corona,NY,live_unclaimed,active,Food,Salvadoran Bakery,103-18 Northern Blvd,,,40.754600,-73.866100,Tue Aug 11 2026 00:00:00 GMT+0000 (Coordinated Universal Time)
7a48757b-e9f6-4e27-b6ad-a5fe24ce4e47,Tortillería Nixtamal,Corona,NY,live_unclaimed,active,Food,Mexican,104-05 47th Ave,https://tortillerianixtamal.com,,40.746500,-73.860900,Tue Aug 11 2026 00:00:00 GMT+0000 (Coordinated Universal Time)
c4e71904-9a49-4167-b0e5-08c825b4413a,Agape International Spiritual Center,Culver City,CA,live_unclaimed,active,Faith & Spirituality,Spiritual Center,5700 Buckingham Pkwy,,,33.974800,-118.395000,Tue Aug 11 2026 00:00:00 GMT+0000 (Coordinated Universal Time)
7201ef09-3fd1-4529-9268-91a94a7be6c1,Brazilian Culture Center of Los Angeles,Culver City,CA,live_unclaimed,active,Community Organizations,Brazilian Cultural Center,6125 Washington Blvd,,,34.012200,-118.402200,Tue Aug 11 2026 00:00:00 GMT+0000 (Coordinated Universal Time)
2db9175e-eddb-46ae-8085-36dd569a4a79,India Sweets and Spices,Culver City,CA,live_unclaimed,active,Retail,Indian Grocery & Sweets,9409 Venice Blvd,,,34.005200,-118.381800,Tue Aug 11 2026 00:00:00 GMT+0000 (Coordinated Universal Time)
b36e67c0-d313-4401-93f4-22f346139817,African American Museum at Fair Park,Dallas,TX,live_unclaimed,active,Arts & Culture,History & Art Museum,3536 Grand Ave,https://aamdallas.org,,32.777600,-96.758100,Tue Aug 11 2026 00:00:00 GMT+0000 (Coordinated Universal Time)
1826f964-0252-458d-8929-a68ecf8e57f7,Bishop Arts District,Dallas,TX,live_unclaimed,active,Arts & Culture,Arts District,N Bishop Ave,,,32.745000,-96.828000,Tue Aug 11 2026 00:00:00 GMT+0000 (Coordinated Universal Time)
0c5be4f4-5c60-44f5-88d7-b129cf60688f,Brunchaholics,Dallas,TX,live_unclaimed,active,Food,Food,Cherrywood/Dallas,,,32.776700,-96.797000,Sat Aug 08 2026 00:00:00 GMT+0000 (Coordinated Universal Time)
b0d9311e-b4ce-475d-b8fa-7e4ee34e9222,Concilio — Dallas,Dallas,TX,live_unclaimed,active,Community Organizations,Latino Community Services,320 S Hampton Rd,https://concilio.net,,32.753600,-96.861800,Tue Aug 11 2026 00:00:00 GMT+0000 (Coordinated Universal Time)
dd1ce3fa-5985-4e66-a696-a223fc41fe29,Desta Ethiopian Kitchen — Dallas,Dallas,TX,live_unclaimed,active,Food,Ethiopian,6400 N Central Expy,,,32.860000,-96.776400,Tue Aug 11 2026 00:00:00 GMT+0000 (Coordinated Universal Time)
1f02874e-a0bc-4444-9c35-81a88996ae49,Desta Ethiopian Restaurant,Dallas,TX,live_unclaimed,active,Food,Ethiopian,Lake Highlands/Dallas,,,32.776700,-96.797000,Sat Aug 08 2026 00:00:00 GMT+0000 (Coordinated Universal Time)
2228b72c-04fb-437b-9d94-78b96d024d08,El Si Hay Restaurant,Dallas,TX,live_unclaimed,active,Food,Mexican,2126 Singleton Blvd,,,32.786700,-96.845200,Tue Aug 11 2026 00:00:00 GMT+0000 (Coordinated Universal Time)
ed261ef9-f888-4ffa-8c69-990a028d687e,Good Citizen Coffee — Oak Cliff,Dallas,TX,live_unclaimed,active,Food,Coffee Shop,422 N Bishop Ave,,,32.745000,-96.828100,Tue Aug 11 2026 00:00:00 GMT+0000 (Coordinated Universal Time)
0cf70d3c-5a4a-4593-b154-dedfb2ab1212,Kalachandji's Restaurant — Dallas,Dallas,TX,live_unclaimed,active,Food,Indian Vegetarian,5430 Gurley Ave,https://kalachandjis.com,,32.815000,-96.747700,Tue Aug 11 2026 00:00:00 GMT+0000 (Coordinated Universal Time)
22b6cda2-2f64-428c-9d51-efd6494265a2,Meso Maya — Dallas,Dallas,TX,live_unclaimed,active,Food,Mexican Regional Cuisine,1611 McKinney Ave,https://mesomaya.com,,32.795600,-96.800800,Tue Aug 11 2026 00:00:00 GMT+0000 (Coordinated Universal Time)
b0a1b4f4-4b94-42dc-b968-a91e376c5a1b,Ngon Vietnamese Kitchen,Dallas,TX,live_unclaimed,active,Food,Vietnamese,Lower Greenville/Dallas,,,32.776700,-96.797000,Sat Aug 08 2026 00:00:00 GMT+0000 (Coordinated Universal Time)
5c68db21-fdd0-45da-8fb3-11c02ed0905a,Oak Cliff Clean & Fold,Dallas,TX,live_unclaimed,active,Home Services,Laundromat,1412 N Zang Blvd,,,32.742600,-96.827600,Thu Aug 13 2026 00:00:00 GMT+0000 (Coordinated Universal Time)
0eb1186e-6115-4e5a-81da-b2d37d5756b1,Oak Cliff West African Street Eats,Dallas,TX,live_unclaimed,active,Food Trucks,Lunch & Dinner,"400 W 7th St, Dallas, TX",,,32.748600,-96.819700,Thu Aug 13 2026 00:00:00 GMT+0000 (Coordinated Universal Time)
160277eb-47d8-4acc-b605-0ec76c62cde6,Olphactory Candles,Dallas,TX,live_unclaimed,active,Retail,Retail,"Dallas, TX",,,32.776700,-96.797000,Sat Aug 08 2026 00:00:00 GMT+0000 (Coordinated Universal Time)
6e5a1a8a-fa1c-443e-8ea6-ec2dcefef86a,"Pan-African Connection Bookstore, Art Gallery and Resource Center",Dallas,TX,live_unclaimed,active,Retail,Bookstore,South Dallas,,,32.776700,-96.797000,Sat Aug 08 2026 00:00:00 GMT+0000 (Coordinated Universal Time)
ef3b5ca0-f4a9-4bab-8afa-7e54f3fdc4ce,Pan African Connection — Dallas,Dallas,TX,live_unclaimed,active,Retail,Black Bookstore / Cultural Center,828 4th Ave,https://panafricanconnection.com,,32.746000,-96.824100,Tue Aug 11 2026 00:00:00 GMT+0000 (Coordinated Universal Time)
f6ecd984-8063-4c27-b2ff-a1c84fa086de,Pecan Lodge,Dallas,TX,live_unclaimed,active,Food,BBQ,2702 Main St,https://pecanlodge.com,,32.784000,-96.784600,Tue Aug 11 2026 00:00:00 GMT+0000 (Coordinated Universal Time)
f42afe89-ebca-4520-958b-75e26b30c490,Soiree Coffee Bar,Dallas,TX,live_unclaimed,active,Food,Food,Trinity Groves/Dallas,,,32.776700,-96.797000,Sat Aug 08 2026 00:00:00 GMT+0000 (Coordinated Universal Time)
65e17e9f-f457-4996-8cdc-124ff7e25f91,South Dallas Cultural Center,Dallas,TX,live_unclaimed,active,Arts & Culture,Cultural Center,3400 S Fitzhugh Ave,https://dallasculture.org,,32.762500,-96.769400,Tue Aug 11 2026 00:00:00 GMT+0000 (Coordinated Universal Time)
046fc27e-9dc8-4c8a-bd8d-ef15719e1c64,South Dallas Fresh Wash,Dallas,TX,live_unclaimed,active,Home Services,Laundromat,3107 Pennsylvania Ave,,,32.767600,-96.755800,Thu Aug 13 2026 00:00:00 GMT+0000 (Coordinated Universal Time)
951d08e3-47e8-4729-a6e2-a6acaf79542d,South Dallas Smoke House Truck,Dallas,TX,live_unclaimed,active,Food Trucks,Lunch & Dinner,"3536 Grand Ave, Dallas, TX",,,32.783400,-96.753800,Thu Aug 13 2026 00:00:00 GMT+0000 (Coordinated Universal Time)
435cbefe-0139-448c-883e-69cbf8029c13,Spiral Diner — Oak Cliff,Dallas,TX,live_unclaimed,active,Food,Vegan / Plant-Based,1101 N Beckley Ave,https://spiraldiner.com,,32.752400,-96.826000,Tue Aug 11 2026 00:00:00 GMT+0000 (Coordinated Universal Time)
07250605-47ef-409f-b9df-2236c6e7952c,Tacos La Banqueta,Dallas,TX,live_unclaimed,active,Food,Mexican,East Dallas,,,32.776700,-96.797000,Sat Aug 08 2026 00:00:00 GMT+0000 (Coordinated Universal Time)
18,Uhuru Digital Studio,Dallas,TX,permanently_hidden,active,Tech,IT & Software,8700 McKinney Ave,uhurtech.com,(214) 555-1038,32.818200,-96.794800,Thu Jun 18 2026 00:00:00 GMT+0000 (Coordinated Universal Time)
e585c27e-9f82-4276-ab7d-679dce08e999,Cherished Beauty Supply,Darby,PA,live_unclaimed,active,Beauty & Personal Care,Beauty Supply,526 Main St,https://www.tiktok.com/@cherishedbeautysupply,,39.917200,-75.259200,Sat Aug 08 2026 00:00:00 GMT+0000 (Coordinated Universal Time)
b29df509-af74-4b0d-9663-081c090b2f84,ACCESS (Arab Community Center for Economic and Social Services),Dearborn,MI,live_unclaimed,active,Community Organizations,Human Services / Immigration,2651 Saulino Ct,https://accesscommunity.org,,42.319200,-83.177600,Tue Aug 11 2026 00:00:00 GMT+0000 (Coordinated Universal Time)
08a7de5a-2065-48d5-a0c2-38e0c2f41960,Al-Ameer Restaurant,Dearborn,MI,live_unclaimed,active,Food,Lebanese / Middle Eastern Restaurant,12710 W Warren Ave,,,42.323900,-83.190600,Tue Aug 11 2026 00:00:00 GMT+0000 (Coordinated Universal Time)
cfe2d4a3-e9f4-4052-bc05-15ab216abb10,Arab American National Museum,Dearborn,MI,live_unclaimed,active,Arts & Culture,Museum,13624 Michigan Ave,https://arabamericanmuseum.org,,42.321500,-83.177700,Tue Aug 11 2026 00:00:00 GMT+0000 (Coordinated Universal Time)
760b3ec1-b939-412c-b7ac-35a3ed364687,"Dearborn Halal Butcher (Yemeni-owned, Dearborn)",Dearborn,MI,live_unclaimed,active,Retail,Halal Butcher / Middle Eastern Grocery,13900 Michigan Ave,,,42.321800,-83.180000,Tue Aug 11 2026 00:00:00 GMT+0000 (Coordinated Universal Time)
bb675d89-1afc-4a77-a9c5-35d48360001e,Filipino American Community of Michigan,Dearborn,MI,live_unclaimed,active,Community Organizations,Ethnic Community Services,22844 Michigan Ave,,,42.316100,-83.208500,Tue Aug 11 2026 00:00:00 GMT+0000 (Coordinated Universal Time)
d8ab12b4-e37b-437a-9dfc-cce07ae7f54c,La Pita Restaurant,Dearborn,MI,live_unclaimed,active,Food,Lebanese / Middle Eastern Restaurant,12710 Michigan Ave,,,42.322500,-83.180000,Tue Aug 11 2026 00:00:00 GMT+0000 (Coordinated Universal Time)
ec15f265-69a8-4695-91ea-e9a8d375e056,Shatila Bakery,Dearborn,MI,live_unclaimed,active,Food,Middle Eastern,"Dearborn, MI",,,42.322300,-83.176300,Sat Aug 08 2026 00:00:00 GMT+0000 (Coordinated Universal Time)
ec185a5a-d23e-476b-adb7-b2e1bab1cca1,Bryant Electric Atlanta,Decatur,GA,live_unclaimed,active,Services,Electrician,4715 Flat Shoals Pkwy,https://bryantelectricatl.com,,33.708000,-84.279000,Mon Aug 10 2026 00:00:00 GMT+0000 (Coordinated Universal Time)
8e6d33ee-49e9-4e44-8572-e6fb4a123bca,Decatur Dental Care,Decatur,GA,live_unclaimed,active,Health & Wellness,Dental,212 W Ponce de Leon Ave,,,33.774900,-84.297100,Tue Aug 11 2026 00:00:00 GMT+0000 (Coordinated Universal Time)
95bb8767-d4f1-455e-b855-72e8fe5fc88c,Decatur Kids First Childcare Center,Decatur,GA,live_unclaimed,active,Childcare & Early Education,Daycare,1050 Church St,,,33.774500,-84.297800,Tue Aug 11 2026 00:00:00 GMT+0000 (Coordinated Universal Time)
11a23b05-2f5c-4e39-af52-4712c15ca634,Decatur Plumbing & Drain Services,Decatur,GA,live_unclaimed,active,Professional Services,Plumbing,3421 Memorial Dr,,,33.757300,-84.263100,Tue Aug 11 2026 00:00:00 GMT+0000 (Coordinated Universal Time)
1cba788a-9193-469e-9d6c-78f8f00b6719,Global Village Project,Decatur,GA,live_unclaimed,active,Childcare & Early Education,Refugee Education,PO Box 741372,https://gvpschool.org,,33.774800,-84.296300,Tue Aug 11 2026 00:00:00 GMT+0000 (Coordinated Universal Time)
dac775a1-3bf7-455d-bca5-985aa3a9048e,Halal Brothers — Atlanta,Decatur,GA,live_unclaimed,active,Food,Halal,2145 Candler Rd,,,33.740000,-84.272900,Mon Aug 10 2026 00:00:00 GMT+0000 (Coordinated Universal Time)
8d9a4f39-2b3f-4f9e-9ab1-a0b594d36a7a,Lalibela Restaurant,Decatur,GA,live_unclaimed,active,Food,Ethiopian,1738 Columbia Dr,,,33.770000,-84.298500,Tue Aug 11 2026 00:00:00 GMT+0000 (Coordinated Universal Time)
56baadf1-0f23-41e5-ad2b-e837e5686bc1,Mr. Jerk Jamaican Restaurant,Decatur,GA,live_unclaimed,active,Food,Jamaican / Caribbean,1860 Candler Rd,,,33.738900,-84.266600,Tue Aug 11 2026 00:00:00 GMT+0000 (Coordinated Universal Time)
0b011d29-be27-4fb5-a3e5-0f94c5dd5609,Patel Brothers — Decatur,Decatur,GA,live_unclaimed,active,Retail,Indian Grocery,1707 Church St,https://patelbros.com,,33.770000,-84.293700,Tue Aug 11 2026 00:00:00 GMT+0000 (Coordinated Universal Time)
df493456-b965-4b23-a3c3-e5c16820df6d,Sankofa Wellness Center — Decatur,Decatur,GA,live_unclaimed,active,Health & Wellness,Mental Health Counseling,125 Clairemont Ave Suite 310,,,33.773900,-84.300100,Tue Aug 11 2026 00:00:00 GMT+0000 (Coordinated Universal Time)
d8bb55a8-1ba1-4fb9-b5b4-7819707bb583,The Cockpit — Decatur Bar,Decatur,GA,live_unclaimed,active,Entertainment & Recreation,Bar / LGBTQ+ Venue,580 N Moreland Ave NE,,,33.773700,-84.287500,Tue Aug 11 2026 00:00:00 GMT+0000 (Coordinated Universal Time)
1149667e-3383-479a-9251-9dbe33abfbe8,Udipi Café,Decatur,GA,live_unclaimed,active,Food,South Indian Vegetarian,1850 Lawrenceville Hwy,,,33.784900,-84.257400,Tue Aug 11 2026 00:00:00 GMT+0000 (Coordinated Universal Time)
7fcded3f-a8fa-4114-98b5-20036205155d,"Axum Coffee (Ethiopian-inspired, Denver)",Denver,CO,live_unclaimed,active,Food,Coffee Shop / Café,3501 E 26th Ave,https://axumcoffee.com,,39.747000,-104.941100,Tue Aug 11 2026 00:00:00 GMT+0000 (Coordinated Universal Time)
bc1f523d-dd43-43fd-8a7c-41028b88e244,Aztlan West Denver Community Center,Denver,CO,live_unclaimed,active,Community Organizations,Community Center,4650 Morrison Rd,,,39.689000,-105.037800,Tue Aug 11 2026 00:00:00 GMT+0000 (Coordinated Universal Time)
37a3e26d-022f-4dee-b74a-f3245903b4b6,Blair-Caldwell African American Research Library,Denver,CO,live_unclaimed,active,Arts & Culture,Library / Cultural Center,2401 Welton St,https://history.denverlibrary.org/blair-caldwell,,39.756000,-104.981000,Tue Aug 11 2026 00:00:00 GMT+0000 (Coordinated Universal Time)
f91b0464-ced9-46a6-8c57-494a8a23b8d3,Cleo Parker Robinson Dance,Denver,CO,live_unclaimed,active,Arts & Culture,Dance Company / School,119 Park Ave W,https://cleoparkerdance.org,,39.754200,-104.978600,Tue Aug 11 2026 00:00:00 GMT+0000 (Coordinated Universal Time)
8f3955e4-0cf4-4dde-82ab-3d989ac3e266,Cole Neighborhood Green — Denver,Denver,CO,live_unclaimed,active,Cannabis & Dispensary,Cannabis Dispensary,"3400 Downing St, Denver, CO",,,39.767200,-104.972600,Thu Aug 13 2026 00:00:00 GMT+0000 (Coordinated Universal Time)
05de340e-a731-445b-89bc-4e2685cb7aab,Convivio Café,Denver,CO,live_unclaimed,active,Food,Food,"Northwest Denver, Denver, CO",,,39.739200,-104.990300,Sat Aug 08 2026 00:00:00 GMT+0000 (Coordinated Universal Time)
14300ad0-656e-4e99-be06-83e0b0801a65,Denver Black Arts Festival,Denver,CO,live_unclaimed,active,Arts & Culture,Cultural Festival / Organization,2001 York St,https://denverblackarts.org,,39.748200,-104.947600,Tue Aug 11 2026 00:00:00 GMT+0000 (Coordinated Universal Time)
e010346c-2f22-4155-a8d9-e78b50f1b85a,Denver Indian Center,Denver,CO,live_unclaimed,active,Community Organizations,Native American / Urban Indigenous Services,4407 Morrison Rd,https://denverindiancenter.org,,39.688500,-105.036500,Tue Aug 11 2026 00:00:00 GMT+0000 (Coordinated Universal Time)
149116e7-5a3d-4dc3-8030-893f1f6c8056,Five Points Cannabis Co. — Denver,Denver,CO,live_unclaimed,active,Cannabis & Dispensary,Cannabis Dispensary,"2700 Welton St, Denver, CO",,,41.754300,-104.977900,Thu Aug 13 2026 00:00:00 GMT+0000 (Coordinated Universal Time)
b1db715f-6b6c-469e-8ce5-ce10dced96c9,Five Points Laundry Hub,Denver,CO,live_unclaimed,active,Home Services,Laundromat,2700 Welton St,,,39.754300,-104.977900,Thu Aug 13 2026 00:00:00 GMT+0000 (Coordinated Universal Time)
a69ee4a5-0276-4d9b-a9ac-fc980871dd2e,Five Points Soul Kitchen — Denver,Denver,CO,live_unclaimed,active,Food Trucks,Lunch & Dinner,"2700 Welton St, Denver, CO",,,39.754300,-104.977900,Thu Aug 13 2026 00:00:00 GMT+0000 (Coordinated Universal Time)
e41d0d3a-c95e-44ce-b60a-aff7faeec179,Konjo Ethiopian Food,Denver,CO,live_unclaimed,active,Food,Ethiopian,"Edgewater Public Market, Denver, CO",,,39.739200,-104.990300,Sat Aug 08 2026 00:00:00 GMT+0000 (Coordinated Universal Time)
08ced38a-60b9-4362-92cb-87369323217e,La Fiesta Colorado Mexican Restaurant,Denver,CO,live_unclaimed,active,Food,Mexican Restaurant,2340 W 32nd Ave,,,39.761400,-105.009000,Tue Aug 11 2026 00:00:00 GMT+0000 (Coordinated Universal Time)
4850b5f4-c5ca-447c-89bf-5309d4983adc,Lazo Empanadas,Denver,CO,live_unclaimed,active,Food,Food,"Denver area, Denver, CO",,,39.739200,-104.990300,Sat Aug 08 2026 00:00:00 GMT+0000 (Coordinated Universal Time)
b051939d-d649-499b-a343-cf0149abff03,Mercado de Colorado (Denver Latino Market),Denver,CO,live_unclaimed,active,Retail,Latino Grocery / Market,2205 W Federal Blvd,,,39.739800,-105.016100,Tue Aug 11 2026 00:00:00 GMT+0000 (Coordinated Universal Time)
120e9e20-d1e3-48a8-a92d-4dfe37fe4da2,Mi Casa Resource Center,Denver,CO,live_unclaimed,active,Community Organizations,Latino Economic Empowerment,360 Acoma St,https://micasaresourcecenter.org,,39.722500,-104.996200,Tue Aug 11 2026 00:00:00 GMT+0000 (Coordinated Universal Time)
371c9950-b926-4965-9171-f8cd4727db9f,New Saigon Restaurant Aurora,Denver,CO,live_unclaimed,active,Food,Vietnamese Restaurant,630 S Federal Blvd,,,39.689200,-105.034000,Tue Aug 11 2026 00:00:00 GMT+0000 (Coordinated Universal Time)
552406c7-e58a-417b-aa65-deae2ff9578b,Nola Voodoo Tavern,Denver,CO,live_unclaimed,active,Food,Food,"Cole/Northeast Denver, Denver, CO",,,39.739200,-104.990300,Sat Aug 08 2026 00:00:00 GMT+0000 (Coordinated Universal Time)
014cfde6-0709-4643-9111-7deb8f5805e9,Pho King Rapidos,Denver,CO,live_unclaimed,active,Food,Vietnamese,"Denver, CO",,,39.739200,-104.990300,Sat Aug 08 2026 00:00:00 GMT+0000 (Coordinated Universal Time)
9ad988f0-bc9a-4116-9196-ac3ebfad5e89,Ras Kassa's Ethiopian Restaurant,Denver,CO,live_unclaimed,active,Food,Ethiopian,"Havana Street Corridor, Aurora, CO",,,39.739200,-104.990300,Sat Aug 08 2026 00:00:00 GMT+0000 (Coordinated Universal Time)
db9cb2fa-8894-4271-b6b1-82ebec16c29e,Rosewood Community Market (Denver — Pan-African),Denver,CO,live_unclaimed,active,Retail,African / Diaspora Grocery,2700 Welton St,,,39.754500,-104.979800,Tue Aug 11 2026 00:00:00 GMT+0000 (Coordinated Universal Time)
00d41a3c-6eaf-4201-a4ad-04e5e8ce6b7c,Samosa Shop,Denver,CO,live_unclaimed,active,Food,Indian,"Denver, CO",,,39.739200,-104.990300,Sat Aug 08 2026 00:00:00 GMT+0000 (Coordinated Universal Time)
0c410ed2-4a84-4e2e-ba7d-f3b7e9785364,TeaLee's Teahouse & Bookstore,Denver,CO,live_unclaimed,active,Retail,Bookstore,"Five Points, Denver, CO",,,39.739200,-104.990300,Sat Aug 08 2026 00:00:00 GMT+0000 (Coordinated Universal Time)
4d33b441-c122-4331-9dae-2ed9e20496a9,Urban League of Metropolitan Denver,Denver,CO,live_unclaimed,active,Community Organizations,Civil Rights / Economic Empowerment,1447 N Clarkson St,https://ulmd.org,,39.738600,-104.976500,Tue Aug 11 2026 00:00:00 GMT+0000 (Coordinated Universal Time)
36bb9723-f2f5-4070-bf4b-141051bf5e15,Welton Street Café,Denver,CO,live_unclaimed,active,Food,Caribbean,"Five Points, Denver, CO",,,39.739200,-104.990300,Sat Aug 08 2026 00:00:00 GMT+0000 (Coordinated Universal Time)
3691cd4e-3100-4c0a-9664-d7c9cec82491,Welton Street Café (Five Points),Denver,CO,live_unclaimed,active,Food,Café / Soul Food,2736 Welton St,,,39.754000,-104.980000,Tue Aug 11 2026 00:00:00 GMT+0000 (Coordinated Universal Time)
46,Abuela Luz Mexican Kitchen,Detroit,MI,permanently_hidden,active,Food,Soul Food,3517 Woodward Ave,,(313) 555-4601,42.368000,-83.055300,Thu Jun 18 2026 00:00:00 GMT+0000 (Coordinated Universal Time)
bd63709d-b483-4f2f-8acc-ee5dd8d98d75,Baker's Keyboard Lounge,Detroit,MI,live_unclaimed,active,Arts & Culture,Jazz Club,20510 Livernois Ave,https://bakerskeyboardlounge.com,,42.418300,-83.148600,Tue Aug 11 2026 00:00:00 GMT+0000 (Coordinated Universal Time)
33,Baldwin & Brown Advertising,Detroit,MI,permanently_hidden,active,Tech,Marketing & Advertising,400 Renaissance Center,baldwinbrownadv.com,(313) 555-2648,42.329300,-83.039800,Thu Jun 18 2026 00:00:00 GMT+0000 (Coordinated Universal Time)
c70f9ec4-1411-4871-87ff-53c559e333a4,Baobab Fare,Detroit,MI,live_unclaimed,active,Food,Food,"New Center, Detroit, MI",,,42.331400,-83.045800,Sat Aug 08 2026 00:00:00 GMT+0000 (Coordinated Universal Time)
727cbf36-acfa-4b48-a5ff-8935e4f7241f,Bert's Marketplace & Jazz Club (Detroit),Detroit,MI,live_unclaimed,active,Arts & Culture,Jazz Venue / Soul Food,2727 Russell St,,,42.351200,-83.042700,Tue Aug 11 2026 00:00:00 GMT+0000 (Coordinated Universal Time)
47,Black Bottom Brewing Co.,Detroit,MI,permanently_hidden,active,Food,Craft Brewery,1600 Clay St,blackbottombrewing.com,(313) 555-4719,42.341300,-83.039100,Thu Jun 18 2026 00:00:00 GMT+0000 (Coordinated Universal Time)
3b286656-8147-48f9-9cf9-81ab7ecaa71b,Brilliant Detroit,Detroit,MI,live_unclaimed,active,Children & Family,Childcare & Early Learning,7600 Woodward Ave,,,42.376000,-83.053600,Tue Aug 11 2026 00:00:00 GMT+0000 (Coordinated Universal Time)
a9eb32db-0685-46ff-99e8-62397f6c5a4d,Cascades Global (Detroit — East African / Pan-African),Detroit,MI,live_unclaimed,active,Community Organizations,Pan-African Business Development,3011 W Grand Blvd,,,42.367200,-83.085700,Tue Aug 11 2026 00:00:00 GMT+0000 (Coordinated Universal Time)
189b295f-d796-4bdc-bfe4-446e4451cfca,Charles H. Wright Museum — Detroit,Detroit,MI,live_unclaimed,active,Arts & Culture,Museum,315 E Warren Ave,,,42.357000,-83.058300,Mon Aug 10 2026 00:00:00 GMT+0000 (Coordinated Universal Time)
1cc6f415-c930-4db4-a6b8-c1bfd1a9e4ec,Charles H. Wright Museum of African American History,Detroit,MI,live_unclaimed,active,Arts & Culture,Museum,315 E Warren Ave,https://thewright.org,,42.352200,-83.047400,Tue Aug 11 2026 00:00:00 GMT+0000 (Coordinated Universal Time)
ccee8f2c-9aa8-4f40-8bfc-cbc991d58d5c,Detroit Barbershop at 7 Mile,Detroit,MI,live_unclaimed,active,Beauty & Personal Care,Barbershops,7416 W 7 Mile Rd,,,42.421700,-83.141400,Tue Aug 11 2026 00:00:00 GMT+0000 (Coordinated Universal Time)
b4c57cd4-ef7e-4233-870a-982a14ebf685,Detroit Green — Community Dispensary,Detroit,MI,live_unclaimed,active,Cannabis & Dispensary,Cannabis Dispensary,"8411 Woodward Ave, Detroit, MI",,,42.385800,-83.058000,Thu Aug 13 2026 00:00:00 GMT+0000 (Coordinated Universal Time)
2f950e11-1244-4424-b7bb-5024c1d7bebc,Detroit Health Department Community Programs,Detroit,MI,live_unclaimed,active,Health & Wellness,Public Health / Community Programs,100 Mack Ave,,,42.336100,-83.043800,Tue Aug 11 2026 00:00:00 GMT+0000 (Coordinated Universal Time)
957e64a1-7907-450b-865b-b5c82352e453,Detroit Justice Center,Detroit,MI,live_unclaimed,active,Legal & Government Services,Civil Rights & Advocacy,2966 Woodward Ave,,,42.358800,-83.054400,Tue Aug 11 2026 00:00:00 GMT+0000 (Coordinated Universal Time)
4405bde1-5f35-460e-b051-968b80694792,Detroit Soul & Smoke,Detroit,MI,live_unclaimed,active,Food Trucks,Lunch & Dinner,"2934 Russell St, Detroit, MI",,,42.349000,-83.037300,Thu Aug 13 2026 00:00:00 GMT+0000 (Coordinated Universal Time)
7aa65aed-181f-44f2-a195-a49b3d2b74ca,Detroit's Own Community Land Trust,Detroit,MI,live_unclaimed,active,Community Organizations,Housing / Community Development,7752 W Vernor Hwy,,,42.330600,-83.129600,Tue Aug 11 2026 00:00:00 GMT+0000 (Coordinated Universal Time)
4295262c-1c52-407e-bccf-93e4c70b611b,Detroit Vegan Soul,Detroit,MI,live_unclaimed,active,Food,Vegan & Plant-Based,19614 Grand River Ave,,,42.391600,-83.181700,Tue Aug 11 2026 00:00:00 GMT+0000 (Coordinated Universal Time)
0d3b41d9-3f03-4453-b314-65b84999fbda,Eastside Detroit Cannabis,Detroit,MI,live_unclaimed,active,Cannabis & Dispensary,Cannabis Dispensary,"9901 E Jefferson Ave, Detroit, MI",,,42.359000,-82.974200,Thu Aug 13 2026 00:00:00 GMT+0000 (Coordinated Universal Time)
45b87479-e8ba-419a-8108-3adfd0610d1e,El Comal Mexican Restaurant,Detroit,MI,live_unclaimed,active,Food,Mexican Restaurant,4700 Vernor Hwy,,,42.322100,-83.104400,Tue Aug 11 2026 00:00:00 GMT+0000 (Coordinated Universal Time)
cc63bc8e-9e70-4140-850b-e214494c6fa8,Flood's Bar & Grille,Detroit,MI,live_unclaimed,active,Food,Bar & Grill,731 St Antoine St,,,42.332600,-83.040300,Tue Aug 11 2026 00:00:00 GMT+0000 (Coordinated Universal Time)
2431079d-709e-4cfb-9e85-ba7fda40b395,Genna Rae's — Detroit,Detroit,MI,live_unclaimed,active,Food,Soul Food,19901 Grand River Ave,,,42.402000,-83.213900,Mon Aug 10 2026 00:00:00 GMT+0000 (Coordinated Universal Time)
fab23cd4-0672-4733-9432-c5ed6d5fffed,Good Cakes and Bakes,Detroit,MI,live_unclaimed,active,Food,Bakery,"Avenue of Fashion, Detroit, MI",,,42.331400,-83.045800,Sat Aug 08 2026 00:00:00 GMT+0000 (Coordinated Universal Time)
311040bd-3e8a-4a4b-8a7f-8728558222fc,Grandmont Fresh Threads,Detroit,MI,live_unclaimed,active,Home Services,Laundromat,16301 Grand River Ave,,,42.396900,-83.176000,Thu Aug 13 2026 00:00:00 GMT+0000 (Coordinated Universal Time)
2090934f-138f-4fea-9fbd-34243c033c5c,Grandmont Green Wellness,Detroit,MI,live_unclaimed,active,Cannabis & Dispensary,Cannabis Dispensary,"16400 Grand River Ave, Detroit, MI",,,42.396900,-83.176000,Thu Aug 13 2026 00:00:00 GMT+0000 (Coordinated Universal Time)
f9e42bd4-76ae-482e-b792-439f8e3fc611,Greater Grace Temple,Detroit,MI,live_unclaimed,active,Faith & Spirituality,Christian – Apostolic,23500 W 7 Mile Rd,,,42.422900,-83.250500,Tue Aug 11 2026 00:00:00 GMT+0000 (Coordinated Universal Time)
2417ba70-14a4-4ffe-a95a-326a9387d9ea,Hartford Memorial Baptist Church,Detroit,MI,live_unclaimed,active,Faith & Spirituality,Baptist,18700 James Couzens Freeway,,,42.419000,-83.203900,Tue Aug 11 2026 00:00:00 GMT+0000 (Coordinated Universal Time)
f2fb0597-91c6-4900-a32c-ffefff3b6fc1,Henry Ford Health System,Detroit,MI,live_unclaimed,active,Health & Wellness,Hospital & Community Health,2799 W Grand Blvd,,,42.371200,-83.078600,Tue Aug 11 2026 00:00:00 GMT+0000 (Coordinated Universal Time)
5c8de16b-0c2f-47ad-b0d0-b19064c9080e,Historic King Solomon Baptist Church,Detroit,MI,live_unclaimed,active,Faith & Spirituality,Baptist,4040 14th St,,,42.364700,-83.078700,Tue Aug 11 2026 00:00:00 GMT+0000 (Coordinated Universal Time)
2928f172-86d5-4ea8-93b8-30368aa208a5,Ima,Detroit,MI,live_unclaimed,active,Food,Vietnamese,"Corktown, Detroit, MI",,,42.331400,-83.045800,Sat Aug 08 2026 00:00:00 GMT+0000 (Coordinated Universal Time)
e85ae421-6278-41f3-8de8-7c5844e3885e,Kuzzo's Chicken & Waffles,Detroit,MI,live_unclaimed,active,Food,Soul Food,"Avenue of Fashion, Detroit, MI",,,42.331400,-83.045800,Sat Aug 08 2026 00:00:00 GMT+0000 (Coordinated Universal Time)
0a4b7e6e-d82d-4045-929a-825c72b4d949,La Terraza Restaurant,Detroit,MI,live_unclaimed,active,Food,Mexican Restaurant,4620 Vernor Hwy,,,42.322300,-83.102600,Tue Aug 11 2026 00:00:00 GMT+0000 (Coordinated Universal Time)
98e91e75-a144-4a49-af1e-d983d5e4ff85,Mexicantown Community Development Corporation,Detroit,MI,live_unclaimed,active,Community Organizations,Community Development,7752 W Vernor Hwy,https://mexicantowndetroit.org,,42.330200,-83.129700,Tue Aug 11 2026 00:00:00 GMT+0000 (Coordinated Universal Time)
1ed887c3-ca09-4053-b910-bc873d6750dd,Motor City Soul Food,Detroit,MI,live_unclaimed,active,Food,Soul Food & Southern,10900 W McNichols Rd,,,42.418600,-83.174100,Tue Aug 11 2026 00:00:00 GMT+0000 (Coordinated Universal Time)
b7b44d25-1c65-441c-a05b-4f78d5899205,Motown Morning Truck,Detroit,MI,live_unclaimed,active,Food Trucks,Breakfast,"16301 Grand River Ave, Detroit, MI",,,42.396900,-83.176000,Thu Aug 13 2026 00:00:00 GMT+0000 (Coordinated Universal Time)
1634defe-5d38-4750-b54d-1d67beca32ab,Motown Museum,Detroit,MI,live_unclaimed,active,Arts & Culture,Museum,2648 W Grand Blvd,https://motownmuseum.org,,42.367200,-83.084800,Tue Aug 11 2026 00:00:00 GMT+0000 (Coordinated Universal Time)
4172a4f1-3ab4-40d5-b6b3-80ba9a2c4172,Natural Roots Hair Studio Detroit,Detroit,MI,live_unclaimed,active,Beauty & Personal Care,Natural Hair & Loc Specialists,19203 Livernois Ave,,,42.415200,-83.149700,Tue Aug 11 2026 00:00:00 GMT+0000 (Coordinated Universal Time)
40b77603-d8fd-454b-8247-a8192efb089e,N'Namdi Center for Contemporary Art,Detroit,MI,live_unclaimed,active,Arts & Culture,Art Gallery,52 E Forest Ave,https://nnamdicenter.com,,42.347900,-83.048900,Tue Aug 11 2026 00:00:00 GMT+0000 (Coordinated Universal Time)
75f78b87-b47f-48e4-b0fe-304942c734f2,North End Laundromat,Detroit,MI,live_unclaimed,active,Home Services,Laundromat,8411 Woodward Ave,,,42.385800,-83.058000,Thu Aug 13 2026 00:00:00 GMT+0000 (Coordinated Universal Time)
50,Pan-African Tech Collective,Detroit,MI,permanently_hidden,active,Tech,Coding Education,1420 Washington Blvd,detroitfuturetech.com,(313) 555-5062,42.335400,-83.046800,Thu Jun 18 2026 00:00:00 GMT+0000 (Coordinated Universal Time)
49,Rouge River Natural Hair,Detroit,MI,permanently_hidden,active,Beauty & Personal Care,Natural Hair Salon,9208 Livernois Ave,,(313) 555-4947,42.383000,-83.148100,Thu Jun 18 2026 00:00:00 GMT+0000 (Coordinated Universal Time)
f27479f4-fc74-4db4-99fe-31fb2fbe98b1,Source Booksellers,Detroit,MI,live_unclaimed,active,Retail,Bookstore,"Midtown, Detroit, MI",,,42.331400,-83.045800,Sat Aug 08 2026 00:00:00 GMT+0000 (Coordinated Universal Time)
1d5daac4-221f-41ce-b1a2-ed5bc5ecc582,Taqueria El Rey,Detroit,MI,live_unclaimed,active,Food,Mexican,"Southwest Detroit, Detroit, MI",,,42.331400,-83.045800,Sat Aug 08 2026 00:00:00 GMT+0000 (Coordinated Universal Time)
21,Tres Culturas Community Market,Detroit,MI,permanently_hidden,active,Retail,Grocery & Health Foods,5000 Woodward Ave,,(313) 555-1347,42.370700,-83.066200,Thu Jun 18 2026 00:00:00 GMT+0000 (Coordinated Universal Time)
5557192d-3763-4aac-859e-de115d735eda,Xochimilco Restaurant,Detroit,MI,live_unclaimed,active,Food,Mexican Restaurant,3409 Bagley St,,,42.326400,-83.093900,Tue Aug 11 2026 00:00:00 GMT+0000 (Coordinated Universal Time)
ee4c1ffe-8eea-4593-8207-875d96fc3efb,Arang Restaurant — Doraville,Doraville,GA,live_unclaimed,active,Food,Korean,5765 New Peachtree Rd,,,33.894900,-84.280000,Tue Aug 11 2026 00:00:00 GMT+0000 (Coordinated Universal Time)
33de14c8-a564-4b35-ad9d-f03a2e8bb6c9,Buford Highway Farmers Market,Doraville,GA,live_unclaimed,active,Retail,International Grocery,5600 Buford Hwy NE,https://bhfarmersmarket.com,,33.902700,-84.273000,Tue Aug 11 2026 00:00:00 GMT+0000 (Coordinated Universal Time)
e3334099-96f5-40e7-94ff-b1d7c3bcdefe,Centro Hispano de Atlanta,Doraville,GA,live_unclaimed,active,Community Organizations,Latino Community Services,5422 Buford Hwy NE,https://centrohispanoga.org,,33.900900,-84.274500,Tue Aug 11 2026 00:00:00 GMT+0000 (Coordinated Universal Time)
163ec935-ee95-4dd1-a139-23ebe5cfd93f,Nigerian Tax & Accounting — Atlanta,Doraville,GA,live_unclaimed,active,Professional Services,Tax Preparation / Accounting,5210 Buford Hwy NE,,,33.893100,-84.284900,Tue Aug 11 2026 00:00:00 GMT+0000 (Coordinated Universal Time)
e4a65824-d576-4d22-a1ec-565feaf46ce7,RCCG Redeemed Christian Church — Atlanta,Doraville,GA,live_unclaimed,active,Faith & Spirituality,Nigerian Church,3600 Oakcliff Rd,,,33.883100,-84.295100,Tue Aug 11 2026 00:00:00 GMT+0000 (Coordinated Universal Time)
8e112197-7acc-416a-a6e6-5a72abdbaf66,Taqueria El Rancho — Doraville,Doraville,GA,live_unclaimed,active,Food,Mexican,3505 Shallowford Rd,,,33.898300,-84.284400,Tue Aug 11 2026 00:00:00 GMT+0000 (Coordinated Universal Time)
929775a6-c68e-4bdd-adec-afa866418e42,Boston Haitian Restaurant (Chez Claudette),Dorchester,MA,live_unclaimed,active,Food,Haitian,720 Washington St,,,42.315500,-71.075700,Tue Aug 11 2026 00:00:00 GMT+0000 (Coordinated Universal Time)
037cf21a-132c-4cf6-ab79-36c249521406,Hmart — Doraville,Duluth,GA,live_unclaimed,active,Retail,Asian Grocery,2700 Pleasant Hill Rd,https://hmart.com,,33.971800,-84.140700,Tue Aug 11 2026 00:00:00 GMT+0000 (Coordinated Universal Time)
df906af0-369b-4714-8e29-fd01a300ccd9,Korean Cultural Center — Atlanta,Duluth,GA,live_unclaimed,active,Arts & Culture,Korean Cultural Organization,6065 Peachtree Pkwy,,,34.000500,-84.154700,Tue Aug 11 2026 00:00:00 GMT+0000 (Coordinated Universal Time)
d65c1c22-085f-4b7a-ac60-df47336c7d1b,International Rescue Committee — Atlanta,Dunwoody,GA,live_unclaimed,active,Community Organizations,Refugee Services,1822 Independence Square,https://rescue.org/united-states/atlanta-ga,,33.906800,-84.332600,Tue Aug 11 2026 00:00:00 GMT+0000 (Coordinated Universal Time)
4b2fd60e-0053-4bc4-8db8-3b1ed237d6e4,Boricua Soul,Durham,NC,live_unclaimed,active,Food,Puerto Rican,"705 Willard St, Durham, NC 27701",,,35.994000,-78.898600,Sat Aug 08 2026 00:00:00 GMT+0000 (Coordinated Universal Time)
61,Bull City Creamery,Durham,NC,permanently_hidden,active,Food,Ice Cream & Desserts,309 E Chapel Hill St,bullcitycreamery.com,(919) 555-6101,35.992900,-78.901300,Thu Jun 18 2026 00:00:00 GMT+0000 (Coordinated Universal Time)
70286bd0-0371-41c2-a3d9-a523bd81906b,Curl Theory Natural Hair Salon Durham,Durham,NC,live_unclaimed,active,Beauty & Personal Care,Natural Hair Salon,805 W Main St,,,35.995000,-78.918700,Mon Aug 10 2026 00:00:00 GMT+0000 (Coordinated Universal Time)
1b13dcc9-1456-4e83-bc72-e5d216c3e3d2,First Baptist Church Durham,Durham,NC,live_unclaimed,active,Faith & Spirituality,Baptist,414 Cleveland St,,,35.990300,-78.908900,Mon Aug 10 2026 00:00:00 GMT+0000 (Coordinated Universal Time)
62,Hayti Heritage Center,Durham,NC,permanently_hidden,active,Education,History & Culture,804 Old Fayetteville St,haytiheritage.org,(919) 555-6215,35.982200,-78.904400,Thu Jun 18 2026 00:00:00 GMT+0000 (Coordinated Universal Time)
addde19e-ae97-49f1-8c35-6a81ada2aa5b,Lincoln Community Health Center Durham,Durham,NC,live_unclaimed,active,Health & Wellness,Community Health Center,1301 Fayetteville St,,,35.977100,-78.904700,Mon Aug 10 2026 00:00:00 GMT+0000 (Coordinated Universal Time)
d9d99226-0357-418e-a634-235a04406059,SisterSpace Health Collective — Durham,Durham,NC,live_unclaimed,active,Health & Wellness,Women's Health,400 W Main St,,,35.993800,-78.901200,Mon Aug 10 2026 00:00:00 GMT+0000 (Coordinated Universal Time)
63,SoleSisters Running Co.,Durham,NC,permanently_hidden,active,Retail,Athletic & Running,4121 University Dr,solesistersrunning.com,(919) 555-6328,35.980600,-78.939000,Thu Jun 18 2026 00:00:00 GMT+0000 (Coordinated Universal Time)
7e20ed2b-78e8-4e16-80e0-4dfce8a1d507,St. Joseph AME Church Durham,Durham,NC,live_unclaimed,active,Faith & Spirituality,AME,1020 N Queen St,,,35.991600,-78.896900,Mon Aug 10 2026 00:00:00 GMT+0000 (Coordinated Universal Time)
64,The Durham Kitchen,Durham,NC,permanently_hidden,active,Food,New American,406 Blackwell St,thedurhamkitchen.com,(919) 555-6441,35.993000,-78.901600,Thu Jun 18 2026 00:00:00 GMT+0000 (Coordinated Universal Time)
1498c0ca-182c-459d-bf87-3c42410059d2,White Rock Baptist Church,Durham,NC,live_unclaimed,active,Faith & Spirituality,Baptist,3400 Fayetteville St,,,35.980000,-78.905700,Mon Aug 10 2026 00:00:00 GMT+0000 (Coordinated Universal Time)
ec340d13-9e13-452e-b6b1-9758247e4c2f,Systahood Beauty Supplies,East Orange,NJ,live_unclaimed,active,Beauty & Personal Care,Beauty Supply,61 Central Ave,,,40.767600,-74.204900,Sun Aug 09 2026 00:00:00 GMT+0000 (Coordinated Universal Time)
99e762c7-63d9-4d6a-bb64-18b0c9f595f0,Cheltenham Auto Service,Elkins Park,PA,live_unclaimed,active,Professional Services,Auto Repair,7901 Ogontz Ave,,,40.082400,-75.141200,Tue Aug 11 2026 00:00:00 GMT+0000 (Coordinated Universal Time)
02c29679-24b8-4a3b-8a17-b65427da230b,Cheltenham Black Heritage Childcare,Elkins Park,PA,live_unclaimed,active,Childcare & Early Education,Daycare,7612 Cheltenham Ave,,,40.080100,-75.124200,Tue Aug 11 2026 00:00:00 GMT+0000 (Coordinated Universal Time)
55767fa9-2537-4234-af03-8f34f3975735,Cheltenham Dental Care,Elkins Park,PA,live_unclaimed,active,Health & Wellness,Dental,8026 Old York Rd,,,40.082100,-75.130100,Tue Aug 11 2026 00:00:00 GMT+0000 (Coordinated Universal Time)
cca2fe49-b778-43bb-89cf-4c5757f62977,The Rail Bar — Elkins Park,Elkins Park,PA,live_unclaimed,active,Entertainment & Recreation,Bar / Neighborhood Lounge,7813 Montgomery Ave,,,40.081200,-75.128100,Tue Aug 11 2026 00:00:00 GMT+0000 (Coordinated Universal Time)
a4a32491-e66a-4189-84cc-efb79541942d,Korean Community Center of Greater New York,Englewood,NJ,live_unclaimed,active,Community Organizations,Korean Community Services,203 Harrison Ave,https://kccgny.org,,40.892800,-73.972700,Tue Aug 11 2026 00:00:00 GMT+0000 (Coordinated Universal Time)
22f6dd80-5789-4983-b318-2a32ac852414,Miles College,Fairfield,AL,live_unclaimed,active,Arts & Culture,HBCU,5500 Myron Massey Blvd,https://miles.edu,,33.488400,-86.912800,Tue Aug 11 2026 00:00:00 GMT+0000 (Coordinated Universal Time)
287e31f7-a2cf-47f4-89d3-47e59bc51e33,Golden Shopping Mall (Flushing),Flushing,NY,live_unclaimed,active,Food,Chinese (Regional),41-28 Main St,,,40.755600,-73.830600,Tue Aug 11 2026 00:00:00 GMT+0000 (Coordinated Universal Time)
2e26e0bf-993b-4224-a19b-0aa5df1d7f06,Hindu Temple Society of North America,Flushing,NY,live_unclaimed,active,Faith & Spirituality,Hindu Temple,45-57 Bowne St,https://nyganeshtemple.org,,40.761400,-73.826700,Tue Aug 11 2026 00:00:00 GMT+0000 (Coordinated Universal Time)
2f4bc6f1-3190-4c98-aaf3-144d095d1c1c,Korean Community Services (Flushing),Flushing,NY,live_unclaimed,active,Community Organizations,Korean Community Services,136-21 41st Ave,https://kcsny.org,,40.757300,-73.830300,Tue Aug 11 2026 00:00:00 GMT+0000 (Coordinated Universal Time)
469bcd82-89ff-4d97-b8f7-640a12367f1f,New World Mall Food Court (Flushing),Flushing,NY,live_unclaimed,active,Food,Pan-Asian Food Court,136-20 Roosevelt Ave,,,40.757900,-73.829600,Tue Aug 11 2026 00:00:00 GMT+0000 (Coordinated Universal Time)
9a94d8aa-87a1-4171-8d61-f13647cc4bfd,Queens Botanical Garden (Community Programs),Flushing,NY,live_unclaimed,active,Community Organizations,Botanical Garden,43-50 Main St,https://queensbotanical.org,,40.745000,-73.836900,Tue Aug 11 2026 00:00:00 GMT+0000 (Coordinated Universal Time)
3301525d-87a8-4442-a97b-d520120943fe,Queens Flushing Chinese Bakery (Taipan Bakery),Flushing,NY,live_unclaimed,active,Food,Chinese Bakery,37-25 Main St,,,40.755800,-73.831000,Tue Aug 11 2026 00:00:00 GMT+0000 (Coordinated Universal Time)
bd3e971f-e877-405e-9bf4-e559bc32769d,Queens Flushing Korean Barbecue District,Flushing,NY,live_unclaimed,active,Food,Korean,136-68 39th Ave,,,40.756900,-73.832100,Tue Aug 11 2026 00:00:00 GMT+0000 (Coordinated Universal Time)
4a44cb93-7444-4967-b3a0-6d95abd87e57,Belenty's Love,Fort Worth,TX,live_unclaimed,active,Food,Mexican,"Fort Worth, TX",,,32.755500,-97.330800,Sat Aug 08 2026 00:00:00 GMT+0000 (Coordinated Universal Time)
a06d235d-4bab-46c8-b93a-b3a0f46aeef1,Fort Worth Casa Mañana Theatre,Fort Worth,TX,live_unclaimed,active,Arts & Culture,Theater,3101 W Lancaster Ave,https://casamanana.org,,32.741200,-97.371800,Tue Aug 11 2026 00:00:00 GMT+0000 (Coordinated Universal Time)
33fa5e30-f14e-4fb1-bed8-322a41b4f82c,Pho District,Fort Worth,TX,live_unclaimed,active,Food,Vietnamese,"West 7th district, Fort Worth",,,32.755500,-97.330800,Sat Aug 08 2026 00:00:00 GMT+0000 (Coordinated Universal Time)
6b432e28-dd92-4e1c-a861-e7cd9779697c,Smoke-A-Holics BBQ,Fort Worth,TX,live_unclaimed,active,Food,Soul Food,"Fort Worth, TX",,,32.755500,-97.330800,Sat Aug 08 2026 00:00:00 GMT+0000 (Coordinated Universal Time)
89c6d174-6492-4f64-8978-53ff14edc077,Pho Bang — Garland,Garland,TX,live_unclaimed,active,Food,Vietnamese,2633 Forest Ln,,,32.920200,-96.706800,Tue Aug 11 2026 00:00:00 GMT+0000 (Coordinated Universal Time)
7647a9ff-38c7-483a-abe4-19a6c4362e4a,Saigon Block — Garland,Garland,TX,live_unclaimed,active,Retail,Vietnamese Commercial District,Garland Rd,,,32.912000,-96.638500,Tue Aug 11 2026 00:00:00 GMT+0000 (Coordinated Universal Time)
eef75ce0-2af7-4081-837b-158067b2655b,St. Yared Ethiopian Cuisine & Coffeehaus,Geist,IN,live_unclaimed,active,Food,Ethiopian,"Geist, IN",,,39.905900,-85.974700,Sat Aug 08 2026 00:00:00 GMT+0000 (Coordinated Universal Time)
6bed2c5b-d206-408c-9e0c-fe2285ec9bc3,Las Tortugas Deli Mexicana — Memphis,Germantown,TN,live_unclaimed,active,Food,Mexican,1215 S Germantown Rd,,,35.085400,-89.803100,Tue Aug 11 2026 00:00:00 GMT+0000 (Coordinated Universal Time)
84983af4-f593-4765-b763-a55a74198eb6,Abril Books,Glendale,CA,live_unclaimed,active,Retail,Armenian Bookstore,415 E Broadway,,,34.143000,-118.241000,Tue Aug 11 2026 00:00:00 GMT+0000 (Coordinated Universal Time)
381525e6-11f3-42c3-ac86-573afcf1a571,Armenian National Committee of America — Western Region,Glendale,CA,live_unclaimed,active,Community Organizations,Armenian Advocacy,104 N Belmont St,https://anca.org,,34.151600,-118.256900,Tue Aug 11 2026 00:00:00 GMT+0000 (Coordinated Universal Time)
aab77589-0a30-4eb4-b4c4-263f7f8ad737,Café 86,Glendale,CA,live_unclaimed,active,Food,Filipino Desserts & Café,3800 San Fernando Rd,,,34.148100,-118.254000,Tue Aug 11 2026 00:00:00 GMT+0000 (Coordinated Universal Time)
07fec99c-a157-4f18-9702-c224484409c1,Carousel Restaurant,Glendale,CA,live_unclaimed,active,Food,Armenian Lebanese,304 N Brand Blvd,,,34.148000,-118.254800,Tue Aug 11 2026 00:00:00 GMT+0000 (Coordinated Universal Time)
b220f0a9-4589-45dc-baee-02e17e4edfbd,Holy Martyrs Armenian Day School,Glendale,CA,live_unclaimed,active,Childcare & Early Education,Armenian School,1614 E Colorado St,,,34.147200,-118.231400,Tue Aug 11 2026 00:00:00 GMT+0000 (Coordinated Universal Time)
7ee9f28f-e784-46fd-bca8-c2d15ed4a983,International Rescue Committee – Phoenix,Glendale,AZ,live_unclaimed,active,Community Organizations,Refugee Resettlement / Immigration,4425 W Olive Ave,https://rescue.org/united-states/phoenix-az,,33.532400,-112.181800,Tue Aug 11 2026 00:00:00 GMT+0000 (Coordinated Universal Time)
b52d576e-c94c-4a4b-a198-f60643f35dfd,Mini Kabob,Glendale,CA,live_unclaimed,active,Food,Armenian Kabob,313½ Vine St,https://mini-kabob.com,,34.146700,-118.254900,Tue Aug 11 2026 00:00:00 GMT+0000 (Coordinated Universal Time)
1e9e3f53-50a8-4b03-a0ff-aff485099aca,Neighborhood Legal Services of Los Angeles,Glendale,CA,live_unclaimed,active,Legal & Government Services,Legal Aid,1102 E Chevy Chase Dr,,,34.143600,-118.256500,Tue Aug 11 2026 00:00:00 GMT+0000 (Coordinated Universal Time)
fda15d1a-cdc3-4fe2-b483-cd46e4fe3697,Raffi's Place,Glendale,CA,live_unclaimed,active,Food,Persian-Armenian,211 E Broadway,https://raffisplace.com,,34.143100,-118.247400,Tue Aug 11 2026 00:00:00 GMT+0000 (Coordinated Universal Time)
f45527c5-7766-488a-b0e5-dd534044d7b0,Reid Temple AME Church,Glenn Dale,MD,live_unclaimed,active,Faith & Spirituality,AME,11400 Glenn Dale Blvd,,,38.982800,-76.808900,Mon Aug 10 2026 00:00:00 GMT+0000 (Coordinated Universal Time)
fd79d07b-f5b4-430b-b9bf-24dbbfe5dafa,Pho Tau Bay,Gretna,LA,live_unclaimed,active,Food,Vietnamese,113 Westbank Expressway,,,29.913300,-90.063800,Tue Aug 11 2026 00:00:00 GMT+0000 (Coordinated Universal Time)
545c6382-12ae-40ea-9a22-d9ce00629795,Hampton University,Hampton,VA,live_unclaimed,active,Arts & Culture,HBCU,100 E Queen St,https://hamptonu.edu,,37.027400,-76.338800,Tue Aug 11 2026 00:00:00 GMT+0000 (Coordinated Universal Time)
f2072436-57df-405c-95c9-54dc9049df87,Amar Pizza,Hamtramck,MI,live_unclaimed,active,Food,Food,"Hamtramck, MI",,,42.392800,-83.049700,Sat Aug 08 2026 00:00:00 GMT+0000 (Coordinated Universal Time)
dd743696-5632-4a47-a01c-ff7073a7dd61,Yemen Cafe,Hamtramck,MI,live_unclaimed,active,Food,Food,"Hamtramck, MI",,,42.392800,-83.049700,Sat Aug 08 2026 00:00:00 GMT+0000 (Coordinated Universal Time)
11e2ad48-6ca1-47a9-beee-b60191dd597d,Allison Hill Bilingual Daycare,Harrisburg,PA,live_unclaimed,active,Childcare & Early Education,Bilingual Daycare,1821 Penn St,,,40.252400,-76.871300,Tue Aug 11 2026 00:00:00 GMT+0000 (Coordinated Universal Time)
257e7390-106b-4c06-a52f-693e5b094e98,Allison Hill Dental Care,Harrisburg,PA,live_unclaimed,active,Health & Wellness,Dental,1612 Penn St,,,40.252100,-76.873200,Tue Aug 11 2026 00:00:00 GMT+0000 (Coordinated Universal Time)
5baab985-e264-4789-85f4-8f4671294a1b,Allison Hill Tax Services,Harrisburg,PA,live_unclaimed,active,Professional Services,Tax Preparation,1519 Penn St,,,40.251900,-76.872800,Tue Aug 11 2026 00:00:00 GMT+0000 (Coordinated Universal Time)
a9acc2b4-9f78-49c4-bc80-2e5fbb575789,Appalachian Brewing Company — Harrisburg,Harrisburg,PA,live_unclaimed,active,Entertainment & Recreation,Bar / Brewery,50 N Cameron St,https://abcbrew.com,,40.264100,-76.887800,Tue Aug 11 2026 00:00:00 GMT+0000 (Coordinated Universal Time)
a1f2bbc0-4427-4772-8ac2-584f2fbb64a2,Capital City Therapy — Harrisburg BIPOC,Harrisburg,PA,live_unclaimed,active,Health & Wellness,Mental Health Counseling,200 N 3rd St Suite 1600,,,40.261800,-76.884500,Tue Aug 11 2026 00:00:00 GMT+0000 (Coordinated Universal Time)
921e3c76-0f5b-495f-91de-8989047bccbc,Capital Region Black Law Firm,Harrisburg,PA,live_unclaimed,active,Professional Services,Criminal Defense / Family Law,221 Market St Suite 500,,,40.259800,-76.881900,Tue Aug 11 2026 00:00:00 GMT+0000 (Coordinated Universal Time)
21d15d28-e4db-4a4f-b14b-3fc764edf5ba,Capow Jamaican Restaurant,Harrisburg,PA,live_unclaimed,active,Food,Caribbean,"1403 Market St, Harrisburg, PA 17104 (Allison Hill)",,,40.273200,-76.886700,Sat Aug 08 2026 00:00:00 GMT+0000 (Coordinated Universal Time)
a6957eab-629f-4318-b87d-f76c8f69cc57,Cidra's Cabana Restaurant,Harrisburg,PA,live_unclaimed,active,Food,Puerto Rican,"1716 Derry St, Harrisburg, PA 17104 (Allison Hill - Big Ugly Warehouse)",,,40.273200,-76.886700,Sat Aug 08 2026 00:00:00 GMT+0000 (Coordinated Universal Time)
87c461ea-fb41-45cb-afff-618d545aea4a,Diaspora Sustainable Living,Harrisburg,PA,live_unclaimed,active,Beauty & Personal Care,Beauty,"1233 N 3rd St (Inside Broad Street Market), Harrisburg, PA 17102",,,40.273200,-76.886700,Sat Aug 08 2026 00:00:00 GMT+0000 (Coordinated Universal Time)
cd685cc4-8c66-4f4a-ae0e-431559fbf176,Halaal Restaurant,Harrisburg,PA,live_unclaimed,active,Food,Food,"138 S 13th St, Harrisburg, PA 17104 (Allison Hill)",,,40.273200,-76.886700,Sat Aug 08 2026 00:00:00 GMT+0000 (Coordinated Universal Time)
eb7fde40-6641-4dcf-bbad-596b35232cfa,Harrisburg Black Auto Repair,Harrisburg,PA,live_unclaimed,active,Professional Services,Auto Repair,2401 N 6th St,,,40.275100,-76.887500,Tue Aug 11 2026 00:00:00 GMT+0000 (Coordinated Universal Time)
a74b42ea-3d84-47b6-8605-93bc3a54f5d3,Harrisburg Black Plumbing & HVAC,Harrisburg,PA,live_unclaimed,active,Professional Services,Plumbing / HVAC,520 S 30th St,,,40.248400,-76.850300,Tue Aug 11 2026 00:00:00 GMT+0000 (Coordinated Universal Time)
572a2647-af29-4bc6-9749-05b96ddbd93a,Harrisburg Latino Legal Services,Harrisburg,PA,live_unclaimed,active,Community Organizations,Legal Aid / Immigration,100 Pine St Suite 200,,,40.261200,-76.883100,Tue Aug 11 2026 00:00:00 GMT+0000 (Coordinated Universal Time)
1f2f59f7-e733-45c7-ab05-65864ad2979f,Julie's African Caribbean & Continental Restaurant,Harrisburg,PA,live_unclaimed,active,Food,Caribbean,"425 S Cameron St, Harrisburg, PA 17101",,,40.273200,-76.886700,Sat Aug 08 2026 00:00:00 GMT+0000 (Coordinated Universal Time)
62bfe4cc-20b5-4424-851b-dfe634357256,La Esperanza Bar — Harrisburg,Harrisburg,PA,live_unclaimed,active,Entertainment & Recreation,Latin Bar,1708 Penn St,,,40.252300,-76.872200,Tue Aug 11 2026 00:00:00 GMT+0000 (Coordinated Universal Time)
1fd27f48-74a4-4c6b-95ae-33458ad941ba,Marie's Kitchen Haitian Cuisine,Harrisburg,PA,live_unclaimed,active,Food,Food,"1233 N 3rd St (Inside Broad Street Market), Harrisburg, PA 17102",,,40.273200,-76.886700,Sat Aug 08 2026 00:00:00 GMT+0000 (Coordinated Universal Time)
db27f6c0-2cec-47c7-bbf5-8d0fddff72e1,Midtown Harrisburg Dental,Harrisburg,PA,live_unclaimed,active,Health & Wellness,Dental,1234 N 3rd St,,,40.270100,-76.884200,Tue Aug 11 2026 00:00:00 GMT+0000 (Coordinated Universal Time)
c8166081-812f-4a6d-9732-0f2e5cb59e07,Nyianga Store,Harrisburg,PA,live_unclaimed,active,Retail,Retail,"1423 N 3rd St, Harrisburg, PA 17102",,,40.273200,-76.886700,Sat Aug 08 2026 00:00:00 GMT+0000 (Coordinated Universal Time)
10773b68-27c1-46eb-988f-32f2a3828b14,South Harrisburg Children's Center,Harrisburg,PA,live_unclaimed,active,Childcare & Early Education,Daycare,2018 Derry St,,,40.246200,-76.878900,Tue Aug 11 2026 00:00:00 GMT+0000 (Coordinated Universal Time)
3c22ff1a-baad-4c31-90ce-62d8b1809144,South Harrisburg Dental Group,Harrisburg,PA,live_unclaimed,active,Health & Wellness,Dental,2212 S 13th St,,,40.242200,-76.893100,Tue Aug 11 2026 00:00:00 GMT+0000 (Coordinated Universal Time)
25936a97-13c6-4e87-b799-4d1806e0fe72,Tacos Mi Tierra,Harrisburg,PA,live_unclaimed,active,Food,Mexican,"1416 Derry St, Harrisburg, PA 17104 (Allison Hill)",,,40.273200,-76.886700,Sat Aug 08 2026 00:00:00 GMT+0000 (Coordinated Universal Time)
d64bbaad-c8e6-40b7-ab8c-d77954a98f4d,Uptown Harrisburg Early Learning,Harrisburg,PA,live_unclaimed,active,Childcare & Early Education,Daycare,2312 N 6th St,,,40.274200,-76.887100,Tue Aug 11 2026 00:00:00 GMT+0000 (Coordinated Universal Time)
c22d6af7-69ab-447d-9c0e-80e606195202,Auroras,Hartford,CT,live_unclaimed,active,Food,Bakery,"Frog Hollow, Hartford, CT",,,41.765800,-72.685100,Sat Aug 08 2026 00:00:00 GMT+0000 (Coordinated Universal Time)
40d03d4a-58a8-4584-8555-d8021c253900,Blue Back Square Caribbean Restaurant,Hartford,CT,live_unclaimed,active,Food,Caribbean,225 New Britain Ave,,,41.760100,-72.701100,Tue Aug 11 2026 00:00:00 GMT+0000 (Coordinated Universal Time)
f520c0d2-7f4e-4df5-ba2c-da867a852430,Community Health Network of Hartford,Hartford,CT,live_unclaimed,active,Health & Wellness,Community Health,270 Farmington Ave,,,41.765600,-72.694100,Tue Aug 11 2026 00:00:00 GMT+0000 (Coordinated Universal Time)
d7d11322-0973-48c7-b214-221cf1ef2e0b,Connecticut Jamaican American Association,Hartford,CT,live_unclaimed,active,Community Organizations,Jamaican / Caribbean Community,375 Wethersfield Ave,,,41.745500,-72.675400,Tue Aug 11 2026 00:00:00 GMT+0000 (Coordinated Universal Time)
5cffd7a5-69ca-4bc7-b0fb-fa261526eb67,Coracora Original,Hartford,CT,live_unclaimed,active,Food,Peruvian,"West Hartford, CT",,,41.765800,-72.685100,Sat Aug 08 2026 00:00:00 GMT+0000 (Coordinated Universal Time)
c90862be-c528-421b-ac2d-98187e1bdeff,"Emanuel Evangelical Lutheran Church (Hartford, African American)",Hartford,CT,live_unclaimed,active,Faith & Spirituality,Lutheran Church,100 Tower Ave,,,41.787200,-72.690900,Tue Aug 11 2026 00:00:00 GMT+0000 (Coordinated Universal Time)
3f22b25f-0832-46db-8b75-a17fb0915a74,Fire & Spice,Hartford,CT,live_unclaimed,active,Food,Caribbean,"Capitol Area, Hartford, CT",,,41.765800,-72.685100,Sat Aug 08 2026 00:00:00 GMT+0000 (Coordinated Universal Time)
6dd6e89c-2f6b-4e04-bf2e-16df5bef5d9c,Ghanaian Association of Connecticut,Hartford,CT,live_unclaimed,active,Community Organizations,Ghanaian / West African Community,170 Sigourney St,,,41.770000,-72.685500,Tue Aug 11 2026 00:00:00 GMT+0000 (Coordinated Universal Time)
49213f48-495a-4d57-8e15-4a09b7b15c6b,Hartford African American Alliance,Hartford,CT,live_unclaimed,active,Community Organizations,African American Advocacy,180 Allyn St,,,41.763800,-72.682100,Tue Aug 11 2026 00:00:00 GMT+0000 (Coordinated Universal Time)
ea5585c3-740b-4ddc-8dd2-5c77a8f093de,Hartford African Restaurant (Abay Ethiopian Café),Hartford,CT,live_unclaimed,active,Food,Ethiopian,190 Flatbush Ave,,,41.765000,-72.683700,Tue Aug 11 2026 00:00:00 GMT+0000 (Coordinated Universal Time)
4b02242e-f4e0-4e66-a2a1-5ee5bb4db4f2,Hartford Black-Owned Barbershop (Prestige Cuts),Hartford,CT,live_unclaimed,active,Beauty & Personal Care,Barbershop,1010 Albany Ave,,,41.785800,-72.692100,Tue Aug 11 2026 00:00:00 GMT+0000 (Coordinated Universal Time)
a0554ce3-4298-4e44-959f-cc0b9babefdd,Hartford Brazilian Community Center,Hartford,CT,live_unclaimed,active,Community Organizations,Brazilian Community,95 Main St,,,41.764800,-72.679300,Tue Aug 11 2026 00:00:00 GMT+0000 (Coordinated Universal Time)
162040ca-da02-4501-98d8-6ba7c790797f,Hartford Dominican Restaurant (El Ranchito),Hartford,CT,live_unclaimed,active,Food,Dominican,1555 Albany Ave,,,41.790600,-72.706200,Tue Aug 11 2026 00:00:00 GMT+0000 (Coordinated Universal Time)
ffc28ed0-01f8-44c1-b92f-7408cb39eaf6,Hartford Islamic Center (Masjid Al-Islam),Hartford,CT,live_unclaimed,active,Faith & Spirituality,Islamic Center,1931 Albany Ave,,,41.789000,-72.710000,Tue Aug 11 2026 00:00:00 GMT+0000 (Coordinated Universal Time)
b0714b01-4e01-4a0e-9da5-16b399933486,Hartford Jamaican Restaurant (Negril Village),Hartford,CT,live_unclaimed,active,Food,Jamaican,723 Wethersfield Ave,,,41.741400,-72.673900,Tue Aug 11 2026 00:00:00 GMT+0000 (Coordinated Universal Time)
36e5e4e6-2705-4bcd-baa2-28e9aab0fd44,Hartford Mexican Restaurant (Taco Loco),Hartford,CT,live_unclaimed,active,Food,Mexican,551 Franklin Ave,,,41.748900,-72.686200,Tue Aug 11 2026 00:00:00 GMT+0000 (Coordinated Universal Time)
55042307-6ff1-4743-85de-3923a54e82e7,Hartford Puerto Rican Bakery (Pan y Café),Hartford,CT,live_unclaimed,active,Food,Puerto Rican Bakery,278 Park St,,,41.757600,-72.699600,Tue Aug 11 2026 00:00:00 GMT+0000 (Coordinated Universal Time)
33a6c0c0-c938-4007-965c-8debee4a0a30,Hartford Salvadoran Bakery (Pan Dulce El Salvador),Hartford,CT,live_unclaimed,active,Food,Salvadoran Bakery,1028 Park St,,,41.757700,-72.703800,Tue Aug 11 2026 00:00:00 GMT+0000 (Coordinated Universal Time)
88e1fd07-06b4-4200-8ba6-0fb64f430bcb,Hartford West Indian Social Club,Hartford,CT,live_unclaimed,active,Community Organizations,Caribbean Social Club,435 New Britain Ave,,,41.760000,-72.710500,Tue Aug 11 2026 00:00:00 GMT+0000 (Coordinated Universal Time)
ed887807-11e5-43a1-aaf9-65f38fbc1244,Island Fish Head Jamaican Restaurant,Hartford,CT,live_unclaimed,active,Food,Caribbean,"North End, Hartford, CT",,,41.765800,-72.685100,Sat Aug 08 2026 00:00:00 GMT+0000 (Coordinated Universal Time)
226ad321-3085-48f3-8574-0e79ba7c741b,Puerto Rican Cultural Center (Hartford),Hartford,CT,live_unclaimed,active,Community Organizations,Puerto Rican Community,30 Arbor St,,,41.753100,-72.702300,Tue Aug 11 2026 00:00:00 GMT+0000 (Coordinated Universal Time)
7adc26e2-4354-4361-8d32-1a4e8eb88d9e,Rincon Latino Restaurant (Hartford),Hartford,CT,live_unclaimed,active,Food,Puerto Rican / Dominican,895 Park St,,,41.756600,-72.702100,Tue Aug 11 2026 00:00:00 GMT+0000 (Coordinated Universal Time)
3428bc7d-400f-49d6-bdc9-fde8ea45f4ee,Soulbaila,Hartford,CT,live_unclaimed,active,Food,Soul Food,"South End, Hartford, CT",,,41.765800,-72.685100,Sat Aug 08 2026 00:00:00 GMT+0000 (Coordinated Universal Time)
b74180a3-2ce6-416a-8f81-c84bba86d656,Story and Soil Coffee,Hartford,CT,live_unclaimed,active,Food,Food,"Frog Hollow, Hartford, CT",,,41.765800,-72.685100,Sat Aug 08 2026 00:00:00 GMT+0000 (Coordinated Universal Time)
b9778501-ade6-4cfe-bf01-ee566f2b5643,Taino Arts (Hartford),Hartford,CT,live_unclaimed,active,Arts & Culture,Latino / Indigenous Arts,226 Farmington Ave,,,41.766300,-72.693600,Tue Aug 11 2026 00:00:00 GMT+0000 (Coordinated Universal Time)
ca1d3751-3afa-4ac0-9c2c-20f96b305ee4,The Rolling Roti,Hartford,CT,live_unclaimed,active,Food,Caribbean,"Various locations, Hartford, CT",,,41.765800,-72.685100,Sat Aug 08 2026 00:00:00 GMT+0000 (Coordinated Universal Time)
58202a7f-379b-445b-a457-3acdc854485b,The Russell,Hartford,CT,live_unclaimed,active,Food,Caribbean,"Downtown, Hartford, CT",,,41.765800,-72.685100,Sat Aug 08 2026 00:00:00 GMT+0000 (Coordinated Universal Time)
5a4320ee-eaa0-4bc7-b424-96466081cdba,Bronzing & Sugaring Studio,Hatboro,PA,live_unclaimed,active,Beauty & Personal Care,Salon & Spa,136 S. York Road,,,40.174500,-75.107000,Wed Aug 12 2026 00:00:00 GMT+0000 (Coordinated Universal Time)
5655dba1-d0a0-4681-a124-09e849d2502e,Cyrenity Sips Winery,Hatboro,PA,live_unclaimed,active,Food,Winery,"Hatboro, PA 19040",,,40.174600,-75.106800,Wed Aug 12 2026 00:00:00 GMT+0000 (Coordinated Universal Time)
d83e58cc-8d7c-46dc-a296-dd717e8af363,Razor Reese's Salon,Hatboro,PA,live_unclaimed,active,Beauty & Personal Care,Hair Salons,"Hatboro, PA 19040",,,40.174600,-75.106800,Wed Aug 12 2026 00:00:00 GMT+0000 (Coordinated Universal Time)
c8ba0ffc-6566-4e1f-9a4d-cd4abb8c89f4,The Lighthouse Café,Hermosa Beach,CA,live_unclaimed,active,Entertainment & Recreation,Jazz & Live Music,30 Pier Ave,,,33.859100,-118.399500,Tue Aug 11 2026 00:00:00 GMT+0000 (Coordinated Universal Time)
a3640d48-d14d-4526-b498-44c7cc0de307,Blackstonez Nail Bar,Hillside,NJ,live_unclaimed,active,Beauty & Personal Care,Nail Salons & Nail Artists,"Hillside, NJ",,,40.694000,-74.228200,Sun Aug 09 2026 00:00:00 GMT+0000 (Coordinated Universal Time)
a93d8757-bc34-4cb1-b89f-69275d29c19d,El Floridita Restaurant & Salsa Club,Hollywood,CA,live_unclaimed,active,Entertainment & Recreation,Latin Nightclub & Restaurant,1253 N Vine St,,,34.096800,-118.326200,Tue Aug 11 2026 00:00:00 GMT+0000 (Coordinated Universal Time)
e10c07e0-6a0b-47cb-84d9-8dc29115f395,Homestead Bilingual Dental,Homestead,FL,live_unclaimed,active,Health & Wellness,Dental,1245 N Krome Ave,,,25.478700,-80.478000,Tue Aug 11 2026 00:00:00 GMT+0000 (Coordinated Universal Time)
50e6ca7f-2aa7-40b6-b797-35cb1b88ae57,Homestead Farmworker Legal Aid,Homestead,FL,live_unclaimed,active,Community Organizations,Legal Aid / Immigration,1020 N Krome Ave Suite 202,,,25.479600,-80.477200,Tue Aug 11 2026 00:00:00 GMT+0000 (Coordinated Universal Time)
466d1252-d384-492a-9a0c-1a03f61ffe7d,Homestead Migrant Families Daycare,Homestead,FL,live_unclaimed,active,Childcare & Early Education,Daycare,1150 NE 8th St,,,25.473200,-80.463000,Tue Aug 11 2026 00:00:00 GMT+0000 (Coordinated Universal Time)
dd5cbb29-4987-41c8-aee8-f0fedb959f90,La Tía Paisa Taco Shop,Homewood,AL,live_unclaimed,active,Food,Mexican,"406 W Valley Ave, Homewood, AL",,,33.466800,-86.800200,Sat Aug 08 2026 00:00:00 GMT+0000 (Coordinated Universal Time)
908a9eb5-ead3-4c84-b07c-c2ddc67ac945,Mr. Chen's Authentic Chinese Cooking & Hometown Supermarket,Homewood,AL,live_unclaimed,active,Food,Food,"808 Green Springs Hwy, Homewood, AL",,,33.466800,-86.800200,Sat Aug 08 2026 00:00:00 GMT+0000 (Coordinated Universal Time)
62f0077f-dde1-4dd8-b368-00cf88f87cd8,Red Sea Ethiopian & Mediterranean Restaurant,Homewood,AL,live_unclaimed,active,Food,Ethiopian,"22 Green Springs Hwy, Homewood, AL",,,33.466800,-86.800200,Sat Aug 08 2026 00:00:00 GMT+0000 (Coordinated Universal Time)
9639f963-9226-462b-855a-1f57bc903896,Pho Pho Asian Cuisine,Hoover,AL,live_unclaimed,active,Food,Vietnamese,"1580 Montgomery Hwy, Hoover, AL",,,33.405100,-86.811400,Sat Aug 08 2026 00:00:00 GMT+0000 (Coordinated Universal Time)
056404ec-1890-4bbd-aa1c-3e293c80ad92,Duke's Cafe,Horsham,PA,live_unclaimed,active,Food,Food,"Horsham, PA 19044",,,40.143400,-75.115700,Thu Aug 13 2026 00:00:00 GMT+0000 (Coordinated Universal Time)
bd7c33d6-db8d-43a6-9670-23f54431468b,Horsham Diverse Families Daycare,Horsham,PA,live_unclaimed,active,Childcare & Early Education,Daycare,400 Horsham Rd,,,40.172800,-75.145100,Tue Aug 11 2026 00:00:00 GMT+0000 (Coordinated Universal Time)
ffe62adb-73fc-41d7-ba53-89ebfa88a450,99 Ranch Market — Bellaire,Houston,TX,live_unclaimed,active,Retail,Asian Grocery,9889 Bellaire Blvd,https://99ranch.com,,29.706700,-95.545000,Tue Aug 11 2026 00:00:00 GMT+0000 (Coordinated Universal Time)
9e0e8d4c-54d7-4b70-8dac-90d80d89f55d,Adeola's Jollof Truck — Houston,Houston,TX,live_unclaimed,active,Food Trucks,Lunch & Dinner,"3018 Emancipation Ave, Houston, TX",,,29.741300,-95.354900,Thu Aug 13 2026 00:00:00 GMT+0000 (Coordinated Universal Time)
1a7d20e4-4070-461d-b93c-5c6fb6b4a18e,African Diaspora Bookstore,Houston,TX,live_unclaimed,active,Retail,Bookstore,"2304 Stuart St, Houston, TX 77004",,,29.760400,-95.369800,Sat Aug 08 2026 00:00:00 GMT+0000 (Coordinated Universal Time)
8122944e-56d2-4c2b-967c-3cc03a7ddb35,Afrikiko Restaurant,Houston,TX,live_unclaimed,active,Food,West African,"9625 Bissonnet St, Houston, TX 77036",,,29.760400,-95.369800,Sat Aug 08 2026 00:00:00 GMT+0000 (Coordinated Universal Time)
ff594e50-d66f-4eef-be9f-a5fe803c2332,Al Aseel Grill & Cafe,Houston,TX,live_unclaimed,active,Food,Middle Eastern,"8619 Richmond Ave, Houston, TX 77063",,,29.760400,-95.369800,Sat Aug 08 2026 00:00:00 GMT+0000 (Coordinated Universal Time)
07918137-406f-4491-9633-c5557038601e,Alief Asian Auto Care,Houston,TX,live_unclaimed,active,Professional Services,Auto Repair,11305 Bellaire Blvd,,,29.706400,-95.551700,Tue Aug 11 2026 00:00:00 GMT+0000 (Coordinated Universal Time)
d386e898-cd56-4e08-aea5-68f979ddf6f2,Alief Electric — Minority-Owned,Houston,TX,live_unclaimed,active,Professional Services,Electrical,11302 Alief Clodine Rd,,,29.710300,-95.567200,Tue Aug 11 2026 00:00:00 GMT+0000 (Coordinated Universal Time)
675bcfe4-6d0b-4666-958f-df0a88df591d,Alief Family Dental — Multilingual,Houston,TX,live_unclaimed,active,Health & Wellness,Dental,10601 Westheimer Rd Suite 200,,,29.737300,-95.540800,Tue Aug 11 2026 00:00:00 GMT+0000 (Coordinated Universal Time)
ab6f1d12-ffbb-4bf1-a613-29deb107c4a9,Alief Vietnamese-American Daycare Center,Houston,TX,live_unclaimed,active,Childcare & Early Education,Bilingual Daycare,11424 Beechnut St,,,29.706200,-95.559100,Tue Aug 11 2026 00:00:00 GMT+0000 (Coordinated Universal Time)
2e9551c8-b59e-4c50-b312-e11d0f471eb7,Alief Vietnamese Dental — Dr. Nguyen,Houston,TX,live_unclaimed,active,Health & Wellness,Dental,11200 Bellaire Blvd Suite 100,,,29.707200,-95.553100,Tue Aug 11 2026 00:00:00 GMT+0000 (Coordinated Universal Time)
09cb9cbc-e134-47c3-b84d-d787a0abc312,Ali's Halal Kitchen — Houston,Houston,TX,live_unclaimed,active,Food,Halal,5700 Hillcroft Ave,,,29.701200,-95.491100,Mon Aug 10 2026 00:00:00 GMT+0000 (Coordinated Universal Time)
c1c165de-73b9-40f1-9a34-5dc12847d65d,Axelrad Beer Garden — Midtown,Houston,TX,live_unclaimed,active,Entertainment & Recreation,Bar / Beer Garden,1517 Alabama St,https://axelradhouston.com,,29.735600,-95.376000,Tue Aug 11 2026 00:00:00 GMT+0000 (Coordinated Universal Time)
263c50cb-4c23-4e4e-8b05-e9330ee9a0a4,Bahel Ethiopean Mart,Houston,TX,live_unclaimed,active,Food,Ethiopian,"6509 Chimney Rock Rd, Houston, TX 77081",,,29.760400,-95.369800,Sat Aug 08 2026 00:00:00 GMT+0000 (Coordinated Universal Time)
a386da81-66b7-4e2a-a05f-a979e49bc4a1,Black Doctors Collective — Houston,Houston,TX,live_unclaimed,active,Health & Wellness,Primary Care,7210 Scott St,,,29.696700,-95.368900,Mon Aug 10 2026 00:00:00 GMT+0000 (Coordinated Universal Time)
f865bff5-b521-4c0b-8c91-213d520fb034,Braids by Essence — Houston,Houston,TX,live_unclaimed,active,Beauty & Personal Care,Braiding Salon,9119 S Post Oak Rd,,,29.680000,-95.465700,Mon Aug 10 2026 00:00:00 GMT+0000 (Coordinated Universal Time)
aec14bb1-a6af-4bdf-ae76-de91ab55f680,Breakfast Klub,Houston,TX,live_unclaimed,active,Food,Breakfast / Brunch,3711 Travis St,https://thebreakfastklubb.com,,29.739600,-95.381700,Tue Aug 11 2026 00:00:00 GMT+0000 (Coordinated Universal Time)
e9e73338-6578-4660-998c-8e2157c9dca2,Brentwood Baptist Church Houston,Houston,TX,live_unclaimed,active,Faith & Spirituality,Baptist Church,13033 Landmark St,https://brentwoodbaptist.com,,29.683400,-95.395400,Mon Aug 10 2026 00:00:00 GMT+0000 (Coordinated Universal Time)
cb685d58-8a6c-416e-9ac3-5136e6a186de,Buffalo Soldiers National Museum,Houston,TX,live_unclaimed,active,Arts & Culture,Military History Museum,3816 Caroline St,https://buffalosoldiermuseum.com,,29.738300,-95.365100,Mon Aug 10 2026 00:00:00 GMT+0000 (Coordinated Universal Time)
cffd7b79-e8f0-4483-81b6-ba4a415c58e3,Café TH — Houston,Houston,TX,live_unclaimed,active,Food,Vietnamese,2108 Pease St,https://cafethhouston.com,,29.750100,-95.370700,Tue Aug 11 2026 00:00:00 GMT+0000 (Coordinated Universal Time)
7c8ba95f-5505-42f4-961a-c24d8068d4c0,Child Advocates Houston,Houston,TX,live_unclaimed,active,Children & Family,Child Advocacy,2401 Fountain View Dr,https://childadvocates.org,,29.742400,-95.475500,Mon Aug 10 2026 00:00:00 GMT+0000 (Coordinated Universal Time)
6334c4e3-4553-46a4-96a3-ebdc65471db1,ChopnBlok,Houston,TX,live_unclaimed,active,Food,West African,"401 Franklin St, Houston, TX 77201",,,29.760400,-95.369800,Sat Aug 08 2026 00:00:00 GMT+0000 (Coordinated Universal Time)
bebe243e-766f-49b6-aa04-400c4e96b40e,Cielito Cafe,Houston,TX,live_unclaimed,active,Food,Mexican,"1915 Dunlavy St, Houston, TX 77006",,,29.760400,-95.369800,Sat Aug 08 2026 00:00:00 GMT+0000 (Coordinated Universal Time)
aeec4c99-d989-4154-a27f-b4eab0ba1d5f,Clé Houston,Houston,TX,live_unclaimed,active,Entertainment & Recreation,Nightclub,2301 Main St,https://clehouston.com,,29.750600,-95.370600,Mon Aug 10 2026 00:00:00 GMT+0000 (Coordinated Universal Time)
43656421-82fa-43d7-8832-b522b45a6e5c,Cloud Chief & Co.,Houston,TX,live_unclaimed,active,Retail,Retail,"Houston, TX (Check website for current pop-up locations)",,,29.760400,-95.369800,Sat Aug 08 2026 00:00:00 GMT+0000 (Coordinated Universal Time)
944d91b4-7445-4d2e-a29f-78d33a30ed8e,Curl It Up Natural Hair Studio — Houston,Houston,TX,live_unclaimed,active,Beauty & Personal Care,Natural Hair Salon,3600 Southmore Blvd,,,29.710100,-95.374600,Mon Aug 10 2026 00:00:00 GMT+0000 (Coordinated Universal Time)
a1523540-bc48-4af0-8e3d-3e665128ae99,Day 6 Coffee Co.,Houston,TX,live_unclaimed,active,Retail,Vietnamese,"910 Prairie St, Houston, TX 77002",,,29.760400,-95.369800,Sat Aug 08 2026 00:00:00 GMT+0000 (Coordinated Universal Time)
c961bcf1-514a-4957-8850-c24bac41ba03,"Dr. Kamala Cooper, MD — OB-GYN Houston",Houston,TX,live_unclaimed,active,Health & Wellness,OB-GYN,6620 Main St,,,29.713900,-95.412700,Mon Aug 10 2026 00:00:00 GMT+0000 (Coordinated Universal Time)
fb11560d-c162-4b22-b232-d348958db165,Eko Kitchen Nigerian Restaurant,Houston,TX,live_unclaimed,active,Food,Nigerian / West African,8338 Fondren Rd,,,29.702500,-95.514200,Tue Aug 11 2026 00:00:00 GMT+0000 (Coordinated Universal Time)
28fabec5-4c90-4be2-9b4a-fe3183497d09,El Rey Taquería,Houston,TX,live_unclaimed,active,Food,Mexican / Taquería,4410 Telephone Rd,https://elreytaqueria.com,,29.702600,-95.335800,Tue Aug 11 2026 00:00:00 GMT+0000 (Coordinated Universal Time)
fc85d642-a617-4e0c-bf37-3dcac0bce1fb,El Tiempo Cantina — Latino Night,Houston,TX,live_unclaimed,active,Food,Restaurant / Bar,3130 Richmond Ave,,,29.739100,-95.437200,Tue Aug 11 2026 00:00:00 GMT+0000 (Coordinated Universal Time)
420124cf-9671-4d1d-9059-80db97691fa8,Emancipation Park,Houston,TX,live_unclaimed,active,Arts & Culture,Historic Park / Cultural Site,3018 Emancipation Ave,https://emancipationparkconservancy.org,,29.744900,-95.356100,Tue Aug 11 2026 00:00:00 GMT+0000 (Coordinated Universal Time)
446415c9-852e-4138-a8c7-3174fed7a888,Emporio Brazilian Grill,Houston,TX,live_unclaimed,active,Food,Brazilian,"12288 Westheimer Rd, Houston, TX 77077",,,29.760400,-95.369800,Sat Aug 08 2026 00:00:00 GMT+0000 (Coordinated Universal Time)
011a0d8d-e5bb-4164-b088-cd13b829b1b3,Enhabit Home Health & Hospice — Houston,Houston,TX,live_unclaimed,active,Children & Family,Elder Care & Home Health,4550 Post Oak Place Dr,https://www.enhabit.com,,29.738800,-95.461900,Mon Aug 10 2026 00:00:00 GMT+0000 (Coordinated Universal Time)
2,Essence Beauty Lounge,Houston,TX,permanently_hidden,active,Beauty & Personal Care,Salon & Spa,3412 Westheimer Rd,essencebeautylounge.com,(713) 555-0247,29.738400,-95.462000,Thu Jun 18 2026 00:00:00 GMT+0000 (Coordinated Universal Time)
cc31c41c-b4db-4a71-87ae-c0a737a0baff,Eze Nigerian Tax & Accounting — Houston,Houston,TX,live_unclaimed,active,Professional Services,Tax Preparation / Accounting,10813 Westpark Dr Suite B,,,29.715200,-95.551000,Tue Aug 11 2026 00:00:00 GMT+0000 (Coordinated Universal Time)
4ce38640-ad44-4224-b76b-2274b2cf5273,Fifth Ward Children's Academy,Houston,TX,live_unclaimed,active,Childcare & Early Education,Daycare,4210 Market St,,,29.764900,-95.340700,Tue Aug 11 2026 00:00:00 GMT+0000 (Coordinated Universal Time)
050289dd-70d4-4b57-8910-a53abef4dfde,Fifth Ward Community Dental,Houston,TX,live_unclaimed,active,Health & Wellness,Dental,4002 Lyons Ave,,,29.766500,-95.343100,Tue Aug 11 2026 00:00:00 GMT+0000 (Coordinated Universal Time)
c8a2f8d8-b8c5-49b7-a39d-01f83ccbbbc9,Fifth Ward Plumbing & Repair,Houston,TX,live_unclaimed,active,Professional Services,Plumbing,4521 Liberty Rd,,,29.773200,-95.318000,Tue Aug 11 2026 00:00:00 GMT+0000 (Coordinated Universal Time)
d7f9d6e5-a466-434d-a9ba-5efbe5627b30,Frenchy's Chicken,Houston,TX,live_unclaimed,active,Food,Fried Chicken / Soul Food,5489 Almeda Rd,https://frenchyschicken.com,,29.724800,-95.378600,Tue Aug 11 2026 00:00:00 GMT+0000 (Coordinated Universal Time)
8a3f961a-054c-42c5-9056-8b369a481ea8,Graffiti Bar — Third Ward Hip-Hop,Houston,TX,live_unclaimed,active,Entertainment & Recreation,Bar / Hip-Hop Venue,3400 Ennis St,,,29.723400,-95.367200,Tue Aug 11 2026 00:00:00 GMT+0000 (Coordinated Universal Time)
c12b9931-ac54-4f7f-9c19-9406ae22ba6a,Gulfstream HVAC — Houston,Houston,TX,live_unclaimed,active,Services,HVAC,6401 S Braeswood Blvd,,,29.688900,-95.444700,Mon Aug 10 2026 00:00:00 GMT+0000 (Coordinated Universal Time)
004b3b70-1231-4c68-ab83-c87cd8c47642,Gulfton Family Daycare — Bilingual,Houston,TX,live_unclaimed,active,Childcare & Early Education,Bilingual Daycare,6348 Renwick Dr,,,29.703100,-95.494400,Tue Aug 11 2026 00:00:00 GMT+0000 (Coordinated Universal Time)
65864573-14bd-487c-84c3-2cc268aab339,Gulfton Immigration Law,Houston,TX,live_unclaimed,active,Professional Services,Immigration Attorney,6500 Westheimer Rd Suite 100,,,29.737200,-95.495400,Tue Aug 11 2026 00:00:00 GMT+0000 (Coordinated Universal Time)
69613d55-2175-47dd-bf17-09b237675e78,Gulfton Latino Dental Care,Houston,TX,live_unclaimed,active,Health & Wellness,Dental,6500 Hillcroft Ave Suite A,,,29.700900,-95.492900,Tue Aug 11 2026 00:00:00 GMT+0000 (Coordinated Universal Time)
7f6d219a-bf5b-4faf-8b8f-fe5a2acfe29b,Gulfton Latino Tax Center,Houston,TX,live_unclaimed,active,Professional Services,Tax Preparation,6411 Bissonnet St Suite C,,,29.698100,-95.490000,Tue Aug 11 2026 00:00:00 GMT+0000 (Coordinated Universal Time)
a5f068d9-e27c-4988-bed8-b2ff6cbc0492,Habasha Ethiopian & Eritrean Restaurant — Houston,Houston,TX,live_unclaimed,active,Food,Ethiopian / Eritrean,5800 S Braeswood Blvd,,,29.681600,-95.452400,Mon Aug 10 2026 00:00:00 GMT+0000 (Coordinated Universal Time)
5ca635e0-5879-4c20-a8fa-39d8f73258f7,Hindu Sabha of Houston,Houston,TX,live_unclaimed,active,Faith & Spirituality,Hindu Temple,14231 Beechnut St,,,29.669700,-95.578500,Tue Aug 11 2026 00:00:00 GMT+0000 (Coordinated Universal Time)
c713ed06-4dfc-4db0-88cf-9a843f827b3f,House of Blues Houston,Houston,TX,live_unclaimed,active,Entertainment & Recreation,Live Music Venue,1204 Caroline St,https://houseofblues.com/houston,,29.749700,-95.372400,Mon Aug 10 2026 00:00:00 GMT+0000 (Coordinated Universal Time)
1be03403-930e-447c-9e1e-bb618a40cfee,Houston Birth Doula Collective,Houston,TX,live_unclaimed,active,Health & Wellness,Doula & Midwifery,2802 Albany St,,,29.722400,-95.370300,Mon Aug 10 2026 00:00:00 GMT+0000 (Coordinated Universal Time)
3ccec69a-fe18-45c5-98f6-804408192097,Houston Black HVAC,Houston,TX,live_unclaimed,active,Professional Services,HVAC,8822 Almeda Rd,,,29.685000,-95.380300,Tue Aug 11 2026 00:00:00 GMT+0000 (Coordinated Universal Time)
2e65646c-cf15-40c5-b36b-3f7c11fe9d64,Houston Black Law Group — Midtown,Houston,TX,live_unclaimed,active,Professional Services,Criminal Defense / Family Law,3200 Travis St Suite 400,,,29.738800,-95.375200,Tue Aug 11 2026 00:00:00 GMT+0000 (Coordinated Universal Time)
9446078a-b6b6-425a-aa7b-a6804c9d21a1,Houston Multicultural Therapy Center,Houston,TX,live_unclaimed,active,Health & Wellness,Mental Health Counseling,10710 Westheimer Rd Suite 730,,,29.737100,-95.540200,Tue Aug 11 2026 00:00:00 GMT+0000 (Coordinated Universal Time)
39093a39-8ac0-4cde-a329-92cc699364a6,Houston Museum of African American Culture,Houston,TX,live_unclaimed,active,Arts & Culture,History Museum,4807 Caroline St,https://hmaac.org,,29.720000,-95.384000,Tue Aug 11 2026 00:00:00 GMT+0000 (Coordinated Universal Time)
5a3d507c-6684-487e-8c4b-2300db999c84,Houston Smiles Dental — Third Ward,Houston,TX,live_unclaimed,active,Health & Wellness,Dentistry,2801 Emancipation Ave,,,29.744200,-95.362000,Mon Aug 10 2026 00:00:00 GMT+0000 (Coordinated Universal Time)
a857dae4-eebe-4b9b-b2ae-8a0a598d1c94,Houston Urban Real Estate,Houston,TX,live_unclaimed,active,Professional Services,Real Estate,3200 Southwest Fwy,,,29.732200,-95.423800,Mon Aug 10 2026 00:00:00 GMT+0000 (Coordinated Universal Time)
e52e2d9c-e376-4936-a5d8-b55848a00409,Hugo's Restaurant,Houston,TX,live_unclaimed,active,Food,Mexican Regional Cuisine,1600 Westheimer Rd,https://hugosrestaurant.net,,29.738100,-95.401700,Tue Aug 11 2026 00:00:00 GMT+0000 (Coordinated Universal Time)
905d733f-6ae0-4148-afa5-11b08b35332a,Igbo Union — Houston,Houston,TX,live_unclaimed,active,Community Organizations,Nigerian / Igbo Cultural Organization,Southwest Houston,,,29.691500,-95.532700,Tue Aug 11 2026 00:00:00 GMT+0000 (Coordinated Universal Time)
f22b43cb-9059-44d6-825e-b0232a97d350,ISGH Masjid Al-Islam Houston,Houston,TX,live_unclaimed,active,Faith & Spirituality,Mosque / Islamic Center,8410 Ranchester Dr,https://isgh.org,,29.711700,-95.527800,Mon Aug 10 2026 00:00:00 GMT+0000 (Coordinated Universal Time)
45b60b19-b48a-4da1-90b0-6191f084284d,Ishtia,Houston,TX,live_unclaimed,active,Food,Food,"609 Bradford Ave, Kemah, TX 77565",,,29.760400,-95.369800,Sat Aug 08 2026 00:00:00 GMT+0000 (Coordinated Universal Time)
33567744-9105-497b-8d94-fcff2214bdfe,Islamic Society of Greater Houston — Main Mosque,Houston,TX,live_unclaimed,active,Faith & Spirituality,Islamic Center,3110 Eastside St,,,29.738200,-95.401100,Mon Aug 10 2026 00:00:00 GMT+0000 (Coordinated Universal Time)
24f7fef0-15e8-4d50-9b12-74e78f8624cf,Jollof House — Houston,Houston,TX,live_unclaimed,active,Food,Nigerian / Ghanaian,11530 Fondren Rd,,,29.679700,-95.523400,Tue Aug 11 2026 00:00:00 GMT+0000 (Coordinated Universal Time)
9f0a3025-db56-4e4f-865e-db1251937fd9,Jordan & Associates — Houston Business Law,Houston,TX,live_unclaimed,active,Professional Services,Business Attorney,2425 W Loop S,,,29.737800,-95.464800,Mon Aug 10 2026 00:00:00 GMT+0000 (Coordinated Universal Time)
64172896-6022-4e57-9651-2530374229f9,JR's Bar & Grill Houston,Houston,TX,live_unclaimed,active,Entertainment & Recreation,LGBTQ Bar & Lounge,808 Pacific St,,,29.744000,-95.394000,Mon Aug 10 2026 00:00:00 GMT+0000 (Coordinated Universal Time)
457b162d-ed8e-4d4c-94b4-2d07dc569c86,Kim Son Restaurant,Houston,TX,live_unclaimed,active,Food,Vietnamese,2001 Jefferson St,https://kimson.com,,29.751800,-95.366200,Tue Aug 11 2026 00:00:00 GMT+0000 (Coordinated Universal Time)
61e0aa9f-f0fb-4c22-ad76-541ea186d5f7,Kindred Stories Bookshop — Houston,Houston,TX,live_unclaimed,active,Retail,Bookstore,5537 Richmond Ave,,,29.739400,-95.478300,Mon Aug 10 2026 00:00:00 GMT+0000 (Coordinated Universal Time)
8e32f654-a96a-4a02-acec-42d2e5e3d5f7,King of Cuts Barbershop Houston,Houston,TX,live_unclaimed,active,Beauty & Personal Care,Barbershop,2513 Blodgett St,,,29.719900,-95.379200,Mon Aug 10 2026 00:00:00 GMT+0000 (Coordinated Universal Time)
8d1e1134-60a3-40ac-8144-016e667b45f0,Kiran's Restaurant,Houston,TX,live_unclaimed,active,Food,Indian (Upscale),4100 Westheimer Rd,https://kiranshouston.com,,29.739500,-95.460100,Tue Aug 11 2026 00:00:00 GMT+0000 (Coordinated Universal Time)
8770801b-7326-4a8b-939c-27c34b9393f4,Lagos Kitchen — Houston,Houston,TX,live_unclaimed,active,Food,Nigerian,10001 Bissonnet St,,,29.677700,-95.522100,Mon Aug 10 2026 00:00:00 GMT+0000 (Coordinated Universal Time)
e9358530-7bee-485c-a1a5-5434c8835002,Legacy Community Health Houston,Houston,TX,live_unclaimed,active,Health & Wellness,Community Health Center,1415 California St,,,29.745400,-95.372200,Mon Aug 10 2026 00:00:00 GMT+0000 (Coordinated Universal Time)
66205b49-315e-40cf-b08f-8330860f5bf0,Les Givral's Sandwiches & Café,Houston,TX,live_unclaimed,active,Food,Vietnamese,2704 Milam St,,,29.745300,-95.370100,Tue Aug 11 2026 00:00:00 GMT+0000 (Coordinated Universal Time)
69a6362a-1865-4133-b9e2-37209641b242,Little Scholars Learning Center — Houston,Houston,TX,live_unclaimed,active,Education,Childcare / Daycare,4120 Reed Rd,,,29.674300,-95.378000,Mon Aug 10 2026 00:00:00 GMT+0000 (Coordinated Universal Time)
8893ef27-9718-4a11-be4c-f14977b05e34,Loc'd In Beauty Studio Houston,Houston,TX,live_unclaimed,active,Beauty & Personal Care,Loc Specialist,5513 Almeda Rd,,,29.717500,-95.368900,Mon Aug 10 2026 00:00:00 GMT+0000 (Coordinated Universal Time)
8b9d5475-ca70-48b2-953f-b6c247c78262,Lore Houston — Afrobeats Midtown,Houston,TX,live_unclaimed,active,Entertainment & Recreation,Bar / Nightclub,2513 Ralph St,,,29.739200,-95.378800,Tue Aug 11 2026 00:00:00 GMT+0000 (Coordinated Universal Time)
447dfaf8-025c-41ae-8f2a-0e05a634fc42,Lucille's Restaurant — Houston,Houston,TX,live_unclaimed,active,Food,Soul Food / Southern,5512 La Branch St,,,29.732700,-95.380200,Mon Aug 10 2026 00:00:00 GMT+0000 (Coordinated Universal Time)
54cfdf33-d326-4948-84df-ca3b8ae4757a,Lucy Ethiopian Restaurant & Lounge,Houston,TX,live_unclaimed,active,Food,Ethiopian,"6800 Southwest Fwy, Houston, TX 77074",,,29.760400,-95.369800,Sat Aug 08 2026 00:00:00 GMT+0000 (Coordinated Universal Time)
101,MacGregor Park Boxing,Houston,TX,permanently_hidden,active,Health & Wellness,Boxing & Fitness,5225 Calhoun Rd,,(713) 555-10127,29.698600,-95.356300,Thu Jun 18 2026 00:00:00 GMT+0000 (Coordinated Universal Time)
8941e047-9194-4bc6-91e7-37b0f88ca32f,McDonald's — Third Ward (Black Franchise Owner),Houston,TX,live_unclaimed,active,Food,Fast Food / Franchise,3015 Blodgett St,,,29.719500,-95.367900,Mon Aug 10 2026 00:00:00 GMT+0000 (Coordinated Universal Time)
8,Melanin Money Financial,Houston,TX,permanently_hidden,active,Finance,Financial Planning,3200 Main St,melaninmoney.com,(713) 555-0826,29.744900,-95.369800,Thu Jun 18 2026 00:00:00 GMT+0000 (Coordinated Universal Time)
7c7e41c6-62ff-4383-be49-c228f1c2ef3d,Midtown Houston Dental Group,Houston,TX,live_unclaimed,active,Health & Wellness,Dental,3615 Main St Suite 300,,,29.738500,-95.369500,Tue Aug 11 2026 00:00:00 GMT+0000 (Coordinated Universal Time)
984e47d0-00aa-40fc-9224-0e92d7a160d7,Midtown Houston Head Start,Houston,TX,live_unclaimed,active,Childcare & Early Education,Head Start,2615 Elgin St,,,29.734300,-95.373000,Tue Aug 11 2026 00:00:00 GMT+0000 (Coordinated Universal Time)
96b954db-8621-4f2a-8f1a-58bbb63a7f3f,Midtown Immigrant Advocates — Houston,Houston,TX,live_unclaimed,active,Community Organizations,Immigrant Legal Services,Spring Branch,,,29.799300,-95.526000,Tue Aug 11 2026 00:00:00 GMT+0000 (Coordinated Universal Time)
6f411196-3231-42ec-8fd5-0dc76377d258,Mitchell & Associates Criminal Defense — Houston,Houston,TX,live_unclaimed,active,Legal,Criminal Defense,917 Franklin St,,,29.758500,-95.367700,Mon Aug 10 2026 00:00:00 GMT+0000 (Coordinated Universal Time)
89c59e75-e83e-45f8-a7e3-9bb8fd83845a,Naija Jollof Restaurant,Houston,TX,live_unclaimed,active,Food,Nigerian / West African,6550 Hillcroft Ave,,,29.704100,-95.528300,Tue Aug 11 2026 00:00:00 GMT+0000 (Coordinated Universal Time)
e640e62e-5918-4072-828c-18777117e23a,Nigerian American Cultural Foundation — Houston,Houston,TX,live_unclaimed,active,Community & Organizations,Diaspora & Immigrant Services,5025 Almeda Rd,,,29.716400,-95.371200,Mon Aug 10 2026 00:00:00 GMT+0000 (Coordinated Universal Time)
d1eefa9f-ae2b-44ba-804e-119e9d75effa,Nigerian Community Daycare — Alief,Houston,TX,live_unclaimed,active,Childcare & Early Education,Daycare,10719 Westpark Dr,,,29.714800,-95.551700,Tue Aug 11 2026 00:00:00 GMT+0000 (Coordinated Universal Time)
3d5ab907-a75d-4efc-810d-8144161a8426,Ninfa's on Navigation,Houston,TX,live_unclaimed,active,Food,Tex-Mex / Mexican,2704 Navigation Blvd,https://ninfas.com,,29.746900,-95.337100,Tue Aug 11 2026 00:00:00 GMT+0000 (Coordinated Universal Time)
147ff197-3cb4-4fe6-95ea-81f89d9f9014,Pappadeaux Seafood Kitchen — Houston,Houston,TX,live_unclaimed,active,Food,Cajun / Seafood,6015 Westheimer Rd,https://pappadeaux.com,,29.739200,-95.501700,Tue Aug 11 2026 00:00:00 GMT+0000 (Coordinated Universal Time)
07a4d9d5-810f-4e32-bf55-df0d62e760c1,Phở Hòa — Houston,Houston,TX,live_unclaimed,active,Food,Vietnamese,11209 Bellaire Blvd,,,29.713000,-95.560300,Tue Aug 11 2026 00:00:00 GMT+0000 (Coordinated Universal Time)
b0cb2a32-a1ff-4472-a911-ba67113ced7f,Precious Little Ones Learning Academy,Houston,TX,live_unclaimed,active,Children & Family,Preschool & Early Education,9902 Almeda Genoa Rd,,,29.610800,-95.352000,Mon Aug 10 2026 00:00:00 GMT+0000 (Coordinated Universal Time)
100,Project Row Houses,Houston,TX,permanently_hidden,active,Education,Art & Community Housing,2521 Holman St,projectrowhouses.org,(713) 555-10014,29.722100,-95.358900,Thu Jun 18 2026 00:00:00 GMT+0000 (Coordinated Universal Time)
71f1f0b1-e622-4162-9b37-874a7a121da7,Prospera Insurance Group — Houston,Houston,TX,live_unclaimed,active,Professional Services,Insurance,2407 Blodgett St,,,29.720700,-95.379500,Mon Aug 10 2026 00:00:00 GMT+0000 (Coordinated Universal Time)
3a1329fd-3f1e-42a7-9a37-d48d33c653a9,RCCG Redemption Camp Houston,Houston,TX,live_unclaimed,active,Faith & Spirituality,Nigerian Church,11800 S Gessner Rd,,,29.668900,-95.531500,Tue Aug 11 2026 00:00:00 GMT+0000 (Coordinated Universal Time)
b0f7862b-ea8b-48e7-a88a-d8c532575b4d,Reggae Hut,Houston,TX,live_unclaimed,active,Food,Caribbean,"4814 Almeda Rd, Houston, TX 77004",,,29.760400,-95.369800,Sat Aug 08 2026 00:00:00 GMT+0000 (Coordinated Universal Time)
80ce0493-97a6-42fa-9679-36cd9319fd77,Southern Sunrise Breakfast — Houston,Houston,TX,live_unclaimed,active,Food Trucks,Breakfast,"6100 Martin Luther King Blvd, Houston, TX",,,29.720000,-95.353000,Thu Aug 13 2026 00:00:00 GMT+0000 (Coordinated Universal Time)
104d6529-5e5b-4387-9f36-fdbf161f0618,Southwest Early Head Start,Houston,TX,live_unclaimed,active,Children & Family,Childcare & Daycare,7620 Clarewood Dr,,,29.687600,-95.510700,Mon Aug 10 2026 00:00:00 GMT+0000 (Coordinated Universal Time)
153a557d-9951-4bd5-bca9-c0e2d19b0ffb,Spire Nightclub Houston,Houston,TX,live_unclaimed,active,Entertainment & Recreation,Nightclub,318 Gray St,https://spirenightclubhouston.com,,29.748800,-95.374100,Mon Aug 10 2026 00:00:00 GMT+0000 (Coordinated Universal Time)
46693445-f12f-47fd-b9a2-2470152d67f6,St. Francis of Assisi Catholic Church Houston,Houston,TX,live_unclaimed,active,Faith & Spirituality,Catholic,4201 Almeda Rd,,,29.721100,-95.367000,Mon Aug 10 2026 00:00:00 GMT+0000 (Coordinated Universal Time)
786f1d34-ec39-41ef-a53b-8cb26d7bbf22,Strong is Beautiful — Houston,Houston,TX,live_unclaimed,active,Health & Wellness,Fitness Center,5115 Almeda Rd,,,29.719200,-95.368800,Mon Aug 10 2026 00:00:00 GMT+0000 (Coordinated Universal Time)
132095e2-a120-40c5-ade5-54e93993deb7,Sunnyside Spin & Clean,Houston,TX,live_unclaimed,active,Home Services,Laundromat,4515 Reed Rd,,,29.661800,-95.384700,Thu Aug 13 2026 00:00:00 GMT+0000 (Coordinated Universal Time)
7ff68bab-8da1-4fbc-ba22-891217073666,Tan Tan Restaurant,Houston,TX,live_unclaimed,active,Food,Chinese / Vietnamese,6816 Ranchester Dr,,,29.709500,-95.544100,Tue Aug 11 2026 00:00:00 GMT+0000 (Coordinated Universal Time)
589598a9-3581-4776-9de3-eb67a66ff7b4,Texas Southern University,Houston,TX,live_unclaimed,active,Arts & Culture,HBCU,3100 Cleburne St,https://tsu.edu,,29.722400,-95.357100,Tue Aug 11 2026 00:00:00 GMT+0000 (Coordinated Universal Time)
177980cb-cc4d-4454-bcf5-fa1967327f16,The Greasy Spoon,Houston,TX,live_unclaimed,active,Food,Soul Food,"636 Cypress Station Dr, Houston, TX 77090",,,29.760400,-95.369800,Sat Aug 08 2026 00:00:00 GMT+0000 (Coordinated Universal Time)
dfd09990-12c0-4fac-b3e1-67e6000eb7f8,The Loc Shop Houston,Houston,TX,live_unclaimed,active,Beauty & Personal Care,Loc Specialist,3400 Montrose Blvd,,,29.747700,-95.395600,Mon Aug 10 2026 00:00:00 GMT+0000 (Coordinated Universal Time)
8c113ec7-3426-4401-9dce-ab1ed8730f14,The Melanin Tattoo Collective — Houston,Houston,TX,live_unclaimed,active,Beauty & Personal Care,Tattoo Studio,3900 Main St,,,29.725900,-95.380900,Mon Aug 10 2026 00:00:00 GMT+0000 (Coordinated Universal Time)
0845473b-cb77-4988-8db0-fba34e6da1b4,The Spot Bar & Lounge — Houston,Houston,TX,live_unclaimed,active,Entertainment & Recreation,Bar / Lounge,2520 Blodgett St,,,29.720800,-95.380000,Mon Aug 10 2026 00:00:00 GMT+0000 (Coordinated Universal Time)
e27b72e6-8ea8-48ac-8d81-7665c610d2a3,Third Ward Auto Clinic,Houston,TX,live_unclaimed,active,Professional Services,Auto Repair,3901 Blodgett St,,,29.725200,-95.356100,Tue Aug 11 2026 00:00:00 GMT+0000 (Coordinated Universal Time)
3aa4893c-6977-496b-91dd-1ef335d7cc10,Third Ward Auto Service — Houston,Houston,TX,live_unclaimed,active,Home & Trades,Auto Mechanic,3601 Holman St,,,29.729700,-95.369200,Mon Aug 10 2026 00:00:00 GMT+0000 (Coordinated Universal Time)
68f3d53a-7213-4ae8-8d0a-8f6530387367,Third Ward Brisket,Houston,TX,live_unclaimed,active,Food Trucks,Lunch & Dinner,"3100 Dowling St, Houston, TX",,,29.754000,-95.360300,Thu Aug 13 2026 00:00:00 GMT+0000 (Coordinated Universal Time)
99,Third Ward Community Market,Houston,TX,permanently_hidden,active,Retail,Community Market,3516 Wheeler Ave,,(713) 555-9901,29.723800,-95.366600,Thu Jun 18 2026 00:00:00 GMT+0000 (Coordinated Universal Time)
56afbabb-d33c-4e6f-aa62-3b063500e4f5,Third Ward Dental Center,Houston,TX,live_unclaimed,active,Health & Wellness,Dental,3501 Blodgett St,,,29.725700,-95.360300,Tue Aug 11 2026 00:00:00 GMT+0000 (Coordinated Universal Time)
732e7e70-2392-4d7a-9801-f93f577fd49a,Third Ward Plumbing Co. — Houston,Houston,TX,live_unclaimed,active,Home & Trades,Plumbing,2410 Blodgett St,,,29.731700,-95.368500,Mon Aug 10 2026 00:00:00 GMT+0000 (Coordinated Universal Time)
2078725d-bfa7-453b-b4b2-3a8da61f10d1,Third Ward Plumbing — Houston,Houston,TX,live_unclaimed,active,Services,Plumbing,3217 Blodgett St,,,29.720300,-95.370000,Mon Aug 10 2026 00:00:00 GMT+0000 (Coordinated Universal Time)
e8bd2f85-1ca3-4d94-b612-72254cb96e7f,Third Ward Plumbing Pros,Houston,TX,live_unclaimed,active,Professional Services,Plumbing,3812 Blodgett St,,,29.724800,-95.357300,Tue Aug 11 2026 00:00:00 GMT+0000 (Coordinated Universal Time)
a46c1219-2047-447a-8397-dc578f2d8eae,Third Ward Tax Services,Houston,TX,live_unclaimed,active,Professional Services,Tax Preparation,3510 Tierwester St,,,29.722800,-95.357200,Tue Aug 11 2026 00:00:00 GMT+0000 (Coordinated Universal Time)
d2c06472-8ee9-428e-b9b8-74e123c1282f,Third Ward Wash Center,Houston,TX,live_unclaimed,active,Home Services,Laundromat,3108 Emancipation Ave,,,29.751700,-95.365800,Thu Aug 13 2026 00:00:00 GMT+0000 (Coordinated Universal Time)
c77bf079-dbc0-487e-bd8c-7be41ca6ae35,Third Ward Wellness & Therapy,Houston,TX,live_unclaimed,active,Health & Wellness,Mental Health Counseling,3103 Calhoun Rd Suite 200,,,29.727900,-95.359400,Tue Aug 11 2026 00:00:00 GMT+0000 (Coordinated Universal Time)
ea4da867-400e-4285-a8ce-33f254435722,This Is It! Soul Food,Houston,TX,live_unclaimed,active,Food,Soul Food,207 Gray St,https://thisisitsoulfood.com,,29.753400,-95.374800,Tue Aug 11 2026 00:00:00 GMT+0000 (Coordinated Universal Time)
4f239e25-6963-42cd-9967-41b4666882ea,Total Comfort HVAC — Houston,Houston,TX,live_unclaimed,active,Home & Trades,HVAC,9511 W Airport Blvd,,,29.689200,-95.546100,Mon Aug 10 2026 00:00:00 GMT+0000 (Coordinated Universal Time)
fe3ae5c4-0f80-4f4e-9681-35b0cf14d98d,Treats of Mexico,Houston,TX,live_unclaimed,active,Retail,Mexican,"724 Telephone Rd, Houston, TX 77023",,,29.760400,-95.369800,Sat Aug 08 2026 00:00:00 GMT+0000 (Coordinated Universal Time)
08ad6833-26c9-4bf0-a5ff-8d7e712ea013,TSU Little Tigers Learning Center,Houston,TX,live_unclaimed,active,Childcare & Early Education,Daycare,3205 Cleburne St,,,29.725200,-95.364800,Tue Aug 11 2026 00:00:00 GMT+0000 (Coordinated Universal Time)
ed16ef1f-7a76-4e3e-a194-518fd8176c1a,Vera Institute — Houston Immigration Court Clinic,Houston,TX,live_unclaimed,active,Legal,Immigration Law,1115 Texas Ave,https://www.vera.org,,29.753500,-95.367700,Mon Aug 10 2026 00:00:00 GMT+0000 (Coordinated Universal Time)
3521a11d-a12b-4ac1-9f0f-1d2f65c25eda,Viet Hoa Food Market,Houston,TX,live_unclaimed,active,Retail,Vietnamese / Asian Grocery,8200 Wilcrest Dr,,,29.712100,-95.538800,Tue Aug 11 2026 00:00:00 GMT+0000 (Coordinated Universal Time)
c64fe7ca-e5e0-4716-a734-4604a01102a2,Vietnamese American Legal Services — Houston,Houston,TX,live_unclaimed,active,Professional Services,Immigration / Family Law,11000 Bellaire Blvd Suite 200,,,29.707800,-95.549800,Tue Aug 11 2026 00:00:00 GMT+0000 (Coordinated Universal Time)
c820cbe0-4bb7-42e7-a535-8048651bba74,Wheeler Avenue Baptist Church,Houston,TX,live_unclaimed,active,Faith & Spirituality,Baptist,3826 Wheeler Ave,,,29.720200,-95.373800,Mon Aug 10 2026 00:00:00 GMT+0000 (Coordinated Universal Time)
938d23d8-0f05-4bd2-a4d2-d2ab7f72195e,Williams & Sons General Contractors — Houston,Houston,TX,live_unclaimed,active,Services,General Contractor,7830 Old Spanish Trail,,,29.701200,-95.361800,Mon Aug 10 2026 00:00:00 GMT+0000 (Coordinated Universal Time)
47e504a9-ee4e-47bb-be3b-d1bfc2862466,Windsor Village United Methodist Church,Houston,TX,live_unclaimed,active,Faith & Spirituality,United Methodist,6011 W Orem Dr,,,29.664000,-95.483000,Mon Aug 10 2026 00:00:00 GMT+0000 (Coordinated Universal Time)
71aaa9b7-5b89-46b1-b969-4cebdd5ab326,Winners Chapel International — Houston,Houston,TX,live_unclaimed,active,Faith & Spirituality,Nigerian Church,5107 Westheimer Rd,,,29.738700,-95.464800,Tue Aug 11 2026 00:00:00 GMT+0000 (Coordinated Universal Time)
880f3a0f-837c-44f9-9885-6eeeeeba1ad5,Adelante Inc. Indianapolis,Indianapolis,IN,live_unclaimed,active,Community Organizations,Latino Community Services,901 S Meridian St,https://adelanteinc.org,,39.760700,-86.156500,Tue Aug 11 2026 00:00:00 GMT+0000 (Coordinated Universal Time)
f42318f6-193c-4622-97bb-4cf4d21d2648,Axum Ethiopian Restaurant,Indianapolis,IN,live_unclaimed,active,Food,Ethiopian,"Downtown, Indianapolis, IN",,,39.768400,-86.158100,Sat Aug 08 2026 00:00:00 GMT+0000 (Coordinated Universal Time)
0f1fa1a2-4da9-4859-bc19-a03b0e2a90de,BODHI,Indianapolis,IN,live_unclaimed,active,Food,Thai,"Mass Ave, Indianapolis, IN",,,39.768400,-86.158100,Sat Aug 08 2026 00:00:00 GMT+0000 (Coordinated Universal Time)
90235f06-088e-4ef2-bf8a-08226031a68a,Burma's Grocery Indianapolis,Indianapolis,IN,live_unclaimed,active,Retail,Burmese Grocery,4210 Georgetown Rd,,,39.829900,-86.222600,Tue Aug 11 2026 00:00:00 GMT+0000 (Coordinated Universal Time)
3c71b485-e250-46c7-8a94-45d8c6bbe2b5,Crispus Attucks Museum,Indianapolis,IN,live_unclaimed,active,Arts & Culture,Museum / Historic Site,1140 Martin Luther King Jr St,https://attucksmuseum.net,,39.782200,-86.153800,Tue Aug 11 2026 00:00:00 GMT+0000 (Coordinated Universal Time)
756e3fdc-b201-4e9e-a73e-27fc1eb40a02,Duos Restaurant Indianapolis,Indianapolis,IN,live_unclaimed,active,Food,Soul Food / American,601 Indiana Ave,,,39.774400,-86.160900,Tue Aug 11 2026 00:00:00 GMT+0000 (Coordinated Universal Time)
2d622549-be63-46f2-8eda-fc5f4fce848a,His Place Eatery,Indianapolis,IN,live_unclaimed,active,Food,Indian,"Eastside, Indianapolis, IN",,,39.768400,-86.158100,Sat Aug 08 2026 00:00:00 GMT+0000 (Coordinated Universal Time)
18273216-0eac-40cd-ab94-082db809bbe8,Indiana Black Expo,Indianapolis,IN,live_unclaimed,active,Community Organizations,Cultural Organization / Economic Empowerment,3145 N Meridian St,https://indianablackexpo.com,,39.820200,-86.155400,Tue Aug 11 2026 00:00:00 GMT+0000 (Coordinated Universal Time)
4f801936-f701-44a0-b06b-9cf0960a9350,Indy Reads (Indianapolis Literacy Organization),Indianapolis,IN,live_unclaimed,active,Community Organizations,Literacy / Education,902 N Capitol Ave,https://indyreads.org,,39.779300,-86.155100,Tue Aug 11 2026 00:00:00 GMT+0000 (Coordinated Universal Time)
8f1fe91c-1e98-4ba0-a775-cfc8db392fb7,Loudmouth Books,Indianapolis,IN,live_unclaimed,active,Retail,Bookstore,"Herron-Morton Place, Indianapolis, IN",,,39.768400,-86.158100,Sat Aug 08 2026 00:00:00 GMT+0000 (Coordinated Universal Time)
a207d06f-cd60-4279-93a6-7a27511c0ef6,Madame Walker Legacy Center,Indianapolis,IN,live_unclaimed,active,Arts & Culture,Cultural Center / Theater,617 Indiana Ave,https://walkertheatre.com,,39.774100,-86.160700,Tue Aug 11 2026 00:00:00 GMT+0000 (Coordinated Universal Time)
33e60140-144a-4df0-8a15-dcbd938a7018,Mansion Society,Indianapolis,IN,live_unclaimed,active,Food,Food,"Near Westside, Indianapolis, IN",,,39.768400,-86.158100,Sat Aug 08 2026 00:00:00 GMT+0000 (Coordinated Universal Time)
81496c69-b0db-46f6-9409-4052d09faf76,Mommy Thai,Indianapolis,IN,live_unclaimed,active,Food,Thai,"Southside, Indianapolis, IN",,,39.768400,-86.158100,Sat Aug 08 2026 00:00:00 GMT+0000 (Coordinated Universal Time)
23932877-6ece-42b8-b4f4-96225d108334,One Love Jamaica Kitchen (Indianapolis),Indianapolis,IN,live_unclaimed,active,Food,Caribbean / Jamaican Restaurant,4330 N Keystone Ave,,,39.839400,-86.120400,Tue Aug 11 2026 00:00:00 GMT+0000 (Coordinated Universal Time)
a7c581c7-884e-42a9-8a0e-2bd34c307092,Pepito's Mexican Restaurant Indianapolis,Indianapolis,IN,live_unclaimed,active,Food,Mexican Restaurant,5601 W Washington St,,,39.772700,-86.226700,Tue Aug 11 2026 00:00:00 GMT+0000 (Coordinated Universal Time)
00fd942b-5b10-47d2-b866-7b1424713220,Tlaolli,Indianapolis,IN,live_unclaimed,active,Food,Mexican,"Near Eastside, Indianapolis, IN",,,39.768400,-86.158100,Sat Aug 08 2026 00:00:00 GMT+0000 (Coordinated Universal Time)
f655369a-0ed3-4263-985f-0bb493a19442,Yum Village,Indianapolis,IN,live_unclaimed,active,Food,Caribbean,"Circle City Eats, Indianapolis, IN",,,39.768400,-86.158100,Sat Aug 08 2026 00:00:00 GMT+0000 (Coordinated Universal Time)
40f2c5e0-191d-470c-a427-5c4a62a8df9a,Centinela Hospital Medical Center,Inglewood,CA,live_unclaimed,active,Health & Wellness,Hospital,555 E Hardy St,,,33.951900,-118.348400,Tue Aug 11 2026 00:00:00 GMT+0000 (Coordinated Universal Time)
797b4ed4-1430-419f-adff-5fbf21c52deb,Coni'Seafood,Inglewood,CA,live_unclaimed,active,Food,Mexican Seafood,3544 W Imperial Hwy,,,33.957500,-118.359700,Tue Aug 11 2026 00:00:00 GMT+0000 (Coordinated Universal Time)
eca1f64b-5ac9-49fd-b76d-b54c44942c55,Inglewood AM Truck,Inglewood,CA,live_unclaimed,active,Food Trucks,Breakfast,"3900 W Manchester Blvd, Inglewood, CA",,,33.956800,-118.355100,Thu Aug 13 2026 00:00:00 GMT+0000 (Coordinated Universal Time)
97,Inglewood Beauty Supply & Salon,Inglewood,CA,permanently_hidden,active,Beauty & Personal Care,Salon & Beauty Supply,412 E Nutwood Ave,,(310) 555-9714,33.961000,-118.353100,Thu Jun 18 2026 00:00:00 GMT+0000 (Coordinated Universal Time)
f8e3598e-71bb-4dda-8a10-44e09ffc5dd3,Inglewood Clean Express,Inglewood,CA,live_unclaimed,active,Home Services,Laundromat,918 N La Brea Ave,,,33.967300,-118.342700,Thu Aug 13 2026 00:00:00 GMT+0000 (Coordinated Universal Time)
7bfbfc78-d2c8-412b-9f13-77ba71bb00af,Inglewood Dental Center,Inglewood,CA,live_unclaimed,active,Health & Wellness,Dental,919 S La Brea Ave,,,33.950000,-118.352100,Tue Aug 11 2026 00:00:00 GMT+0000 (Coordinated Universal Time)
0a2f5951-6486-4fc6-bc4d-5e7a0fe593ba,Inglewood Elevated,Inglewood,CA,live_unclaimed,active,Cannabis & Dispensary,Cannabis Dispensary,"1050 E Manchester Blvd, Inglewood, CA",,,33.956700,-118.334100,Thu Aug 13 2026 00:00:00 GMT+0000 (Coordinated Universal Time)
fdd3f989-f763-41bd-a7f9-016fc1f2f280,Inglewood Family Childcare Center,Inglewood,CA,live_unclaimed,active,Childcare & Early Education,Daycare,124 E Pender St,,,33.961500,-118.348100,Tue Aug 11 2026 00:00:00 GMT+0000 (Coordinated Universal Time)
7a3d1e19-9bc7-4978-92b6-8aa6920399d1,Inglewood's Black Owned Bar & Lounge,Inglewood,CA,live_unclaimed,active,Entertainment & Recreation,Bar / Lounge,301 E Queen St,,,33.961200,-118.343200,Tue Aug 11 2026 00:00:00 GMT+0000 (Coordinated Universal Time)
f11d6453-2540-4ab5-9b58-5d73bb8580ab,Inglewood Tax & Business Center,Inglewood,CA,live_unclaimed,active,Professional Services,Tax Preparation / Accounting,421 N Market St,,,33.963100,-118.350900,Tue Aug 11 2026 00:00:00 GMT+0000 (Coordinated Universal Time)
eaa74f10-1b20-4a25-87b2-848897b43859,Serving Spoon,Inglewood,CA,live_unclaimed,active,Food,Soul Food,1403 W Manchester Ave,,,33.958100,-118.352600,Tue Aug 11 2026 00:00:00 GMT+0000 (Coordinated Universal Time)
b602dc59-e869-403c-8a12-7f9c6e12d487,Somali Community Services of LA,Inglewood,CA,live_unclaimed,active,Community Organizations,Somali Community,4801 W Century Blvd,,,33.949800,-118.366800,Tue Aug 11 2026 00:00:00 GMT+0000 (Coordinated Universal Time)
ee820dac-c06a-4a61-8a9e-5055ef628651,The Serving Spoon,Inglewood,CA,live_unclaimed,active,Food,Soul Food Breakfast,1403 Centinela Ave,,,33.963600,-118.350200,Tue Aug 11 2026 00:00:00 GMT+0000 (Coordinated Universal Time)
48,Dearborn Community Finance,Inkster,MI,permanently_hidden,active,Finance,Financial Planning,26263 Michigan Ave,inksterfinancial.com,(313) 555-4832,42.294700,-83.310200,Thu Jun 18 2026 00:00:00 GMT+0000 (Coordinated Universal Time)
44319eb5-b127-486f-9f42-519d1e722f4d,Bawarchi Biryanis — Irving,Irving,TX,live_unclaimed,active,Food,Indian / Hyderabadi,970 W Airport Fwy,https://bawarchibiryanis.com,,32.818300,-96.985100,Tue Aug 11 2026 00:00:00 GMT+0000 (Coordinated Universal Time)
46c34cae-521f-46e4-ba4a-c974ecf142c3,Ethiopian Orthodox Tewahedo Church — Dallas,Irving,TX,live_unclaimed,active,Faith & Spirituality,Ethiopian Orthodox Church,Irving,,,32.814000,-96.948900,Tue Aug 11 2026 00:00:00 GMT+0000 (Coordinated Universal Time)
20ea91f5-9af8-44f3-ad84-f002177ec194,La Familia Cortez — Irving,Irving,TX,live_unclaimed,active,Food,Mexican,3103 W Pioneer Dr,,,32.855900,-97.001600,Tue Aug 11 2026 00:00:00 GMT+0000 (Coordinated Universal Time)
c8cd49ef-35a4-4f70-be8b-b3dc1bd9dd78,Aladdin Mediterranean Grill,Jackson,MS,live_unclaimed,active,Food,Middle Eastern,"Fondren/Lakeland, Jackson, MS",,,32.298800,-90.184800,Sat Aug 08 2026 00:00:00 GMT+0000 (Coordinated Universal Time)
a94c2d3b-190a-41c6-9117-245ae3ffc7c7,Big Apple Inn,Jackson,MS,live_unclaimed,active,Food,Soul Food / Historic Restaurant,509 N Farish St,,,32.301900,-90.186300,Tue Aug 11 2026 00:00:00 GMT+0000 (Coordinated Universal Time)
f34661d1-8ce9-454c-a5c3-7e2ec8cdda43,Big Apple Inn — Jackson (Mississippi),Jackson,MS,live_unclaimed,active,Food,Soul Food,509 N Farish St,,,32.296900,-90.186900,Mon Aug 10 2026 00:00:00 GMT+0000 (Coordinated Universal Time)
92284e2c-289d-45b5-a0ff-8a2b17d3f529,Bully's Restaurant,Jackson,MS,live_unclaimed,active,Food,Soul Food,"West Jackson, Jackson, MS",,,32.298800,-90.184800,Sat Aug 08 2026 00:00:00 GMT+0000 (Coordinated Universal Time)
98c3109a-fd1b-4a35-a2be-b7661f611ecf,Casa Mexicana — Jackson,Jackson,MS,live_unclaimed,active,Food,Mexican,4800 McWillie Dr,,,32.335400,-90.142800,Tue Aug 11 2026 00:00:00 GMT+0000 (Coordinated Universal Time)
bebe50f4-076f-4fcc-9c27-691efe3dba66,Farish Street Historic District — Jackson,Jackson,MS,live_unclaimed,active,Arts & Culture,Historic Black Commercial District,N Farish St,,,32.302000,-90.186200,Tue Aug 11 2026 00:00:00 GMT+0000 (Coordinated Universal Time)
3aca3a47-5980-49d4-8cb8-1948c201655f,Jackson State University,Jackson,MS,live_unclaimed,active,Arts & Culture,HBCU,1400 John R Lynch St,https://jsums.edu,,32.298100,-90.210100,Tue Aug 11 2026 00:00:00 GMT+0000 (Coordinated Universal Time)
995193c6-3a4a-42f0-8ab4-970f4dea56cc,Johnny T's Bistro & Blues,Jackson,MS,live_unclaimed,active,Food,Soul Food,"Farish Street Historic District, Jackson, MS 39202",,,32.298800,-90.184800,Sat Aug 08 2026 00:00:00 GMT+0000 (Coordinated Universal Time)
c2cb0bb3-624a-4eef-982e-2506e4c9a046,La Presa Taqueria,Jackson,MS,live_unclaimed,active,Food,Mexican,"Highland Village, Jackson, MS",,,32.298800,-90.184800,Sat Aug 08 2026 00:00:00 GMT+0000 (Coordinated Universal Time)
83ca6054-f90d-4104-80ed-07f1240fcb87,Little Haiti Caribbean,Jackson,MS,live_unclaimed,active,Food,Caribbean,"North State Street, Jackson, MS",,,32.298800,-90.184800,Sat Aug 08 2026 00:00:00 GMT+0000 (Coordinated Universal Time)
7a97d99b-d59f-4ded-87ca-a292da82c227,Medgar Evers Home Museum,Jackson,MS,live_unclaimed,active,Arts & Culture,Civil Rights Historic Site,2332 Margaret Walker Alexander Dr,,,32.348600,-90.215400,Tue Aug 11 2026 00:00:00 GMT+0000 (Coordinated Universal Time)
c34220a4-f5d8-4e3b-bd44-716c84cedceb,Mississippi Civil Rights Museum,Jackson,MS,live_unclaimed,active,Arts & Culture,Civil Rights Museum,222 North St,https://mdah.ms.gov/museum,,32.308500,-90.182400,Tue Aug 11 2026 00:00:00 GMT+0000 (Coordinated Universal Time)
225567d9-91bc-4c6a-9f3d-37694f2e6ce5,Shiro,Jackson,MS,live_unclaimed,active,Food,Ethiopian,"Downtown Jackson, Jackson, MS",,,32.298800,-90.184800,Sat Aug 08 2026 00:00:00 GMT+0000 (Coordinated Universal Time)
e4fd553e-1fd0-4a0d-a556-5e1773676db1,Trang's Kitchen & Catering,Jackson,MS,live_unclaimed,active,Food,Vietnamese,"North Highland Ave, Jackson, MS",,,32.298800,-90.184800,Sat Aug 08 2026 00:00:00 GMT+0000 (Coordinated Universal Time)
ea4f9d76-ef14-45c7-9078-548e53befc8e,Bangladeshi American Community Association (NYC),Jackson Heights,NY,live_unclaimed,active,Community Organizations,Bangladeshi Community,37-35 87th St,,,40.752100,-73.881200,Tue Aug 11 2026 00:00:00 GMT+0000 (Coordinated Universal Time)
176744ca-1962-4792-bc71-581714ae6339,Himalayan Yak Restaurant (Jackson Heights),Jackson Heights,NY,live_unclaimed,active,Food,Nepali / Tibetan,72-20 Roosevelt Ave,,,40.747600,-73.893000,Tue Aug 11 2026 00:00:00 GMT+0000 (Coordinated Universal Time)
3458c7a4-673a-46e3-840c-746cd1fc9904,Indian Consulate Area Diwali Festival (Jackson Heights),Jackson Heights,NY,live_unclaimed,active,Arts & Culture,Cultural Festival,74th St & Roosevelt Ave,,,40.748000,-73.892000,Tue Aug 11 2026 00:00:00 GMT+0000 (Coordinated Universal Time)
aefb76db-9c53-4cdb-8cde-ba5246a389b8,Jackson Diner,Jackson Heights,NY,live_unclaimed,active,Food,Indian,37-47 74th St,https://jacksondiner.com,,40.748700,-73.891600,Tue Aug 11 2026 00:00:00 GMT+0000 (Coordinated Universal Time)
7dd67962-dc4b-49bc-8a60-a91d158a32ed,Jackson Heights Indian Sweets Shop (Rajbhog Café),Jackson Heights,NY,live_unclaimed,active,Food,Indian Sweets / Snacks,72-27 37th Ave,https://rajbhogcafe.com,,40.747500,-73.894900,Tue Aug 11 2026 00:00:00 GMT+0000 (Coordinated Universal Time)
5c569138-3c5f-4175-bb1f-17000494d381,Kabab King Diner,Jackson Heights,NY,live_unclaimed,active,Food,Pakistani / Indian,74-16 Roosevelt Ave,,,40.746200,-73.892600,Tue Aug 11 2026 00:00:00 GMT+0000 (Coordinated Universal Time)
64084b17-3f54-432a-9e38-a5431b35ba10,Patel Brothers (Jackson Heights),Jackson Heights,NY,live_unclaimed,active,Retail,South Asian Grocery,37-27 74th St,https://patelbros.com,,40.749000,-73.891800,Tue Aug 11 2026 00:00:00 GMT+0000 (Coordinated Universal Time)
d4f6c2a5-9c5b-4b5e-9e37-a8902f3d6c50,Queens Bangladeshi Restaurant (Shad Bagh),Jackson Heights,NY,live_unclaimed,active,Food,Bangladeshi,74-10 37th Ave,,,40.746300,-73.894800,Tue Aug 11 2026 00:00:00 GMT+0000 (Coordinated Universal Time)
acbcca8f-1c86-4ad4-b3ce-ee6b712b7c7e,Queens Pakistani Restaurant (New Karachi),Jackson Heights,NY,live_unclaimed,active,Food,Pakistani,72-39 Roosevelt Ave,,,40.746500,-73.893000,Tue Aug 11 2026 00:00:00 GMT+0000 (Coordinated Universal Time)
b2d8ca52-8a17-499a-b750-bccfeef310eb,Amala Movement — Jacksonville,Jacksonville,FL,live_unclaimed,active,Community Organizations,Youth & Community Empowerment,Jacksonville,,,30.332200,-81.655700,Tue Aug 11 2026 00:00:00 GMT+0000 (Coordinated Universal Time)
9d663a09-dd51-4000-921e-e612d6890cd0,Cely's Mexican Restaurant — Jacksonville,Jacksonville,FL,live_unclaimed,active,Food,Mexican,4217 Lem Turner Rd,,,30.390200,-81.684000,Tue Aug 11 2026 00:00:00 GMT+0000 (Coordinated Universal Time)
f04684f6-4aa2-4329-aac0-6b1d8743dc9a,Haitian Cultural Alliance — Jacksonville,Jacksonville,FL,live_unclaimed,active,Community Organizations,Haitian Community Organization,Jacksonville,,,30.332200,-81.655700,Tue Aug 11 2026 00:00:00 GMT+0000 (Coordinated Universal Time)
5995709e-8f35-45a1-9af2-6dafa4d36c16,House of Shaves Barbershop,Jacksonville,FL,live_unclaimed,active,Beauty & Personal Care,Barbershop,"Southside, Jacksonville, FL",,,30.332200,-81.655700,Sat Aug 08 2026 00:00:00 GMT+0000 (Coordinated Universal Time)
39329cf7-d56e-493e-b6d9-40b6e6898898,Irie Diner,Jacksonville,FL,live_unclaimed,active,Food,Caribbean,"Orange Park, Jacksonville, FL",,,30.332200,-81.655700,Sat Aug 08 2026 00:00:00 GMT+0000 (Coordinated Universal Time)
8cb7d681-d088-4d69-a4c7-28736fee73ed,Jax Bread Co.,Jacksonville,FL,live_unclaimed,active,Food,Soul Food,"Southside, Jacksonville, FL",,,30.332200,-81.655700,Sat Aug 08 2026 00:00:00 GMT+0000 (Coordinated Universal Time)
ad799470-f4ce-400e-b2b3-b88e9c03cd25,Lalibela Ethiopian Restaurant,Jacksonville,FL,live_unclaimed,active,Food,Ethiopian,"Westside, Jacksonville, FL",,,30.332200,-81.655700,Sat Aug 08 2026 00:00:00 GMT+0000 (Coordinated Universal Time)
14279af4-8bb1-46e7-abce-7f136e3dc2e3,Latin House Grill Jax,Jacksonville,FL,live_unclaimed,active,Food,Food,"Southside, Jacksonville, FL",,,30.332200,-81.655700,Sat Aug 08 2026 00:00:00 GMT+0000 (Coordinated Universal Time)
01aa0847-b99d-484d-a6e7-a39035934371,Mandarin Vietnamese Restaurant — Jacksonville,Jacksonville,FL,live_unclaimed,active,Food,Vietnamese,11893 San Jose Blvd,,,30.150400,-81.619500,Tue Aug 11 2026 00:00:00 GMT+0000 (Coordinated Universal Time)
bcad9411-e127-4ba0-8485-b620947a31a9,M Shack — Jacksonville,Jacksonville,FL,live_unclaimed,active,Food,American / Burgers,4836 Town Center Pkwy,,,30.237100,-81.523700,Tue Aug 11 2026 00:00:00 GMT+0000 (Coordinated Universal Time)
f2d7f29c-a93f-4c90-915f-856bd2baef6c,Pink Salt Restaurant,Jacksonville,FL,live_unclaimed,active,Food,Caribbean,"San Marco neighborhood, Jacksonville, FL",,,30.332200,-81.655700,Sat Aug 08 2026 00:00:00 GMT+0000 (Coordinated Universal Time)
7c7249b0-ce32-419e-a15a-49ef9da480bb,Ritz Theatre and LaVilla Museum,Jacksonville,FL,live_unclaimed,active,Arts & Culture,Theater & Museum,829 N Davis St,https://ritzlavillamuseum.org,,30.328400,-81.661100,Tue Aug 11 2026 00:00:00 GMT+0000 (Coordinated Universal Time)
2306f2a6-5954-4f20-88b4-2b78ef0c11bf,Sweet Mama's Southern Homestyle Cookin,Jacksonville,FL,live_unclaimed,active,Food,Soul Food,"Westside, Jacksonville, FL",,,30.332200,-81.655700,Sat Aug 08 2026 00:00:00 GMT+0000 (Coordinated Universal Time)
bdd2be5e-66cb-4734-a6e5-cd23502397a3,The Hungry Owl,Jacksonville,FL,live_unclaimed,active,Food,Food,"Southside, Jacksonville, FL",,,30.332200,-81.655700,Sat Aug 08 2026 00:00:00 GMT+0000 (Coordinated Universal Time)
a8470d80-5ab0-4a31-849a-3934aa63e818,Vagabond Korean Steakhouse,Jacksonville,FL,live_unclaimed,active,Food,Korean,"Southside, Jacksonville, FL",,,30.332200,-81.655700,Sat Aug 08 2026 00:00:00 GMT+0000 (Coordinated Universal Time)
2bfcbd77-2929-44b1-8284-f39aa0c7c45c,Filipino Community Center of Queens,Jamaica,NY,live_unclaimed,active,Community Organizations,Filipino Community,90-09 161st St,,,40.701000,-73.802700,Tue Aug 11 2026 00:00:00 GMT+0000 (Coordinated Universal Time)
16f4ea6a-8398-4c7d-b064-ce013e8e8588,"Greater Allen A.M.E. Cathedral (Jamaica, Queens)",Jamaica,NY,live_unclaimed,active,Faith & Spirituality,AME Church,110-31 Merrick Blvd,https://greaterallencathedral.org,,40.700600,-73.798800,Tue Aug 11 2026 00:00:00 GMT+0000 (Coordinated Universal Time)
7c67d5fd-0d67-428e-bee9-6f232c64aa7a,Jamaica Center for Arts & Learning,Jamaica,NY,live_unclaimed,active,Arts & Culture,Arts Center,161-04 Jamaica Ave,https://jcal.org,,40.702000,-73.801800,Tue Aug 11 2026 00:00:00 GMT+0000 (Coordinated Universal Time)
2f9a8a0c-4391-46a3-bc25-2a6689112365,Queensborough Ethiopian Restaurant (Walia),Jamaica,NY,live_unclaimed,active,Food,Ethiopian,92-32 165th St,,,40.700200,-73.804600,Tue Aug 11 2026 00:00:00 GMT+0000 (Coordinated Universal Time)
bdecc5dc-644b-442e-82d4-992c34d47e67,Queens West African Hair Braiding,Jamaica,NY,live_unclaimed,active,Beauty & Personal Care,Hair Braiding,163-10 Jamaica Ave,,,40.702000,-73.803000,Tue Aug 11 2026 00:00:00 GMT+0000 (Coordinated Universal Time)
d4c1e00e-b7e1-4b43-b66a-7166e70f218c,Café del Mar Phuket,Kamala,,live_unclaimed,active,Entertainment & Recreation,Beach Club,"Kamala Beach, Kamala",https://cafedelmarphuket.com,,7.945200,98.277900,Mon Aug 10 2026 00:00:00 GMT+0000 (Coordinated Universal Time)
c800b2b1-aa0a-46de-a4a3-2a07842f753c,Phuket Fantasea Cultural Theme Park,Kamala,,live_unclaimed,active,Entertainment & Recreation,Cultural Show / Theme Park,"99 Moo 3, Kamala Beach",https://phuket-fantasea.com,,7.941800,98.275600,Mon Aug 10 2026 00:00:00 GMT+0000 (Coordinated Universal Time)
74,18th & Vine Soul Restaurant,Kansas City,MO,permanently_hidden,active,Food,Soul Food & Jazz,1823 Vine St,,(816) 555-7401,39.085500,-94.565600,Thu Jun 18 2026 00:00:00 GMT+0000 (Coordinated Universal Time)
93e30b4b-07cf-4b61-9fe5-407e990ae8bc,American Jazz Museum,Kansas City,MO,live_unclaimed,active,Arts & Culture,Museum,1616 E 18th St,https://americanjazzmuseum.org,,39.097200,-94.552900,Tue Aug 11 2026 00:00:00 GMT+0000 (Coordinated Universal Time)
e3854171-50eb-4019-a7f1-a6b87e1d3980,Blue Nile Cafe,Kansas City,MO,live_unclaimed,active,Food,Ethiopian,"City Market, Kansas City, MO",,,39.099700,-94.578600,Sat Aug 08 2026 00:00:00 GMT+0000 (Coordinated Universal Time)
d6fd72da-f15d-43bd-ae3e-4da79542cee5,Columbus Park / Argentine Mexican Community KC,Kansas City,KS,live_unclaimed,active,Community Organizations,Cultural District,West 24th St,,,39.108700,-94.651800,Tue Aug 11 2026 00:00:00 GMT+0000 (Coordinated Universal Time)
3be5e467-5f2d-44cb-8682-7c741bcaf9d0,Eden Alley Café Kansas City,Kansas City,MO,live_unclaimed,active,Food,Vegetarian / Café,707 W 47th St,,,39.047500,-94.589300,Tue Aug 11 2026 00:00:00 GMT+0000 (Coordinated Universal Time)
582a4c54-fd63-4703-b1bc-8b2ff63e7121,El Torito Supermart,Kansas City,MO,live_unclaimed,active,Food,Mexican,"Northeast Kansas City, MO",,,39.099700,-94.578600,Sat Aug 08 2026 00:00:00 GMT+0000 (Coordinated Universal Time)
3e94ada3-979c-47cc-b540-0130e882fa8d,Fannie's West African Cuisine,Kansas City,MO,live_unclaimed,active,Food,West African,"Troost Ave, Kansas City, MO",,,39.099700,-94.578600,Sat Aug 08 2026 00:00:00 GMT+0000 (Coordinated Universal Time)
fd136f8f-41fa-4a7c-8d5f-66b76d43a638,Gates Bar-B-Q,Kansas City,MO,live_unclaimed,active,Food,Food,"Multiple locations, Kansas City, MO",,,39.099700,-94.578600,Sat Aug 08 2026 00:00:00 GMT+0000 (Coordinated Universal Time)
8a47ac6f-9991-4e8e-b3e8-6dfc9881dfb9,Habashi House,Kansas City,MO,live_unclaimed,active,Food,Middle Eastern,"City Market, Kansas City, MO",,,39.099700,-94.578600,Sat Aug 08 2026 00:00:00 GMT+0000 (Coordinated Universal Time)
16760c87-cf7b-4c93-b559-bd256a838ee6,Irie Eats Jamaican Restaurant,Kansas City,MO,live_unclaimed,active,Food,Caribbean,"East Side, Kansas City, MO",,,39.099700,-94.578600,Sat Aug 08 2026 00:00:00 GMT+0000 (Coordinated Universal Time)
76,KC Black Pages Digital,Kansas City,MO,permanently_hidden,active,Tech,Digital Media & Marketing,1600 E 18th St,,(816) 555-7628,39.087700,-94.561400,Thu Jun 18 2026 00:00:00 GMT+0000 (Coordinated Universal Time)
64819cd8-3bc0-475a-bda8-f0f0753a34b0,La Bodega Restaurant Kansas City,Kansas City,MO,live_unclaimed,active,Food,Spanish / Latin Restaurant,703 Southwest Blvd,https://labodega-kc.com,,39.096300,-94.588700,Tue Aug 11 2026 00:00:00 GMT+0000 (Coordinated Universal Time)
e3ca3e17-ac36-4947-ae0e-c45b173e2109,Mutual Musicians Foundation,Kansas City,MO,live_unclaimed,active,Arts & Culture,Jazz Club / Historic Site,1823 Highland Ave,https://mutualmusicians.org,,39.095700,-94.551200,Tue Aug 11 2026 00:00:00 GMT+0000 (Coordinated Universal Time)
a433db16-0d72-4e39-bcef-37f201e268dd,Negro Leagues Baseball Museum,Kansas City,MO,live_unclaimed,active,Arts & Culture,Museum,1616 E 18th St,https://nlbm.com,,39.097200,-94.552900,Tue Aug 11 2026 00:00:00 GMT+0000 (Coordinated Universal Time)
75,Paseo Arts Collective,Kansas City,MO,permanently_hidden,active,Education,Arts & Culture,3015 Paseo Blvd,paseoartskc.com,(816) 555-7514,39.090300,-94.571600,Thu Jun 18 2026 00:00:00 GMT+0000 (Coordinated Universal Time)
ed441ae3-4130-4783-ba51-ff2ff1d3fe5d,Ruby Jean's Juicery,Kansas City,MO,live_unclaimed,active,Beauty & Personal Care,Beauty,"Troost Ave, Kansas City, MO",,,39.099700,-94.578600,Sat Aug 08 2026 00:00:00 GMT+0000 (Coordinated Universal Time)
2709287a-5047-4b01-8845-ddb3cc442acd,Señor Burrito (Kansas City — Mexican Community),Kansas City,MO,live_unclaimed,active,Food,Mexican Restaurant,1800 SW Blvd,,,39.097100,-94.590700,Tue Aug 11 2026 00:00:00 GMT+0000 (Coordinated Universal Time)
77,Troost Community Gym,Kansas City,MO,permanently_hidden,active,Health & Wellness,Boxing & Fitness,5124 Troost Ave,,(816) 555-7742,39.052900,-94.562700,Thu Jun 18 2026 00:00:00 GMT+0000 (Coordinated Universal Time)
6a3b626d-9f6f-4d6f-961a-7318d0f16fd3,Urban League of Greater Kansas City,Kansas City,MO,live_unclaimed,active,Community Organizations,Civil Rights / Economic Empowerment,1710 Paseo Blvd,https://ulkc.org,,39.105300,-94.555300,Tue Aug 11 2026 00:00:00 GMT+0000 (Coordinated Universal Time)
41f3c06c-fc05-43d4-a55e-f376f1a87602,Vietnam Cafe,Kansas City,MO,live_unclaimed,active,Food,Vietnamese,"Columbus Park, Kansas City, MO",,,39.099700,-94.578600,Sat Aug 08 2026 00:00:00 GMT+0000 (Coordinated Universal Time)
199ab05f-2249-4975-a619-2089a5d500bb,Yasmeen Cafe,Kansas City,MO,live_unclaimed,active,Food,Food,"Northeast Kansas City, MO",,,39.099700,-94.578600,Sat Aug 08 2026 00:00:00 GMT+0000 (Coordinated Universal Time)
f5e71461-7704-4c27-b189-1531401f7932,Yoli Tortilleria,Kansas City,MO,live_unclaimed,active,Food,Mexican,"Westside, Kansas City, MO",,,39.099700,-94.578600,Sat Aug 08 2026 00:00:00 GMT+0000 (Coordinated Universal Time)
49f5b150-9664-4642-aef8-ff3d77ff7bde,Karon Viewpoint (Three Beaches Hill),Karon,,live_unclaimed,active,Travel & Hospitality,Viewpoint / Scenic Spot,"Patak Road, Karon",,,7.819200,98.297100,Mon Aug 10 2026 00:00:00 GMT+0000 (Coordinated Universal Time)
4d8a51bd-457a-4c6d-833c-e196b57eef02,Kata Noi Beach,Karon,,live_unclaimed,active,Travel & Hospitality,Beach,"Kata Noi Road, Karon",,,7.813000,98.299500,Mon Aug 10 2026 00:00:00 GMT+0000 (Coordinated Universal Time)
64c6747a-b717-44c8-b55a-2b3c7e229ee7,Siam Supper Club — Phuket,Karon,,live_unclaimed,active,Food,International Fine Dining,"36/9 Patak Rd, Karon",,,7.839200,98.293100,Mon Aug 10 2026 00:00:00 GMT+0000 (Coordinated Universal Time)
7340608c-a1f8-4037-8fb3-d726da4988f8,Baan Talay Spa Phuket,Kata Beach,,live_unclaimed,active,Health & Wellness,Spa,"23 Kata Rd, Karon",,,7.820200,98.295800,Mon Aug 10 2026 00:00:00 GMT+0000 (Coordinated Universal Time)
8a3c7951-08bc-42b3-9cdf-c522d4ff60b4,Phuket Surf House,Kata Beach,,live_unclaimed,active,Entertainment & Recreation,Water Sports,22/2 Kata Rd,,,7.821000,98.296300,Mon Aug 10 2026 00:00:00 GMT+0000 (Coordinated Universal Time)
4644c09f-e0b1-4003-b5cd-cf9570616db9,Bob Marley Museum,Kingston,,live_unclaimed,active,Arts & Culture,Music Heritage Museum,56 Hope Rd,https://bobmarleymuseum.com,,18.010100,-76.776900,Mon Aug 10 2026 00:00:00 GMT+0000 (Coordinated Universal Time)
6f3bb49d-bf4f-4b4b-88af-22169e4f7c96,Bob Marley Museum Kingston,Kingston,,live_unclaimed,active,Arts & Culture,Museum,56 Hope Rd,,,17.987000,-76.771300,Mon Aug 10 2026 00:00:00 GMT+0000 (Coordinated Universal Time)
f638e033-da8b-4d01-8552-78b56b36da66,Devon House,Kingston,,live_unclaimed,active,Arts & Culture,Historic Estate & Cultural Site,26 Hope Rd,https://devonhousejamaica.com,,18.009800,-76.776900,Mon Aug 10 2026 00:00:00 GMT+0000 (Coordinated Universal Time)
1bd00bd2-61ba-48e5-b838-f62faa277120,Devon House Kingston,Kingston,,live_unclaimed,active,Arts & Culture,Heritage Site,26 Hope Rd,,,17.987700,-76.767300,Mon Aug 10 2026 00:00:00 GMT+0000 (Coordinated Universal Time)
339aec31-25ad-4591-844b-467dca074a51,National Gallery of Jamaica,Kingston,,live_unclaimed,active,Arts & Culture,Art Gallery,12 Ocean Blvd,https://nationalgalleryofjamaica.org,,17.977600,-76.783600,Mon Aug 10 2026 00:00:00 GMT+0000 (Coordinated Universal Time)
6f670d88-2908-4fe5-800b-84216d902ebf,Port Royal Historic Site,Kingston,,live_unclaimed,active,Arts & Culture,Historic Site,Port Royal,,,17.935100,-76.848200,Mon Aug 10 2026 00:00:00 GMT+0000 (Coordinated Universal Time)
3fccfabe-9685-4728-aa66-959a0db297cd,Scotchies Jerk Centre — Kingston,Kingston,,live_unclaimed,active,Food,Jamaican / Jerk,"Shop 7, Sovereign Centre, Hope Rd",,,17.987600,-76.770700,Mon Aug 10 2026 00:00:00 GMT+0000 (Coordinated Universal Time)
c5f3eb48-d233-4b12-9383-e949d94ce02c,Scotchies Jerk Centre Kingston,Kingston,,live_unclaimed,active,Food,Jerk Restaurant,130 E Kings House Rd,https://scotchiesjamaica.com,,18.005300,-76.767600,Mon Aug 10 2026 00:00:00 GMT+0000 (Coordinated Universal Time)
d9d97e51-c882-4635-9934-82badaadf035,Trench Town Culture Yard,Kingston,,live_unclaimed,active,Arts & Culture,Cultural Heritage Site,"6-8 1st St, Trench Town",https://trenchtowncultureyard.org,,18.007100,-76.804800,Mon Aug 10 2026 00:00:00 GMT+0000 (Coordinated Universal Time)
8a9a5858-9296-4ce4-b5cf-ddbdc77f5890,Usain Bolt's Tracks & Records,Kingston,,live_unclaimed,active,Food,Sports Bar & Restaurant,67 Constant Spring Rd,https://tracksnrecords.com,,18.027500,-76.775100,Mon Aug 10 2026 00:00:00 GMT+0000 (Coordinated Universal Time)
a29cc9ff-cbfa-45b3-880f-b0e36ba99530,Usain Bolt's Tracks & Records Kingston,Kingston,,live_unclaimed,active,Entertainment & Recreation,Sports Bar / Restaurant,67 Constant Spring Rd,,,18.009100,-76.779700,Mon Aug 10 2026 00:00:00 GMT+0000 (Coordinated Universal Time)
c7df0856-fc5b-40f5-ad13-11dfeecf5f60,Beyond Barcodes Bookstore,Kokomo,IN,live_unclaimed,active,Retail,Indian,"Kokomo, IN (near Indianapolis)",,,40.486400,-86.133600,Sat Aug 08 2026 00:00:00 GMT+0000 (Coordinated Universal Time)
167c8a75-eba0-4e73-8582-286314883be6,African Cultural Center of Las Vegas,Las Vegas,NV,live_unclaimed,active,Arts & Culture,Cultural Center,2601 E Sahara Ave,,,36.136700,-115.110800,Tue Aug 11 2026 00:00:00 GMT+0000 (Coordinated Universal Time)
3aa96321-18c9-43ac-bf00-eebfb63bf2d7,Calabash African Kitchen,Las Vegas,NV,live_unclaimed,active,Food,West African,"East Las Vegas, Las Vegas, NV",,,36.169900,-115.139800,Sat Aug 08 2026 00:00:00 GMT+0000 (Coordinated Universal Time)
f7d3b160-1db1-4221-8327-86b06c9ac950,Casa Don Juan,Las Vegas,NV,live_unclaimed,active,Food,Mexican,"Arts District, Downtown Las Vegas, Las Vegas, NV",,,36.169900,-115.139800,Sat Aug 08 2026 00:00:00 GMT+0000 (Coordinated Universal Time)
c38ac125-79b7-44b6-997c-6884cbc7f879,Chefville Vegas (Black-owned Soul Food),Las Vegas,NV,live_unclaimed,active,Food,Soul Food,3765 S Rainbow Blvd,,,36.095800,-115.240200,Tue Aug 11 2026 00:00:00 GMT+0000 (Coordinated Universal Time)
d54ad5b0-676e-489e-95a9-0999cb8e2c6b,Classic Jewel,Las Vegas,NV,live_unclaimed,active,Food,Food,"Downtown Las Vegas, Las Vegas, NV",,,36.169900,-115.139800,Sat Aug 08 2026 00:00:00 GMT+0000 (Coordinated Universal Time)
d38c4f18-b029-46ec-b5a8-aca45bdaa2e7,Echo,Las Vegas,NV,live_unclaimed,active,Food,Food,"Downtown Las Vegas, Las Vegas, NV",,,36.169900,-115.139800,Sat Aug 08 2026 00:00:00 GMT+0000 (Coordinated Universal Time)
786ba5eb-a33f-4024-9498-384b44686981,Ethiopian Kitchen Las Vegas,Las Vegas,NV,live_unclaimed,active,Food,Ethiopian Restaurant,5200 S Decatur Blvd,,,36.080400,-115.210700,Tue Aug 11 2026 00:00:00 GMT+0000 (Coordinated Universal Time)
744c94e8-a435-401b-b467-f20f87fb64c5,FilAm Las Vegas Community,Las Vegas,NV,live_unclaimed,active,Community Organizations,Ethnic Community Services,3763 Howard Hughes Pkwy,,,36.134800,-115.150900,Tue Aug 11 2026 00:00:00 GMT+0000 (Coordinated Universal Time)
d3fdc78d-39c2-4d65-ada5-a02368a0bd98,Hispanic Chamber of Commerce Southern Nevada,Las Vegas,NV,live_unclaimed,active,Professional Services,Chamber of Commerce / Business Advocacy,2520 S St Louis Ave,https://hccsn.org,,36.133600,-115.084400,Tue Aug 11 2026 00:00:00 GMT+0000 (Coordinated Universal Time)
acf3eb47-b437-473a-98e6-0be4ec2a760e,Istorya,Las Vegas,NV,live_unclaimed,active,Food,Filipino,"Filipino Town, Las Vegas, NV",,,36.169900,-115.139800,Sat Aug 08 2026 00:00:00 GMT+0000 (Coordinated Universal Time)
f85447a9-b08f-432d-9f39-ef2faa0c3467,Kreative Konsciousness,Las Vegas,NV,live_unclaimed,active,Retail,Soul Food,"Southern Paiute Territory, Las Vegas, NV",,,36.169900,-115.139800,Sat Aug 08 2026 00:00:00 GMT+0000 (Coordinated Universal Time)
77083efb-3c7c-477c-ae10-279951b9c05b,Las Vegas Black Chamber of Commerce,Las Vegas,NV,live_unclaimed,active,Professional Services,Chamber of Commerce / Business Advocacy,1048 W Owens Ave,https://lasvegasblackchamber.com,,36.194000,-115.152600,Tue Aug 11 2026 00:00:00 GMT+0000 (Coordinated Universal Time)
8225d1ad-b504-49f3-add6-f8906ad2abe4,Lindo Michoacán Restaurant Las Vegas,Las Vegas,NV,live_unclaimed,active,Food,Mexican Restaurant,2655 E Desert Inn Rd,,,36.128100,-115.113000,Tue Aug 11 2026 00:00:00 GMT+0000 (Coordinated Universal Time)
8af08211-2d60-440f-8387-efa4aeaab0ff,Lucy Ethiopian Restaurant,Las Vegas,NV,live_unclaimed,active,Food,Ethiopian,"West Las Vegas, Las Vegas, NV",,,36.169900,-115.139800,Sat Aug 08 2026 00:00:00 GMT+0000 (Coordinated Universal Time)
b1f99564-5eff-499a-a295-246651c6a026,NAACP Las Vegas Branch,Las Vegas,NV,live_unclaimed,active,Community Organizations,Civil Rights Organization,1048 W Owens Ave,,,36.194000,-115.152600,Tue Aug 11 2026 00:00:00 GMT+0000 (Coordinated Universal Time)
fbc7d6b9-7e7d-48bd-a851-c3ff778a2b87,New Town Tavern,Las Vegas,NV,live_unclaimed,active,Food,Soul Food,"Jackson Ave (formerly Jackson St), Las Vegas, NV 89106",,,36.169900,-115.139800,Sat Aug 08 2026 00:00:00 GMT+0000 (Coordinated Universal Time)
937df36a-b323-4b4a-bd42-9ef0471341b0,Nigerian Cuisine by MJ,Las Vegas,NV,live_unclaimed,active,Food,West African,"Maryland Parkway, North Strip, Las Vegas, NV",,,36.169900,-115.139800,Sat Aug 08 2026 00:00:00 GMT+0000 (Coordinated Universal Time)
924b539b-6fdf-410f-a4fc-9ae438b6068e,Seafood City Supermarket Las Vegas,Las Vegas,NV,live_unclaimed,active,Retail,Filipino Grocery / Market,4255 Spring Mountain Rd,https://seafoodcity.com,,36.131300,-115.211000,Tue Aug 11 2026 00:00:00 GMT+0000 (Coordinated Universal Time)
f471aa0d-dcbf-4142-bf1f-c9535ab4a377,Simply Pure,Las Vegas,NV,live_unclaimed,active,Food,Food,"Container Park, Downtown Las Vegas, Las Vegas, NV",,,36.169900,-115.139800,Sat Aug 08 2026 00:00:00 GMT+0000 (Coordinated Universal Time)
b6f8688e-1cf0-4da7-9d66-1fac070481aa,Tasty T's Cheesecakes,Las Vegas,NV,live_unclaimed,active,Food,Food,"Las Vegas, NV",,,36.169900,-115.139800,Sat Aug 08 2026 00:00:00 GMT+0000 (Coordinated Universal Time)
44ea19c7-edd3-4c85-a37c-dfe669b02f57,Tofu Tees,Las Vegas,NV,live_unclaimed,active,Retail,Retail,"Fergusons Downtown, Las Vegas, NV",,,36.169900,-115.139800,Sat Aug 08 2026 00:00:00 GMT+0000 (Coordinated Universal Time)
cb68f6a9-e771-4c73-aa7e-c6e5667dc84e,West Las Vegas Arts Center,Las Vegas,NV,live_unclaimed,active,Arts & Culture,Cultural Center,947 W Lake Mead Blvd,https://artslasvegas.org,,36.193800,-115.163200,Tue Aug 11 2026 00:00:00 GMT+0000 (Coordinated Universal Time)
1007f9ab-c4f4-4dfa-a3ec-e8967f953e5f,Barber Motorsports Park — Museum,Leeds,AL,live_unclaimed,active,Entertainment & Recreation,Automotive Museum,6040 Barber Motorsports Pkwy,https://barbermuseum.org,,33.560700,-86.607200,Tue Aug 11 2026 00:00:00 GMT+0000 (Coordinated Universal Time)
8d6cdd20-4dac-4830-8ce9-b0b09ae901cb,New Birth Missionary Baptist Church,Lithonia,GA,live_unclaimed,active,Faith & Spirituality,Missionary Baptist,6400 Woodrow Rd,,,33.703200,-84.084200,Mon Aug 10 2026 00:00:00 GMT+0000 (Coordinated Universal Time)
7c110c0a-81b0-4bc9-bf31-2972f5422889,Flossie's,Long Beach,CA,live_unclaimed,active,Food,Southern Cuisine,2651 E 4th St,,,33.770600,-118.157400,Tue Aug 11 2026 00:00:00 GMT+0000 (Coordinated Universal Time)
f760b316-dc1d-4830-8960-5b32e0ebecc9,Vietnamese Buddhist Temple — Long Beach,Long Beach,CA,live_unclaimed,active,Faith & Spirituality,Vietnamese Buddhist Temple,2420 E South St,,,33.790100,-118.134800,Tue Aug 11 2026 00:00:00 GMT+0000 (Coordinated Universal Time)
4e1d51b8-9038-4e77-b981-2e54c26bc734,Advancement Project California,Los Angeles,CA,live_unclaimed,active,Legal & Government Services,Civil Rights & Advocacy,1910 W Sunset Blvd,,,34.073700,-118.259600,Tue Aug 11 2026 00:00:00 GMT+0000 (Coordinated Universal Time)
1a96d624-07fb-4cc5-9789-23bf61285275,African Hair Braiding Collective — Crenshaw,Los Angeles,CA,live_unclaimed,active,Beauty & Personal Care,African Hair Braiding,3831 Crenshaw Blvd,,,34.009200,-118.337700,Tue Aug 11 2026 00:00:00 GMT+0000 (Coordinated Universal Time)
62ae9080-e2e3-43dd-b22a-aaefd3a802d6,Afro Kitchen LA,Los Angeles,CA,live_unclaimed,active,Food,West African,5401 W Slauson Ave,,,33.991600,-118.362500,Tue Aug 11 2026 00:00:00 GMT+0000 (Coordinated Universal Time)
372203db-2efa-4eca-9a07-824a4d14c237,Arab American Civic Council,Los Angeles,CA,live_unclaimed,active,Community Organizations,Arab American Advocacy,5042 Wilshire Blvd,,,34.061700,-118.353200,Tue Aug 11 2026 00:00:00 GMT+0000 (Coordinated Universal Time)
f0387961-e92a-41f3-bee2-02fe60ffde06,Attari Sandwich Shop,Los Angeles,CA,live_unclaimed,active,Food,Persian Sandwiches,1388 Westwood Blvd,,,34.062600,-118.441600,Tue Aug 11 2026 00:00:00 GMT+0000 (Coordinated Universal Time)
3b683b6f-b041-4dd9-9c05-bf168479c269,Awash Ethiopian Restaurant,Los Angeles,CA,live_unclaimed,active,Food,Ethiopian Cuisine,1012 S Fairfax Ave,,,34.051500,-118.360100,Tue Aug 11 2026 00:00:00 GMT+0000 (Coordinated Universal Time)
8fcb8025-ca91-4137-8c94-676ccc4cbd30,Ayara Thai Cuisine,Los Angeles,CA,live_unclaimed,active,Food,Thai,"Westchester, Los Angeles, CA",,,34.052200,-118.243700,Sat Aug 08 2026 00:00:00 GMT+0000 (Coordinated Universal Time)
8c07aa6a-1658-43f6-bcd2-f44e6ae516c6,Badmaash,Los Angeles,CA,live_unclaimed,active,Food,Indian-American,108 W 2nd St,,,34.051400,-118.248000,Tue Aug 11 2026 00:00:00 GMT+0000 (Coordinated Universal Time)
3ecf6b9e-db76-4b48-be11-7e2d5dfb84c8,BCD Tofu House,Los Angeles,CA,live_unclaimed,active,Food,Korean Tofu Stew,869 S Western Ave,https://bcdtofuhouse.com,,34.053600,-118.308400,Tue Aug 11 2026 00:00:00 GMT+0000 (Coordinated Universal Time)
326f7f32-c991-44d8-8d64-5c5f1c403594,Belizean Heritage Cultural Association of LA,Los Angeles,CA,live_unclaimed,active,Community Organizations,Caribbean Cultural Organization,9500 S Vermont Ave,,,33.963600,-118.291500,Tue Aug 11 2026 00:00:00 GMT+0000 (Coordinated Universal Time)
f22cff2d-858a-490b-a4d5-477223f8db5b,Birrieria Guadalajara,Los Angeles,CA,live_unclaimed,active,Food,Birria & Mexican,3714 E 1st St,,,34.040100,-118.188200,Tue Aug 11 2026 00:00:00 GMT+0000 (Coordinated Universal Time)
abafdb6c-56ae-4bff-8c55-32d402ea3a96,Bludso's Bar & Que,Los Angeles,CA,live_unclaimed,active,Food,Texas BBQ,609 N La Brea Ave,,,34.080600,-118.338100,Tue Aug 11 2026 00:00:00 GMT+0000 (Coordinated Universal Time)
f2a6bf73-8755-428f-b39b-c95302350ed0,Bossa Nova Brazilian Cuisine,Los Angeles,CA,live_unclaimed,active,Food,Brazilian,"West LA, Los Angeles, CA",,,34.052200,-118.243700,Sat Aug 08 2026 00:00:00 GMT+0000 (Coordinated Universal Time)
0b1b002f-9403-422f-834f-da036a7b728b,Boteco Brazilian Bar and Restaurant,Los Angeles,CA,live_unclaimed,active,Food,Brazilian Bar & Restaurant,7302 Melrose Ave,,,34.083700,-118.362000,Tue Aug 11 2026 00:00:00 GMT+0000 (Coordinated Universal Time)
df52d9b1-3666-48df-95a7-f13b97d2433a,Bridgetown Roti,Los Angeles,CA,live_unclaimed,active,Food,Trinidadian Caribbean,4556 Eagle Rock Blvd,,,34.132600,-118.218600,Tue Aug 11 2026 00:00:00 GMT+0000 (Coordinated Universal Time)
6a1fcdcb-1319-4d9e-8c6f-8ecb3f0c260a,Brotherhood Crusade,Los Angeles,CA,live_unclaimed,active,Community Organizations,Community Development,200 E Slauson Ave,https://brotherhoodcrusade.org,,34.015200,-118.274600,Tue Aug 11 2026 00:00:00 GMT+0000 (Coordinated Universal Time)
1e6442a7-67f5-4ca0-8547-1e5057c155dd,California African American Museum,Los Angeles,CA,live_unclaimed,active,Arts & Culture,African American Museum,600 State Dr,https://caamuseum.org,,34.016500,-118.284200,Tue Aug 11 2026 00:00:00 GMT+0000 (Coordinated Universal Time)
20085c83-239e-4d4c-af50-32f0ba047b9b,CARECEN — Central American Resource Center,Los Angeles,CA,live_unclaimed,active,Community Organizations,Immigrant Services,1645 W Olympic Blvd,https://carecen-la.org,,34.049600,-118.271000,Tue Aug 11 2026 00:00:00 GMT+0000 (Coordinated Universal Time)
05c13ac5-7730-4659-a3ac-588d30d79dcd,Caribbean Soul Kitchen,Los Angeles,CA,live_unclaimed,active,Food,Caribbean Soul Food,9224 S Vermont Ave,,,33.967300,-118.291500,Tue Aug 11 2026 00:00:00 GMT+0000 (Coordinated Universal Time)
6,Carter & Associates Law,Los Angeles,CA,permanently_hidden,active,Legal,Business & Civil Rights,5050 Wilshire Blvd,carterandassociates.com,(310) 555-0638,34.062500,-118.339600,Thu Jun 18 2026 00:00:00 GMT+0000 (Coordinated Universal Time)
e2b2ca7c-bbaf-40c3-8bf1-6335999eda05,Catch One,Los Angeles,CA,live_unclaimed,active,Entertainment & Recreation,Nightclub,4067 W Pico Blvd,,,34.037600,-118.334900,Tue Aug 11 2026 00:00:00 GMT+0000 (Coordinated Universal Time)
028c670e-8fc2-472a-b696-e4f79629900e,Charles R. Drew University Health Sciences Clinic,Los Angeles,CA,live_unclaimed,active,Health & Wellness,Primary Care Clinic,1731 E 120th St,,,33.931600,-118.246400,Tue Aug 11 2026 00:00:00 GMT+0000 (Coordinated Universal Time)
70ab5754-497b-4291-bbb6-2d21bec01dbf,Chichen Itza,Los Angeles,CA,live_unclaimed,active,Food,Oaxacan Mexican,3655 S Grand Ave,,,34.026600,-118.285300,Tue Aug 11 2026 00:00:00 GMT+0000 (Coordinated Universal Time)
b0a20db6-0508-413c-b5c1-846674f24ec4,Children's Bureau of Southern California,Los Angeles,CA,live_unclaimed,active,Children & Family,Child Welfare & Foster Care,1910 Magnolia Ave,,,34.065700,-118.272000,Tue Aug 11 2026 00:00:00 GMT+0000 (Coordinated Universal Time)
f9fff973-3307-4dbb-873d-39fc7ecccb81,Coley's Jamaican Restaurant,Los Angeles,CA,live_unclaimed,active,Food,Jamaican Cuisine,4335 Crenshaw Blvd,,,34.002800,-118.338800,Tue Aug 11 2026 00:00:00 GMT+0000 (Coordinated Universal Time)
315ef2e6-07ea-48b6-9de2-31aa2a04b5e7,Community Coalition,Los Angeles,CA,live_unclaimed,active,Community Organizations,Community Organizing,8101 S Vermont Ave,https://cocosouthla.org,,34.002700,-118.291500,Tue Aug 11 2026 00:00:00 GMT+0000 (Coordinated Universal Time)
c2956157-1a34-4297-8b2d-a3f86dfbb944,Comunidad Primero — Pico Union Community Resource Center,Los Angeles,CA,live_unclaimed,active,Community Organizations,Community Services,1520 W Pico Blvd,,,34.048600,-118.272600,Tue Aug 11 2026 00:00:00 GMT+0000 (Coordinated Universal Time)
47308d0f-d20d-47c6-bfd5-498d0f61b994,Conwell-Egan Catholic School Area,Los Angeles,CA,live_unclaimed,active,Education & Learning,Private & Charter Schools,3890 W Martin Luther King Jr Blvd,,,34.001500,-118.342600,Tue Aug 11 2026 00:00:00 GMT+0000 (Coordinated Universal Time)
d23ecfec-280f-488e-9371-9edb665b0502,Conwell & Kirkpatrick LLP,Los Angeles,CA,live_unclaimed,active,Professional Services,Law Firm,3699 Wilshire Blvd,,,34.060800,-118.341400,Tue Aug 11 2026 00:00:00 GMT+0000 (Coordinated Universal Time)
f1253f69-d745-444c-9a8b-53ef3739051f,Corazon y Miel,Los Angeles,CA,live_unclaimed,active,Food,Mexican American,6626 N Figueroa St,,,34.106800,-118.206200,Tue Aug 11 2026 00:00:00 GMT+0000 (Coordinated Universal Time)
96ec6222-a535-46b6-902e-7cd950ba9785,Crawford's Restaurant,Los Angeles,CA,live_unclaimed,active,Food,Southern,2616 Beverly Blvd,,,34.073100,-118.283900,Tue Aug 11 2026 00:00:00 GMT+0000 (Coordinated Universal Time)
d497179a-4199-4fe5-a5c9-493686234815,Crenshaw Auto Service — Black-Owned,Los Angeles,CA,live_unclaimed,active,Professional Services,Auto Repair,4012 S Crenshaw Blvd,,,33.986200,-118.334100,Tue Aug 11 2026 00:00:00 GMT+0000 (Coordinated Universal Time)
f208b6ab-7035-4cff-bf0e-608ff7a2ade9,Crenshaw Green — Los Angeles,Los Angeles,CA,live_unclaimed,active,Cannabis & Dispensary,Cannabis Dispensary,"3600 W Martin Luther King Jr Blvd, Los Angeles, CA",,,33.983700,-118.338700,Thu Aug 13 2026 00:00:00 GMT+0000 (Coordinated Universal Time)
2ea9edfb-dc4c-4e25-9bed-6f0747d264f5,Crenshaw Soul Shack Truck,Los Angeles,CA,live_unclaimed,active,Food Trucks,Lunch & Dinner,"3405 W Martin Luther King Jr Blvd, Los Angeles, CA",,,33.983700,-118.338700,Thu Aug 13 2026 00:00:00 GMT+0000 (Coordinated Universal Time)
9c2b4544-e4d7-4efd-9aae-0acbff001313,Crenshaw Tax & Accounting Services,Los Angeles,CA,live_unclaimed,active,Professional Services,Tax & Accounting,3650 W Martin Luther King Jr Blvd,,,34.000600,-118.334900,Tue Aug 11 2026 00:00:00 GMT+0000 (Coordinated Universal Time)
1b415dee-8f91-4f39-9ee3-0b14701d347a,Crenshaw Wash & Fold,Los Angeles,CA,live_unclaimed,active,Home Services,Laundromat,3405 W Slauson Ave,,,33.988000,-118.339400,Thu Aug 13 2026 00:00:00 GMT+0000 (Coordinated Universal Time)
5be8b809-99b7-4070-85f6-c544c0319a72,Crystal Stairs Inc.,Los Angeles,CA,live_unclaimed,active,Children & Family,Childcare & Early Learning,5110 Goldleaf Cir,,,34.003000,-118.347800,Tue Aug 11 2026 00:00:00 GMT+0000 (Coordinated Universal Time)
28e763bb-7e03-4816-9469-493ad4b4023d,Darband Shishkabob Restaurant,Los Angeles,CA,live_unclaimed,active,Food,Persian Kabob,1420 Westwood Blvd,,,34.062800,-118.442200,Tue Aug 11 2026 00:00:00 GMT+0000 (Coordinated Universal Time)
f252116d-071c-4c67-b9a8-e43e01144bb3,Deja Vu Beauty & Hair Salon,Los Angeles,CA,live_unclaimed,active,Beauty & Personal Care,Black Hair Salon,3815 Crenshaw Blvd,,,34.009600,-118.337800,Tue Aug 11 2026 00:00:00 GMT+0000 (Coordinated Universal Time)
5640915d-adf8-4ad3-8fad-7d80f148c93a,Destination Crenshaw,Los Angeles,CA,live_unclaimed,active,Arts & Culture,Open-Air Art Museum,4100 Crenshaw Blvd,,,34.001000,-118.338000,Tue Aug 11 2026 00:00:00 GMT+0000 (Coordinated Universal Time)
7aff7221-d37b-4339-a323-f9eddd824967,Dulan's Soul Food Kitchen,Los Angeles,CA,live_unclaimed,active,Food,Soul Food,4859 Crenshaw Blvd,,,33.993300,-118.335900,Tue Aug 11 2026 00:00:00 GMT+0000 (Coordinated Universal Time)
2467bf8b-68ca-4e57-ad0c-9ffba785e4a0,Earle's on Crenshaw,Los Angeles,CA,live_unclaimed,active,Food,Caribbean,"Crenshaw District, Los Angeles, CA",,,34.052200,-118.243700,Sat Aug 08 2026 00:00:00 GMT+0000 (Coordinated Universal Time)
8439bb61-4cb7-4625-9bc4-87d66f5d9378,El Comal Salvadoreño,Los Angeles,CA,live_unclaimed,active,Food,Salvadoran Pupusería,2327 W 7th St,,,34.056500,-118.281900,Tue Aug 11 2026 00:00:00 GMT+0000 (Coordinated Universal Time)
53601b31-9286-46be-a759-bc843245bb71,El Mercadito,Los Angeles,CA,live_unclaimed,active,Retail,Mexican Market,3425 E Olympic Blvd,,,34.022300,-118.178800,Tue Aug 11 2026 00:00:00 GMT+0000 (Coordinated Universal Time)
20800911-4802-4b85-be41-d4dcb44191e2,El Ruso Burrito,Los Angeles,CA,live_unclaimed,active,Food,Mexican Burritos,2643 Wabash Ave,,,34.029300,-118.197500,Tue Aug 11 2026 00:00:00 GMT+0000 (Coordinated Universal Time)
77a7e90a-9521-4365-948e-25f802f20ef4,El Tepeyac Café,Los Angeles,CA,live_unclaimed,active,Food,Mexican,812 N Evergreen Ave,https://manuelseltepeyac.com,,34.048100,-118.201700,Tue Aug 11 2026 00:00:00 GMT+0000 (Coordinated Universal Time)
e5a44a67-c56b-4546-a231-1c6b832abd51,Eso Won Books,Los Angeles,CA,live_unclaimed,active,Arts & Culture,Black Bookstore,4327 Degnan Blvd,,,34.005200,-118.331900,Tue Aug 11 2026 00:00:00 GMT+0000 (Coordinated Universal Time)
d6e3e28f-a079-4698-a321-b5b30d6deff0,Ethiopian Community Association of Los Angeles,Los Angeles,CA,live_unclaimed,active,Community Organizations,Ethiopian Community,1050 S Fairfax Ave,,,34.052200,-118.361000,Tue Aug 11 2026 00:00:00 GMT+0000 (Coordinated Universal Time)
b93ec2c8-64f4-48e8-b191-1220988aa489,Exposition Park,Los Angeles,CA,live_unclaimed,active,Entertainment & Recreation,Cultural Park,700 Exposition Park Dr,,,34.017400,-118.285300,Tue Aug 11 2026 00:00:00 GMT+0000 (Coordinated Universal Time)
691ab6d5-1428-4ee3-a96c-1b6a6c3580b6,FANHS Southern California,Los Angeles,CA,live_unclaimed,active,Arts & Culture,Historical Society,671 S Kingsley Dr,,,34.057200,-118.306100,Tue Aug 11 2026 00:00:00 GMT+0000 (Coordinated Universal Time)
f871c6de-eb52-424e-99a4-41a069515994,Filipino Community Center of Southern California,Los Angeles,CA,live_unclaimed,active,Community Organizations,Filipino Cultural Center,660 Blaine St,,,34.066900,-118.277100,Tue Aug 11 2026 00:00:00 GMT+0000 (Coordinated Universal Time)
b7139419-17b0-4cc7-b0e8-3b654cdfed6e,First African Methodist Episcopal Church of Los Angeles,Los Angeles,CA,live_unclaimed,active,Faith & Spirituality,AME Church,2270 S Harvard Blvd,https://famechurch.org,,34.029400,-118.305400,Tue Aug 11 2026 00:00:00 GMT+0000 (Coordinated Universal Time)
b6a7ffd8-72fa-4dd0-af73-50a79a6a4c3a,Flavors from Afar,Los Angeles,CA,live_unclaimed,active,Food,Food,"Little Ethiopia, Los Angeles, CA",,,34.052200,-118.243700,Sat Aug 08 2026 00:00:00 GMT+0000 (Coordinated Universal Time)
a2d7fe1e-f766-423d-93f5-0873f28adab7,Ghana Evangelical Church of Los Angeles,Los Angeles,CA,live_unclaimed,active,Faith & Spirituality,West African Christian,8500 S Western Ave,,,33.984000,-118.309000,Tue Aug 11 2026 00:00:00 GMT+0000 (Coordinated Universal Time)
13,Griot's Coffee & Study Hall,Los Angeles,CA,permanently_hidden,active,Food,Coffee & Café,5620 Crenshaw Blvd,griotscoffee.com,(323) 555-0587,33.992900,-118.332400,Thu Jun 18 2026 00:00:00 GMT+0000 (Coordinated Universal Time)
620427c4-e126-4006-b5fa-48e535d33d39,Guelaguetza,Los Angeles,CA,live_unclaimed,active,Food,Mexican,"Koreatown, Los Angeles, CA",,,34.052200,-118.243700,Sat Aug 08 2026 00:00:00 GMT+0000 (Coordinated Universal Time)
85160ba0-82d2-4d09-96af-064c05b20b4c,Guelaguetza Restaurant,Los Angeles,CA,live_unclaimed,active,Food,Oaxacan Mexican,3014 W Olympic Blvd,https://ilovemole.com,,34.053700,-118.299400,Tue Aug 11 2026 00:00:00 GMT+0000 (Coordinated Universal Time)
ca601bd7-a9c5-4c25-8a13-e056244a71ad,Guisados,Los Angeles,CA,live_unclaimed,active,Food,Mexican Tacos,2100 E César E Chávez Ave,https://guisados.co,,34.032700,-118.201900,Tue Aug 11 2026 00:00:00 GMT+0000 (Coordinated Universal Time)
778215de-e0af-42c6-a6dd-59cdbf376e92,Ham Ji Park,Los Angeles,CA,live_unclaimed,active,Food,Korean Comfort Food,3407 W 6th St,,,34.058100,-118.304900,Tue Aug 11 2026 00:00:00 GMT+0000 (Coordinated Universal Time)
9e3d9475-8886-4185-b10e-66d8c3c4b90e,Harold & Belle's Restaurant,Los Angeles,CA,live_unclaimed,active,Food,Creole & Cajun,2920 W Jefferson Blvd,,,33.998800,-118.307400,Tue Aug 11 2026 00:00:00 GMT+0000 (Coordinated Universal Time)
420fb614-ea0e-40ca-a033-e7630e4d78c6,Harriet's Cheesecakes Unlimited,Los Angeles,CA,live_unclaimed,active,Food,Bakery & Desserts,4440 W Slauson Ave,,,33.989000,-118.350000,Tue Aug 11 2026 00:00:00 GMT+0000 (Coordinated Universal Time)
dc382f01-b476-4e48-b980-aaf58ce3c25b,Highly Likely,Los Angeles,CA,live_unclaimed,active,Food,Café & Brunch,5011 W Adams Blvd,,,34.028000,-118.354700,Tue Aug 11 2026 00:00:00 GMT+0000 (Coordinated Universal Time)
8d44878e-66b5-4c48-953c-3495e7e3e0b4,Hilltop Coffee + Kitchen,Los Angeles,CA,live_unclaimed,active,Food,Coffee & Brunch,3237 W Jefferson Blvd,,,34.023500,-118.326400,Tue Aug 11 2026 00:00:00 GMT+0000 (Coordinated Universal Time)
259779c3-8faa-41a0-a499-802dea1c6309,Holman United Methodist Church,Los Angeles,CA,live_unclaimed,active,Faith & Spirituality,Methodist,3320 W Adams Blvd,,,34.027900,-118.319400,Tue Aug 11 2026 00:00:00 GMT+0000 (Coordinated Universal Time)
40fc8474-e002-4c3d-8008-5202111d768c,Homeboy Industries,Los Angeles,CA,live_unclaimed,active,Community Organizations,Social Enterprise,130 W Bruno St,https://homeboyindustries.org,,34.071700,-118.219300,Tue Aug 11 2026 00:00:00 GMT+0000 (Coordinated Universal Time)
80694d0d-1b77-432b-83b5-cc38f2c4af74,Homegirl Café,Los Angeles,CA,live_unclaimed,active,Food,Mexican Café,130 W Bruno St,,,34.071700,-118.219300,Tue Aug 11 2026 00:00:00 GMT+0000 (Coordinated Universal Time)
5205789d-3399-469f-8cdc-12d1234fa4a6,Iranian Community of Los Angeles,Los Angeles,CA,live_unclaimed,active,Community Organizations,Iranian Community,5870 W Olympic Blvd,,,34.052000,-118.357200,Tue Aug 11 2026 00:00:00 GMT+0000 (Coordinated Universal Time)
74a33ffc-5c74-4633-a50b-349b1e34b7b5,Islamic Center of Southern California,Los Angeles,CA,live_unclaimed,active,Faith & Spirituality,Islamic Center,434 S Vermont Ave,https://islamcenter.org,,34.059600,-118.291700,Tue Aug 11 2026 00:00:00 GMT+0000 (Coordinated Universal Time)
ea065612-0678-4017-809f-5500b4621666,Island Vibe Jamaican Kitchen,Los Angeles,CA,live_unclaimed,active,Food,Jamaican,7823 S Vermont Ave,,,33.986100,-118.291300,Tue Aug 11 2026 00:00:00 GMT+0000 (Coordinated Universal Time)
6a5263fe-4f29-4c84-ad41-a16c65cb53b1,Ixim Mesoamerican Kitchen,Los Angeles,CA,live_unclaimed,active,Food,Guatemalan Street Food,2019 W 6th St,,,34.057700,-118.280200,Tue Aug 11 2026 00:00:00 GMT+0000 (Coordinated Universal Time)
9c217396-1eef-424a-9302-925d95e339dc,Javan Restaurant,Los Angeles,CA,live_unclaimed,active,Food,Persian,11500 Santa Monica Blvd,,,34.048600,-118.464300,Tue Aug 11 2026 00:00:00 GMT+0000 (Coordinated Universal Time)
75efd0f0-26ac-452d-8e2b-816bf5fbc8e7,Kedren Community Health Center,Los Angeles,CA,live_unclaimed,active,Health & Wellness,Mental Health & Counseling,4211 S Avalon Blvd,,,33.989500,-118.273200,Tue Aug 11 2026 00:00:00 GMT+0000 (Coordinated Universal Time)
0dcb0e15-cae1-4456-b635-8cfeb614bd85,Kenneth Hahn State Recreation Area,Los Angeles,CA,live_unclaimed,active,Entertainment & Recreation,Park & Recreation,4100 S La Cienega Blvd,,,34.002200,-118.355800,Tue Aug 11 2026 00:00:00 GMT+0000 (Coordinated Universal Time)
b500e5ed-05bd-4bfd-9c54-ba97621d3be3,Ketab Corp — Persian Bookstore,Los Angeles,CA,live_unclaimed,active,Retail,Persian Bookstore,1419 Westwood Blvd,,,34.062700,-118.441800,Tue Aug 11 2026 00:00:00 GMT+0000 (Coordinated Universal Time)
ac313423-8fae-49b6-85cb-f74504f48a6b,Kobawoo House,Los Angeles,CA,live_unclaimed,active,Food,Korean,698 S Vermont Ave,,,34.051500,-118.292000,Tue Aug 11 2026 00:00:00 GMT+0000 (Coordinated Universal Time)
2e417b9e-ddfb-4d2b-a953-3b0c9f7f7e22,Korean American Museum,Los Angeles,CA,live_unclaimed,active,Arts & Culture,Korean American Museum,3727 W 6th St,https://kamuseum.org,,34.058500,-118.306200,Tue Aug 11 2026 00:00:00 GMT+0000 (Coordinated Universal Time)
a78308ef-28d3-49c1-aa6c-fcce20cee5bc,Korean Cultural Center of Los Angeles,Los Angeles,CA,live_unclaimed,active,Arts & Culture,Cultural Center,5505 Wilshire Blvd,https://kccla.org,,34.062800,-118.337300,Tue Aug 11 2026 00:00:00 GMT+0000 (Coordinated Universal Time)
2f552190-7c1e-423f-97ff-157945563fea,Koreatown Immigrant Workers Alliance,Los Angeles,CA,live_unclaimed,active,Community Organizations,Workers Rights,3465 W 8th St,https://kiwa.org,,34.056000,-118.304700,Tue Aug 11 2026 00:00:00 GMT+0000 (Coordinated Universal Time)
1ca0a22c-0373-47e9-afaa-42c06ba756bf,La Casita Salvadoreña,Los Angeles,CA,live_unclaimed,active,Food,Salvadoran,1724 W Pico Blvd,,,34.049900,-118.268200,Tue Aug 11 2026 00:00:00 GMT+0000 (Coordinated Universal Time)
6f3fb4ce-816b-40f3-8983-55c9707ae0ab,La Cita Bar,Los Angeles,CA,live_unclaimed,active,Entertainment & Recreation,Chicano Bar & Music,336 S Hill St,,,34.048900,-118.249900,Tue Aug 11 2026 00:00:00 GMT+0000 (Coordinated Universal Time)
4408e613-1ac1-4c20-9c17-ddcea63f5fbc,Lakay Haitian Restaurant,Los Angeles,CA,live_unclaimed,active,Food,Haitian,4800 W Slauson Ave,,,33.989300,-118.347900,Tue Aug 11 2026 00:00:00 GMT+0000 (Coordinated Universal Time)
98fbcabb-f267-410e-be5d-04b77d750aad,La Serenata de Garibaldi,Los Angeles,CA,live_unclaimed,active,Food,Mexican Fine Dining,1842 E 1st St,,,34.048100,-118.219800,Tue Aug 11 2026 00:00:00 GMT+0000 (Coordinated Universal Time)
870de058-d989-4a8b-bff3-cbff9568ea9f,Lasita Rotisserie,Los Angeles,CA,live_unclaimed,active,Food,Filipino Rotisserie,727 N Broadway #120,,,34.062100,-118.236300,Tue Aug 11 2026 00:00:00 GMT+0000 (Coordinated Universal Time)
79963c7f-7816-46a8-9e75-bd51b07f6e90,LAUSD Head Start — Watts Learning Center,Los Angeles,CA,live_unclaimed,active,Childcare & Early Education,Early Childhood Education,1260 E 111th St,,,33.943400,-118.250800,Tue Aug 11 2026 00:00:00 GMT+0000 (Coordinated Universal Time)
a4ab0024-314c-4f99-8ed2-2601c92870cc,La Victoria Bakery,Los Angeles,CA,live_unclaimed,active,Food,Mexican Bakery,1422 E 7th St,,,34.040900,-118.224700,Tue Aug 11 2026 00:00:00 GMT+0000 (Coordinated Universal Time)
e926fc82-3dba-45d8-b591-1752170c1f4c,Leimert Park Barbershop,Los Angeles,CA,live_unclaimed,active,Beauty & Personal Care,Barbershops,4316 Degnan Blvd,,,34.009000,-118.333500,Tue Aug 11 2026 00:00:00 GMT+0000 (Coordinated Universal Time)
3a17cdee-ab5c-4b3f-9e5d-3f651bd55231,Leimert Park Cannabis Collective,Los Angeles,CA,live_unclaimed,active,Cannabis & Dispensary,Cannabis Dispensary,"4310 Degnan Blvd, Los Angeles, CA",,,33.988600,-118.335500,Thu Aug 13 2026 00:00:00 GMT+0000 (Coordinated Universal Time)
8a5239fc-2b38-40a4-9dc5-7a92c91c1ec7,Leimert Park Children's Center,Los Angeles,CA,live_unclaimed,active,Childcare & Early Education,Daycare,4301 11th Ave,,,33.988200,-118.336200,Tue Aug 11 2026 00:00:00 GMT+0000 (Coordinated Universal Time)
2edf0ac0-bc7f-4ac0-a5a9-45fd02cdbf60,Leimert Park Dental Group,Los Angeles,CA,live_unclaimed,active,Health & Wellness,Dental,4334 Degnan Blvd,,,33.988800,-118.339100,Tue Aug 11 2026 00:00:00 GMT+0000 (Coordinated Universal Time)
3b5f166b-bdde-489b-8439-0e1c0d3db844,Leimert Park Electric,Los Angeles,CA,live_unclaimed,active,Professional Services,Electrical,3901 S Crenshaw Blvd,,,33.989700,-118.334200,Tue Aug 11 2026 00:00:00 GMT+0000 (Coordinated Universal Time)
96,Leimert Park Gallery Row,Los Angeles,CA,permanently_hidden,active,Education,Art & Culture,4328 Degnan Blvd,,(323) 555-9601,33.988300,-118.336900,Thu Jun 18 2026 00:00:00 GMT+0000 (Coordinated Universal Time)
261012cb-a5d4-46c1-9f05-168f4c4625b7,Leimert Park Laundry Center,Los Angeles,CA,live_unclaimed,active,Home Services,Laundromat,3716 43rd Pl,,,33.988600,-118.335100,Thu Aug 13 2026 00:00:00 GMT+0000 (Coordinated Universal Time)
38fb89c2-d012-45e5-a3c5-668e1d7c65ff,Leimert Park Vegan Soul,Los Angeles,CA,live_unclaimed,active,Food Trucks,Lunch,"4395 Leimert Blvd, Los Angeles, CA",,,33.989300,-118.336300,Thu Aug 13 2026 00:00:00 GMT+0000 (Coordinated Universal Time)
f4a35a9f-468b-4751-b548-c43322722e4e,Leimert Park Village,Los Angeles,CA,live_unclaimed,active,Arts & Culture,Cultural District,4395 Leimert Blvd,,,34.005200,-118.331800,Tue Aug 11 2026 00:00:00 GMT+0000 (Coordinated Universal Time)
8f26412c-48a1-4a66-8b8d-a5fbdefc3604,Little Tokyo Service Center,Los Angeles,CA,live_unclaimed,active,Community Organizations,Community Services,231 E 3rd St,https://ltsc.org,,34.048000,-118.242400,Tue Aug 11 2026 00:00:00 GMT+0000 (Coordinated Universal Time)
72a13718-0218-49f7-9007-d807fd20db59,Loc & Twist Natural Hair Studio,Los Angeles,CA,live_unclaimed,active,Beauty & Personal Care,Natural Hair & Loc Specialists,5063 W Pico Blvd,,,34.053400,-118.363300,Tue Aug 11 2026 00:00:00 GMT+0000 (Coordinated Universal Time)
0eab5f94-a5c9-4ea9-9122-363229812bf1,Lotería! Grill,Los Angeles,CA,live_unclaimed,active,Food,Regional Mexican,317 S Broadway,,,34.050600,-118.248800,Tue Aug 11 2026 00:00:00 GMT+0000 (Coordinated Universal Time)
389df2b8-f4f3-41f9-8aef-40c27eb5747a,Malik Books,Los Angeles,CA,live_unclaimed,active,Retail,Bookstore,"Baldwin Hills, Los Angeles, CA",,,34.052200,-118.243700,Sat Aug 08 2026 00:00:00 GMT+0000 (Coordinated Universal Time)
e973d640-ccf4-45ad-9065-b4ee25cd2f80,Marcus Bar & Grille,Los Angeles,CA,live_unclaimed,active,Entertainment & Recreation,Bar & Grill,5100 W Century Blvd,,,33.956100,-118.369400,Tue Aug 11 2026 00:00:00 GMT+0000 (Coordinated Universal Time)
9adbc119-c35d-4403-89fb-9db454bda437,Mario's Peruvian Seafood,Los Angeles,CA,live_unclaimed,active,Food,Peruvian,5786 Melrose Ave,,,34.083700,-118.333000,Tue Aug 11 2026 00:00:00 GMT+0000 (Coordinated Universal Time)
25790ea9-8dbc-4d83-a5fc-f977249b7c8d,Marouch Restaurant,Los Angeles,CA,live_unclaimed,active,Food,Lebanese Armenian,4905 Santa Monica Blvd,,,34.081700,-118.302400,Tue Aug 11 2026 00:00:00 GMT+0000 (Coordinated Universal Time)
f04bb9c3-aebe-4736-8d16-01d5c61d2e6a,Masjid Ibaadillah,Los Angeles,CA,live_unclaimed,active,Faith & Spirituality,Black Muslim Mosque,4016 S Central Ave,,,34.004400,-118.258200,Tue Aug 11 2026 00:00:00 GMT+0000 (Coordinated Universal Time)
77b034a0-feff-4de0-a34d-ca88cb93c9f8,Maternal Fetal Care Center at MLK,Los Angeles,CA,live_unclaimed,active,Health & Wellness,OB/GYN & Maternal Health,1680 E 120th St,,,33.931300,-118.247500,Tue Aug 11 2026 00:00:00 GMT+0000 (Coordinated Universal Time)
383e6370-0b7f-43e5-acda-027c6b99b4f4,Meals by Genet,Los Angeles,CA,live_unclaimed,active,Food,Ethiopian,"Little Ethiopia, Los Angeles, CA",,,34.052200,-118.243700,Sat Aug 08 2026 00:00:00 GMT+0000 (Coordinated Universal Time)
12d61748-6d6c-429d-a153-cae7afcf3d2a,Messob Ethiopian Restaurant,Los Angeles,CA,live_unclaimed,active,Food,Ethiopian,1041 S Fairfax Ave,https://messob.com,,34.052400,-118.361000,Tue Aug 11 2026 00:00:00 GMT+0000 (Coordinated Universal Time)
7c387d5f-fc00-4230-a536-3dd361e2f06b,MLK Community Health Foundation,Los Angeles,CA,live_unclaimed,active,Health & Wellness,Hospital & Community Health,1680 E 120th St,,,33.935100,-118.258100,Tue Aug 11 2026 00:00:00 GMT+0000 (Coordinated Universal Time)
55d75be7-1f4f-4874-9d2b-21564aebf2fa,MLK Community Medical Center,Los Angeles,CA,live_unclaimed,active,Health & Wellness,Medical Center,1680 E 120th St,,,33.931100,-118.247600,Tue Aug 11 2026 00:00:00 GMT+0000 (Coordinated Universal Time)
6f906527-0000-4d98-8ab5-af36ee957087,Museum of African American Art,Los Angeles,CA,live_unclaimed,active,Arts & Culture,Museum,4005 Crenshaw Blvd,,,34.003300,-118.336300,Tue Aug 11 2026 00:00:00 GMT+0000 (Coordinated Universal Time)
843a0566-80f5-49ae-9840-ee755c0e184f,Nossa Caipirinha Bar,Los Angeles,CA,live_unclaimed,active,Food,Brazilian,1811 Hillhurst Ave,,,34.105500,-118.287600,Tue Aug 11 2026 00:00:00 GMT+0000 (Coordinated Universal Time)
a91fb69a-64d7-4bbf-8506-1b4ea343efd6,Nyala Ethiopian Cuisine,Los Angeles,CA,live_unclaimed,active,Food,Ethiopian,1076 S Fairfax Ave,,,34.051900,-118.361100,Tue Aug 11 2026 00:00:00 GMT+0000 (Coordinated Universal Time)
d3c46165-e8c4-4368-ba42-800f7cdc8026,Olvera Street — El Pueblo de Los Angeles,Los Angeles,CA,live_unclaimed,active,Arts & Culture,Historic Cultural Site,125 Paseo de la Plaza,,,34.058000,-118.238800,Tue Aug 11 2026 00:00:00 GMT+0000 (Coordinated Universal Time)
5294b083-fd9c-4d55-b6ac-a26b62eb8f10,Parks BBQ,Los Angeles,CA,live_unclaimed,active,Food,Korean BBQ,955 S Vermont Ave,https://parksbbq.com,,34.050900,-118.291800,Tue Aug 11 2026 00:00:00 GMT+0000 (Coordinated Universal Time)
e1575c43-a197-4f0b-9082-ff2795d0f200,Pass Barbershop,Los Angeles,CA,live_unclaimed,active,Beauty & Personal Care,Black Barbershop,5428 Crenshaw Blvd,,,33.991800,-118.337500,Tue Aug 11 2026 00:00:00 GMT+0000 (Coordinated Universal Time)
faf59f43-4a3e-4907-a179-9ce179e7db2e,Phillips Bar-B-Que,Los Angeles,CA,live_unclaimed,active,Food,BBQ,4307 Leimert Blvd,,,34.007200,-118.332100,Tue Aug 11 2026 00:00:00 GMT+0000 (Coordinated Universal Time)
431b29bd-277f-43a1-8c5d-ba928c8c56c2,Post & Beam,Los Angeles,CA,live_unclaimed,active,Food,Food,"Baldwin Hills, Los Angeles, CA",,,34.052200,-118.243700,Sat Aug 08 2026 00:00:00 GMT+0000 (Coordinated Universal Time)
402505ad-9296-409b-8f96-18e3f7bed5a5,QueensCare Health Centers — West Adams,Los Angeles,CA,live_unclaimed,active,Health & Wellness,Community Health Clinic,4500 W Adams Blvd,,,34.028000,-118.347400,Tue Aug 11 2026 00:00:00 GMT+0000 (Coordinated Universal Time)
63d35cb9-9db9-4534-ae19-f293a8f29c74,Rahel Ethiopian Vegan Cuisine,Los Angeles,CA,live_unclaimed,active,Food,Ethiopian Vegan,1047 S Fairfax Ave,,,34.052300,-118.360900,Tue Aug 11 2026 00:00:00 GMT+0000 (Coordinated Universal Time)
60de5ab2-c427-4e84-89bd-0548bc2f8ef2,Restaurant La Antigua Guatemala,Los Angeles,CA,live_unclaimed,active,Food,Guatemalan,2416 S Western Ave,,,34.025100,-118.308600,Tue Aug 11 2026 00:00:00 GMT+0000 (Coordinated Universal Time)
115054d3-191e-42cd-92e0-9b64bb542862,Rosalind's West African & Ethiopian Cuisine,Los Angeles,CA,live_unclaimed,active,Food,Ethiopian & West African,1044 S Fairfax Ave,,,34.052400,-118.360900,Tue Aug 11 2026 00:00:00 GMT+0000 (Coordinated Universal Time)
9816d35e-06c4-450f-a430-70c96cc2ccd1,Roscoe's House of Chicken & Waffles,Los Angeles,CA,live_unclaimed,active,Food,Soul Food,1514 N Gower St,,,34.098900,-118.327100,Tue Aug 11 2026 00:00:00 GMT+0000 (Coordinated Universal Time)
21091f4c-a545-4031-bcf5-88693acce89c,Roscoe's House of Chicken & Waffles,Los Angeles,CA,live_unclaimed,active,Food,Soul Food,1518 N Gower St,,,34.098500,-118.326200,Tue Aug 11 2026 00:00:00 GMT+0000 (Coordinated Universal Time)
98,Saffron House Wellness Center,Los Angeles,CA,permanently_hidden,active,Health & Wellness,Gym & Personal Training,6319 S Crenshaw Blvd,,(323) 555-9827,33.993800,-118.332300,Thu Jun 18 2026 00:00:00 GMT+0000 (Coordinated Universal Time)
89538355-d935-4565-9c25-c7d737297da1,SALVABUILD — Salvadoran Community Organization,Los Angeles,CA,live_unclaimed,active,Community Organizations,Cultural & Immigrant Services,2201 W Olympic Blvd,,,34.051100,-118.278100,Tue Aug 11 2026 00:00:00 GMT+0000 (Coordinated Universal Time)
77c1f61d-1ab9-4021-a57c-faf351b21f77,Sari Sari Store,Los Angeles,CA,live_unclaimed,active,Food,Filipino Street Food,317 S Broadway,,,34.050600,-118.248800,Tue Aug 11 2026 00:00:00 GMT+0000 (Coordinated Universal Time)
42d302aa-6a98-4ef0-91a1-de31f9b9c2db,Second Baptist Church of Los Angeles,Los Angeles,CA,live_unclaimed,active,Faith & Spirituality,Baptist Church,2412 Griffith Ave,,,34.028100,-118.284700,Tue Aug 11 2026 00:00:00 GMT+0000 (Coordinated Universal Time)
c31462f2-7c0c-409f-812a-7948827646e2,Shamshiri Grill,Los Angeles,CA,live_unclaimed,active,Food,Persian Grill,1712 Westwood Blvd,,,34.064900,-118.443700,Tue Aug 11 2026 00:00:00 GMT+0000 (Coordinated Universal Time)
39fa282e-d634-415a-a782-313f7475a3b2,Simply Wholesome,Los Angeles,CA,live_unclaimed,active,Food,Vegan & Plant-Based,4508 W Slauson Ave,,,33.989500,-118.334800,Tue Aug 11 2026 00:00:00 GMT+0000 (Coordinated Universal Time)
3b2d354f-1fbe-4108-9ea8-d28db19feead,Slauson Deli,Los Angeles,CA,live_unclaimed,active,Food,Cajun Soul Food,4454 W Slauson Ave,,,34.001300,-118.347200,Tue Aug 11 2026 00:00:00 GMT+0000 (Coordinated Universal Time)
632f20f1-f890-40d6-abfc-8fa1d72f613d,Soban,Los Angeles,CA,live_unclaimed,active,Food,Korean,4001 W Olympic Blvd,,,34.049000,-118.309200,Tue Aug 11 2026 00:00:00 GMT+0000 (Coordinated Universal Time)
dd63cd67-4c9e-498e-8c20-d2053e757005,South LA Bilingual Early Learning,Los Angeles,CA,live_unclaimed,active,Childcare & Early Education,Bilingual Daycare,5621 S Vermont Ave,,,33.984300,-118.298900,Tue Aug 11 2026 00:00:00 GMT+0000 (Coordinated Universal Time)
b33c709a-329f-41a3-a867-75490d245524,South LA Black Plumbing,Los Angeles,CA,live_unclaimed,active,Professional Services,Plumbing,4218 S Central Ave,,,33.980800,-118.259200,Tue Aug 11 2026 00:00:00 GMT+0000 (Coordinated Universal Time)
4b5aa13c-13c0-4e50-8ed4-ca72eae8ac6b,South LA Black Therapy Collective,Los Angeles,CA,live_unclaimed,active,Health & Wellness,Mental Health Counseling,4201 S Crenshaw Blvd Suite 300,,,33.985600,-118.334100,Tue Aug 11 2026 00:00:00 GMT+0000 (Coordinated Universal Time)
c6cfd422-99df-48c6-9749-9d4f8b787392,South LA Dental Associates,Los Angeles,CA,live_unclaimed,active,Health & Wellness,Dental,3812 S Western Ave,,,33.989000,-118.309700,Tue Aug 11 2026 00:00:00 GMT+0000 (Coordinated Universal Time)
c9fbc0a5-b46c-4a27-91ff-d27d78670eb1,South LA Legal Group — Immigration & Criminal Defense,Los Angeles,CA,live_unclaimed,active,Professional Services,Immigration / Criminal Defense,3530 W Olympic Blvd Suite 304,,,34.024200,-118.331200,Tue Aug 11 2026 00:00:00 GMT+0000 (Coordinated Universal Time)
fd0a4538-ced8-4c3f-9c55-68d79bdcf91a,St. John's Well Child and Family Center,Los Angeles,CA,live_unclaimed,active,Health & Wellness,Pediatric & Family Health,5801 S Figueroa St,,,33.998600,-118.278200,Tue Aug 11 2026 00:00:00 GMT+0000 (Coordinated Universal Time)
2c512d3b-b190-4bb4-b1ea-057176da52b9,Sunnin Lebanese Café,Los Angeles,CA,live_unclaimed,active,Food,Lebanese,1779 Westwood Blvd,,,34.064600,-118.443400,Tue Aug 11 2026 00:00:00 GMT+0000 (Coordinated Universal Time)
7d59758a-4fe5-43e6-9f3c-ae16da13f434,Sun Nong Dan,Los Angeles,CA,live_unclaimed,active,Food,Korean Soup,3470 W 6th St,,,34.058300,-118.303500,Tue Aug 11 2026 00:00:00 GMT+0000 (Coordinated Universal Time)
e4ffa7eb-7826-47b3-91c1-9a1f36d29dac,Tamales Elena y Antojitos,Los Angeles,CA,live_unclaimed,active,Food,Tamales & Antojitos,2822 Whittier Blvd,,,34.022500,-118.185000,Tue Aug 11 2026 00:00:00 GMT+0000 (Coordinated Universal Time)
9e9da98c-cb01-40e2-99be-ac4f57a39075,Thai Community Development Center,Los Angeles,CA,live_unclaimed,active,Community Organizations,Thai Community,5265 Hollywood Blvd,https://thaicdc.org,,34.102200,-118.313000,Tue Aug 11 2026 00:00:00 GMT+0000 (Coordinated Universal Time)
42aab505-d8ae-4ef6-82bf-3dce39b3e5b2,The Loft at Liz's — Leimert Park,Los Angeles,CA,live_unclaimed,active,Entertainment & Recreation,Bar / Cultural Space,453 S Village Way,,,33.988200,-118.338400,Tue Aug 11 2026 00:00:00 GMT+0000 (Coordinated Universal Time)
74ad3a93-f14c-4f11-a8d8-08be3c2e3595,The Mint,Los Angeles,CA,live_unclaimed,active,Entertainment & Recreation,Live Music Venue,1036 S Fairfax Ave,,,34.052300,-118.360800,Tue Aug 11 2026 00:00:00 GMT+0000 (Coordinated Universal Time)
db2a237e-2944-4dcf-be7c-66be44efb46f,The Park's Finest,Los Angeles,CA,live_unclaimed,active,Food,Filipino American BBQ,1267 W Temple St,https://theparksfinest.com,,34.068500,-118.271400,Tue Aug 11 2026 00:00:00 GMT+0000 (Coordinated Universal Time)
4537ed44-3004-495c-9d26-238dad955f49,The Sycamores South LA Family Resource Center,Los Angeles,CA,live_unclaimed,active,Health & Wellness,Mental Health & Family Services,10820 S Budlong Ave,,,33.939400,-118.294100,Tue Aug 11 2026 00:00:00 GMT+0000 (Coordinated Universal Time)
b59edc7b-8e7f-485f-ae79-6bf13fb54872,The Underground Museum,Los Angeles,CA,live_unclaimed,active,Arts & Culture,Contemporary Art Gallery,3508 W Washington Blvd,,,34.018300,-118.335400,Tue Aug 11 2026 00:00:00 GMT+0000 (Coordinated Universal Time)
e63f2248-cc9a-4fbf-9751-f26d458c8aa3,UMMA Community Clinic,Los Angeles,CA,live_unclaimed,active,Health & Wellness,Community Health Clinic,1001 E 120th St,,,33.931200,-118.256500,Tue Aug 11 2026 00:00:00 GMT+0000 (Coordinated Universal Time)
9b6a045f-d864-4550-8f25-ca848bff72d8,Vibrato Grill Jazz — Bel Air,Los Angeles,CA,live_unclaimed,active,Entertainment & Recreation,Jazz Bar / Supper Club,2930 Beverly Glen Circle,https://vibratogrilljazz.com,,34.078100,-118.443100,Tue Aug 11 2026 00:00:00 GMT+0000 (Coordinated Universal Time)
93cbf112-0f70-40e8-bf80-2d0282e34f7c,Watts Community Dental,Los Angeles,CA,live_unclaimed,active,Health & Wellness,Dental,1601 E Century Blvd,,,33.943200,-118.253400,Tue Aug 11 2026 00:00:00 GMT+0000 (Coordinated Universal Time)
2ec3eea3-be46-4cb1-930f-7c97db16f5e7,Watts Healthcare Corporation,Los Angeles,CA,live_unclaimed,active,Health & Wellness,Community Health Clinic,10300 Compton Ave,,,33.945800,-118.247300,Tue Aug 11 2026 00:00:00 GMT+0000 (Coordinated Universal Time)
ccaec2ef-c99b-4f6f-94ce-0e28be1c5d80,Watts HVAC Solutions,Los Angeles,CA,live_unclaimed,active,Professional Services,HVAC,10321 S Central Ave,,,33.942500,-118.254300,Tue Aug 11 2026 00:00:00 GMT+0000 (Coordinated Universal Time)
b9778114-b68f-40af-b755-494d9209212b,Watts Rising Scholars Daycare,Los Angeles,CA,live_unclaimed,active,Childcare & Early Education,Daycare,1723 E Century Blvd,,,33.944100,-118.248900,Tue Aug 11 2026 00:00:00 GMT+0000 (Coordinated Universal Time)
80735929-b707-4233-a02d-4359e6cf3551,Watts Towers Arts Center,Los Angeles,CA,live_unclaimed,active,Arts & Culture,Cultural Center,1727 E 107th St,,,33.939300,-118.241600,Tue Aug 11 2026 00:00:00 GMT+0000 (Coordinated Universal Time)
fc10f95c-51ed-46a7-9554-d2a24db12515,West Angeles Church of God in Christ,Los Angeles,CA,live_unclaimed,active,Faith & Spirituality,Christian – Pentecostal,3600 Crenshaw Blvd,,,34.006300,-118.335000,Tue Aug 11 2026 00:00:00 GMT+0000 (Coordinated Universal Time)
ee1b15c2-0dee-42ee-b7f9-5ab0c4f155d2,Wi Spa,Los Angeles,CA,live_unclaimed,active,Beauty & Personal Care,Korean,"Koreatown, Los Angeles, CA",,,34.052200,-118.243700,Sat Aug 08 2026 00:00:00 GMT+0000 (Coordinated Universal Time)
42b32e66-79f1-417e-87ff-bee676c04134,Woody's Bar-B-Que,Los Angeles,CA,live_unclaimed,active,Food,BBQ,3446 W Slauson Ave,,,33.993000,-118.338700,Tue Aug 11 2026 00:00:00 GMT+0000 (Coordinated Universal Time)
b031707c-15e7-46ad-9243-205c35a3c1bf,World Stage Performance Gallery,Los Angeles,CA,live_unclaimed,active,Arts & Culture,Jazz & Performing Arts,4321 Degnan Blvd,,,34.005200,-118.331600,Tue Aug 11 2026 00:00:00 GMT+0000 (Coordinated Universal Time)
20,Legacy Legal Group,Macon,GA,permanently_hidden,active,Legal,Family & Estate Law,1400 Coleman Ave,legacylegalgroup.com,(478) 555-1219,32.840700,-83.632400,Thu Jun 18 2026 00:00:00 GMT+0000 (Coordinated Universal Time)
9856fb0b-2e02-4de7-be74-24a6ae34ef21,Cornbread,Maplewood,NJ,live_unclaimed,active,Food,Soul Food,"Maplewood (near Newark), NJ",,,40.731200,-74.272100,Sat Aug 08 2026 00:00:00 GMT+0000 (Coordinated Universal Time)
387651b3-3bea-4ab8-92ce-5847c2ac52df,Beale Street BBQ Truck,Memphis,TN,live_unclaimed,active,Food Trucks,Lunch & Dinner,"246 Beale St, Memphis, TN",,,35.139400,-90.052300,Thu Aug 13 2026 00:00:00 GMT+0000 (Coordinated Universal Time)
41,Beale Street Blues Kitchen,Memphis,TN,permanently_hidden,active,Food,Soul Food & BBQ,347 Beale St,,(901) 555-4101,35.139300,-90.052500,Thu Jun 18 2026 00:00:00 GMT+0000 (Coordinated Universal Time)
790671fc-ef9a-49b1-aacf-24b0af9c7138,Beale Street Historic District,Memphis,TN,live_unclaimed,active,Arts & Culture,Historic Cultural District,Beale St,,,35.139200,-90.051900,Tue Aug 11 2026 00:00:00 GMT+0000 (Coordinated Universal Time)
8ad64d32-6551-49e2-af67-a305cd41d569,Blues Hall of Fame Museum,Memphis,TN,live_unclaimed,active,Arts & Culture,Music Museum,421 S Main St,https://blues.org,,35.141900,-90.057100,Tue Aug 11 2026 00:00:00 GMT+0000 (Coordinated Universal Time)
a5744129-fa16-40a6-bd15-ff4287f4140d,Casablanca Restaurant,Memphis,TN,live_unclaimed,active,Food,Middle Eastern,"Poplar Ave, East Memphis, Memphis, TN",,,35.149500,-90.049000,Sat Aug 08 2026 00:00:00 GMT+0000 (Coordinated Universal Time)
dfe0e529-4a53-40b6-bb50-f712f1e476d8,Casarap,Memphis,TN,live_unclaimed,active,Food,Filipino,"Southwest Memphis, Memphis, TN",,,35.149500,-90.049000,Sat Aug 08 2026 00:00:00 GMT+0000 (Coordinated Universal Time)
58583f9a-9c4b-47f1-8fa1-5b0ab9bbdd6a,CxffeeBlack's Anti Gentrification Cxffee Club,Memphis,TN,live_unclaimed,active,Retail,Retail,"Heights/National area, Memphis, TN",,,35.149500,-90.049000,Sat Aug 08 2026 00:00:00 GMT+0000 (Coordinated Universal Time)
687193fc-8c0f-4830-aa21-44641ad7f7ca,El Central Mexican Restaurant — Memphis,Memphis,TN,live_unclaimed,active,Food,Mexican,6450 Poplar Ave,,,35.118100,-89.868500,Tue Aug 11 2026 00:00:00 GMT+0000 (Coordinated Universal Time)
6434a925-899b-489b-9266-6e6d49b156b8,Four Way Restaurant,Memphis,TN,live_unclaimed,active,Food,Soul Food,998 Mississippi Blvd,,,35.132800,-90.034400,Tue Aug 11 2026 00:00:00 GMT+0000 (Coordinated Universal Time)
21bb9fc1-3876-4175-bd58-877f8a53f0cc,Gus's World Famous Fried Chicken — Memphis,Memphis,TN,live_unclaimed,active,Food,Fried Chicken,310 S Front St,https://gusfriedchicken.com,,35.144200,-90.056500,Tue Aug 11 2026 00:00:00 GMT+0000 (Coordinated Universal Time)
45,Lagos Market & Café,Memphis,TN,permanently_hidden,active,Food,Coffee & Café,566 S Cooper St,,(901) 555-4561,35.134000,-90.017000,Thu Jun 18 2026 00:00:00 GMT+0000 (Coordinated Universal Time)
fcbb4cd5-df25-4286-9a7b-2d9dc24c16e9,LeMoyne-Owen College,Memphis,TN,live_unclaimed,active,Arts & Culture,HBCU,807 Walker Ave,https://loc.edu,,35.120700,-90.029500,Tue Aug 11 2026 00:00:00 GMT+0000 (Coordinated Universal Time)
2cdff72a-dd4d-46c3-b747-d4c22151f5c9,Luula Halal Somali Restaurant and Grocery,Memphis,TN,live_unclaimed,active,Food,Food,"Summer Ave, Memphis, TN",,,35.149500,-90.049000,Sat Aug 08 2026 00:00:00 GMT+0000 (Coordinated Universal Time)
59e282db-8e9f-48ab-852b-0c581d7a2935,Memphis Jamaican Kitchen,Memphis,TN,live_unclaimed,active,Food,Caribbean,"Vance Ave, Downtown, Memphis, TN",,,35.149500,-90.049000,Sat Aug 08 2026 00:00:00 GMT+0000 (Coordinated Universal Time)
d7625926-d265-4acf-8cca-590f5498ce04,Memphis Vietnamese Community,Memphis,TN,live_unclaimed,active,Community Organizations,Vietnamese Community Organization,2666 Lamar Ave,,,35.133800,-89.985000,Tue Aug 11 2026 00:00:00 GMT+0000 (Coordinated Universal Time)
a6e09d44-c4cc-4a55-ac42-0524ad079fea,National Civil Rights Museum at the Lorraine Motel,Memphis,TN,live_unclaimed,active,Arts & Culture,Civil Rights Museum,450 Mulberry St,https://civilrightsmuseum.org,,35.134000,-90.057700,Mon Aug 10 2026 00:00:00 GMT+0000 (Coordinated Universal Time)
aa86624e-8adc-468e-aea7-a3ce044edee5,Orange Mound Laundry Hub,Memphis,TN,live_unclaimed,active,Home Services,Laundromat,2545 Park Ave,,,35.111200,-89.981300,Thu Aug 13 2026 00:00:00 GMT+0000 (Coordinated Universal Time)
eb878221-9ab3-41dd-aa61-4c92d1d0bb28,Orange Mound Morning Truck,Memphis,TN,live_unclaimed,active,Food Trucks,Breakfast,"2600 Park Ave, Memphis, TN",,,35.111200,-89.981300,Thu Aug 13 2026 00:00:00 GMT+0000 (Coordinated Universal Time)
42,Orange Mound Realty,Memphis,TN,permanently_hidden,active,Legal,Real Estate,2680 Park Ave,orangemoundrealty.com,(901) 555-4219,35.118800,-89.993000,Thu Jun 18 2026 00:00:00 GMT+0000 (Coordinated Universal Time)
e2680989-90c8-41ba-9ca9-14c58a5aba7f,Primas Bakery + Boutique,Memphis,TN,live_unclaimed,active,Food,Bakery,"East Memphis, Memphis, TN",,,35.149500,-90.049000,Sat Aug 08 2026 00:00:00 GMT+0000 (Coordinated Universal Time)
db747a42-1728-484b-a4bf-4bf4e907440b,Queen of Sheba,Memphis,TN,live_unclaimed,active,Food,Middle Eastern,"Summer Ave, Memphis, TN",,,35.149500,-90.049000,Sat Aug 08 2026 00:00:00 GMT+0000 (Coordinated Universal Time)
f15a5c7d-df7b-4e3b-95b9-ef17bf748fb8,Sheger Ethiopian Restaurant and Grocery,Memphis,TN,live_unclaimed,active,Food,Ethiopian,"East Memphis, Memphis, TN",,,35.149500,-90.049000,Sat Aug 08 2026 00:00:00 GMT+0000 (Coordinated Universal Time)
43,Sister's Natural Salon,Memphis,TN,permanently_hidden,active,Beauty & Personal Care,Natural Hair Salon,1893 Airways Blvd,,(901) 555-4337,35.141200,-89.963200,Thu Jun 18 2026 00:00:00 GMT+0000 (Coordinated Universal Time)
86b8f71a-1dfe-465f-b784-367769de2343,Somali Community of Memphis — Community Hub,Memphis,TN,live_unclaimed,active,Community Organizations,Somali / East African Community,Binghampton,,,35.151700,-89.965000,Tue Aug 11 2026 00:00:00 GMT+0000 (Coordinated Universal Time)
1b2381b6-7643-4ae5-8098-6f9c47b8ca58,Stax Museum of American Soul Music,Memphis,TN,live_unclaimed,active,Arts & Culture,Music Museum,926 E McLemore Ave,https://staxmuseum.com,,35.126500,-90.033700,Tue Aug 11 2026 00:00:00 GMT+0000 (Coordinated Universal Time)
44,Stax Music Academy,Memphis,TN,permanently_hidden,active,Education,Music & Arts,926 E McLemore Ave,staxmusicacademy.com,(901) 555-4452,35.102400,-90.006300,Thu Jun 18 2026 00:00:00 GMT+0000 (Coordinated Universal Time)
77395ca0-cdf8-490f-8b5e-ae944c5de123,Vietnam Restaurant,Memphis,TN,live_unclaimed,active,Food,Vietnamese,"Cleveland St, Midtown Memphis, Memphis, TN",,,35.149500,-90.049000,Sat Aug 08 2026 00:00:00 GMT+0000 (Coordinated Universal Time)
1fc60c0b-2200-470b-8568-b0904baaadf9,W.C. Handy Home & Museum,Memphis,TN,live_unclaimed,active,Arts & Culture,Music Heritage Museum,352 Beale St,,,35.138800,-90.051900,Tue Aug 11 2026 00:00:00 GMT+0000 (Coordinated Universal Time)
8076240f-e8dc-4946-81a8-d6fb1f07a6f4,Whitehaven Fresh Spin,Memphis,TN,live_unclaimed,active,Home Services,Laundromat,4640 Elvis Presley Blvd,,,35.038600,-90.025100,Thu Aug 13 2026 00:00:00 GMT+0000 (Coordinated Universal Time)
f1b8fe6d-ed87-4b46-9465-c8b7288f8870,Young Soul Restaurant — Memphis,Memphis,TN,live_unclaimed,active,Food,Soul Food,1540 Mississippi Blvd,,,35.129300,-90.051900,Mon Aug 10 2026 00:00:00 GMT+0000 (Coordinated Universal Time)
48c5cc2b-4513-415b-b207-a075b0669351,Youth Villages — Memphis,Memphis,TN,live_unclaimed,active,Children & Family,Youth Programs & Family Services,3320 Brother Blvd,https://www.youthvillages.org,,35.149500,-90.049000,Mon Aug 10 2026 00:00:00 GMT+0000 (Coordinated Universal Time)
68ef50bd-ca93-4eff-8025-8a29f7a5a577,Gran Museo del Mundo Maya de Mérida,Mérida,Yucatan,live_unclaimed,active,Arts & Culture,Museum,"Calle 60 Norte s/n, Chuburná de Hidalgo",,,21.041900,-89.626700,Mon Aug 10 2026 00:00:00 GMT+0000 (Coordinated Universal Time)
8e032add-1245-43a7-92b1-8b3e8ee4aeae,Crescent City Electric,Metairie,LA,live_unclaimed,active,Professional Services,Electrical,2244 Airline Dr,,,29.992400,-90.152400,Tue Aug 11 2026 00:00:00 GMT+0000 (Coordinated Universal Time)
d85eb989-9e23-4839-85d5-5b727d861540,Taquería Corona,Metairie,LA,live_unclaimed,active,Food,Mexican / Taquería,3535 Severn Ave,,,29.992300,-90.143000,Tue Aug 11 2026 00:00:00 GMT+0000 (Coordinated Universal Time)
ae64da05-d1b7-4c4e-9031-96b7a9aaed1c,Awash Ethiopian Restaurant,Miami,FL,live_unclaimed,active,Food,Ethiopian,"Miami Gardens, Miami, FL",,,25.942000,-80.245600,Mon Aug 10 2026 00:00:00 GMT+0000 (Coordinated Universal Time)
16,Black Pearl Investment Group,Miami,FL,permanently_hidden,active,Finance,Investment & Wealth,"1 Biscayne Tower, Suite 2400",blackpearlinvestments.com,(305) 555-0814,25.774500,-80.188000,Thu Jun 18 2026 00:00:00 GMT+0000 (Coordinated Universal Time)
92e46116-d9ca-409d-b916-af81a4d959fe,Boteco,Miami,FL,live_unclaimed,active,Food,Brazilian,"MiMo District, Miami, FL",,,25.761500,-80.192900,Mon Aug 10 2026 00:00:00 GMT+0000 (Coordinated Universal Time)
f25a0ba3-7ed8-475f-af3e-4b5be1a0929d,Café Mystique — Haitian Kompa Bar,Miami,FL,live_unclaimed,active,Entertainment & Recreation,Caribbean Bar / Nightlife,241 NE 82nd Terrace,,,25.848300,-80.191500,Tue Aug 11 2026 00:00:00 GMT+0000 (Coordinated Universal Time)
a5ed22d3-b4db-443d-bd50-05c7e42236dc,Caribbean Sunset Truck — Miami,Miami,FL,live_unclaimed,active,Food Trucks,Dinner,"1830 NW 7th Ave, Miami, FL",,,25.795900,-80.200400,Thu Aug 13 2026 00:00:00 GMT+0000 (Coordinated Universal Time)
d37593ba-04f6-467f-a550-b0b6c302a40d,Chef Creole Seasoned Kitchen,Miami,FL,live_unclaimed,active,Food,Caribbean,"Little Haiti, Miami, FL",,,25.830400,-80.192800,Mon Aug 10 2026 00:00:00 GMT+0000 (Coordinated Universal Time)
1d9d085a-3d34-4f2b-a128-2a610ed4080f,Churchill's Pub — Little Haiti,Miami,FL,live_unclaimed,active,Entertainment & Recreation,Bar / Live Music,5501 NE 2nd Ave,https://churchillspub.com,,25.823300,-80.190900,Tue Aug 11 2026 00:00:00 GMT+0000 (Coordinated Universal Time)
23,Conexión Business Hub,Miami,FL,permanently_hidden,active,Tech,Coworking Space,300 NE 2nd Ave,nexuscoworkingmia.com,(305) 555-1563,25.783900,-80.192600,Thu Jun 18 2026 00:00:00 GMT+0000 (Coordinated Universal Time)
ec47d967-15ec-4e66-8597-76f7dafa9345,Doya,Miami,FL,live_unclaimed,active,Food,Food,"Wynwood, Miami, FL",,,25.801400,-80.199100,Mon Aug 10 2026 00:00:00 GMT+0000 (Coordinated Universal Time)
a74d41e9-1c3d-455d-bce0-bd05196e2536,Fritanga Monimbo,Miami,FL,live_unclaimed,active,Food,Food,"Sweetwater, Miami, FL",,,25.763400,-80.373100,Mon Aug 10 2026 00:00:00 GMT+0000 (Coordinated Universal Time)
42180682-2478-4205-9f4b-3277a05773bf,Garcia's Seafood Grille & Fish Market,Miami,FL,live_unclaimed,active,Food,Food,"Miami River, Miami, FL",,,25.777400,-80.203700,Mon Aug 10 2026 00:00:00 GMT+0000 (Coordinated Universal Time)
5507a326-aa56-4f45-8a20-13447e910950,Haitian American Mental Health Collective,Miami,FL,live_unclaimed,active,Health & Wellness,Mental Health Counseling,175 NE 79th St Suite 201,,,25.845100,-80.197000,Tue Aug 11 2026 00:00:00 GMT+0000 (Coordinated Universal Time)
1a3b0b94-37e3-4661-9e96-ef5fd2344f49,Haitian Auto Center — Little Haiti,Miami,FL,live_unclaimed,active,Professional Services,Auto Repair,5921 NE 2nd Ave,,,25.831200,-80.190600,Tue Aug 11 2026 00:00:00 GMT+0000 (Coordinated Universal Time)
ad3327a3-5dc6-405b-b7c3-c1cdaf24bdf6,Haiti TPS Legal Center — Miami,Miami,FL,live_unclaimed,active,Professional Services,Immigration Attorney,8060 NE 2nd Ave Suite 200,,,25.851200,-80.192000,Tue Aug 11 2026 00:00:00 GMT+0000 (Coordinated Universal Time)
30,Inkwell Tattoo & Art Gallery,Miami,FL,permanently_hidden,active,Retail,Art & Tattoo,2100 NW 2nd Ave,inkwellmia.com,(786) 555-2307,25.800800,-80.198300,Thu Jun 18 2026 00:00:00 GMT+0000 (Coordinated Universal Time)
d6bcb2ad-1903-4708-b287-1d4770e05be1,Kinfolk Lounge — Overtown,Miami,FL,live_unclaimed,active,Entertainment & Recreation,Bar / Live Music,1015 NW 2nd Ave,,,25.780500,-80.196200,Tue Aug 11 2026 00:00:00 GMT+0000 (Coordinated Universal Time)
8d62281b-74ff-492b-8e05-679bd1532f8f,Liberty City Auto Repair,Miami,FL,live_unclaimed,active,Professional Services,Auto Repair,7312 NW 17th Ave,,,25.850200,-80.221300,Tue Aug 11 2026 00:00:00 GMT+0000 (Coordinated Universal Time)
ab901122-f15b-4661-86d0-5081f3e9a197,Liberty City Clean Express,Miami,FL,live_unclaimed,active,Home Services,Laundromat,6241 NW 17th Ave,,,25.839600,-80.220200,Thu Aug 13 2026 00:00:00 GMT+0000 (Coordinated Universal Time)
c30c77bd-785e-4c2b-a2bc-98576d535920,Liberty City Dental Associates,Miami,FL,live_unclaimed,active,Health & Wellness,Dental,6050 NW 7th Ave,,,25.834800,-80.206100,Tue Aug 11 2026 00:00:00 GMT+0000 (Coordinated Universal Time)
3b0802d8-7006-4292-b473-b622cba4f75a,Liberty City Head Start Center,Miami,FL,live_unclaimed,active,Childcare & Early Education,Head Start,6150 NW 22nd Ave,,,25.842100,-80.236200,Tue Aug 11 2026 00:00:00 GMT+0000 (Coordinated Universal Time)
dc121f05-5cda-47da-b6f6-db8b9ec4be59,Liberty City Medical Cannabis,Miami,FL,live_unclaimed,active,Cannabis & Dispensary,Medical Marijuana,"6241 NW 17th Ave, Miami, FL",,,25.839600,-80.220200,Thu Aug 13 2026 00:00:00 GMT+0000 (Coordinated Universal Time)
5c379af8-fa4b-4547-b3f9-ac0c632e695a,Liberty City Plumbing & Sons,Miami,FL,live_unclaimed,active,Professional Services,Plumbing,7201 NW 17th Ave,,,25.848700,-80.221300,Tue Aug 11 2026 00:00:00 GMT+0000 (Coordinated Universal Time)
0a4bd9e0-09df-413e-899d-442226641c43,Liberty City Tax Experts,Miami,FL,live_unclaimed,active,Professional Services,Tax Preparation,6188 NW 7th Ave,,,25.835100,-80.206200,Tue Aug 11 2026 00:00:00 GMT+0000 (Coordinated Universal Time)
31ad5b3b-dd59-456a-86de-8bf6cd0016c2,Librería Universal,Miami,FL,live_unclaimed,active,Retail,Bookstore,"Little Havana, Miami, FL",,,25.768200,-80.233500,Mon Aug 10 2026 00:00:00 GMT+0000 (Coordinated Universal Time)
381881df-1164-462e-8e9e-5f8bd356e256,Lil Greenhouse Grill,Miami,FL,live_unclaimed,active,Food,Soul Food,"Overtown, Miami, FL",,,25.784700,-80.198900,Mon Aug 10 2026 00:00:00 GMT+0000 (Coordinated Universal Time)
9fa3ba80-5815-4f7d-9df5-361ba8d466ec,Little Haiti Dental Clinic,Miami,FL,live_unclaimed,active,Health & Wellness,Dental,185 NE 82nd St,,,25.847800,-80.196300,Tue Aug 11 2026 00:00:00 GMT+0000 (Coordinated Universal Time)
df751d32-5e16-4a9f-89cf-e915c2728d9a,Little Haiti Early Learning Academy,Miami,FL,live_unclaimed,active,Childcare & Early Education,Bilingual Daycare,154 NE 79th St,,,25.844700,-80.197400,Tue Aug 11 2026 00:00:00 GMT+0000 (Coordinated Universal Time)
f9e1945c-8c68-4b3b-acc8-bd2528c43e48,Little Haiti Fresh Wash,Miami,FL,live_unclaimed,active,Home Services,Laundromat,7901 NE 2nd Ave,,,25.859000,-80.195200,Thu Aug 13 2026 00:00:00 GMT+0000 (Coordinated Universal Time)
a56a76fb-f447-4241-a9d5-7cbe2a42d8d8,Little Haiti Tax & Business Services,Miami,FL,live_unclaimed,active,Professional Services,Tax Preparation,8181 NE 2nd Ave,,,25.852000,-80.191300,Tue Aug 11 2026 00:00:00 GMT+0000 (Coordinated Universal Time)
d7299524-1deb-470a-84aa-e86a7ae43b84,Miami Haitian HVAC Services,Miami,FL,live_unclaimed,active,Professional Services,HVAC,6601 NE 2nd Ave,,,25.845000,-80.195200,Tue Aug 11 2026 00:00:00 GMT+0000 (Coordinated Universal Time)
aeb78178-073b-4a72-9807-61fb99f68e8b,Naomi's Garden Restaurant & Lounge,Miami,FL,live_unclaimed,active,Food,Caribbean,"Liberty City, Miami, FL",,,25.824900,-80.216100,Mon Aug 10 2026 00:00:00 GMT+0000 (Coordinated Universal Time)
68bf5779-d9d7-4d11-9c67-e228b44c8ea0,Overtown Children's Village,Miami,FL,live_unclaimed,active,Childcare & Early Education,Daycare,1102 NW 3rd Ave,,,25.781200,-80.198200,Tue Aug 11 2026 00:00:00 GMT+0000 (Coordinated Universal Time)
47f26e30-d0ee-4ec0-9a69-f132a9a847ca,Overtown Community Dental,Miami,FL,live_unclaimed,active,Health & Wellness,Dental,1490 NW 3rd Ave,,,25.783800,-80.198600,Tue Aug 11 2026 00:00:00 GMT+0000 (Coordinated Universal Time)
91c8d7cc-4147-4ba9-b91a-9f2bc646b5e1,Overtown Community Legal Services,Miami,FL,live_unclaimed,active,Community Organizations,Legal Aid,1501 NW 3rd Ave Suite 100,,,25.786800,-80.198800,Tue Aug 11 2026 00:00:00 GMT+0000 (Coordinated Universal Time)
9fc385d6-0300-4b0a-ba8a-1f944dfe9c6d,Overtown Community Mental Health,Miami,FL,live_unclaimed,active,Health & Wellness,Mental Health / Community Health,1401 NW 7th Ave,,,25.786200,-80.204200,Tue Aug 11 2026 00:00:00 GMT+0000 (Coordinated Universal Time)
e0473270-5881-42b7-97b6-852a801885ea,Overtown Electric LLC,Miami,FL,live_unclaimed,active,Professional Services,Electrical,1231 NW 11th St,,,25.778200,-80.210000,Tue Aug 11 2026 00:00:00 GMT+0000 (Coordinated Universal Time)
01206d97-793e-4f46-aa14-71ff32db945e,Overtown Haitian Kitchen Truck,Miami,FL,live_unclaimed,active,Food Trucks,Lunch & Dinner,"1501 NW 3rd Ave, Miami, FL",,,25.784600,-80.200200,Thu Aug 13 2026 00:00:00 GMT+0000 (Coordinated Universal Time)
2911d01b-7264-4c59-b987-d13e1e6e975a,Overtown Laundry Center,Miami,FL,live_unclaimed,active,Home Services,Laundromat,1401 NW 3rd Ave,,,25.784600,-80.200200,Thu Aug 13 2026 00:00:00 GMT+0000 (Coordinated Universal Time)
ed13ed16-f815-4146-8935-83ae2d553ca2,Toussaint's Haitian Cuisine — Miami,Miami,FL,live_unclaimed,active,Food,Haitian,7100 NW 7th Ave,,,25.855300,-80.202000,Mon Aug 10 2026 00:00:00 GMT+0000 (Coordinated Universal Time)
7d15bfd9-20d5-4910-a55c-869a2241f83b,Versailles Restaurant,Miami,FL,live_unclaimed,active,Food,Food,"Little Havana, Miami, FL",,,25.765000,-80.252800,Mon Aug 10 2026 00:00:00 GMT+0000 (Coordinated Universal Time)
0c7bbf45-dacb-4479-974d-a11c732d1f1b,Tap Tap Restaurant & Bar — Little Haiti,Miami Beach,FL,live_unclaimed,active,Food,Haitian Restaurant / Bar,819 5th St,https://taptaprestaurant.com,,25.775100,-80.136300,Tue Aug 11 2026 00:00:00 GMT+0000 (Coordinated Universal Time)
18ba7ca2-8fa7-4d39-8408-be8b4bc9eefd,Alem Ethiopian Village,Milwaukee,WI,live_unclaimed,active,Food,Ethiopian,"Downtown/East Town, Milwaukee, WI",,,43.038900,-87.906500,Sat Aug 08 2026 00:00:00 GMT+0000 (Coordinated Universal Time)
8fde6a3f-e7ba-42ed-90d0-977a6bba9dfe,America's Black Holocaust Museum,Milwaukee,WI,live_unclaimed,active,Arts & Culture,Museum,401 W North Ave,https://abhmuseum.org,,43.064300,-87.917800,Tue Aug 11 2026 00:00:00 GMT+0000 (Coordinated Universal Time)
ff420fd0-c5ca-4fd0-a441-ac134ef25faa,Antigua Latin Inspired Kitchen,Milwaukee,WI,live_unclaimed,active,Food,Food,"West Allis, Milwaukee, WI",,,43.038900,-87.906500,Sat Aug 08 2026 00:00:00 GMT+0000 (Coordinated Universal Time)
702ef54d-d1e6-4782-a73b-cf176913c956,Basilica of Saint Josaphat (Polish & Latino),Milwaukee,WI,live_unclaimed,active,Faith & Spirituality,Catholic Church,601 W Lincoln Ave,https://thebasilica.org,,43.021800,-87.928100,Tue Aug 11 2026 00:00:00 GMT+0000 (Coordinated Universal Time)
68a00ef5-1dce-470e-8f7d-f6a634a451c1,Black Health Coalition of Wisconsin (Milwaukee),Milwaukee,WI,live_unclaimed,active,Health & Wellness,Public Health / Health Equity,2240 W North Ave,https://bhcwis.org,,43.064100,-87.945200,Tue Aug 11 2026 00:00:00 GMT+0000 (Coordinated Universal Time)
66447f00-c3c0-480a-bc20-fe08716fd03c,Blue Star Cafe,Milwaukee,WI,live_unclaimed,active,Food,Food,"Lower East Side, Milwaukee, WI",,,43.038900,-87.906500,Sat Aug 08 2026 00:00:00 GMT+0000 (Coordinated Universal Time)
3d9a4470-873e-4d66-a71c-830a7d153290,Bronzeville Collective MKE,Milwaukee,WI,live_unclaimed,active,Retail,Retail,"Bronzeville, Milwaukee, WI",,,43.038900,-87.906500,Sat Aug 08 2026 00:00:00 GMT+0000 (Coordinated Universal Time)
8bfcb6df-49bd-4b75-89da-f3cccdf54b35,City Year Milwaukee (Youth Organization),Milwaukee,WI,live_unclaimed,active,Community Organizations,Youth Education / Mentorship,2327 N Teutonia Ave,https://cityyear.org/milwaukee,,43.083000,-87.953600,Tue Aug 11 2026 00:00:00 GMT+0000 (Coordinated Universal Time)
08854fc3-ceaa-42db-baf1-3b4776db866c,Daddy's Soul Food & Grille,Milwaukee,WI,live_unclaimed,active,Food,Soul Food,"Near West Side, Milwaukee, WI",,,43.038900,-87.906500,Sat Aug 08 2026 00:00:00 GMT+0000 (Coordinated Universal Time)
ef1cb1e0-414d-4e08-8c8f-a547da00900a,El Rey Food Market Milwaukee,Milwaukee,WI,live_unclaimed,active,Retail,Latino Grocery / Market,916 S Cesar Chavez Dr,https://elreyfoodmarket.com,,43.023200,-87.920000,Tue Aug 11 2026 00:00:00 GMT+0000 (Coordinated Universal Time)
106f8abb-66c0-4238-ac36-2430950721a4,Irie Zion Jamaican Restaurant Milwaukee,Milwaukee,WI,live_unclaimed,active,Food,Caribbean / Jamaican Restaurant,2506 W Villard Ave,,,43.114300,-87.954500,Tue Aug 11 2026 00:00:00 GMT+0000 (Coordinated Universal Time)
b17d6573-128e-497d-aa65-2db6025dd432,Milwaukee Hmong Cultural Center,Milwaukee,WI,live_unclaimed,active,Arts & Culture,Cultural Center,4700 W Burleigh St,,,43.093600,-87.979100,Tue Aug 11 2026 00:00:00 GMT+0000 (Coordinated Universal Time)
0f936b36-dc39-4fa7-9be8-b36573f56971,Milwaukee Urban League,Milwaukee,WI,live_unclaimed,active,Community Organizations,Civil Rights / Economic Empowerment,2555 N Martin Luther King Jr Dr,https://milwaukeeurbanleague.org,,43.075300,-87.925800,Tue Aug 11 2026 00:00:00 GMT+0000 (Coordinated Universal Time)
14,Red Earth Healing Center,Milwaukee,WI,permanently_hidden,active,Health & Wellness,Physical Therapy,3800 W Florist Ave,heritagept.com,(414) 555-0629,43.087700,-87.977100,Thu Jun 18 2026 00:00:00 GMT+0000 (Coordinated Universal Time)
d7e39790-e6f2-4726-b853-effac4468c59,Sweet Basil,Milwaukee,WI,live_unclaimed,active,Food,Food,"South Side, Milwaukee, WI",,,43.038900,-87.906500,Sat Aug 08 2026 00:00:00 GMT+0000 (Coordinated Universal Time)
a365d3d0-8698-410b-91c8-3524230b4264,Twisted Plants,Milwaukee,WI,live_unclaimed,active,Food,Food,"Cudahy/Lower East Side, Milwaukee, WI",,,43.038900,-87.906500,Sat Aug 08 2026 00:00:00 GMT+0000 (Coordinated Universal Time)
7f54d570-df35-408c-af26-9efd745b0d24,Vientiane Noodle Shop,Milwaukee,WI,live_unclaimed,active,Food,Vietnamese,"Silver City/National Ave, Milwaukee, WI",,,43.038900,-87.906500,Sat Aug 08 2026 00:00:00 GMT+0000 (Coordinated Universal Time)
5196dd41-c2fe-4171-bc7f-b66b1b11aabf,V&J Foods — Burger King (Valerie Daniels-Carter),Milwaukee,WI,live_unclaimed,active,Food,Fast Food / Franchise,N 27th St & W Burleigh St,,,43.070000,-87.939800,Mon Aug 10 2026 00:00:00 GMT+0000 (Coordinated Universal Time)
f93175d1-79da-42de-83a4-39f394cd5201,Walker's Point Center for the Arts,Milwaukee,WI,live_unclaimed,active,Arts & Culture,Arts Center,839 S 5th St,https://wpca-milwaukee.org,,43.026900,-87.921200,Tue Aug 11 2026 00:00:00 GMT+0000 (Coordinated Universal Time)
2ba15edb-071a-4e22-81d0-d5a6ea3e1dcd,Pimento Jamaican Kitchen,Minneapolis,MN,live_unclaimed,active,Food,Caribbean,"Eat Street/Whittier, Minneapolis",,,44.977800,-93.265000,Sat Aug 08 2026 00:00:00 GMT+0000 (Coordinated Universal Time)
f7a6aceb-a821-41d8-addc-01def04372f8,Soul Bowl,Minneapolis,MN,live_unclaimed,active,Food,Soul Food,"North Loop, Minneapolis",,,44.977800,-93.265000,Sat Aug 08 2026 00:00:00 GMT+0000 (Coordinated Universal Time)
fed62208-a96e-4793-ba5f-53479bddea3a,Slice Brothers Pizza,Minneapolis/St. Paul,MN,live_unclaimed,active,Food,Food,Frogtown,,,44.977800,-93.265000,Sat Aug 08 2026 00:00:00 GMT+0000 (Coordinated Universal Time)
b0cc540b-1d3c-4c1c-b690-60a141a72297,Missouri City Fresh Laundry,Missouri City,TX,live_unclaimed,active,Home Services,Laundromat,5400 Hwy 6 S,,,29.598600,-95.538100,Thu Aug 13 2026 00:00:00 GMT+0000 (Coordinated Universal Time)
bcc634c7-d053-46b0-9cb4-1f1e5ebcac5e,Africatown Community Development Corporation — Mobile,Mobile,AL,live_unclaimed,active,Community Organizations,Historic Community Development,1018 Bay Bridge Rd,,,30.738800,-90.044800,Tue Aug 11 2026 00:00:00 GMT+0000 (Coordinated Universal Time)
a9ac9945-6b86-46ba-a609-a738ab4cdd2b,Africatown Dental Care,Mobile,AL,live_unclaimed,active,Health & Wellness,Dental,1012 Bay Bridge Rd,,,30.739000,-88.045100,Tue Aug 11 2026 00:00:00 GMT+0000 (Coordinated Universal Time)
7b02520e-a79e-499b-98ab-534bef620001,Africatown Heritage Early Learning,Mobile,AL,live_unclaimed,active,Childcare & Early Education,Cultural Daycare,1205 Bay Bridge Rd,,,30.740200,-88.043800,Tue Aug 11 2026 00:00:00 GMT+0000 (Coordinated Universal Time)
dabece67-bd43-41c0-8a52-93a235c72608,Africatown Heritage House,Mobile,AL,live_unclaimed,active,Arts & Culture,Heritage Museum,506 Bay Bridge Rd,,,30.746100,-88.053100,Tue Aug 11 2026 00:00:00 GMT+0000 (Coordinated Universal Time)
6cb9897d-84c1-49cf-a855-00bf0149bcd2,Bariachi Mexican Kitchen,Mobile,AL,live_unclaimed,active,Food,Mexican,"Mobile, AL",,,30.695400,-88.039900,Sat Aug 08 2026 00:00:00 GMT+0000 (Coordinated Universal Time)
0ab4df0c-fa47-4a06-9d81-6fe5ef92578b,Clotilda Memorial — Africatown,Mobile,AL,live_unclaimed,active,Arts & Culture,Historic Memorial / Civil Rights,Bay Bridge Rd,,,30.746000,-88.053000,Tue Aug 11 2026 00:00:00 GMT+0000 (Coordinated Universal Time)
4327605a-958b-4919-88a2-e64ca19af455,Downtown Mobile Dental Group,Mobile,AL,live_unclaimed,active,Health & Wellness,Dental,1421 Government St,,,30.690800,-88.048400,Tue Aug 11 2026 00:00:00 GMT+0000 (Coordinated Universal Time)
ee2ef14f-f842-4738-9f0d-2a0e5955b212,El Rincon Latino,Mobile,AL,live_unclaimed,active,Food,Mexican,"1956 S University Blvd, Mobile, AL",,,30.695400,-88.039900,Sat Aug 08 2026 00:00:00 GMT+0000 (Coordinated Universal Time)
5b10158a-8d00-4bf5-a131-b77998690f35,Gulf Coast Jazz Lounge — Mobile,Mobile,AL,live_unclaimed,active,Entertainment & Recreation,Jazz Bar / Lounge,112 St Louis St,,,30.692000,-88.045100,Tue Aug 11 2026 00:00:00 GMT+0000 (Coordinated Universal Time)
8d3d6a47-e0ba-4d82-8d9f-24fac61a8ff7,Hacienda San Miguel (House of Tequila),Mobile,AL,live_unclaimed,active,Food,Mexican,"Mobile, AL (Multiple locations including West Mobile and Theodore)",,,30.695400,-88.039900,Sat Aug 08 2026 00:00:00 GMT+0000 (Coordinated Universal Time)
7049592b-1219-434d-8b0a-291f0edf195b,Jamaican Vibes Restaurant,Mobile,AL,live_unclaimed,active,Food,Caribbean,"3700 Government Blvd, Ste A, Mobile, AL 36693",,,30.695400,-88.039900,Sat Aug 08 2026 00:00:00 GMT+0000 (Coordinated Universal Time)
b261cc57-a8fb-4bd5-b0cd-378b0f3fb8e0,Jerusalem Cafe,Mobile,AL,live_unclaimed,active,Food,Middle Eastern,"4715 Airport Blvd Ste 330, Mobile, AL 36608",,,30.695400,-88.039900,Sat Aug 08 2026 00:00:00 GMT+0000 (Coordinated Universal Time)
7f7281e3-b41e-45c1-b400-b19e6acd6bc1,Liti Pho Vietnamese Restaurant,Mobile,AL,live_unclaimed,active,Food,Vietnamese,"Mobile, AL (Specific address varies)",,,30.695400,-88.039900,Sat Aug 08 2026 00:00:00 GMT+0000 (Coordinated Universal Time)
5365fcfc-936c-4978-8c24-a8b170620ebe,Los Rancheros Mexican Restaurant,Mobile,AL,live_unclaimed,active,Food,Mexican,"3662F Airport Blvd, Mobile, AL 36608",,,30.695400,-88.039900,Sat Aug 08 2026 00:00:00 GMT+0000 (Coordinated Universal Time)
3a2d5dec-20f5-42e9-8eff-2f7b59ec1866,Mobile Area Vietnamese Community,Mobile,AL,live_unclaimed,active,Community Organizations,Vietnamese Community Organization,Mobile,,,30.695400,-88.039900,Tue Aug 11 2026 00:00:00 GMT+0000 (Coordinated Universal Time)
923d6ada-2f5b-47bd-abd4-492a589b4138,Mobile Black Law Firm,Mobile,AL,live_unclaimed,active,Professional Services,Criminal Defense / Family Law,1620 Springhill Ave Suite 200,,,30.688200,-88.068100,Tue Aug 11 2026 00:00:00 GMT+0000 (Coordinated Universal Time)
520a2f9c-52e2-4648-aa27-c75aa4abf85f,Mobile Latino Tax Services,Mobile,AL,live_unclaimed,active,Professional Services,Tax Preparation,3121 Airport Blvd Suite A,,,30.693200,-88.101200,Tue Aug 11 2026 00:00:00 GMT+0000 (Coordinated Universal Time)
76b019c4-cbdd-4522-900e-43579e4a3edc,Pot Au Pho Vietnamese Restaurant,Mobile,AL,live_unclaimed,active,Food,Vietnamese,"Mobile, AL",,,30.695400,-88.039900,Sat Aug 08 2026 00:00:00 GMT+0000 (Coordinated Universal Time)
cfb20f31-de40-4e39-9b05-983d73f39957,Sam's Banh Mi Cafe,Mobile,AL,live_unclaimed,active,Food,Vietnamese,"Mobile, AL",,,30.695400,-88.039900,Sat Aug 08 2026 00:00:00 GMT+0000 (Coordinated Universal Time)
4d08a999-b925-4a2d-980c-43e42d7afdef,Slurp Society Asian Eats & Drinks,Mobile,AL,live_unclaimed,active,Food,Soul Food,"609 Dauphin St, Mobile, AL 36602",,,30.695400,-88.039900,Sat Aug 08 2026 00:00:00 GMT+0000 (Coordinated Universal Time)
ff95d950-5335-46c9-a646-fb91501d8654,Soul Bar Restaurant — Mobile,Mobile,AL,live_unclaimed,active,Food,Soul Food,2512 St Stephens Rd,,,30.695500,-88.133800,Tue Aug 11 2026 00:00:00 GMT+0000 (Coordinated Universal Time)
e6736bcf-3645-49ab-91aa-33bff10c299c,Storylight Books,Mobile,AL,live_unclaimed,active,Retail,Bookstore,"Mobile, AL",,,30.695400,-88.039900,Sat Aug 08 2026 00:00:00 GMT+0000 (Coordinated Universal Time)
2888f69a-36e9-4250-b946-a6c25bba3c4f,Sweet Pepper Caribbean Restaurant,Mobile,AL,live_unclaimed,active,Food,Caribbean,"Mobile, AL (Specific address varies, often located near major thoroughfares)",,,30.695400,-88.039900,Sat Aug 08 2026 00:00:00 GMT+0000 (Coordinated Universal Time)
d3705883-333f-4bb5-ae24-78c47da5e4af,Taquería Mexico Lindo — Mobile,Mobile,AL,live_unclaimed,active,Food,Mexican / Taquería,1406 Halls Mill Rd,,,30.653400,-88.146600,Tue Aug 11 2026 00:00:00 GMT+0000 (Coordinated Universal Time)
b5555a3d-073c-4238-8b34-56f559ea9484,Texas de Brazil,Mobile,AL,live_unclaimed,active,Food,Brazilian,"Mobile, AL",,,30.695400,-88.039900,Sat Aug 08 2026 00:00:00 GMT+0000 (Coordinated Universal Time)
489a2af3-7fa9-4444-a7db-5b825ab329fd,Mesob Restaurant,Montclair,NJ,live_unclaimed,active,Food,Restaurants,515 Bloomfield Ave,,,40.825700,-74.208500,Sun Aug 09 2026 00:00:00 GMT+0000 (Coordinated Universal Time)
ede9e610-998a-40e2-862b-11b953d43fe0,Pier 1 Montego Bay,Montego Bay,,live_unclaimed,active,Entertainment & Recreation,Waterfront Bar & Restaurant,Howard Cooke Blvd,https://pier1jamaica.com,,18.476000,-77.920700,Mon Aug 10 2026 00:00:00 GMT+0000 (Coordinated Universal Time)
712b11bc-5f6c-47af-9266-15c15ba9d68e,Rose Hall Great House,Montego Bay,,live_unclaimed,active,Arts & Culture,Historic Site,Rose Hall Rd,https://rosehall.com,,18.494200,-77.872800,Mon Aug 10 2026 00:00:00 GMT+0000 (Coordinated Universal Time)
918f1bd8-b321-468f-bd04-519170e33e89,Scotchies Montego Bay,Montego Bay,,live_unclaimed,active,Food,Jerk Restaurant,"Coral Gardens, Reading",https://scotchiesjamaica.com,,18.475200,-77.881200,Mon Aug 10 2026 00:00:00 GMT+0000 (Coordinated Universal Time)
7a795257-3719-46df-ae6a-0056708c42db,Alabama State University,Montgomery,AL,live_unclaimed,active,Arts & Culture,HBCU,915 S Jackson St,https://alasu.edu,,32.361900,-86.290800,Tue Aug 11 2026 00:00:00 GMT+0000 (Coordinated Universal Time)
33ccdf9b-3fcc-412c-bfbc-0c57c381758c,Alsham Restaurant,Montgomery,AL,live_unclaimed,active,Food,Middle Eastern,"2671 Eastern Blvd, Montgomery, AL 36117",,,32.366800,-86.299900,Sat Aug 08 2026 00:00:00 GMT+0000 (Coordinated Universal Time)
5cefdc2b-7183-42c5-a671-c6cbbc6bc715,Brenda's Bar-Be-Que Pit,Montgomery,AL,live_unclaimed,active,Food,Soul Food,"1457 Mobile Rd, Montgomery, AL 36108",,,32.366800,-86.299900,Sat Aug 08 2026 00:00:00 GMT+0000 (Coordinated Universal Time)
2eb65f27-cfa2-46f8-a341-f94e49514cb9,Brin's Wings,Montgomery,AL,live_unclaimed,active,Food,Soul Food,"5648 Atlanta Hwy, Montgomery, AL 36117",,,32.366800,-86.299900,Sat Aug 08 2026 00:00:00 GMT+0000 (Coordinated Universal Time)
884701d3-f459-43df-874f-36ede677bf62,Capital City Tax Service — Montgomery,Montgomery,AL,live_unclaimed,active,Professional Services,Tax Preparation,1308 Narrow Lane Rd,,,32.359800,-86.285100,Tue Aug 11 2026 00:00:00 GMT+0000 (Coordinated Universal Time)
882875bb-0943-4541-87f0-93ccdf6083bb,CEO Black Chicks,Montgomery,AL,live_unclaimed,active,Services,Services,"Montgomery, AL 36116",,,32.366800,-86.299900,Sat Aug 08 2026 00:00:00 GMT+0000 (Coordinated Universal Time)
0731087c-1abc-41c2-8555-626f0a58973d,Dexter Avenue King Memorial Baptist Church,Montgomery,AL,live_unclaimed,active,Faith & Spirituality,Baptist,454 Dexter Ave,,,32.377300,-86.302400,Mon Aug 10 2026 00:00:00 GMT+0000 (Coordinated Universal Time)
a14acf1e-9db8-47a9-bace-f71123088dea,First Baptist Church Montgomery,Montgomery,AL,live_unclaimed,active,Faith & Spirituality,Baptist Church,347 N Ripley St,,,32.379900,-86.296100,Mon Aug 10 2026 00:00:00 GMT+0000 (Coordinated Universal Time)
0e3c6b75-d7a8-42f8-b64b-a81d4a0a4b14,Hilltop Public House,Montgomery,AL,live_unclaimed,active,Food,Food,"3 N. Goldthwaite St, Cottage Hill, Montgomery, AL 36104",,,32.366800,-86.299900,Sat Aug 08 2026 00:00:00 GMT+0000 (Coordinated Universal Time)
9b06d4ba-27f7-4b2f-b688-a657e5d9e2c9,Hutchinson Missionary Baptist Church,Montgomery,AL,live_unclaimed,active,Faith & Spirituality,Missionary Baptist,1527 Jefferson Davis Ave,,,32.384000,-86.302200,Mon Aug 10 2026 00:00:00 GMT+0000 (Coordinated Universal Time)
83d70e7b-552e-4949-a891-811cf4675e75,India Palace,Montgomery,AL,live_unclaimed,active,Food,Indian,"2801 Vaughn Plaza Rd, Montgomery, AL 36116",,,32.366800,-86.299900,Sat Aug 08 2026 00:00:00 GMT+0000 (Coordinated Universal Time)
5cb8bb86-f1d4-4ffc-a45e-3ad54db6920e,Island Delight at Dexter,Montgomery,AL,live_unclaimed,active,Food,Caribbean,"36 Dexter Ave, Montgomery, AL 36104",,,32.366800,-86.299900,Sat Aug 08 2026 00:00:00 GMT+0000 (Coordinated Universal Time)
36c84616-1111-4532-a4d3-ba1572bf8ef3,Kalim Korean BBQ,Montgomery,AL,live_unclaimed,active,Food,Korean,"5806 Woodmere Blvd, Montgomery, AL 36117",,,32.366800,-86.299900,Sat Aug 08 2026 00:00:00 GMT+0000 (Coordinated Universal Time)
67d82cc6-c927-4df9-98a3-ef577dea7c5d,La Cocina Mexican Restaurant — Montgomery,Montgomery,AL,live_unclaimed,active,Food,Mexican,2410 Eastern Blvd,,,32.368300,-86.240700,Tue Aug 11 2026 00:00:00 GMT+0000 (Coordinated Universal Time)
3f3b0a93-8bbf-48cf-a2d8-ba4b00d03586,La Taquiza Mexican Restaurant and Grill,Montgomery,AL,live_unclaimed,active,Food,Mexican,"4530 Troy Hwy, Montgomery, AL 36116",,,32.366800,-86.299900,Sat Aug 08 2026 00:00:00 GMT+0000 (Coordinated Universal Time)
9fe78afa-f490-4e46-81b0-15757e882570,Legacy Museum — Equal Justice Initiative,Montgomery,AL,live_unclaimed,active,Arts & Culture,Civil Rights Museum,115 Coosa St,https://museumandmemorial.eji.org,,32.377100,-86.308500,Tue Aug 11 2026 00:00:00 GMT+0000 (Coordinated Universal Time)
254c643e-e58a-4262-9a28-9f93e79dff1d,Legacy Museum: From Enslavement to Mass Incarceration,Montgomery,AL,live_unclaimed,active,Arts & Culture,Civil Rights Museum,115 Coosa St,https://museumandmemorial.eji.org,,32.376900,-86.312100,Mon Aug 10 2026 00:00:00 GMT+0000 (Coordinated Universal Time)
8cff09d2-f341-4a51-8d88-ffaaaec61d1a,Montgomery Black Law Center,Montgomery,AL,live_unclaimed,active,Professional Services,Criminal Defense / Civil Rights,714 S Decatur St Suite 200,,,32.366200,-86.297900,Tue Aug 11 2026 00:00:00 GMT+0000 (Coordinated Universal Time)
d20dc8e0-2ac7-42de-a657-1aa0e5576b11,National Memorial for Peace and Justice,Montgomery,AL,live_unclaimed,active,Arts & Culture,Memorial / Monument,417 Caroline St,https://museumandmemorial.eji.org,,32.383200,-86.312800,Mon Aug 10 2026 00:00:00 GMT+0000 (Coordinated Universal Time)
63d363e7-f0fe-45d7-b394-ff73c7db6730,Oak Park Dental Associates,Montgomery,AL,live_unclaimed,active,Health & Wellness,Dental,2421 N Decatur St,,,32.391800,-86.288900,Tue Aug 11 2026 00:00:00 GMT+0000 (Coordinated Universal Time)
e9cec425-dbba-4a39-9d01-39130a3eabe2,Oak Park Neighborhood Daycare,Montgomery,AL,live_unclaimed,active,Childcare & Early Education,Family Daycare Home,2318 N Decatur St,,,32.390200,-86.289200,Tue Aug 11 2026 00:00:00 GMT+0000 (Coordinated Universal Time)
324474a2-7103-4c3d-abd2-e6200482a2e4,Pho Life,Montgomery,AL,live_unclaimed,active,Food,Vietnamese,"7833 Vaughn Rd, Montgomery, AL 36116",,,32.366800,-86.299900,Sat Aug 08 2026 00:00:00 GMT+0000 (Coordinated Universal Time)
17b47e9c-fad7-4e8c-8eeb-b1744c22fa49,Plant Bae,Montgomery,AL,live_unclaimed,active,Food,Food,"175 Lee St, Montgomery, AL 36104",,,32.366800,-86.299900,Sat Aug 08 2026 00:00:00 GMT+0000 (Coordinated Universal Time)
f961cb58-5658-4c6a-9a0d-cff258d5d122,Rosa Parks Boulevard Dental,Montgomery,AL,live_unclaimed,active,Health & Wellness,Dental,616 Rosa Parks Ave,,,32.371200,-86.301200,Tue Aug 11 2026 00:00:00 GMT+0000 (Coordinated Universal Time)
530aa5e2-9e40-4f0f-b176-e598257406bd,Rosa Parks Kiddie Academy,Montgomery,AL,live_unclaimed,active,Childcare & Early Education,Daycare,504 Madison Ave,,,32.376100,-86.302500,Tue Aug 11 2026 00:00:00 GMT+0000 (Coordinated Universal Time)
6b5ffb57-462a-4ce2-ba30-b2b00668ef77,Rosa Parks Museum,Montgomery,AL,live_unclaimed,active,Arts & Culture,Civil Rights Museum,252 Montgomery St,https://troy.edu/rosaparks,,32.376400,-86.309700,Tue Aug 11 2026 00:00:00 GMT+0000 (Coordinated Universal Time)
dd1e797a-b3b5-45db-8f60-6e92fabf240d,Soul Kitchen — Montgomery R&B Bar,Montgomery,AL,live_unclaimed,active,Food,Bar / Restaurant / Live Music,1016 W Fairview Ave,,,32.374200,-86.323100,Tue Aug 11 2026 00:00:00 GMT+0000 (Coordinated Universal Time)
9fbc0ba3-4331-4956-bbc5-32f6a868101f,Southern Poverty Law Center,Montgomery,AL,live_unclaimed,active,Legal,Civil Rights Law,400 Washington Ave,https://splcenter.org,,32.369800,-86.308500,Mon Aug 10 2026 00:00:00 GMT+0000 (Coordinated Universal Time)
8fd20197-0d82-49a9-9205-a2142d513ade,The Statesman,Montgomery,AL,live_unclaimed,active,Arts & Culture,Arts & Culture,"Downtown Montgomery, Montgomery, AL 36104",,,32.366800,-86.299900,Sat Aug 08 2026 00:00:00 GMT+0000 (Coordinated Universal Time)
181148d5-1054-44d5-9f35-7862531fe57b,The Whitlow's Barbershop,Montgomery,AL,live_unclaimed,active,Beauty & Personal Care,Barbershop,"115 S Court St, Montgomery, AL 36104",,,32.366800,-86.299900,Sat Aug 08 2026 00:00:00 GMT+0000 (Coordinated Universal Time)
8e217366-4433-4d22-8291-84c8fd1af80e,Trade N Books,Montgomery,AL,live_unclaimed,active,Retail,Bookstore,"105 South Court Street, Montgomery, AL 36104",,,32.366800,-86.299900,Sat Aug 08 2026 00:00:00 GMT+0000 (Coordinated Universal Time)
b4b947ec-1ddd-40f1-8c06-7c867b04402e,Volcano Hot Pot & Korean BBQ,Montgomery,AL,live_unclaimed,active,Food,Korean,"2070 Eastern Blvd, Montgomery, AL 36117",,,32.366800,-86.299900,Sat Aug 08 2026 00:00:00 GMT+0000 (Coordinated Universal Time)
24f49020-0806-4b97-94a2-0b75995a69b0,West Montgomery Dental Care,Montgomery,AL,live_unclaimed,active,Health & Wellness,Dental,1601 West Blvd,,,32.376800,-86.342100,Tue Aug 11 2026 00:00:00 GMT+0000 (Coordinated Universal Time)
c49c9e54-a15e-4f9c-97c5-4c215250e750,West Montgomery Early Learning Center,Montgomery,AL,live_unclaimed,active,Childcare & Early Education,Daycare,1812 West Blvd,,,32.377200,-86.343800,Tue Aug 11 2026 00:00:00 GMT+0000 (Coordinated Universal Time)
588b8f53-f7fc-410a-a84f-e8d9fc6077f3,Sol Y Luna Tapas and Tequilas,Mountain Brook,AL,live_unclaimed,active,Food,Mexican,"920 Lane Parke Ct, Mountain Brook, AL",,,33.500700,-86.730200,Sat Aug 08 2026 00:00:00 GMT+0000 (Coordinated Universal Time)
7bc35993-ace9-4649-b225-335d0780dfb3,Sommba Cocina & Cellar,Mt. Pleasant,SC,live_unclaimed,active,Food,Food,"Mt. Pleasant, SC",,,32.832300,-79.828400,Sat Aug 08 2026 00:00:00 GMT+0000 (Coordinated Universal Time)
67f485f3-7b7c-4e86-a4ef-166ab9d5a331,Alkebu-Lan Images,Nashville,TN,live_unclaimed,active,Retail,Bookstore,"North Nashville, Nashville, TN",,,36.162700,-86.781600,Sat Aug 08 2026 00:00:00 GMT+0000 (Coordinated Universal Time)
9a6d2498-f6a8-48f1-a30a-83b1426cf523,Awash Ethiopian Restaurant,Nashville,TN,live_unclaimed,active,Food,Ethiopian,"Nolensville Pike, South Nashville, Nashville, TN",,,36.162700,-86.781600,Sat Aug 08 2026 00:00:00 GMT+0000 (Coordinated Universal Time)
52f8f6c5-8950-4ef2-af63-a68b18f9a969,Brasil Legal Churrasqueira — Nashville,Nashville,TN,live_unclaimed,active,Food,Brazilian,138 Donna Dr,,,36.165400,-86.742700,Tue Aug 11 2026 00:00:00 GMT+0000 (Coordinated Universal Time)
cb8d01af-4fc5-4185-8135-4806e9dbb126,Cafe Rakka Bakery & Market,Nashville,TN,live_unclaimed,active,Retail,Middle Eastern Bakery & Grocery,2115 Nolensville Pike,,,36.109800,-86.754600,Tue Aug 11 2026 00:00:00 GMT+0000 (Coordinated Universal Time)
841ab4fe-578a-423d-b6f9-9c0ec7921ca5,Café Rakka — Nashville,Nashville,TN,live_unclaimed,active,Food,Middle Eastern / Kurdish,2109 Nolensville Pike,,,36.110100,-86.754700,Tue Aug 11 2026 00:00:00 GMT+0000 (Coordinated Universal Time)
69,Casa Hernández Panadería,Nashville,TN,permanently_hidden,active,Food,Coffee & Brunch,220 Korean Veterans Blvd,,(615) 555-6951,36.186900,-86.785900,Thu Jun 18 2026 00:00:00 GMT+0000 (Coordinated Universal Time)
be63144d-be62-46e2-980c-c2b86d12c684,Conexión Américas — Nashville,Nashville,TN,live_unclaimed,active,Community Organizations,Latino Community Services,2195 Nolensville Pike,https://conexionamericas.org,,36.109600,-86.754700,Tue Aug 11 2026 00:00:00 GMT+0000 (Coordinated Universal Time)
e7b94081-f31b-4b9f-a254-0c73da48bedb,Edessa Restaurant,Nashville,TN,live_unclaimed,active,Food,Food,"South Nashville, Nashville, TN",,,36.162700,-86.781600,Sat Aug 08 2026 00:00:00 GMT+0000 (Coordinated Universal Time)
eb31682f-5998-4b7a-91ce-ef041753e241,Fisk University,Nashville,TN,live_unclaimed,active,Arts & Culture,HBCU,1000 17th Ave N,https://fisk.edu,,36.170100,-86.800400,Tue Aug 11 2026 00:00:00 GMT+0000 (Coordinated Universal Time)
66,Fisk University Gallery Shop,Nashville,TN,permanently_hidden,active,Retail,Art & Collectibles,1000 17th Ave N,,(615) 555-6614,36.168900,-86.797800,Thu Jun 18 2026 00:00:00 GMT+0000 (Coordinated Universal Time)
92e76b9a-2e6b-443b-bc2a-d4f91d503af0,Horn Coffee,Nashville,TN,live_unclaimed,active,Food,Food,"The Nations, Nashville, TN",,,36.162700,-86.781600,Sat Aug 08 2026 00:00:00 GMT+0000 (Coordinated Universal Time)
1c7702fe-cea8-406d-ab4f-1621331281c9,International Market & Restaurant — Nashville,Nashville,TN,live_unclaimed,active,Retail,International Grocery / Restaurant,2010 Belmont Blvd,,,36.129800,-86.787500,Tue Aug 11 2026 00:00:00 GMT+0000 (Coordinated Universal Time)
739a6b89-7285-4a75-9d2f-a81c55e11418,Jamaicaway Restaurant and Catering,Nashville,TN,live_unclaimed,active,Food,Caribbean,"Nashville Farmers' Market, Midtown, Nashville, TN",,,36.162700,-86.781600,Sat Aug 08 2026 00:00:00 GMT+0000 (Coordinated Universal Time)
65,Jefferson Street BBQ,Nashville,TN,permanently_hidden,active,Food,Barbecue,1811 Jefferson St,,(615) 555-6501,36.179300,-86.805700,Thu Jun 18 2026 00:00:00 GMT+0000 (Coordinated Universal Time)
bfaf9ed8-5098-41a4-aa55-ae9638eee6b8,Jefferson Street United Merchants Partnership,Nashville,TN,live_unclaimed,active,Community Organizations,Black Business District Organization,1818 Jefferson St,,,36.176500,-86.797600,Tue Aug 11 2026 00:00:00 GMT+0000 (Coordinated Universal Time)
9bf20d66-ff5c-48ab-932f-fe5a87255561,Jubilee Breakfast Truck — Nashville,Nashville,TN,live_unclaimed,active,Food Trucks,Breakfast,"1000 28th Ave N, Nashville, TN",,,36.168000,-86.818300,Thu Aug 13 2026 00:00:00 GMT+0000 (Coordinated Universal Time)
a07fc6b9-1ef2-493d-9f38-570b8863db0a,Kien Giang Restaurant,Nashville,TN,live_unclaimed,active,Food,Vietnamese,"West Nashville, Nashville, TN",,,36.162700,-86.781600,Sat Aug 08 2026 00:00:00 GMT+0000 (Coordinated Universal Time)
d2db7aba-dac2-44b1-99a9-022b7bb1e1c5,Las Americas Grocery & Restaurant — Nashville,Nashville,TN,live_unclaimed,active,Food,Latin American / Mexican,3813 Nolensville Pike,,,36.083400,-86.728900,Tue Aug 11 2026 00:00:00 GMT+0000 (Coordinated Universal Time)
67,Lift Ev'ry Voice Yoga,Nashville,TN,permanently_hidden,active,Health & Wellness,Yoga & Mindfulness,2615 Clifton Ave,liftevryvoiceyoga.com,(615) 555-6727,36.148700,-86.810800,Thu Jun 18 2026 00:00:00 GMT+0000 (Coordinated Universal Time)
c46d301c-9256-4e10-bd5f-d2c28c559f62,Meharry Medical College,Nashville,TN,live_unclaimed,active,Health & Wellness,HBCU Medical School & Clinic,1005 Dr David Brinkley Blvd,https://mmc.edu,,36.171000,-86.814000,Mon Aug 10 2026 00:00:00 GMT+0000 (Coordinated Universal Time)
dd839b69-0f9d-4d6b-98fd-02addf4b4f40,National Museum of African American Music,Nashville,TN,live_unclaimed,active,Arts & Culture,Music Museum,510 Broadway,https://nmaam.org,,36.159800,-86.779200,Mon Aug 10 2026 00:00:00 GMT+0000 (Coordinated Universal Time)
511787c4-3145-437d-bd7b-ba7248a014d6,Nolensville Pike Corridor ('Little Kurdistan' / 'Little Mexico'),Nashville,TN,live_unclaimed,active,Community Organizations,International Corridor / Immigrant Community,Nolensville Pike,,,36.085000,-86.727400,Tue Aug 11 2026 00:00:00 GMT+0000 (Coordinated Universal Time)
02d92f8f-1635-47a2-96bc-4afd3da8ce67,North Nashville Hot Chicken Truck,Nashville,TN,live_unclaimed,active,Food Trucks,Lunch,"2300 Jefferson St, Nashville, TN",,,36.176800,-86.820000,Thu Aug 13 2026 00:00:00 GMT+0000 (Coordinated Universal Time)
66503bcc-1c3f-4fdd-9aaa-44146c8a0dbd,North Nashville Laundry Center,Nashville,TN,live_unclaimed,active,Home Services,Laundromat,3312 Clarksville Pike,,,36.188000,-86.831800,Thu Aug 13 2026 00:00:00 GMT+0000 (Coordinated Universal Time)
6b5851a3-18d1-4cb0-9af7-88cd7006becb,Pho Saigon — Nashville,Nashville,TN,live_unclaimed,active,Food,Vietnamese,5765 Nolensville Pike,,,36.040300,-86.726000,Tue Aug 11 2026 00:00:00 GMT+0000 (Coordinated Universal Time)
92ff1bfc-e953-4686-ac40-3aac265c8f4a,Plaza Mariachi,Nashville,TN,live_unclaimed,active,Food,Mexican,"South Nashville, Nashville, TN",,,36.162700,-86.781600,Sat Aug 08 2026 00:00:00 GMT+0000 (Coordinated Universal Time)
3fcac92b-4ace-4392-8e6b-592c617c41ce,Slim & Husky's Pizza Beeria,Nashville,TN,live_unclaimed,active,Retail,Retail,"North Nashville, Nashville, TN",,,36.162700,-86.781600,Sat Aug 08 2026 00:00:00 GMT+0000 (Coordinated Universal Time)
5a37a26b-61e2-49e7-ac2d-ada4195b9341,Somali Community Center — Nashville,Nashville,TN,live_unclaimed,active,Community Organizations,Somali / East African Community,Antioch Pike,,,36.057100,-86.670400,Tue Aug 11 2026 00:00:00 GMT+0000 (Coordinated Universal Time)
68,Sound & Soul Records,Nashville,TN,permanently_hidden,active,Retail,Music & Media,918 Rosa L Parks Blvd,,(615) 555-6839,36.176400,-86.793600,Thu Jun 18 2026 00:00:00 GMT+0000 (Coordinated Universal Time)
0e5205df-898c-424d-9f61-eab3b177fd93,Taj Indian Restaurant,Nashville,TN,live_unclaimed,active,Food,Indian,"South Nashville, Nashville, TN",,,36.162700,-86.781600,Sat Aug 08 2026 00:00:00 GMT+0000 (Coordinated Universal Time)
2121c779-86e3-4748-975a-94c149e17560,Tennessee State University,Nashville,TN,live_unclaimed,active,Arts & Culture,HBCU,3500 John A Merritt Blvd,https://tnstate.edu,,36.168900,-86.834700,Tue Aug 11 2026 00:00:00 GMT+0000 (Coordinated Universal Time)
2d338ab6-2fc2-4f57-8700-9dfd60f1cc32,The Local Distro,Nashville,TN,live_unclaimed,active,Food,Food,"Salemtown, Nashville, TN",,,36.162700,-86.781600,Sat Aug 08 2026 00:00:00 GMT+0000 (Coordinated Universal Time)
fa4d4460-ec94-4769-8954-fafa53206a36,Vietnamese Alliance Church — Nashville,Nashville,TN,live_unclaimed,active,Faith & Spirituality,Vietnamese Church,4610 Nolensville Pike,,,36.069800,-86.725700,Tue Aug 11 2026 00:00:00 GMT+0000 (Coordinated Universal Time)
e6372638-db2a-4108-8711-7f21f9a08503,Kuyaba Restaurant & Bar,Negril,,live_unclaimed,active,Food,Jamaican Beach Restaurant,Norman Manley Blvd,https://kuyaba.com,,18.310400,-78.334400,Mon Aug 10 2026 00:00:00 GMT+0000 (Coordinated Universal Time)
59be0ce1-1ab3-49b1-b544-34ae4ed8feea,Rick's Cafe Negril,Negril,,live_unclaimed,active,Entertainment & Recreation,Restaurant / Bar,West End Rd,,,18.359200,-78.350400,Mon Aug 10 2026 00:00:00 GMT+0000 (Coordinated Universal Time)
17d103e9-0561-4f8e-8fb9-45e054df13c0,Rockhouse Hotel & Restaurant,Negril,,live_unclaimed,active,Travel & Hospitality,Boutique Hotel,West End Rd,https://rockhousehotel.com,,18.272600,-78.347900,Mon Aug 10 2026 00:00:00 GMT+0000 (Coordinated Universal Time)
a5588430-3721-4226-a906-fb1969ea0946,African Market Newark,Newark,NJ,live_unclaimed,active,Retail,African Grocery / Market,418 Springfield Ave,,,40.733400,-74.196000,Tue Aug 11 2026 00:00:00 GMT+0000 (Coordinated Universal Time)
64f27e19-0132-4800-bfb4-d9bf83272142,Brick City Bar & Grille Newark,Newark,NJ,live_unclaimed,active,Food,Bar & Grill / American,644 Broad St,,,40.736500,-74.171400,Tue Aug 11 2026 00:00:00 GMT+0000 (Coordinated Universal Time)
d583321c-14de-4ceb-bd53-a5f0e73019af,Casa Brasil (Newark Ironbound),Newark,NJ,live_unclaimed,active,Food,Brazilian,124 Ferry St,,,40.731900,-74.159500,Tue Aug 11 2026 00:00:00 GMT+0000 (Coordinated Universal Time)
9130566b-9912-447f-8888-b2265fd0ffdc,Dario's Cuba Bakery,Newark,NJ,live_unclaimed,active,Food,Bakery,"Downtown, Newark, NJ",,,40.735700,-74.172400,Sat Aug 08 2026 00:00:00 GMT+0000 (Coordinated Universal Time)
0a86e65e-560e-46fd-859e-410cac6f03fd,Fernandes Steakhouse,Newark,NJ,live_unclaimed,active,Food,Brazilian,"Ironbound District, Newark, NJ",,,40.735700,-74.172400,Sat Aug 08 2026 00:00:00 GMT+0000 (Coordinated Universal Time)
0d5109c0-59b9-4ff0-9653-fe6546fb6467,Garden State Greens — Newark,Newark,NJ,live_unclaimed,active,Cannabis & Dispensary,Cannabis Dispensary,"744 Broad St, Newark, NJ",,,40.735700,-74.172400,Thu Aug 13 2026 00:00:00 GMT+0000 (Coordinated Universal Time)
026ede58-5d93-4706-b470-1847a482bc2d,Greater Abyssinian Baptist Church (Newark),Newark,NJ,live_unclaimed,active,Faith & Spirituality,Baptist Church,122 W Market St,,,40.735200,-74.173400,Tue Aug 11 2026 00:00:00 GMT+0000 (Coordinated Universal Time)
82fb81eb-ab9c-4bcd-9552-2128d8033451,Greater Refuge Temple (Newark Pentecostal),Newark,NJ,live_unclaimed,active,Faith & Spirituality,Pentecostal Church,788 Clinton Ave,,,40.728300,-74.188700,Tue Aug 11 2026 00:00:00 GMT+0000 (Coordinated Universal Time)
09454d84-d01a-4c4c-95d0-b11e481c7d11,Iberia Restaurant (Ironbound),Newark,NJ,live_unclaimed,active,Food,Portuguese / Spanish,80 Ferry St,,,40.733300,-74.161900,Tue Aug 11 2026 00:00:00 GMT+0000 (Coordinated Universal Time)
c9848b6d-5e79-4f1c-9fd4-a5184970ad32,IBERO-American Action League (Newark),Newark,NJ,live_unclaimed,active,Community Organizations,Latino Community Services,212 Washington St,,,40.736700,-74.173200,Tue Aug 11 2026 00:00:00 GMT+0000 (Coordinated Universal Time)
6a070eb0-e783-4632-9227-bdaaecae7b86,Ikoyi Restaurant and Lounge,Newark,NJ,live_unclaimed,active,Food,West African,"Downtown, Newark, NJ",,,40.735700,-74.172400,Sat Aug 08 2026 00:00:00 GMT+0000 (Coordinated Universal Time)
c661f9f9-33b6-4c09-8380-1d09f0c19b00,Ironbound Fresh Wash,Newark,NJ,live_unclaimed,active,Home Services,Laundromat,243 Ferry St,,,40.734800,-74.153000,Thu Aug 13 2026 00:00:00 GMT+0000 (Coordinated Universal Time)
fc1e6eb4-1da8-49b3-bc7a-53daf07c4065,Ironbound Restaurant (Newark's Brazilian & Portuguese Community),Newark,NJ,live_unclaimed,active,Food,Portuguese / Brazilian Restaurant,256 Ferry St,,,40.728000,-74.160100,Tue Aug 11 2026 00:00:00 GMT+0000 (Coordinated Universal Time)
4122501d-3ee5-4c4d-b14f-4e114d606508,La Casa de Don Pedro Newark,Newark,NJ,live_unclaimed,active,Community Organizations,Latino Community Development,38 Prince St,https://lacasadonpedro.org,,40.743700,-74.177900,Tue Aug 11 2026 00:00:00 GMT+0000 (Coordinated Universal Time)
c279db84-de61-4c51-a358-45cba93098c4,Mama's Kitchen Newark,Newark,NJ,live_unclaimed,active,Food,Soul Food,249 Springfield Ave,,,40.733400,-74.193600,Tue Aug 11 2026 00:00:00 GMT+0000 (Coordinated Universal Time)
c7cdeae8-faab-47db-971b-a74dd6a6869b,Newark African American Heritage Festival,Newark,NJ,live_unclaimed,active,Arts & Culture,Cultural Festival,Military Park,,,40.738900,-74.175200,Tue Aug 11 2026 00:00:00 GMT+0000 (Coordinated Universal Time)
722326fe-d490-40f6-82d9-1d3870e455a2,Newark Arts Council,Newark,NJ,live_unclaimed,active,Arts & Culture,Arts Organization,205 Washington St,https://newarkarts.org,,40.737600,-74.173300,Tue Aug 11 2026 00:00:00 GMT+0000 (Coordinated Universal Time)
4628d1ff-1620-462b-9b02-4e792c148f14,Newark Black Cultural Center,Newark,NJ,live_unclaimed,active,Arts & Culture,Black Cultural Center,220 Avon Ave,,,40.716000,-74.191100,Tue Aug 11 2026 00:00:00 GMT+0000 (Coordinated Universal Time)
9ed42d07-019a-4313-adca-db7bd99ebfef,Newark Cannabis Collective,Newark,NJ,live_unclaimed,active,Cannabis & Dispensary,Cannabis Dispensary,"614 S 10th St, Newark, NJ",,,40.722700,-74.204800,Thu Aug 13 2026 00:00:00 GMT+0000 (Coordinated Universal Time)
8e5c5d8f-f8e3-4b75-a1bf-ec25cb15b17d,Newark Community Laundry,Newark,NJ,live_unclaimed,active,Home Services,Laundromat,614 S 10th St,,,40.722700,-74.204800,Thu Aug 13 2026 00:00:00 GMT+0000 (Coordinated Universal Time)
9ae1db71-30f7-4919-8ede-6fab28ab6eb0,Newark Ghanaian Restaurant (Kumasi Kitchen),Newark,NJ,live_unclaimed,active,Food,Ghanaian,345 Springfield Ave,,,40.731000,-74.186900,Tue Aug 11 2026 00:00:00 GMT+0000 (Coordinated Universal Time)
6bf46f77-8b6a-4e1a-aa01-0084ad527e8a,Newark Ironbound Brazilian Hair Salon,Newark,NJ,live_unclaimed,active,Beauty & Personal Care,Brazilian Hair Salon,171 Ferry St,,,40.734000,-74.160000,Tue Aug 11 2026 00:00:00 GMT+0000 (Coordinated Universal Time)
7fb39e48-15cc-4c57-b984-9b858d286ae3,Newark Museum of Art (African American Collection),Newark,NJ,live_unclaimed,active,Arts & Culture,Museum,49 Washington St,https://newarkmuseumart.org,,40.744000,-74.172600,Tue Aug 11 2026 00:00:00 GMT+0000 (Coordinated Universal Time)
5f2c358d-d11d-425c-97f1-1ec28981687f,Newark Museum of Art (Community Programs),Newark,NJ,live_unclaimed,active,Arts & Culture,Museum,49 Washington St,https://newarkmuseumart.org,,40.743300,-74.173100,Tue Aug 11 2026 00:00:00 GMT+0000 (Coordinated Universal Time)
0f209dc3-ab6f-4c52-a7fb-2d2329c4e263,Newark Nigerian Community Organization,Newark,NJ,live_unclaimed,active,Community Organizations,Nigerian Community,60 Halsey St,,,40.737500,-74.171400,Tue Aug 11 2026 00:00:00 GMT+0000 (Coordinated Universal Time)
93628a63-6e7e-4e51-9783-88b0cf567a89,Newark Puerto Rican Cultural Center,Newark,NJ,live_unclaimed,active,Community Organizations,Puerto Rican Community,7 Lincoln Park,,,40.736200,-74.174800,Tue Aug 11 2026 00:00:00 GMT+0000 (Coordinated Universal Time)
b6cfc7dd-97ca-4e34-b8bf-7ae6092cca67,Newark Rutgers Pan-African Community Center,Newark,NJ,live_unclaimed,active,Community Organizations,Pan-African Community,350 Dr Martin Luther King Jr Blvd,,,40.741200,-74.174900,Tue Aug 11 2026 00:00:00 GMT+0000 (Coordinated Universal Time)
9607e265-e4b2-4697-929f-46c8e63ef237,Newark Senegalese Restaurant (Dakar),Newark,NJ,live_unclaimed,active,Food,Senegalese,65 Halsey St,,,40.737500,-74.171600,Tue Aug 11 2026 00:00:00 GMT+0000 (Coordinated Universal Time)
9473d9a6-7778-4eb2-a118-0e57449c9eb8,Newark Soul Kitchen Truck,Newark,NJ,live_unclaimed,active,Food Trucks,Lunch,"1 Raymond Plaza W, Newark, NJ",,,40.735700,-74.172400,Thu Aug 13 2026 00:00:00 GMT+0000 (Coordinated Universal Time)
53a2ba34-afc3-4a4d-998b-327ecf49d16e,Newark West Indian Community Organization,Newark,NJ,live_unclaimed,active,Community Organizations,Caribbean Community,505 Clinton Ave,,,40.728700,-74.190000,Tue Aug 11 2026 00:00:00 GMT+0000 (Coordinated Universal Time)
5e7f603c-5b41-4f44-8cac-810647eb7412,New Community Corporation Newark,Newark,NJ,live_unclaimed,active,Community Organizations,Community Development,233 W Market St,https://newcommunity.org,,40.735900,-74.176000,Tue Aug 11 2026 00:00:00 GMT+0000 (Coordinated Universal Time)
9a3b09c9-c946-451d-a873-1760d41c5101,"Pão de Queijo (Brazilian Bakery, Newark)",Newark,NJ,live_unclaimed,active,Food,Brazilian Bakery,271 Ferry St,,,40.729100,-74.157900,Tue Aug 11 2026 00:00:00 GMT+0000 (Coordinated Universal Time)
ba32efdd-6894-4754-9fef-54796d2b968b,Porto's Brazilian Steakhouse (Newark),Newark,NJ,live_unclaimed,active,Food,Brazilian Steakhouse,94 Adams St,,,40.731000,-74.162000,Tue Aug 11 2026 00:00:00 GMT+0000 (Coordinated Universal Time)
60914c74-6a62-40d5-96b6-747faef8a95d,Sabor Unido,Newark,NJ,live_unclaimed,active,Food,Brazilian,"Ironbound District, Newark, NJ",,,40.735700,-74.172400,Sat Aug 08 2026 00:00:00 GMT+0000 (Coordinated Universal Time)
2bfdb354-19da-4a17-929b-e69a18eb9d5b,Seabra's Marisqueira,Newark,NJ,live_unclaimed,active,Food,Portuguese / Seafood,87 Madison St,https://seabrasmarisqueira.com,,40.732800,-74.171600,Tue Aug 11 2026 00:00:00 GMT+0000 (Coordinated Universal Time)
19774d5e-62a6-4fe6-b09b-9592507224ac,The Green Chicpea,Newark,NJ,live_unclaimed,active,Food,Middle Eastern,"Newark, NJ",,,40.735700,-74.172400,Sat Aug 08 2026 00:00:00 GMT+0000 (Coordinated Universal Time)
7fe6c7c0-0bdc-467e-9c85-6c89bfd24cc3,Tinjune Downtown,Newark,NJ,live_unclaimed,active,Food,Food,"Downtown, Newark, NJ",,,40.735700,-74.172400,Sat Aug 08 2026 00:00:00 GMT+0000 (Coordinated Universal Time)
ced584d8-9f66-4e0e-a6ba-e0d50eab8f18,14 Parishes Jamaican Restaurant,New Orleans,LA,live_unclaimed,active,Food,Caribbean,"8227 Oak St, New Orleans, LA 70118",,,29.951100,-90.071500,Sat Aug 08 2026 00:00:00 GMT+0000 (Coordinated Universal Time)
f98c1b25-57fd-4314-806c-e772cf27f018,9th Ward Motors,New Orleans,LA,live_unclaimed,active,Professional Services,Auto Repair,5930 N Claiborne Ave,,,29.976200,-90.016900,Tue Aug 11 2026 00:00:00 GMT+0000 (Coordinated Universal Time)
785f60af-7ea8-4984-9312-b9c20116f9e9,9th Ward Plumbing & Drain,New Orleans,LA,live_unclaimed,active,Professional Services,Plumbing,5521 St Claude Ave,,,29.963800,-90.017200,Tue Aug 11 2026 00:00:00 GMT+0000 (Coordinated Universal Time)
2e8f6dcb-a570-4534-9da3-129f7d769bdb,Acamaya,New Orleans,LA,live_unclaimed,active,Food,Mexican,"3070 Dauphine St, New Orleans, LA 70117",,,29.951100,-90.071500,Sat Aug 08 2026 00:00:00 GMT+0000 (Coordinated Universal Time)
be5dfbb6-eb48-41cc-9230-28d78e017ddc,Addis NOLA,New Orleans,LA,live_unclaimed,active,Food,Ethiopian,"2514 Bayou Rd, New Orleans, LA 70119",,,29.951100,-90.071500,Sat Aug 08 2026 00:00:00 GMT+0000 (Coordinated Universal Time)
e8b4fde8-df77-4e58-ba7c-1c9ca305d3db,African American Museum of New Orleans,New Orleans,LA,live_unclaimed,active,Arts & Culture,History Museum,1418 Governor Nicholls St,https://aamuseum.org,,29.964100,-90.073500,Tue Aug 11 2026 00:00:00 GMT+0000 (Coordinated Universal Time)
f38c01d5-88ce-4b1b-81c9-e3f22792eddf,Amistad Research Center — New Orleans,New Orleans,LA,live_unclaimed,active,Arts & Culture,Cultural Center,6823 St Charles Ave,,,29.939300,-90.120500,Mon Aug 10 2026 00:00:00 GMT+0000 (Coordinated Universal Time)
3463fc4b-64e0-4c94-b01f-0b11e1775a32,Antioch Baptist Church New Orleans,New Orleans,LA,live_unclaimed,active,Faith & Spirituality,Baptist,4613 S Claiborne Ave,,,29.934700,-90.098900,Mon Aug 10 2026 00:00:00 GMT+0000 (Coordinated Universal Time)
caa716c4-adf8-4db4-bb5a-43a63143043d,Baldwin & Co.,New Orleans,LA,live_unclaimed,active,Retail,Bookstore,"1030 Elysian Fields Ave, New Orleans, LA 70117",,,29.951100,-90.071500,Sat Aug 08 2026 00:00:00 GMT+0000 (Coordinated Universal Time)
410256f4-2535-4ea1-9bb6-9dd249fe7eaf,BJ's Lounge — Bywater,New Orleans,LA,live_unclaimed,active,Entertainment & Recreation,Bar / Neighborhood Lounge,4301 Burgundy St,,,29.963000,-90.040800,Tue Aug 11 2026 00:00:00 GMT+0000 (Coordinated Universal Time)
c4465061-d154-401f-adc8-d881d665f7ae,Boswell's Jamaican Grill,New Orleans,LA,live_unclaimed,active,Food,Caribbean,"3521 Tulane Ave, New Orleans, LA 70119",,,29.951100,-90.071500,Sat Aug 08 2026 00:00:00 GMT+0000 (Coordinated Universal Time)
40b42ed4-6e8b-437d-833e-3539fd9bcb6b,Braids & Tresses New Orleans,New Orleans,LA,live_unclaimed,active,Beauty & Personal Care,Braiding Salon,2401 Canal St,,,29.962400,-90.077300,Mon Aug 10 2026 00:00:00 GMT+0000 (Coordinated Universal Time)
f7cd2ee6-e2e3-458e-b8dd-118a846483dd,Cafe Abyssinia,New Orleans,LA,live_unclaimed,active,Food,Ethiopian,"3511 Magazine St, New Orleans, LA 70115",,,29.951100,-90.071500,Sat Aug 08 2026 00:00:00 GMT+0000 (Coordinated Universal Time)
fa12903a-612a-4fe8-9b82-253758851522,Café Reconcile,New Orleans,LA,live_unclaimed,active,Food,New Orleans Cuisine / Community Restaurant,1631 Oretha Castle Haley Blvd,https://cafereconcile.org,,29.937300,-90.084600,Tue Aug 11 2026 00:00:00 GMT+0000 (Coordinated Universal Time)
cb301b6e-7a8d-43b8-87a9-69e433c53243,Central City Community Childcare,New Orleans,LA,live_unclaimed,active,Childcare & Early Education,Daycare,2800 General Taylor St,,,29.936000,-90.095600,Tue Aug 11 2026 00:00:00 GMT+0000 (Coordinated Universal Time)
b99a3fec-843c-4730-8a69-2e61aba20a26,Central City Dental Associates,New Orleans,LA,live_unclaimed,active,Health & Wellness,Dental,2322 Magazine St,,,29.936000,-90.085600,Tue Aug 11 2026 00:00:00 GMT+0000 (Coordinated Universal Time)
089d3bb1-c8e6-480e-8324-929fda6babd1,Community Book Center — New Orleans,New Orleans,LA,live_unclaimed,active,Retail,Bookstore,217 N Broad St,,,29.962100,-90.084300,Mon Aug 10 2026 00:00:00 GMT+0000 (Coordinated Universal Time)
368fd673-ffa3-4788-9864-1837f2f34ba8,Congo Square — Louis Armstrong Park,New Orleans,LA,live_unclaimed,active,Arts & Culture,Historic Cultural Site,835 N Rampart St,,,29.961600,-90.061800,Tue Aug 11 2026 00:00:00 GMT+0000 (Coordinated Universal Time)
4158a4d4-5cd9-4921-b40b-427802062b75,Covenant House New Orleans — Health Services,New Orleans,LA,live_unclaimed,active,Health & Wellness,Community Health Center,611 N Rampart St,,,29.964400,-90.064900,Mon Aug 10 2026 00:00:00 GMT+0000 (Coordinated Universal Time)
2523ff31-a330-4bbc-83cd-621a928c0a3e,Creole Crown Natural Hair Salon,New Orleans,LA,live_unclaimed,active,Beauty & Personal Care,Natural Hair Salon,2800 Tulane Ave,,,29.959800,-90.083600,Mon Aug 10 2026 00:00:00 GMT+0000 (Coordinated Universal Time)
bcad5e78-09f6-475f-95a0-765eaf05677c,CrescentCare Community Health,New Orleans,LA,live_unclaimed,active,Health & Wellness,Community Health Center,3900 N Rampart St,,,29.992600,-90.059600,Tue Aug 11 2026 00:00:00 GMT+0000 (Coordinated Universal Time)
bb7bbbb1-6aad-4414-b295-37e127057615,Daughters of Charity Community Health,New Orleans,LA,live_unclaimed,active,Health & Wellness,Community Health Center,2477 N Galvez St,,,29.983300,-90.058100,Mon Aug 10 2026 00:00:00 GMT+0000 (Coordinated Universal Time)
1e80d598-789a-4ce5-9447-5dddb2e44d5f,dba New Orleans,New Orleans,LA,live_unclaimed,active,Entertainment & Recreation,Live Music Bar,618 Frenchmen St,https://dbaneworleans.com,,29.962400,-90.057900,Mon Aug 10 2026 00:00:00 GMT+0000 (Coordinated Universal Time)
2ff05621-6697-470c-99ab-696a95fe025e,Dillard University,New Orleans,LA,live_unclaimed,active,Arts & Culture,HBCU,2601 Gentilly Blvd,https://dillard.edu,,29.990600,-90.069000,Tue Aug 11 2026 00:00:00 GMT+0000 (Coordinated Universal Time)
913028b9-8ca0-4d70-8cfc-7c3b09bf73c5,Dong Phuong Bakery & Restaurant,New Orleans,LA,live_unclaimed,active,Food,Vietnamese,"14207 Chef Menteur Hwy, New Orleans, LA 70129",,,29.951100,-90.071500,Sat Aug 08 2026 00:00:00 GMT+0000 (Coordinated Universal Time)
dda14c51-1d27-4c81-b4fd-e9e976039ead,Dooky Chase's Art Collection,New Orleans,LA,live_unclaimed,active,Arts & Culture,African American Art Collection,2301 Orleans Ave,,,29.969500,-90.079300,Tue Aug 11 2026 00:00:00 GMT+0000 (Coordinated Universal Time)
b3281ba0-520d-4796-a7e0-b506643452af,Dooky Chase's Restaurant,New Orleans,LA,live_unclaimed,active,Food,Food,"2301 Orleans Ave, New Orleans, LA 70119",,,29.951100,-90.071500,Sat Aug 08 2026 00:00:00 GMT+0000 (Coordinated Universal Time)
adbe24b7-fbb7-4d9b-b24c-fac8caec7b01,Dooky Chase's Restaurant — New Orleans,New Orleans,LA,live_unclaimed,active,Food,Creole / Soul Food,2301 Orleans Ave,,,29.974500,-90.086500,Mon Aug 10 2026 00:00:00 GMT+0000 (Coordinated Universal Time)
bd8dce42-f53e-4f45-8cc9-26b1e9e209c0,Frankie Beverly's — New Orleans,New Orleans,LA,live_unclaimed,active,Entertainment & Recreation,Jazz Club,1910 Magazine St,,,29.935900,-90.076400,Mon Aug 10 2026 00:00:00 GMT+0000 (Coordinated Universal Time)
0a09e10e-56b4-4004-ade4-652ff9516f1f,Franklin Avenue Baptist Church,New Orleans,LA,live_unclaimed,active,Faith & Spirituality,Baptist Church,4700 Franklin Ave,https://fabc.org,,29.970300,-90.080400,Mon Aug 10 2026 00:00:00 GMT+0000 (Coordinated Universal Time)
039a59c6-8dd2-4160-86a4-5d8f1c13f57a,Frenchmen Street Bar & Jazz Hall,New Orleans,LA,live_unclaimed,active,Entertainment & Recreation,Jazz Bar / Live Music,616 Frenchmen St,,,29.960700,-90.055800,Tue Aug 11 2026 00:00:00 GMT+0000 (Coordinated Universal Time)
d07622d0-daf2-4dc0-808b-630a5522a567,Gentilly Auto Repair — Black-Owned,New Orleans,LA,live_unclaimed,active,Professional Services,Auto Repair,3212 Gentilly Blvd,,,29.979000,-90.057300,Tue Aug 11 2026 00:00:00 GMT+0000 (Coordinated Universal Time)
25dae1db-9177-4dcb-8dee-f10c1edb7d57,Gentilly Clean & Fresh,New Orleans,LA,live_unclaimed,active,Home Services,Laundromat,4032 Gentilly Blvd,,,29.989300,-90.043600,Thu Aug 13 2026 00:00:00 GMT+0000 (Coordinated Universal Time)
59aaba1b-5222-4b51-9d0b-f6cc230525ae,Gentilly Family Learning Center,New Orleans,LA,live_unclaimed,active,Childcare & Early Education,Daycare,3418 Gentilly Blvd,,,29.979800,-90.056800,Tue Aug 11 2026 00:00:00 GMT+0000 (Coordinated Universal Time)
f6d76853-0761-4b8a-af8b-56298c79675f,Good Friends Bar,New Orleans,LA,live_unclaimed,active,Entertainment & Recreation,LGBTQ Bar & Lounge,740 Dauphine St,,,29.958600,-90.063000,Mon Aug 10 2026 00:00:00 GMT+0000 (Coordinated Universal Time)
71787f64-6613-4ad8-8ade-42b485ae7222,Greater St. Stephen Full Gospel Baptist Church,New Orleans,LA,live_unclaimed,active,Faith & Spirituality,Baptist,5401 Jefferson Hwy,,,29.963400,-90.162100,Tue Aug 11 2026 00:00:00 GMT+0000 (Coordinated Universal Time)
97366867-af17-4f94-aeca-e2a471d66c2f,Green Olives Cafe,New Orleans,LA,live_unclaimed,active,Food,Middle Eastern,"7724 Maple St, New Orleans, LA 70118",,,29.951100,-90.071500,Sat Aug 08 2026 00:00:00 GMT+0000 (Coordinated Universal Time)
80af73d6-4930-4e38-868e-ae3206092bd4,Haitian Community Dental Clinic,New Orleans,LA,live_unclaimed,active,Health & Wellness,Dental,2601 Elysian Fields Ave,,,29.973600,-90.054200,Tue Aug 11 2026 00:00:00 GMT+0000 (Coordinated Universal Time)
fc285f07-ba8a-4918-a08c-5b10cf3e9897,Haitian Community Mental Health — Gentilly,New Orleans,LA,live_unclaimed,active,Health & Wellness,Mental Health / Community Services,3501 Gentilly Blvd Suite B,,,29.981200,-90.054800,Tue Aug 11 2026 00:00:00 GMT+0000 (Coordinated Universal Time)
4e56faee-cf8b-42ad-88c2-6a258558f5ae,Heard Dat Kitchen,New Orleans,LA,live_unclaimed,active,Food,Soul Food,"2520 Felicity St, New Orleans, LA 70113",,,29.951100,-90.071500,Sat Aug 08 2026 00:00:00 GMT+0000 (Coordinated Universal Time)
a3bfbeeb-1971-4ba2-9c65-2302f5de5e5e,Islamic Society of Greater New Orleans,New Orleans,LA,live_unclaimed,active,Faith & Spirituality,Islamic Center,3900 N Rampart St,,,29.982000,-90.058000,Mon Aug 10 2026 00:00:00 GMT+0000 (Coordinated Universal Time)
19,Island Spice Caribbean Grill,New Orleans,LA,permanently_hidden,active,Food,Coffee & Jazz,3201 Frenchmen St,,(504) 555-1124,29.961800,-90.057000,Thu Jun 18 2026 00:00:00 GMT+0000 (Coordinated Universal Time)
046307f8-82bc-4f4b-84a0-fb330a8ffcea,Kingsley House,New Orleans,LA,live_unclaimed,active,Children & Family,Childcare & Early Learning,1600 Constance St,,,29.929000,-90.078100,Tue Aug 11 2026 00:00:00 GMT+0000 (Coordinated Universal Time)
0d409aae-6c35-41b0-8865-020d53d72870,La Patrona,New Orleans,LA,live_unclaimed,active,Food,Mexican,"Various locations/pop-ups, New Orleans, LA",,,29.951100,-90.071500,Sat Aug 08 2026 00:00:00 GMT+0000 (Coordinated Universal Time)
a430e644-a4db-441b-8ec9-09ffebb91849,Lil Dizzy's Cafe,New Orleans,LA,live_unclaimed,active,Food,Creole & Cajun,1500 Esplanade Ave,,,29.962900,-90.069200,Tue Aug 11 2026 00:00:00 GMT+0000 (Coordinated Universal Time)
bdbf1520-498c-40d8-b568-b85f95661227,Louisiana Criminal Defense Alliance,New Orleans,LA,live_unclaimed,active,Professional Services,Criminal Defense Attorney,935 Gravier St Suite 1010,,,29.952700,-90.074400,Tue Aug 11 2026 00:00:00 GMT+0000 (Coordinated Universal Time)
b2208f64-a74f-4fe2-973a-7be537ebf74e,Mais Arepas,New Orleans,LA,live_unclaimed,active,Food,Colombian,"1200 Carondelet St, New Orleans, LA 70130",,,29.951100,-90.071500,Sat Aug 08 2026 00:00:00 GMT+0000 (Coordinated Universal Time)
96687f77-9fd8-47df-a0fa-cb036192dbeb,Maple Leaf Bar,New Orleans,LA,live_unclaimed,active,Entertainment & Recreation,Live Music Venue,8316 Oak St,https://mapleleafbar.com,,29.939900,-90.122100,Mon Aug 10 2026 00:00:00 GMT+0000 (Coordinated Universal Time)
32439864-58f1-4164-8082-c4f0cd702417,Mary Queen of Vietnam Church Community,New Orleans,LA,live_unclaimed,active,Faith & Spirituality,Vietnamese Catholic Church,13990 Dwyer Rd,https://mqvn.org,,30.025900,-89.985400,Tue Aug 11 2026 00:00:00 GMT+0000 (Coordinated Universal Time)
924ad624-386c-46a8-90e8-9d5c94791e56,Masjid An-Nur New Orleans,New Orleans,LA,live_unclaimed,active,Faith & Spirituality,Mosque / Islamic Center,2300 Tulane Ave,,,29.956900,-90.088600,Mon Aug 10 2026 00:00:00 GMT+0000 (Coordinated Universal Time)
b22a6d25-3c30-46d0-8047-dd54007a1439,MQVN Community Development Organization,New Orleans,LA,live_unclaimed,active,Community Organizations,Vietnamese Community Development,14011 Dwyer Rd,https://mqvncdo.org,,30.025500,-89.986200,Tue Aug 11 2026 00:00:00 GMT+0000 (Coordinated Universal Time)
7c6ad7e7-f0c5-4864-ab0d-546909bf9828,New Orleans African American Museum,New Orleans,LA,live_unclaimed,active,Arts & Culture,Museum,1418 Governor Nicholls St,https://noaam.org,,29.964700,-90.069200,Mon Aug 10 2026 00:00:00 GMT+0000 (Coordinated Universal Time)
7b8d5e9f-0906-43cf-8d49-91e37627bbf7,New Orleans Counseling Center,New Orleans,LA,live_unclaimed,active,Health & Wellness,Mental Health & Therapy,1515 Poydras St,,,29.951400,-90.077900,Mon Aug 10 2026 00:00:00 GMT+0000 (Coordinated Universal Time)
eaa59935-48e6-495d-a8ee-fd99745441cd,New Orleans East Hospital,New Orleans,LA,live_unclaimed,active,Health & Wellness,Hospital & Community Health,5620 Read Blvd,,,30.016500,-89.972000,Tue Aug 11 2026 00:00:00 GMT+0000 (Coordinated Universal Time)
da22aaab-9b39-49d5-93a9-c878d442bc94,New Orleans Electric LLC,New Orleans,LA,live_unclaimed,active,Home & Trades,Electrical,4228 Magazine St,,,29.928100,-90.098900,Mon Aug 10 2026 00:00:00 GMT+0000 (Coordinated Universal Time)
96e00282-03aa-4b64-9a6e-452325e06f4e,Noire Tattoo Studio — New Orleans,New Orleans,LA,live_unclaimed,active,Beauty & Personal Care,Tattoo Studio,3120 Magazine St,,,29.927300,-90.085600,Mon Aug 10 2026 00:00:00 GMT+0000 (Coordinated Universal Time)
646c411e-aaeb-4ac2-af2a-1b1a98dcc5a1,NOLA Black Therapists Collective,New Orleans,LA,live_unclaimed,active,Health & Wellness,Mental Health Counseling,2609 Canal St Suite 400,,,29.965200,-90.079600,Tue Aug 11 2026 00:00:00 GMT+0000 (Coordinated Universal Time)
5368bcc2-8b96-439b-9b9f-728756f67dd9,NOLA Cooling & Heating — Black-Owned,New Orleans,LA,live_unclaimed,active,Professional Services,HVAC,3201 St Bernard Ave,,,29.974800,-90.060900,Tue Aug 11 2026 00:00:00 GMT+0000 (Coordinated Universal Time)
198a288d-f84f-4b18-9698-e383625ea1c9,NOLA Haitian Legal Services,New Orleans,LA,live_unclaimed,active,Community Organizations,Immigration Legal Services,1730 Tulane Ave Suite 400,,,29.955500,-90.082800,Tue Aug 11 2026 00:00:00 GMT+0000 (Coordinated Universal Time)
c0259036-00d3-4792-bc46-0947bf13445e,Precision Electric — New Orleans,New Orleans,LA,live_unclaimed,active,Services,Electrician,1900 Tulane Ave,,,29.956300,-90.083500,Mon Aug 10 2026 00:00:00 GMT+0000 (Coordinated Universal Time)
b87e5522-2841-4584-8b78-223aba2f3213,Preservation Hall,New Orleans,LA,live_unclaimed,active,Arts & Culture,Jazz Venue,726 St Peter St,https://preservationhall.com,,29.957600,-90.065500,Tue Aug 11 2026 00:00:00 GMT+0000 (Coordinated Universal Time)
80aea5fc-a97b-450b-9783-ef1a20490cf2,Puentes New Orleans,New Orleans,LA,live_unclaimed,active,Community Organizations,Latino Immigrant Services,4200 Canal St,https://puentesnola.org,,29.968000,-90.097800,Tue Aug 11 2026 00:00:00 GMT+0000 (Coordinated Universal Time)
79bb5779-b287-4512-a6ca-a23d6f94c184,Saffron NOLA,New Orleans,LA,live_unclaimed,active,Food,Indian,"4128 Magazine St, New Orleans, LA 70115",,,29.951100,-90.071500,Sat Aug 08 2026 00:00:00 GMT+0000 (Coordinated Universal Time)
5fc5fcfb-f405-492f-967e-b6df72b03081,Shaya,New Orleans,LA,live_unclaimed,active,Food,Soul Food,"4213 Magazine St, New Orleans, LA 70115",,,29.951100,-90.071500,Sat Aug 08 2026 00:00:00 GMT+0000 (Coordinated Universal Time)
2fb2f580-7d00-4fe1-a597-8cd5282d86b0,Soulard's Creole Breakfast,New Orleans,LA,live_unclaimed,active,Food Trucks,Breakfast,"2700 Elysian Fields Ave, New Orleans, LA",,,29.977700,-90.047900,Thu Aug 13 2026 00:00:00 GMT+0000 (Coordinated Universal Time)
9be9f874-c32d-494c-85e7-70988b04ebab,Southeast Louisiana Legal Services,New Orleans,LA,live_unclaimed,active,Legal & Government Services,Legal Aid,1340 Poydras St,,,29.948300,-90.075600,Tue Aug 11 2026 00:00:00 GMT+0000 (Coordinated Universal Time)
06ff578f-30da-476e-8aa3-d46ebd4854c1,St. Augustine Catholic Church,New Orleans,LA,live_unclaimed,active,Faith & Spirituality,Catholic,1210 Gov Nicholls St,,,29.967600,-90.071600,Mon Aug 10 2026 00:00:00 GMT+0000 (Coordinated Universal Time)
e154f5e9-92a3-41ee-9d80-5e5cefae4a7a,St. Claude Social Club,New Orleans,LA,live_unclaimed,active,Entertainment & Recreation,Bar / Live Music,2820 St Claude Ave,,,29.970100,-90.035800,Tue Aug 11 2026 00:00:00 GMT+0000 (Coordinated Universal Time)
299bc788-1fd8-48ce-80d1-9b5ac0be01d9,Step By Step Learning Center,New Orleans,LA,live_unclaimed,active,Children & Family,Childcare & Daycare,3900 General De Gaulle Dr,,,29.913100,-90.063600,Mon Aug 10 2026 00:00:00 GMT+0000 (Coordinated Universal Time)
3e220421-83bf-40cd-8c0e-e0ce1167955a,Sweet Spot Salon New Orleans,New Orleans,LA,live_unclaimed,active,Beauty & Personal Care,Natural Hair & Loc Specialists,2315 S Carrollton Ave,,,29.938300,-90.126900,Tue Aug 11 2026 00:00:00 GMT+0000 (Coordinated Universal Time)
f8667150-40bd-434a-b5ee-a567bc6026f6,Tabitha House Youth Services — New Orleans,New Orleans,LA,live_unclaimed,active,Education,Youth Organization,2320 Dumaine St,,,29.971800,-90.081600,Mon Aug 10 2026 00:00:00 GMT+0000 (Coordinated Universal Time)
99a1694b-ebf4-4029-ad53-f74214ad4022,The Spotted Cat Music Club,New Orleans,LA,live_unclaimed,active,Entertainment & Recreation,Jazz Club,623 Frenchmen St,https://spottedcatmusicclub.com,,29.962400,-90.058400,Mon Aug 10 2026 00:00:00 GMT+0000 (Coordinated Universal Time)
1d127736-71e5-47e4-8221-80cae8712693,Thurgood Marshall Law Collective — New Orleans,New Orleans,LA,live_unclaimed,active,Professional Services,Civil Rights Attorney,1010 Common St,,,29.951800,-90.070100,Mon Aug 10 2026 00:00:00 GMT+0000 (Coordinated Universal Time)
2b504b58-dbe2-479d-b9b4-0b280ba4c09e,Tipitina's,New Orleans,LA,live_unclaimed,active,Entertainment & Recreation,Live Music Venue,501 Napoleon Ave,https://tipitinas.com,,29.928400,-90.105400,Mon Aug 10 2026 00:00:00 GMT+0000 (Coordinated Universal Time)
eed75ebe-f53a-4382-bca3-6d5e67b9244f,Touro Synagogue New Orleans,New Orleans,LA,live_unclaimed,active,Faith & Spirituality,Jewish Synagogue,4238 St Charles Ave,,,29.931700,-90.112700,Mon Aug 10 2026 00:00:00 GMT+0000 (Coordinated Universal Time)
2004031b-d53f-494c-94d4-9f554730498d,Treme Community Dental,New Orleans,LA,live_unclaimed,active,Health & Wellness,Dental,1521 N Claiborne Ave,,,29.964400,-90.066100,Tue Aug 11 2026 00:00:00 GMT+0000 (Coordinated Universal Time)
8ed74217-043e-4614-9201-5238b5adeed7,Treme Community Development Corporation,New Orleans,LA,live_unclaimed,active,Community Organizations,Community Development,1601 St Philip St,,,29.965900,-90.065900,Tue Aug 11 2026 00:00:00 GMT+0000 (Coordinated Universal Time)
81883110-fc1f-4361-a149-59e682939356,Tremé Creole Gumbo Festival,New Orleans,LA,live_unclaimed,active,Arts & Culture,Cultural Festival,701 N Rampart St,,,29.961700,-90.061700,Tue Aug 11 2026 00:00:00 GMT+0000 (Coordinated Universal Time)
5ef4a9e3-86e5-4589-abce-67f293393902,Treme Laundry & Dry Cleaning,New Orleans,LA,live_unclaimed,active,Home Services,Dry Cleaning,1317 N Rampart St,,,29.967000,-90.069400,Thu Aug 13 2026 00:00:00 GMT+0000 (Coordinated Universal Time)
83c694a4-aaeb-41f7-bbb8-134a37adc771,Treme Little Scholars Learning Center,New Orleans,LA,live_unclaimed,active,Childcare & Early Education,Daycare,1409 St Bernard Ave,,,29.967300,-90.070500,Tue Aug 11 2026 00:00:00 GMT+0000 (Coordinated Universal Time)
a1c5e1f5-9925-42b7-9e19-b81e1049df6e,Tremé / Sixth Ward Historic District,New Orleans,LA,live_unclaimed,active,Arts & Culture,Historic District / Cultural Community,N Rampart St & St Bernard Ave,,,29.963500,-90.072000,Tue Aug 11 2026 00:00:00 GMT+0000 (Coordinated Universal Time)
9,Treme Soul Kitchen,New Orleans,LA,permanently_hidden,active,Food,Soul Food,1500 St Philip St,tremesoulkitchen.com,(504) 555-0193,29.964100,-90.068000,Thu Jun 18 2026 00:00:00 GMT+0000 (Coordinated Universal Time)
176050fe-a96d-4eee-b2a6-bd9bda5ea3a5,Treme Tax & Business Services,New Orleans,LA,live_unclaimed,active,Professional Services,Tax Preparation / Accounting,1522 N Claiborne Ave,,,29.964300,-90.066300,Tue Aug 11 2026 00:00:00 GMT+0000 (Coordinated Universal Time)
92985135-8400-4743-ad9e-52505500b881,Vaughan's Lounge — Bywater,New Orleans,LA,live_unclaimed,active,Entertainment & Recreation,Bar / Live Brass Band,4229 Dauphine St,,,29.964000,-90.043800,Tue Aug 11 2026 00:00:00 GMT+0000 (Coordinated Universal Time)
04298539-8d18-4de6-a19e-15e93fe3b533,Versailles Dental Care — New Orleans East,New Orleans,LA,live_unclaimed,active,Health & Wellness,Dental,4300 Chef Menteur Hwy,,,30.012300,-89.981200,Tue Aug 11 2026 00:00:00 GMT+0000 (Coordinated Universal Time)
cfd922e4-df89-4c32-b67c-1ad774551e04,Versailles Kids Academy — New Orleans East,New Orleans,LA,live_unclaimed,active,Childcare & Early Education,Bilingual Daycare,4730 Chef Menteur Hwy,,,30.014800,-89.975800,Tue Aug 11 2026 00:00:00 GMT+0000 (Coordinated Universal Time)
bb3c4116-5dc4-4e48-a8b1-11866e92ecad,Vietnamese-American Tax Services — New Orleans East,New Orleans,LA,live_unclaimed,active,Professional Services,Tax Preparation,4810 Chef Menteur Hwy,,,30.016500,-89.974000,Tue Aug 11 2026 00:00:00 GMT+0000 (Coordinated Universal Time)
e9bc5628-3e2d-45f4-97a7-53ef75f3312e,Vietnamese American Young Leaders Association — New Orleans,New Orleans,LA,live_unclaimed,active,Community Organizations,Cultural / Youth Organization,4646 Alcee Fortier Blvd,https://vayla-no.org,,30.014300,-89.978000,Tue Aug 11 2026 00:00:00 GMT+0000 (Coordinated Universal Time)
4e898912-7021-43f1-8bf7-c0e112651e8d,Willie Mae's Scotch House,New Orleans,LA,live_unclaimed,active,Food,Soul Food / Creole,2401 St Ann St,https://williemaesnola.com,,29.969600,-90.079400,Tue Aug 11 2026 00:00:00 GMT+0000 (Coordinated Universal Time)
40811574-9550-44d5-be30-c68218965c1e,WWOZ Community Radio,New Orleans,LA,live_unclaimed,active,Arts & Culture,Community Radio,1008 N Peters St,https://wwoz.org,,29.957600,-90.060400,Tue Aug 11 2026 00:00:00 GMT+0000 (Coordinated Universal Time)
87404207-0a27-468e-a68c-656581afdc10,Xavier University of Louisiana,New Orleans,LA,live_unclaimed,active,Arts & Culture,HBCU,1 Drexel Dr,https://xula.edu,,29.953800,-90.111300,Tue Aug 11 2026 00:00:00 GMT+0000 (Coordinated Universal Time)
d3b8e566-8b45-40b2-93da-0114a754f8d9,Zydeco & Étouffée Truck,New Orleans,LA,live_unclaimed,active,Food Trucks,Lunch & Dinner,"1201 N Rampart St, New Orleans, LA",,,29.966200,-90.069400,Thu Aug 13 2026 00:00:00 GMT+0000 (Coordinated Universal Time)
ab335524-3e7b-4ba6-8fa6-ea413453266f,Zydeco's — Caribbean Bar Treme,New Orleans,LA,live_unclaimed,active,Entertainment & Recreation,Caribbean Bar,1435 N Rampart St,,,29.966000,-90.068300,Tue Aug 11 2026 00:00:00 GMT+0000 (Coordinated Universal Time)
171a1e26-5148-4bfc-bc71-b5cd4d63d98c,Amador Cuban Restaurant,Newport,KY,live_unclaimed,active,Food,Caribbean,"Newport (Greater Cincinnati), KY",,,39.091700,-84.494500,Sat Aug 08 2026 00:00:00 GMT+0000 (Coordinated Universal Time)
79c5df83-7fab-4331-a619-42e555876d1f,Phở Vietnamese Restaurant — Newport News,Newport News,VA,live_unclaimed,active,Food,Vietnamese,13961 Warwick Blvd,,,37.071600,-76.487600,Tue Aug 11 2026 00:00:00 GMT+0000 (Coordinated Universal Time)
1c9d7483-7858-438d-9430-6b66a47b5713,Abyssinian Baptist Church,New York,NY,live_unclaimed,active,Faith & Spirituality,Baptist Church,132 Odell Clark Pl,https://abyssinian.org,,40.806500,-73.949600,Tue Aug 11 2026 00:00:00 GMT+0000 (Coordinated Universal Time)
f82c547e-a267-4f63-93a6-1821bbb66a45,African Immigrant Services Network (NYC),New York,NY,live_unclaimed,active,Community Organizations,African Immigrant Services,274 W 140th St,,,40.813500,-73.938900,Tue Aug 11 2026 00:00:00 GMT+0000 (Coordinated Universal Time)
33440275-e341-4fd0-8fb1-d4fcc0025992,Afro-Latino Community Center (NYC),New York,NY,live_unclaimed,active,Community Organizations,Afro-Latino Community,1820 Lexington Ave,,,40.797800,-73.946800,Tue Aug 11 2026 00:00:00 GMT+0000 (Coordinated Universal Time)
24,Alma Latina Kitchen,New York,NY,permanently_hidden,active,Food,Soul Food,2340 Adam Clayton Powell Jr Blvd,,(212) 555-1672,40.813900,-73.949800,Thu Jun 18 2026 00:00:00 GMT+0000 (Coordinated Universal Time)
d749d0ae-1ac4-4ad4-b2c3-c8e51b78c25b,Asia Society New York,New York,NY,live_unclaimed,active,Arts & Culture,Asian Cultural Center,725 Park Ave,https://asiasociety.org,,40.769000,-73.964700,Tue Aug 11 2026 00:00:00 GMT+0000 (Coordinated Universal Time)
111d0c91-1531-432c-9781-b166af43fc3c,Black Law Students Association — Columbia Law,New York,NY,live_unclaimed,active,Professional Services,Legal / Professional Network,435 W 116th St,https://law.columbia.edu,,40.807400,-73.962000,Tue Aug 11 2026 00:00:00 GMT+0000 (Coordinated Universal Time)
c73933a9-61ce-4b4d-90c7-e3afd6cd3fbb,Black Owned Beauty Supply (Harlem Beauty Depot),New York,NY,live_unclaimed,active,Retail,Beauty Supply,256 W 125th St,,,40.808000,-73.950600,Tue Aug 11 2026 00:00:00 GMT+0000 (Coordinated Universal Time)
b6039448-788b-4e59-b48c-9d5b3b9c1dbb,Black-Owned Financial Advisory (Harlem Capital),New York,NY,live_unclaimed,active,Professional Services,Financial Advisory,361 W 125th St,https://harlemcapital.co,,40.807900,-73.953100,Tue Aug 11 2026 00:00:00 GMT+0000 (Coordinated Universal Time)
490a12db-193c-46ba-aac2-373f172334ab,Clean Slate Laundromat — Harlem,New York,NY,live_unclaimed,active,Home Services,Laundromat,2322 Second Ave,,,40.796300,-73.938300,Thu Aug 13 2026 00:00:00 GMT+0000 (Coordinated Universal Time)
f6cfc9d7-a745-4f49-a8d7-c3457dc711ec,Dapper Dan's Boutique,New York,NY,live_unclaimed,active,Retail,Fashion Boutique,100 W 126th St,,,40.806200,-73.949100,Tue Aug 11 2026 00:00:00 GMT+0000 (Coordinated Universal Time)
c478d19e-5ed4-4c2e-bef3-babb4862b09f,El Barrio's Artspace PS109 (East Harlem),New York,NY,live_unclaimed,active,Arts & Culture,Artist Housing / Community Arts,215 E 99th St,,,40.790900,-73.940900,Tue Aug 11 2026 00:00:00 GMT+0000 (Coordinated Universal Time)
1f06926a-8a82-4bb1-a006-ee8b62016a00,El Museo del Barrio,New York,NY,live_unclaimed,active,Arts & Culture,Latino Museum,1230 Fifth Ave,https://elmuseo.org,,40.792900,-73.952100,Tue Aug 11 2026 00:00:00 GMT+0000 (Coordinated Universal Time)
216c46b9-f7a9-475a-839f-415e2d475806,Empowerment Community Development (Harlem),New York,NY,live_unclaimed,active,Professional Services,Real Estate / Community Development,55 W 125th St,,,40.807600,-73.946100,Tue Aug 11 2026 00:00:00 GMT+0000 (Coordinated Universal Time)
b350c01f-000b-439a-b3cf-cacb781ef400,Harlem Auto Repair (Apollo Auto Service),New York,NY,live_unclaimed,active,Automotive,Auto Repair,2298 Frederick Douglass Blvd,,,40.815700,-73.953100,Tue Aug 11 2026 00:00:00 GMT+0000 (Coordinated Universal Time)
b3761e2e-7055-4adc-9483-781b1e92a81d,Harlem Barbershop (Charles the Cut),New York,NY,live_unclaimed,active,Beauty & Personal Care,Barbershop,181 Lenox Ave,,,40.800000,-73.945000,Tue Aug 11 2026 00:00:00 GMT+0000 (Coordinated Universal Time)
ef3bc555-aef1-4ce2-9c88-aebd18865745,Harlem Breakfast Stand,New York,NY,live_unclaimed,active,Food Trucks,Breakfast,"2340 Adam Clayton Powell Jr Blvd, New York, NY",,,40.808300,-73.950000,Thu Aug 13 2026 00:00:00 GMT+0000 (Coordinated Universal Time)
f5e59d86-4c28-4007-a6e5-b926cd896c00,Harlem Children's Zone,New York,NY,live_unclaimed,active,Childcare & Early Education,Education / Community Development,35 E 125th St,https://hcz.org,,40.805400,-73.938200,Tue Aug 11 2026 00:00:00 GMT+0000 (Coordinated Universal Time)
86c30a99-3951-43db-9310-42f75acbfd97,Harlem Community Center (East Side House Satellite),New York,NY,live_unclaimed,active,Community Organizations,Community Center,145 E 116th St,,,40.796200,-73.938300,Tue Aug 11 2026 00:00:00 GMT+0000 (Coordinated Universal Time)
0a8541b5-6d4e-4f71-b3d9-dd3e0ad317e2,Harlem Community Development Corporation,New York,NY,live_unclaimed,active,Community Organizations,Economic Development,163 W 125th St,https://harlemcdc.org,,40.808000,-73.948400,Tue Aug 11 2026 00:00:00 GMT+0000 (Coordinated Universal Time)
d03ea9bf-6e28-4e90-af3d-c63d7063ee5f,Harlem Fresh Laundry,New York,NY,live_unclaimed,active,Home Services,Laundromat,2204 Frederick Douglass Blvd,,,40.809600,-73.956800,Thu Aug 13 2026 00:00:00 GMT+0000 (Coordinated Universal Time)
94f949c4-7166-449b-a231-a5d833734d27,Harlem Green — Cannabis & Community,New York,NY,live_unclaimed,active,Cannabis & Dispensary,Cannabis Dispensary,"2200 Frederick Douglass Blvd, New York, NY",,,40.809600,-73.956800,Thu Aug 13 2026 00:00:00 GMT+0000 (Coordinated Universal Time)
bce845b3-bba2-4cc9-a5f9-89b5a4251fa5,Harlem Hops,New York,NY,live_unclaimed,active,Entertainment & Recreation,Bar / Taproom,2268 Adam Clayton Powell Jr Blvd,https://harlemhops.com,,40.815000,-73.947700,Tue Aug 11 2026 00:00:00 GMT+0000 (Coordinated Universal Time)
92,Harlem PR & Strategy Group,New York,NY,permanently_hidden,active,Tech,Marketing & PR,2150 Adam Clayton Powell Jr Blvd,harlemprgroup.com,(212) 555-9237,40.809200,-73.950100,Thu Jun 18 2026 00:00:00 GMT+0000 (Coordinated Universal Time)
d393b7e7-8477-488b-9403-ce4d90cddfe1,Harlem Record Shack,New York,NY,live_unclaimed,active,Retail,Record Store,208 W 125th St,,,40.808000,-73.950900,Tue Aug 11 2026 00:00:00 GMT+0000 (Coordinated Universal Time)
fe60a89a-b55d-4e6a-970f-b16cbf573618,Harlem School of the Arts,New York,NY,live_unclaimed,active,Arts & Culture,Arts Education,645 St Nicholas Ave,https://harlemschoolofthearts.org,,40.819600,-73.949000,Tue Aug 11 2026 00:00:00 GMT+0000 (Coordinated Universal Time)
34811939-ef1f-4654-9736-3651d7447177,Harlem YMCA,New York,NY,live_unclaimed,active,Health & Wellness,Community Recreation Center,180 W 135th St,https://ymcanyc.org,,40.811300,-73.944600,Tue Aug 11 2026 00:00:00 GMT+0000 (Coordinated Universal Time)
2f1d89c9-b442-46c3-aa20-f7f5e6ed6931,Hue-Man Bookstore,New York,NY,live_unclaimed,active,Retail,Bookstore,2319 Frederick Douglass Blvd,,,40.816300,-73.953300,Tue Aug 11 2026 00:00:00 GMT+0000 (Coordinated Universal Time)
87a21aef-dd4b-498c-bc76-0750476020a2,Iglesia Adventista del Septimo Dia (Harlem),New York,NY,live_unclaimed,active,Faith & Spirituality,Adventist Church,39 E 116th St,,,40.796100,-73.941700,Tue Aug 11 2026 00:00:00 GMT+0000 (Coordinated Universal Time)
c2cef042-4786-4354-8467-bf183e7d921f,Islamic Cultural Center of New York,New York,NY,live_unclaimed,active,Faith & Spirituality,Mosque,1711 Third Ave,,,40.781900,-73.947600,Tue Aug 11 2026 00:00:00 GMT+0000 (Coordinated Universal Time)
1b0523a3-b31e-4ed5-81f0-214720351dc0,La Fonda Boricua,New York,NY,live_unclaimed,active,Food,Puerto Rican,169 E 106th St,https://lafondaboricua.com,,40.795500,-73.940700,Tue Aug 11 2026 00:00:00 GMT+0000 (Coordinated Universal Time)
bf9659d9-86ee-4df2-9ff6-0c87a8a7af23,Little Essentials,New York,NY,live_unclaimed,active,Children & Family,Children's Retail,"New York, NY",,,40.697500,-73.971100,Sat Aug 08 2026 00:00:00 GMT+0000 (Coordinated Universal Time)
d43c5e6e-7f9d-40a0-b81d-6dd9a19310d5,Malcolm Shabazz Harlem Market,New York,NY,live_unclaimed,active,Retail,African Market,52-60 W 116th St,,,40.802000,-73.949000,Tue Aug 11 2026 00:00:00 GMT+0000 (Coordinated Universal Time)
3d788a9a-6979-42ef-acae-c7a74e012dc9,Malecon Restaurant,New York,NY,live_unclaimed,active,Food,Dominican,4141 Broadway,https://maleconrestaurants.com,,40.849000,-73.939000,Tue Aug 11 2026 00:00:00 GMT+0000 (Coordinated Universal Time)
95505180-faf7-41c8-a1d7-b60b698e9a69,Mama Glow Doula Agency — New York,New York,NY,live_unclaimed,active,Health & Wellness,Doula & Midwifery,545 8th Ave,https://www.mamaglow.com,,40.752800,-73.998700,Mon Aug 10 2026 00:00:00 GMT+0000 (Coordinated Universal Time)
3833561d-be1f-4435-bde0-3064ffe5c2ab,Marcus Garvey Park (Harlem),New York,NY,live_unclaimed,active,Entertainment & Recreation,Park / Cultural Site,18 Mt Morris Park W,,,40.802700,-73.943600,Tue Aug 11 2026 00:00:00 GMT+0000 (Coordinated Universal Time)
da0aef44-e639-4720-ad2f-3cc391f0b6cd,Masjid Malcolm Shabazz,New York,NY,live_unclaimed,active,Faith & Spirituality,Mosque,102 W 116th St,https://malcolmshabazz.com,,40.802100,-73.949200,Tue Aug 11 2026 00:00:00 GMT+0000 (Coordinated Universal Time)
09049395-4be8-48ea-8f54-35b36e70ae77,Melba's Restaurant,New York,NY,live_unclaimed,active,Food,Soul Food,300 W 114th St,https://melbasrestaurant.com,,40.801400,-73.956400,Tue Aug 11 2026 00:00:00 GMT+0000 (Coordinated Universal Time)
788607bb-dd47-47e0-aaa8-0b952192b2f0,Mosque of Islamic Brotherhood (Harlem),New York,NY,live_unclaimed,active,Faith & Spirituality,Mosque,130 W 113th St,,,40.801400,-73.956500,Tue Aug 11 2026 00:00:00 GMT+0000 (Coordinated Universal Time)
3642332a-f63d-401c-a42b-911d6c4e1309,Museum of Chinese in America (MOCA),New York,NY,live_unclaimed,active,Arts & Culture,Museum,215 Centre St,https://mocanyc.org,,40.716300,-74.000100,Tue Aug 11 2026 00:00:00 GMT+0000 (Coordinated Universal Time)
d244740f-f3fa-4d18-b023-34c6c8b5a3d0,National Association for the Advancement of Colored People — NYC,New York,NY,live_unclaimed,active,Community Organizations,Civil Rights Organization,40 Fulton St,https://naacpnyc.org,,40.708600,-74.006100,Tue Aug 11 2026 00:00:00 GMT+0000 (Coordinated Universal Time)
ef819f04-7d58-4fbd-9e0d-1f92db3e047f,National Association of Black Social Workers (NYC),New York,NY,live_unclaimed,active,Professional Services,Professional Association,936 St Nicholas Ave,https://nabsw.org,,40.826900,-73.947900,Tue Aug 11 2026 00:00:00 GMT+0000 (Coordinated Universal Time)
be4541f6-b589-4b18-b6c1-992860a92020,National Black Theatre,New York,NY,live_unclaimed,active,Arts & Culture,Theater,2031 Fifth Ave,https://nationalblacktheatre.org,,40.809900,-73.939200,Tue Aug 11 2026 00:00:00 GMT+0000 (Coordinated Universal Time)
d75f3922-4e81-46e9-ad56-6766d8b22b58,National Urban League (NYC Headquarters),New York,NY,live_unclaimed,active,Community Organizations,Civil Rights / Economic Empowerment,80 Pine St,https://nul.org,,40.706300,-74.007300,Tue Aug 11 2026 00:00:00 GMT+0000 (Coordinated Universal Time)
614d2325-f15c-4da0-b717-ec554ce93c27,New York Chinese Community Services (Manhattan Chinatown),New York,NY,live_unclaimed,active,Community Organizations,Chinese Community Services,70 Mulberry St,,,40.714700,-74.000000,Tue Aug 11 2026 00:00:00 GMT+0000 (Coordinated Universal Time)
4f68f8d3-cb61-4b6d-a864-dbdbca0aa3c9,Patsy's Pizzeria (Harlem Original),New York,NY,live_unclaimed,active,Food,Italian / Pizza,2287 First Ave,https://patsyspizzerianyc.com,,40.795200,-73.938000,Tue Aug 11 2026 00:00:00 GMT+0000 (Coordinated Universal Time)
38cd89a5-6d4a-4dd6-9d47-d5a28a33ba8e,Red Rooster Harlem,New York,NY,live_unclaimed,active,Food,American / Fusion,310 Lenox Ave,https://redroosterharlem.com,,40.809000,-73.944300,Tue Aug 11 2026 00:00:00 GMT+0000 (Coordinated Universal Time)
feccaeea-cc9c-45d7-a1a7-afc4846b1dcb,Shrine World Music Venue,New York,NY,live_unclaimed,active,Entertainment & Recreation,Live Music Venue,2271 Adam Clayton Powell Jr Blvd,https://shrinenyc.com,,40.815200,-73.947600,Tue Aug 11 2026 00:00:00 GMT+0000 (Coordinated Universal Time)
b15798c6-2858-44a5-b93f-b890668bb517,St. Philip's Episcopal Church (Harlem),New York,NY,live_unclaimed,active,Faith & Spirituality,Episcopal Church,204 W 134th St,https://stphilipsharlem.org,,40.811100,-73.944000,Tue Aug 11 2026 00:00:00 GMT+0000 (Coordinated Universal Time)
d8ceadea-19ac-4af3-9d8f-7dc9ab8419d7,Studio Museum in Harlem,New York,NY,live_unclaimed,active,Arts & Culture,Museum,429 W 127th St,https://studiomuseum.org,,40.806500,-73.953600,Tue Aug 11 2026 00:00:00 GMT+0000 (Coordinated Universal Time)
63223541-db42-45dd-b37b-3a624e46cbb9,Sylvia's Restaurant,New York,NY,live_unclaimed,active,Food,Soul Food,328 Malcolm X Blvd,https://sylviasrestaurant.com,,40.809000,-73.939300,Tue Aug 11 2026 00:00:00 GMT+0000 (Coordinated Universal Time)
1118ae3a-4c15-442c-8c6f-a2e09cd5bbbe,"The Door (Youth Services, Manhattan)",New York,NY,live_unclaimed,active,Community Organizations,Youth Services,555 Broome St,https://door.org,,40.724700,-74.003500,Tue Aug 11 2026 00:00:00 GMT+0000 (Coordinated Universal Time)
5,Ujima Wellness Center,New York,NY,permanently_hidden,active,Health & Wellness,Holistic Health,789 Malcolm X Blvd,ujimawellness.com,(212) 555-0572,40.803000,-73.950000,Thu Jun 18 2026 00:00:00 GMT+0000 (Coordinated Universal Time)
8e7b3351-bd2e-4e2f-9399-234dbd6ded10,Uptown Cannabis Harlem,New York,NY,live_unclaimed,active,Cannabis & Dispensary,Cannabis Dispensary,"2354 Adam Clayton Powell Jr Blvd, New York, NY",,,40.808300,-73.950000,Thu Aug 13 2026 00:00:00 GMT+0000 (Coordinated Universal Time)
c602f0f9-b099-4a43-a607-8a5b517af198,Uptown Eats — Harlem,New York,NY,live_unclaimed,active,Food Trucks,Lunch,"135th St & Lenox Ave, New York, NY",,,40.813800,-73.946100,Thu Aug 13 2026 00:00:00 GMT+0000 (Coordinated Universal Time)
6e8fcf96-99f3-4478-9710-6c61b9f61e76,Africa Kine,New York City,NY,live_unclaimed,active,Food,West African,"Little Senegal, Harlem",,,40.712800,-74.006000,Sat Aug 08 2026 00:00:00 GMT+0000 (Coordinated Universal Time)
b901fe54-ad41-44cb-9642-91b91bf60e87,Beco,New York City,NY,live_unclaimed,active,Food,Brazilian,"Williamsburg, Brooklyn",,,40.712800,-74.006000,Sat Aug 08 2026 00:00:00 GMT+0000 (Coordinated Universal Time)
228e53c0-e9aa-405a-84f1-704c7ddaa510,Bunna Cafe,New York City,NY,live_unclaimed,active,Food,Ethiopian,"Bushwick, Brooklyn",,,40.712800,-74.006000,Sat Aug 08 2026 00:00:00 GMT+0000 (Coordinated Universal Time)
13272316-2fd9-4c9e-bd28-01d335ea74fc,Kokomo,New York City,NY,live_unclaimed,active,Food,Caribbean,"Williamsburg, Brooklyn",,,40.712800,-74.006000,Sat Aug 08 2026 00:00:00 GMT+0000 (Coordinated Universal Time)
737c705d-994e-47b3-a8d2-cd2b2076f440,Peppa's Jerk Chicken,New York City,NY,live_unclaimed,active,Food,Caribbean,"Flatbush, Brooklyn",,,40.712800,-74.006000,Sat Aug 08 2026 00:00:00 GMT+0000 (Coordinated Universal Time)
8084cf47-9a60-4983-bb8f-b8a7a6c87da0,Puerto Viejo,New York City,NY,live_unclaimed,active,Food,Puerto Rican,"Prospect Heights, Brooklyn",,,40.712800,-74.006000,Sat Aug 08 2026 00:00:00 GMT+0000 (Coordinated Universal Time)
707a3930-1fdb-4c6e-8226-6c57dc99aa4e,Purple Dough,New York City,NY,live_unclaimed,active,Food,Filipino,"Woodside, Queens",,,40.712800,-74.006000,Sat Aug 08 2026 00:00:00 GMT+0000 (Coordinated Universal Time)
06f2b4e9-02f8-499f-a34b-c573882ea9fa,Safari Restaurant,New York City,NY,live_unclaimed,active,Food,Food,Harlem,,,40.712800,-74.006000,Sat Aug 08 2026 00:00:00 GMT+0000 (Coordinated Universal Time)
a2cbf088-0253-4b19-b265-7589f7f54b4d,Sylvia's Restaurant,New York City,NY,live_unclaimed,active,Food,Soul Food,Harlem,,,40.712800,-74.006000,Sat Aug 08 2026 00:00:00 GMT+0000 (Coordinated Universal Time)
ac2cfe30-5b48-4cc0-bd2d-48541b4a2398,The Lit. Bar,New York City,NY,live_unclaimed,active,Food,Puerto Rican,"Mott Haven, Bronx",,,40.712800,-74.006000,Sat Aug 08 2026 00:00:00 GMT+0000 (Coordinated Universal Time)
7fbbc4e9-dc2a-4adc-9fc7-08806a2987dd,Attucks Theatre,Norfolk,VA,live_unclaimed,active,Arts & Culture,Historic Theater,1010 Church St,https://attuckstheatre.org,,36.856700,-76.292700,Tue Aug 11 2026 00:00:00 GMT+0000 (Coordinated Universal Time)
0994ea40-388b-4413-aa62-7dd1ea2a4872,Auntie's Tiki Bar & Restaurant,Norfolk,VA,live_unclaimed,active,Food,Filipino,"Norfolk, VA",,,36.850800,-76.285900,Sat Aug 08 2026 00:00:00 GMT+0000 (Coordinated Universal Time)
65b17b74-b081-408c-b336-017b93cdc1a5,BLYSS Ice Cream and Desserts,Norfolk,VA,live_unclaimed,active,Retail,Retail,"Norfolk, VA",,,36.850800,-76.285900,Sat Aug 08 2026 00:00:00 GMT+0000 (Coordinated Universal Time)
844e54af-0f1b-4d0a-9f4c-9bc1d22fe8b9,Canvas Social Cuisine,Norfolk,VA,live_unclaimed,active,Food,Food,"Norfolk, VA",,,36.850800,-76.285900,Sat Aug 08 2026 00:00:00 GMT+0000 (Coordinated Universal Time)
af6892c9-570c-4d4b-beca-a83655fbaec5,Freshtopia,Norfolk,VA,live_unclaimed,active,Retail,Retail,"Norfolk, VA",,,36.850800,-76.285900,Sat Aug 08 2026 00:00:00 GMT+0000 (Coordinated Universal Time)
14452213-b800-462a-9f5d-fc01fad5d3cf,Granby Street Community — Church Street Historic District,Norfolk,VA,live_unclaimed,active,Arts & Culture,Historic Black Commercial Corridor,Church St,,,36.856700,-76.293000,Tue Aug 11 2026 00:00:00 GMT+0000 (Coordinated Universal Time)
e8949d21-cda4-4fbc-9d33-0a03c12cc43c,Jikoni Cafe,Norfolk,VA,live_unclaimed,active,Food,Food,"Norfolk, VA",,,36.850800,-76.285900,Sat Aug 08 2026 00:00:00 GMT+0000 (Coordinated Universal Time)
c22d5c88-3b81-4421-9b15-e46ab7eb173d,Norfolk State University,Norfolk,VA,live_unclaimed,active,Arts & Culture,HBCU,700 Park Ave,https://nsu.edu,,36.869500,-76.274600,Tue Aug 11 2026 00:00:00 GMT+0000 (Coordinated Universal Time)
589f3c06-6229-4661-acb8-a5b838541407,O'Connor Brewing Company — Norfolk,Norfolk,VA,live_unclaimed,active,Entertainment & Recreation,Craft Brewery / Community Gathering,211 W 24th St,https://oconnorbrewing.com,,36.859200,-76.300100,Tue Aug 11 2026 00:00:00 GMT+0000 (Coordinated Universal Time)
5a509a9b-28ea-43f4-861b-abccd8969f0f,Only at Rene's,Norfolk,VA,live_unclaimed,active,Food,Filipino,"Norfolk, VA",,,36.850800,-76.285900,Sat Aug 08 2026 00:00:00 GMT+0000 (Coordinated Universal Time)
04e97030-6a8c-42b0-8a59-e2e2ed199169,Puerto Rican/Latino Cultural Center — Hampton Roads,Norfolk,VA,live_unclaimed,active,Community Organizations,Latino Community Organization,Norfolk,,,36.850800,-76.285900,Tue Aug 11 2026 00:00:00 GMT+0000 (Coordinated Universal Time)
5a0388ed-3ce1-469f-b66e-bba3599b243e,Pure Lagos,Norfolk,VA,live_unclaimed,active,Retail,West African,"Norfolk, VA",,,36.850800,-76.285900,Sat Aug 08 2026 00:00:00 GMT+0000 (Coordinated Universal Time)
e689fd01-03cf-45fe-aafd-f94c3496fd39,Shark City Naturals,Norfolk,VA,live_unclaimed,active,Retail,Retail,"Norfolk, VA",,,36.850800,-76.285900,Sat Aug 08 2026 00:00:00 GMT+0000 (Coordinated Universal Time)
5d890134-9d37-4543-bbc3-e54b9400d72a,West African Grill — Norfolk,Norfolk,VA,live_unclaimed,active,Food,West African,Norfolk,,,36.850800,-76.285900,Tue Aug 11 2026 00:00:00 GMT+0000 (Coordinated Universal Time)
39698b84-316e-4326-bb78-69ce4088718c,Delicious Carolina,North Charleston,SC,live_unclaimed,active,Food,Soul Food,"North Charleston, SC",,,32.854600,-79.974800,Sat Aug 08 2026 00:00:00 GMT+0000 (Coordinated Universal Time)
0b96d384-00f0-4c38-b0c4-6f1309215398,Phuong Vietnamese Restaurant,North Charleston,SC,live_unclaimed,active,Food,Vietnamese,"North Charleston, SC",,,32.854600,-79.974800,Sat Aug 08 2026 00:00:00 GMT+0000 (Coordinated Universal Time)
816c33d3-098c-4b55-be2b-b8e086ec75cf,AGBU Western District,North Hollywood,CA,live_unclaimed,active,Community Organizations,Armenian Community,5684 Cahuenga Blvd,https://agbu.org,,34.162200,-118.345500,Tue Aug 11 2026 00:00:00 GMT+0000 (Coordinated Universal Time)
fd63c4b1-09d8-40e0-9228-33d98d8f2758,Barrio Fiesta,North Hollywood,CA,live_unclaimed,active,Food,Filipino,7138 Laurel Canyon Blvd,,,34.180800,-118.386000,Tue Aug 11 2026 00:00:00 GMT+0000 (Coordinated Universal Time)
e32250d6-97b7-4a84-a543-95d197313334,Guatemalan Maya Center,North Hollywood,CA,live_unclaimed,active,Community Organizations,Cultural Center,7030 Tujunga Ave,,,34.174300,-118.368000,Tue Aug 11 2026 00:00:00 GMT+0000 (Coordinated Universal Time)
4752bc56-e251-4308-8077-1edadc868bc5,Nevada Partners (Las Vegas),North Las Vegas,NV,live_unclaimed,active,Community Organizations,Workforce Development / Economic Empowerment,710 W Lake Mead Blvd,https://nevadapartners.org,,36.192400,-115.171300,Tue Aug 11 2026 00:00:00 GMT+0000 (Coordinated Universal Time)
16379909-0511-4db1-861a-6983fe3230de,N Plainfield Barber,North Plainfield,NJ,live_unclaimed,active,Beauty & Personal Care,Barbershops,"North Plainfield, NJ",,,40.625900,-74.435700,Sun Aug 09 2026 00:00:00 GMT+0000 (Coordinated Universal Time)
35e78f67-315e-4aeb-9714-ee21fdc8d420,alaMar Dominican Kitchen,Oakland,CA,live_unclaimed,active,Food,Caribbean,"Uptown Oakland, Oakland, CA",,,37.804400,-122.271200,Sat Aug 08 2026 00:00:00 GMT+0000 (Coordinated Universal Time)
01a59b83-6cb7-482e-9995-3daeb928e892,Black Cultural Zone (East Oakland),Oakland,CA,live_unclaimed,active,Community Organizations,Community Development / Cultural Preservation,7901 International Blvd,,,37.758600,-122.202700,Tue Aug 11 2026 00:00:00 GMT+0000 (Coordinated Universal Time)
57,Black Oak Collective,Oakland,CA,permanently_hidden,active,Retail,Clothing & Fashion,473 25th St,blackoakcollective.com,(510) 555-5718,37.813000,-122.271000,Thu Jun 18 2026 00:00:00 GMT+0000 (Coordinated Universal Time)
862a69fb-3f0a-4bd6-b933-c26fc52c692d,Brown Sugar Kitchen,Oakland,CA,live_unclaimed,active,Food,Southern / Soul Food,2534 Mandela Pkwy,https://brownsugarkitchen.com,,37.815400,-122.286900,Tue Aug 11 2026 00:00:00 GMT+0000 (Coordinated Universal Time)
8fbe969c-f283-48b5-bc29-6cabefbdefed,Café Colucci Ethiopian Restaurant,Oakland,CA,live_unclaimed,active,Food,Ethiopian Restaurant,6427 Telegraph Ave,,,37.846000,-122.261600,Tue Aug 11 2026 00:00:00 GMT+0000 (Coordinated Universal Time)
83045336-a730-49e3-ab89-9f8ddfa0e51a,Cafe Romanat,Oakland,CA,live_unclaimed,active,Food,Ethiopian,"Grand Lake, Oakland, CA",,,37.804400,-122.271200,Sat Aug 08 2026 00:00:00 GMT+0000 (Coordinated Universal Time)
3b598b31-42d4-4264-b107-ba5511ab31d0,E14 Gallery,Oakland,CA,live_unclaimed,active,Retail,Retail,"Old Oakland, Oakland, CA",,,37.804400,-122.271200,Sat Aug 08 2026 00:00:00 GMT+0000 (Coordinated Universal Time)
02f9326a-b612-46aa-a8c2-e783147343cd,East Oakland Fresh Clean,Oakland,CA,live_unclaimed,active,Home Services,Laundromat,8904 E 14th St,,,37.774900,-122.198500,Thu Aug 13 2026 00:00:00 GMT+0000 (Coordinated Universal Time)
a86d90e9-a832-4b67-92b0-43d48f3c7878,Eritrean Community Center (Oakland),Oakland,CA,live_unclaimed,active,Community Organizations,East African Community Services,2551 San Pablo Ave,,,37.809700,-122.275700,Tue Aug 11 2026 00:00:00 GMT+0000 (Coordinated Universal Time)
dc11f427-7179-4702-a0c0-509908ec02d9,Everett & Jones Barbeque,Oakland,CA,live_unclaimed,active,Food,Soul Food,"Jack London Square, Oakland, CA",,,37.804400,-122.271200,Sat Aug 08 2026 00:00:00 GMT+0000 (Coordinated Universal Time)
f6e0d2f9-8852-41ad-8d1c-60cd2660bfbe,Everett & Jones BBQ,Oakland,CA,live_unclaimed,active,Food,Barbecue,1955 San Pablo Ave,https://eandjbbq.com,,37.814800,-122.275200,Tue Aug 11 2026 00:00:00 GMT+0000 (Coordinated Universal Time)
0ef2c244-7f5d-4d1d-a34f-5f59cfac6667,Fruitvale Cannabis Co. — Oakland,Oakland,CA,live_unclaimed,active,Cannabis & Dispensary,Cannabis Dispensary,"3421 E 12th St, Oakland, CA",,,37.774900,-122.214300,Thu Aug 13 2026 00:00:00 GMT+0000 (Coordinated Universal Time)
318954ac-dce9-4dc1-b1b0-1ec33d70ea04,Fruitvale Public Market (Oakland),Oakland,CA,live_unclaimed,active,Retail,Latino Market / Mercado,3340 E 12th St,,,37.775000,-122.225100,Tue Aug 11 2026 00:00:00 GMT+0000 (Coordinated Universal Time)
44414004-8e18-477c-a158-d30f2ab1a594,Fruitvale Village,Oakland,CA,live_unclaimed,active,Retail,Latino Shopping District,3401 E 12th St,https://unitycouncil.org,,37.774900,-122.224100,Tue Aug 11 2026 00:00:00 GMT+0000 (Coordinated Universal Time)
eaa43652-7883-47e8-8585-89b90e2a0600,Guadalajara Restaurant (Fruitvale),Oakland,CA,live_unclaimed,active,Food,Mexican Restaurant,3715 International Blvd,,,37.774200,-122.221200,Tue Aug 11 2026 00:00:00 GMT+0000 (Coordinated Universal Time)
59,Intertribal Arts & Culture Center,Oakland,CA,permanently_hidden,active,Education,Arts & Performance,2940 Adeline St,ashbyartsacademy.com,(510) 555-5949,37.828300,-122.276000,Thu Jun 18 2026 00:00:00 GMT+0000 (Coordinated Universal Time)
e79d1982-eb23-47c8-a23b-eaca96d5e9c6,La Clínica de la Raza (Oakland — Latino Health),Oakland,CA,live_unclaimed,active,Health & Wellness,Community Health Clinic,1515 Fruitvale Ave,https://laclinica.org,,37.766700,-122.224200,Tue Aug 11 2026 00:00:00 GMT+0000 (Coordinated Universal Time)
56,La Paloma Taqueria & Panadería,Oakland,CA,permanently_hidden,active,Food,Soul Food,3301 E 12th St,,(510) 555-5601,37.774600,-122.220100,Thu Jun 18 2026 00:00:00 GMT+0000 (Coordinated Universal Time)
9cd3e374-1d7b-4270-b413-c24d140cea9e,Malonga Casquelourd Center for the Arts,Oakland,CA,live_unclaimed,active,Arts & Culture,Performing Arts Center,1428 Alice St,,,37.802000,-122.271000,Tue Aug 11 2026 00:00:00 GMT+0000 (Coordinated Universal Time)
a2e91019-01de-4120-800a-f7438ee46162,Marcus Books,Oakland,CA,live_unclaimed,active,Retail,Bookstore,"3900 Martin Luther King Jr Way, Oakland, CA 94609",,,37.804400,-122.271200,Sat Aug 08 2026 00:00:00 GMT+0000 (Coordinated Universal Time)
aa08f5bf-dcda-4cc1-88a6-d82f6092c763,Marcus Books Oakland,Oakland,CA,live_unclaimed,active,Retail,Bookstore,3900 Martin Luther King Jr Way,https://marcusbooks.com,,37.819700,-122.270000,Tue Aug 11 2026 00:00:00 GMT+0000 (Coordinated Universal Time)
82a6e46b-875f-4e29-903f-67ea6700b33c,Nellie's Soul Food,Oakland,CA,live_unclaimed,active,Food,Soul Food,3996 MacArthur Blvd,,,37.788900,-122.198000,Tue Aug 11 2026 00:00:00 GMT+0000 (Coordinated Universal Time)
1d7b0e06-10cd-4084-b924-6e9767baf199,Oakland African Kitchen,Oakland,CA,live_unclaimed,active,Food Trucks,Lunch & Dinner,"550 Bellevue Ave, Oakland, CA",,,37.804200,-122.248500,Thu Aug 13 2026 00:00:00 GMT+0000 (Coordinated Universal Time)
82121b04-da91-4abb-8e8b-ea230e53b090,Oakland Museum of California,Oakland,CA,live_unclaimed,active,Arts & Culture,Museum,1000 Oak St,https://museumca.org,,37.797800,-122.264100,Tue Aug 11 2026 00:00:00 GMT+0000 (Coordinated Universal Time)
58,Panther Health Clinic,Oakland,CA,permanently_hidden,active,Health & Wellness,Community Health,1600 Peralta St,pantherhealthoakland.com,(510) 555-5832,37.808900,-122.287700,Thu Jun 18 2026 00:00:00 GMT+0000 (Coordinated Universal Time)
60,Raízes Brasileiras Café,Oakland,CA,permanently_hidden,active,Food,Coffee & Café,507 Embarcadero W,,(510) 555-6061,37.797700,-122.279600,Thu Jun 18 2026 00:00:00 GMT+0000 (Coordinated Universal Time)
a6a25b0c-f7a4-423e-8cc9-f8b7196242a7,Red Bay Coffee,Oakland,CA,live_unclaimed,active,Food,Food,"Fruitvale, Oakland, CA",,,37.804400,-122.271200,Sat Aug 08 2026 00:00:00 GMT+0000 (Coordinated Universal Time)
e8787740-de4e-46f7-9e25-9e2a6c0e3ec8,The Unity Council (Fruitvale),Oakland,CA,live_unclaimed,active,Community Organizations,Community Development,1900 Fruitvale Ave,https://unitycouncil.org,,37.775000,-122.224500,Tue Aug 11 2026 00:00:00 GMT+0000 (Coordinated Universal Time)
3862562d-e690-430c-a5eb-51ac6315cb42,Vien Huong Vietnamese Restaurant (Oakland),Oakland,CA,live_unclaimed,active,Food,Vietnamese Restaurant,712 Franklin St,,,37.804500,-122.270000,Tue Aug 11 2026 00:00:00 GMT+0000 (Coordinated Universal Time)
d1305a3e-6d1b-4d86-aced-0d93874b2511,Wahpepah's Kitchen,Oakland,CA,live_unclaimed,active,Food,Food,"Fruitvale, Oakland, CA",,,37.804400,-122.271200,Sat Aug 08 2026 00:00:00 GMT+0000 (Coordinated Universal Time)
520b5c40-24ca-480f-8bc7-fdde5e7b3bcc,West Oakland Green Path,Oakland,CA,live_unclaimed,active,Cannabis & Dispensary,Cannabis Dispensary,"3200 San Pablo Ave, Oakland, CA",,,37.813500,-122.277800,Thu Aug 13 2026 00:00:00 GMT+0000 (Coordinated Universal Time)
a9c5d599-1b76-4988-9ce5-5874e1b6e23e,West Oakland Laundry Hub,Oakland,CA,live_unclaimed,active,Home Services,Laundromat,3000 San Pablo Ave,,,37.813500,-122.277800,Thu Aug 13 2026 00:00:00 GMT+0000 (Coordinated Universal Time)
419a6696-bf7c-4ec1-8acb-7b5a3c0d1f1a,West Oakland Plate Truck,Oakland,CA,live_unclaimed,active,Food Trucks,Lunch,"3000 San Pablo Ave, Oakland, CA",,,37.813500,-122.277800,Thu Aug 13 2026 00:00:00 GMT+0000 (Coordinated Universal Time)
209e6a43-87b7-4229-8180-8c044e4e024a,Dunn's River Falls & Park,Ocho Rios,,live_unclaimed,active,Travel & Hospitality,Nature Attraction,Ocho Rios,https://dunnsriverfallsja.com,,18.414100,-77.131900,Mon Aug 10 2026 00:00:00 GMT+0000 (Coordinated Universal Time)
0bac8f9a-766d-49bb-8b47-b7466838044b,Island Village Ocho Rios,Ocho Rios,,live_unclaimed,active,Entertainment & Recreation,Entertainment Complex,Main St,https://islandvillagejamaica.com,,18.406700,-77.103800,Mon Aug 10 2026 00:00:00 GMT+0000 (Coordinated Universal Time)
cbbe51f0-581b-48e7-9bff-7e741e255826,Scotchies Jerk Centre — Ocho Rios,Ocho Rios,,live_unclaimed,active,Food,Jamaican / Jerk,"Main Rd, Drax Hall",,,18.402300,-77.102800,Mon Aug 10 2026 00:00:00 GMT+0000 (Coordinated Universal Time)
f3d315fe-7a24-4328-a1ec-f7fb5dec4018,Scotchies Ocho Rios,Ocho Rios,,live_unclaimed,active,Food,Jerk Restaurant,Main Rd,https://scotchiesjamaica.com,,18.405700,-77.103400,Mon Aug 10 2026 00:00:00 GMT+0000 (Coordinated Universal Time)
84cd47dd-90d5-43d5-8184-0ee86e4a1c34,Muscogee (Creek) Nation Cultural Center,Okmulgee,OK,live_unclaimed,active,Arts & Culture,Native American Cultural Center,101 Creek Nation Circle,https://mcncaf.org,,35.626700,-95.962300,Tue Aug 11 2026 00:00:00 GMT+0000 (Coordinated Universal Time)
e5e900ba-7cbe-447a-8faa-954930ccfd7c,I.P. Stanback Museum & Planetarium (SC State),Orangeburg,SC,live_unclaimed,active,Arts & Culture,Museum,300 College St NE,,,33.498200,-80.851900,Tue Aug 11 2026 00:00:00 GMT+0000 (Coordinated Universal Time)
9451a832-687c-4c8f-b583-b943cff12a69,Anh Hong Vietnamese Restaurant,Orlando,FL,live_unclaimed,active,Food,Vietnamese,Mills 50 District,,,28.538300,-81.379200,Sat Aug 08 2026 00:00:00 GMT+0000 (Coordinated Universal Time)
8e9fe9ab-9709-4d16-8431-f561f5e2b43d,Authentic Books,Orlando,FL,live_unclaimed,active,Retail,Bookstore,"Ivanhoe Village, North Orange area",,,28.538300,-81.379200,Sat Aug 08 2026 00:00:00 GMT+0000 (Coordinated Universal Time)
af27b14c-a097-4fe1-9301-4f9b63e41550,Black Business Association of Central Florida,Orlando,FL,live_unclaimed,active,Community Organizations,Black Business Association,Orlando,,,28.538300,-81.379200,Tue Aug 11 2026 00:00:00 GMT+0000 (Coordinated Universal Time)
61dcba9f-6634-4b5c-ba82-82b031a5a5cd,Bon Appetit Grill,Orlando,FL,live_unclaimed,active,Food,Caribbean,West Orlando,,,28.538300,-81.379200,Sat Aug 08 2026 00:00:00 GMT+0000 (Coordinated Universal Time)
ee133b2b-30b5-43e9-bb7e-6a42a96c841b,Crocante Restaurant,Orlando,FL,live_unclaimed,active,Food,Puerto Rican,"Colonialtown North, East Colonial Drive",,,28.538300,-81.379200,Sat Aug 08 2026 00:00:00 GMT+0000 (Coordinated Universal Time)
b5d23cc7-0537-4d29-bc7e-caf9bb6e2eb6,Haitian Community Development Initiative — Orlando,Orlando,FL,live_unclaimed,active,Community Organizations,Haitian Community Organization,5601 Hansel Ave,,,28.469800,-81.361200,Tue Aug 11 2026 00:00:00 GMT+0000 (Coordinated Universal Time)
fa94daf4-fbcb-452b-a985-df389f1beaf4,Haitian Ministry — Our Lady Queen of Heaven,Orlando,FL,live_unclaimed,active,Faith & Spirituality,Haitian Catholic Community,3800 Curry Ford Rd,,,28.510200,-81.347200,Tue Aug 11 2026 00:00:00 GMT+0000 (Coordinated Universal Time)
4821ad88-888e-4321-a365-05e077314795,Harambe Restaurant — Orlando,Orlando,FL,live_unclaimed,active,Food,West African,3800 Curry Ford Rd,,,28.512500,-81.350300,Tue Aug 11 2026 00:00:00 GMT+0000 (Coordinated Universal Time)
a97165f8-12ca-43ff-bdab-1a8aaf823efb,Jamaican Vibes Restaurant — Orlando,Orlando,FL,live_unclaimed,active,Food,Jamaican / Caribbean,4724 S Kirkman Rd,,,28.513900,-81.443300,Tue Aug 11 2026 00:00:00 GMT+0000 (Coordinated Universal Time)
7bc284ab-7b5e-4db7-b8b8-0d5e0d889baa,Kalalou Signature Bar & Lounge,Orlando,FL,live_unclaimed,active,Food,Caribbean,Kirkman South,,,28.538300,-81.379200,Sat Aug 08 2026 00:00:00 GMT+0000 (Coordinated Universal Time)
537fcde9-164e-48a4-bd2d-2d429eb6ba9d,Mr. B's Grooming Lounge,Orlando,FL,live_unclaimed,active,Beauty & Personal Care,Barbershop,College Park,,,28.538300,-81.379200,Sat Aug 08 2026 00:00:00 GMT+0000 (Coordinated Universal Time)
bba7420b-1da9-4ca3-911c-b0e740244b97,Padrino's Cuban Café — Orlando,Orlando,FL,live_unclaimed,active,Food,Cuban,3532 E Colonial Dr,,,28.543400,-81.318900,Tue Aug 11 2026 00:00:00 GMT+0000 (Coordinated Universal Time)
d626a783-5a7e-4769-94c3-16d52681ca8e,Pho 88 — Orlando,Orlando,FL,live_unclaimed,active,Food,Vietnamese,730 N Mills Ave,https://pho88orlando.com,,28.552400,-81.355300,Tue Aug 11 2026 00:00:00 GMT+0000 (Coordinated Universal Time)
ab107cf2-b4ca-4bb1-8cce-567934edb96b,Puerto Rican Cultural Center — Orlando,Orlando,FL,live_unclaimed,active,Community Organizations,Puerto Rican Community Organization,Orange Blossom Trail,,,28.538300,-81.379200,Tue Aug 11 2026 00:00:00 GMT+0000 (Coordinated Universal Time)
819827ec-d8ca-428b-a178-6284a0012b1d,Puerto Rican Folkloric Dance & Cultural Center — Orlando,Orlando,FL,live_unclaimed,active,Arts & Culture,Puerto Rican Cultural Arts,5601 Dahlia Dr,,,28.502400,-81.339400,Tue Aug 11 2026 00:00:00 GMT+0000 (Coordinated Universal Time)
c20054f3-f01e-4f76-9ef7-82c6eb56ee3b,Seana's,Orlando,FL,live_unclaimed,active,Food,Caribbean,West Orlando,,,28.538300,-81.379200,Sat Aug 08 2026 00:00:00 GMT+0000 (Coordinated Universal Time)
0c3ef551-2a00-4e88-a16f-d3c2287b18c7,Selam Ethiopian & Eritrean Cuisine,Orlando,FL,live_unclaimed,active,Food,Ethiopian,South Orlando,,,28.538300,-81.379200,Sat Aug 08 2026 00:00:00 GMT+0000 (Coordinated Universal Time)
03c8aa29-8dd2-416e-9447-d0c4ccd562bb,The Afro-Caribbean Festival of Arts & Culture — Orlando,Orlando,FL,live_unclaimed,active,Arts & Culture,Cultural Festival,Loch Haven Park,,,28.576500,-81.368600,Tue Aug 11 2026 00:00:00 GMT+0000 (Coordinated Universal Time)
0ca71a83-122f-44f2-837e-bf77b3cb4646,Tony's Brazilian Grill,Orlando,FL,live_unclaimed,active,Food,Brazilian,International Drive,,,28.538300,-81.379200,Sat Aug 08 2026 00:00:00 GMT+0000 (Coordinated Universal Time)
a3af5d6f-457f-4e27-90d5-ed0a055b3864,StylesVille Barbershop,Pacoima,CA,live_unclaimed,active,Beauty & Personal Care,Black Barbershop,13145 Van Nuys Blvd,,,34.273900,-118.416200,Tue Aug 11 2026 00:00:00 GMT+0000 (Coordinated Universal Time)
bf883ea3-7855-4999-a388-d94808e9653c,Ponia's Palace,Palmdale,CA,live_unclaimed,active,Food,West African Nigerian,1038 W Rancho Vista Blvd,,,34.579400,-118.116500,Tue Aug 11 2026 00:00:00 GMT+0000 (Coordinated Universal Time)
1dbf6800-fc49-4aff-96ff-df79afac54d5,Big Mama's Rib Shack,Pasadena,CA,live_unclaimed,active,Food,BBQ & Soul Food,1453 N Lake Ave,,,34.147500,-118.112300,Tue Aug 11 2026 00:00:00 GMT+0000 (Coordinated Universal Time)
6d17c840-d05a-4084-8fce-94e2fc906419,St. Gregory Armenian Apostolic Church,Pasadena,CA,live_unclaimed,active,Faith & Spirituality,Armenian Apostolic,2215 E Colorado Blvd,https://stgregoryarmenianchurch.org,,34.145800,-118.108400,Tue Aug 11 2026 00:00:00 GMT+0000 (Coordinated Universal Time)
1f128439-2557-4815-9760-f1c5e3d24d91,Bangla Boat Bar,Patong,,live_unclaimed,active,Entertainment & Recreation,Bar / Lounge,"Bangla Road, Patong",,,7.896100,98.299400,Mon Aug 10 2026 00:00:00 GMT+0000 (Coordinated Universal Time)
8a14d7e7-e9ab-456f-9239-1f4bc02fdaaa,Black Cat Bar — Patong,Patong,,live_unclaimed,active,Entertainment & Recreation,Bar / Nightlife,174/19 Rat Uthit 200 Pi Rd,,,7.897400,98.299000,Mon Aug 10 2026 00:00:00 GMT+0000 (Coordinated Universal Time)
bfc2b4c1-9850-4f32-9a44-275eb8423d3a,B Pocha Hip Hop & R&B Bar,Patong,,live_unclaimed,active,Entertainment & Recreation,Bar / Lounge,"Bangla Road, Patong",,,7.896400,98.298800,Mon Aug 10 2026 00:00:00 GMT+0000 (Coordinated Universal Time)
bff9f396-3a81-4995-b119-4f97f5f17a60,Elevated Hype Leaf Lounge,Patong,,live_unclaimed,active,Entertainment & Recreation,Lounge & Bar,Patong,https://www.facebook.com/p/Elevated-Hype-Leaf-Lounge-61574479271844/,,7.893500,98.299200,Mon Aug 10 2026 00:00:00 GMT+0000 (Coordinated Universal Time)
98657f46-2c29-4e58-b217-09df37a799ee,Illuzion Nightclub Phuket,Patong,,live_unclaimed,active,Entertainment & Recreation,Nightclub,"31 Bangla Road, Patong",https://illuzionphuket.com,,7.895200,98.299100,Mon Aug 10 2026 00:00:00 GMT+0000 (Coordinated Universal Time)
58a2e1a6-a5e2-49c2-956f-99db4c2fea90,Mixx Discotheque Phuket,Patong,,live_unclaimed,active,Entertainment & Recreation,Nightclub,"Holiday Inn Patong, Patong",,,7.896800,98.297200,Mon Aug 10 2026 00:00:00 GMT+0000 (Coordinated Universal Time)
2a204fa4-be9b-4e48-b403-6873106c6832,Nicky's Handlebar — Phuket,Patong,,live_unclaimed,active,Entertainment & Recreation,Bar / Nightlife,105/37 Rat-U-Thit 200 Pi Rd,,,7.898000,98.297100,Mon Aug 10 2026 00:00:00 GMT+0000 (Coordinated Universal Time)
2a0f1561-36d4-4457-b6a1-03fad2fce847,No.69 Cafe & Bar,Patong,,live_unclaimed,active,Entertainment & Recreation,Bar / Lounge,"Bangla Road, Patong",,,7.895600,98.299600,Mon Aug 10 2026 00:00:00 GMT+0000 (Coordinated Universal Time)
b290ea87-0139-486a-af76-620e6b719e33,Phuket Trickeye Museum,Patong,,live_unclaimed,active,Arts & Culture,Museum / Interactive Art,"Rat U Thit 200 Pi Road, Patong",,,7.894000,98.296800,Mon Aug 10 2026 00:00:00 GMT+0000 (Coordinated Universal Time)
4517700b-d32c-4ba0-9c2e-216698d915c0,Seduction Beach Club & Disco,Patong,,live_unclaimed,active,Entertainment & Recreation,Beach Club,"Patong Beach Road, Patong",,,7.897800,98.296400,Mon Aug 10 2026 00:00:00 GMT+0000 (Coordinated Universal Time)
57cee027-9987-4875-96a5-f1555aa671b3,Sugar Nightclub Phuket,Patong,,live_unclaimed,active,Entertainment & Recreation,Nightclub,"Bangla Road, Patong",https://sugarphuket.com,,7.895900,98.299300,Mon Aug 10 2026 00:00:00 GMT+0000 (Coordinated Universal Time)
bf07b7c2-523b-43de-89b9-1d67697ae7a7,Wave Club Phuket,Patong,,live_unclaimed,active,Entertainment & Recreation,Nightclub,"Sai Uan Road, Patong",,,7.894600,98.297900,Mon Aug 10 2026 00:00:00 GMT+0000 (Coordinated Universal Time)
24ef0ced-0f53-4a07-8c6d-12b064eef59f,Zag Café — LGBTQ Friendly Phuket,Patong,,live_unclaimed,active,Entertainment & Recreation,LGBTQ Bar & Lounge,177/99 Rat-U-Thit 200 Pi Rd,,,7.892000,98.297500,Mon Aug 10 2026 00:00:00 GMT+0000 (Coordinated Universal Time)
75dc323b-3356-4b89-9086-ba36cd5b6a54,Zippy Day Club,Patong,,live_unclaimed,active,Entertainment & Recreation,Day Club / Beach Club,"Patong Beach, Patong",,,7.897000,98.298100,Mon Aug 10 2026 00:00:00 GMT+0000 (Coordinated Universal Time)
51466eb4-f787-4c88-bdfd-0267e92cb6a3,Shri Meenakshi Devasthanam,Pearland,TX,live_unclaimed,active,Faith & Spirituality,Hindu Temple,17130 McLean Rd,https://houstonmeenakshi.org,,29.553800,-95.377300,Tue Aug 11 2026 00:00:00 GMT+0000 (Coordinated Universal Time)
bdc1ad8a-fc49-4141-ae85-44f698819caa,48th Street Grille,Philadelphia,PA,live_unclaimed,active,Food,Caribbean,"310 S 48th St, Philadelphia, PA 19143",,,39.952600,-75.165200,Sat Aug 08 2026 00:00:00 GMT+0000 (Coordinated Universal Time)
d403df4f-63e8-4a16-83e8-62e5c88a96cb,Abyssinia Ethiopian Restaurant,Philadelphia,PA,live_unclaimed,active,Food,Ethiopian,"229 S 45th St, Philadelphia, PA 19104",,,39.952600,-75.165200,Sat Aug 08 2026 00:00:00 GMT+0000 (Coordinated Universal Time)
b41b47d0-986d-489b-9700-2f03894234bf,Accessibility First Consulting,Philadelphia,PA,permanently_hidden,active,Services,Consulting,1500 Market St Ste 1200,,,39.953000,-75.165300,Tue Jul 21 2026 00:00:00 GMT+0000 (Coordinated Universal Time)
486de590-05c8-4dcd-b4aa-df704365f203,African American Museum in Philadelphia,Philadelphia,PA,live_unclaimed,active,Arts & Culture,Museum,701 Arch St,,,39.953400,-75.157200,Mon Aug 10 2026 00:00:00 GMT+0000 (Coordinated Universal Time)
77986ab8-f55d-4f7b-b3f3-6ff3efb15d69,African Community Resource Center — Philadelphia,Philadelphia,PA,live_unclaimed,active,Community & Organizations,Diaspora & Immigrant Services,1201 Chestnut St,,,39.952200,-75.160400,Mon Aug 10 2026 00:00:00 GMT+0000 (Coordinated Universal Time)
871caa6f-76b1-4676-89fe-80da7d8c6c38,African Cultural Alliance of North America,Philadelphia,PA,live_unclaimed,active,Community Organizations,African Cultural Organization,5519 Germantown Ave,https://acana.org,,40.036800,-75.172800,Tue Aug 11 2026 00:00:00 GMT+0000 (Coordinated Universal Time)
a3cad4a6-fca9-47ba-b939-17a4e1faba51,Akosua's Cloth & Culture,Philadelphia,PA,permanently_hidden,active,Retail,Fashion,3210 Girard Ave,,,39.966500,-75.173000,Tue Jul 21 2026 00:00:00 GMT+0000 (Coordinated Universal Time)
3bdd9607-f940-4dbf-99cb-5b6631b6da1c,AMINA,Philadelphia,PA,live_unclaimed,active,Food,Restaurants,1102 Germantown Ave,https://www.aminaphilly.com,,39.974200,-75.141400,Sat Aug 08 2026 00:00:00 GMT+0000 (Coordinated Universal Time)
f1a18423-9240-4656-a645-73402900fd27,Angie's Eats,Philadelphia,PA,live_unclaimed,active,Food,Restaurants,"Philadelphia, PA",https://www.tiktok.com/@angieslne,,39.948000,-75.158000,Sat Aug 08 2026 00:00:00 GMT+0000 (Coordinated Universal Time)
135cda9a-ebb0-492b-9e51-3f9f62b9f374,Aunt Sadie's Doula Collective — Philadelphia,Philadelphia,PA,live_unclaimed,active,Health & Wellness,Doula & Midwife,3800 Lancaster Ave,,,39.960900,-75.192800,Mon Aug 10 2026 00:00:00 GMT+0000 (Coordinated Universal Time)
dcee7875-1f12-49df-9677-0b59b7966d96,Bailey & Raines Law Group — Philadelphia,Philadelphia,PA,live_unclaimed,active,Professional Services,Civil Rights Attorney,1515 Market St,,,39.952900,-75.165400,Mon Aug 10 2026 00:00:00 GMT+0000 (Coordinated Universal Time)
50482b4a-9a08-452f-9b75-3e9798265212,Bain & Bain Criminal Defense — Philadelphia,Philadelphia,PA,live_unclaimed,active,Legal,Criminal Defense,1601 Market St,,,39.953000,-75.163600,Mon Aug 10 2026 00:00:00 GMT+0000 (Coordinated Universal Time)
2dcd62d0-18d3-4cef-87d3-b100c8987d7e,Beauty Supply Palace,Philadelphia,PA,live_unclaimed,active,Beauty & Personal Care,Beauty Supply,4800 Germantown Ave,,,40.031800,-75.162900,Mon Aug 10 2026 00:00:00 GMT+0000 (Coordinated Universal Time)
bb2c2955-f83e-40c5-9143-7497b3f7fe9d,Black Dragon Take Out,Philadelphia,PA,live_unclaimed,active,Food,Restaurants,5260 Rodman St,,,39.945200,-75.224900,Sun Aug 09 2026 00:00:00 GMT+0000 (Coordinated Universal Time)
517efc13-9f28-49f3-a3d1-debfbb33f34b,Black Men Heal — Philadelphia Chapter,Philadelphia,PA,live_unclaimed,active,Health & Wellness,Mental Health & Therapy,990 Spring Garden St,https://www.blackmenheal.org,,39.961700,-75.155600,Mon Aug 10 2026 00:00:00 GMT+0000 (Coordinated Universal Time)
4e42deaf-b082-44ce-b888-0b14e7a3925c,Black Squirrel Club,Philadelphia,PA,live_unclaimed,active,Entertainment & Recreation,Nightlife & Bars,3901 Locust Walk,,,39.952100,-75.201800,Mon Aug 10 2026 00:00:00 GMT+0000 (Coordinated Universal Time)
eca99316-e016-4618-8c36-bccb9e2b1ce2,Booker Restaurant & Bar,Philadelphia,PA,live_unclaimed,active,Food,Restaurants,5021 Baltimore Ave,,,39.943600,-75.218600,Sun Aug 09 2026 00:00:00 GMT+0000 (Coordinated Universal Time)
4e6d465d-afb8-48f6-86bd-6a8dd1882583,Bright Futures Early Learning Center,Philadelphia,PA,live_unclaimed,active,Children & Family,Preschool & Early Education,1901 W Lehigh Ave,,,39.996300,-75.172800,Mon Aug 10 2026 00:00:00 GMT+0000 (Coordinated Universal Time)
3f6cc293-020a-46ad-b32d-5c21314b7a09,Bright Hope Baptist Church,Philadelphia,PA,live_unclaimed,active,Faith & Spirituality,Baptist,1601 N 12th St,,,39.975300,-75.154300,Mon Aug 10 2026 00:00:00 GMT+0000 (Coordinated Universal Time)
d4d1a050-f679-4e72-a0a3-dca173f01048,Broad Street Social Club,Philadelphia,PA,live_unclaimed,active,Entertainment & Recreation,Bar / Event Venue,1830 N Broad St,,,39.981000,-75.165600,Tue Aug 11 2026 00:00:00 GMT+0000 (Coordinated Universal Time)
c6c6aa28-8cce-4b08-a90f-72f62b272105,Brooks Plumbing — Philadelphia,Philadelphia,PA,live_unclaimed,active,Home & Trades,Plumbing,5800 Chew Ave,,,40.044500,-75.153000,Mon Aug 10 2026 00:00:00 GMT+0000 (Coordinated Universal Time)
deb3bfde-9816-4d7c-b70c-e84f79582930,Bubble Up Laundry Center,Philadelphia,PA,live_unclaimed,active,Home Services,Laundromat,1835 W Hunting Park Ave,,,40.007300,-75.178400,Thu Aug 13 2026 00:00:00 GMT+0000 (Coordinated Universal Time)
668b3c81-8982-4e94-8f48-584366e6aa53,Butta & Biscuits ATL-Philly,Philadelphia,PA,live_unclaimed,active,Food Trucks,Breakfast & Brunch,"52nd St & Baltimore Ave, Philadelphia, PA",,,39.948000,-75.227000,Thu Aug 13 2026 00:00:00 GMT+0000 (Coordinated Universal Time)
6577e9a3-f0c8-4d13-88b0-f97dbf33e49d,Càphê Roasters,Philadelphia,PA,live_unclaimed,active,Food,Vietnamese,"3400 J St G1, Philadelphia, PA 19134",,,39.952600,-75.165200,Sat Aug 08 2026 00:00:00 GMT+0000 (Coordinated Universal Time)
df9b547b-f1e0-4382-a888-7b9cf1b29c6b,Casa Hernández Panadería,Philadelphia,PA,permanently_hidden,active,Food,Bakery,2812 N 5th St,,,39.981000,-75.135000,Tue Jul 21 2026 00:00:00 GMT+0000 (Coordinated Universal Time)
2492610e-52a2-4342-86dd-9e9b9483f787,Children's Hospital of Philadelphia — Primary Care,Philadelphia,PA,live_unclaimed,active,Health & Wellness,Pediatrics,3401 Civic Center Blvd,https://www.chop.edu,,39.948400,-75.194600,Mon Aug 10 2026 00:00:00 GMT+0000 (Coordinated Universal Time)
12ec674f-5d7e-4e38-987e-66d1e9859be1,Coleman Family Law LLC,Philadelphia,PA,live_unclaimed,active,Professional Services,Family Law Attorney,4626 Lancaster Ave,,,39.963100,-75.204300,Tue Aug 11 2026 00:00:00 GMT+0000 (Coordinated Universal Time)
4c02d6be-ef09-44e9-b9d6-ca6545da05b0,Comfort Zone HVAC — Philadelphia,Philadelphia,PA,live_unclaimed,active,Home & Trades,HVAC,6241 N Broad St,,,40.053700,-75.149500,Mon Aug 10 2026 00:00:00 GMT+0000 (Coordinated Universal Time)
b206c751-9f03-4aec-9ff3-7615df152171,Community Wellness Center — Germantown,Philadelphia,PA,live_unclaimed,active,Health & Wellness,Mental Health / Community Health,5501 Germantown Ave,,,40.040900,-75.172300,Tue Aug 11 2026 00:00:00 GMT+0000 (Coordinated Universal Time)
d8672bac-a0ca-4bd6-8bdf-d5db6bb4ec3f,Covenant Tax Services — Philadelphia,Philadelphia,PA,live_unclaimed,active,Professional Services,CPA / Accountant,5501 Baltimore Ave,,,39.943600,-75.224600,Mon Aug 10 2026 00:00:00 GMT+0000 (Coordinated Universal Time)
ce9f864c-5bda-453a-a87a-7580d30b0178,Crown & Needle Tattoo — Philadelphia,Philadelphia,PA,live_unclaimed,active,Beauty & Personal Care,Tattoo Studio,4400 Chestnut St,,,39.955700,-75.202400,Mon Aug 10 2026 00:00:00 GMT+0000 (Coordinated Universal Time)
0dd3f14d-b905-4d0a-87ce-0acf4dfaa604,Dahlak Restaurant & Bar,Philadelphia,PA,live_unclaimed,active,Food,Bar / Restaurant,4708 Baltimore Ave,https://dahlakrestaurant.com,,39.945200,-75.222400,Tue Aug 11 2026 00:00:00 GMT+0000 (Coordinated Universal Time)
0564fa65-9817-487d-bf30-3be1c647605c,Dakar Restaurant Philadelphia,Philadelphia,PA,live_unclaimed,active,Food,Senegalese,4627 Baltimore Ave,,,39.943500,-75.210100,Mon Aug 10 2026 00:00:00 GMT+0000 (Coordinated Universal Time)
4c6c9a73-2011-4025-920c-9c6d9a78fc20,"Dr. Roland Ottley, DDS — Community Dentistry",Philadelphia,PA,live_unclaimed,active,Health & Wellness,Dentist,5401 Chestnut St,,,39.957300,-75.218900,Mon Aug 10 2026 00:00:00 GMT+0000 (Coordinated Universal Time)
9850872f-ab71-4c6c-97c8-962f60c74540,"Dr. Yvette Caldwell, DO — Primary Care",Philadelphia,PA,live_unclaimed,active,Health & Wellness,Primary Care,3900 Chestnut St,,,39.955000,-75.198800,Mon Aug 10 2026 00:00:00 GMT+0000 (Coordinated Universal Time)
46347ddb-51be-4727-818f-6c71702ce9a1,Eight Twelve Lounge,Philadelphia,PA,live_unclaimed,active,Entertainment & Recreation,Nightlife & Bars,812 N Broad St,,,39.966200,-75.163600,Mon Aug 10 2026 00:00:00 GMT+0000 (Coordinated Universal Time)
43d3f609-74af-44e2-8693-4459f5b0711f,Enon Tabernacle Baptist Church,Philadelphia,PA,live_unclaimed,active,Faith & Spirituality,Baptist Church,"230 W Coulter St, Philadelphia, PA 19144",https://enonbiblewalk.org,,40.028369,-75.175210,Mon Aug 10 2026 00:00:00 GMT+0000 (Coordinated Universal Time)
a3615a31-bd2a-4d02-bacc-70ee9ad4f5d2,First African Presbyterian Church,Philadelphia,PA,live_unclaimed,active,Faith & Spirituality,Presbyterian Church,4159 W Girard Ave,,,39.976200,-75.184000,Mon Aug 10 2026 00:00:00 GMT+0000 (Coordinated Universal Time)
6d482fd2-34fb-4128-ad1b-5276f6fbb338,Freedom Brewing Company — Philadelphia,Philadelphia,PA,live_unclaimed,active,Food,Brewery / Taproom,3939 Lancaster Ave,,,39.961700,-75.201400,Mon Aug 10 2026 00:00:00 GMT+0000 (Coordinated Universal Time)
1d1f535d-7c7f-49b9-a528-ec8267e6a3c0,Freedom Electric LLC,Philadelphia,PA,live_unclaimed,active,Professional Services,Electrical,2848 N 22nd St,,,39.992100,-75.178300,Tue Aug 11 2026 00:00:00 GMT+0000 (Coordinated Universal Time)
6788acc5-3c4c-4574-af47-090d9484af75,Fresh & Clean Laundromat,Philadelphia,PA,live_unclaimed,active,Home Services,Laundromat,5200 Baltimore Ave,,,39.948000,-75.227000,Thu Aug 13 2026 00:00:00 GMT+0000 (Coordinated Universal Time)
b99dfce6-5bae-4b3a-9eda-7a42e8684488,Germantown Auto Service,Philadelphia,PA,live_unclaimed,active,Professional Services,Auto Repair,5015 Germantown Ave,,,40.029400,-75.169500,Tue Aug 11 2026 00:00:00 GMT+0000 (Coordinated Universal Time)
e6fd0bd8-a231-4a61-8eae-c0068ae7ea18,Germantown Clean Threads,Philadelphia,PA,live_unclaimed,active,Home Services,Dry Cleaning,5512 Germantown Ave,,,40.036800,-75.170100,Thu Aug 13 2026 00:00:00 GMT+0000 (Coordinated Universal Time)
e1f57ae8-aee0-4ee2-82f6-26d6e4d17d33,Germantown Family Dental,Philadelphia,PA,live_unclaimed,active,Health & Wellness,Dental,5234 Germantown Ave,,,40.034800,-75.172000,Tue Aug 11 2026 00:00:00 GMT+0000 (Coordinated Universal Time)
5942ee33-7f30-4c55-9ef4-e55b58ac3ea3,Germantown Learning Center,Philadelphia,PA,live_unclaimed,active,Childcare & Early Education,Daycare,5501 Wayne Ave,,,40.041000,-75.175600,Tue Aug 11 2026 00:00:00 GMT+0000 (Coordinated Universal Time)
d4fddf61-ab1c-4239-a58c-ce7843ffd74a,Germantown Settlement Child Care Center,Philadelphia,PA,live_unclaimed,active,Children & Family,Childcare & Daycare,5518 Germantown Ave,,,40.037600,-75.171100,Mon Aug 10 2026 00:00:00 GMT+0000 (Coordinated Universal Time)
3394c74f-8f62-4104-9539-6187128ac0b5,Germantown Wellness Dispensary,Philadelphia,PA,live_unclaimed,active,Cannabis & Dispensary,Medical Marijuana,"5512 Germantown Ave, Philadelphia, PA",,,40.036800,-75.170100,Thu Aug 13 2026 00:00:00 GMT+0000 (Coordinated Universal Time)
a2f269d4-36ca-4afc-8ca2-5d8122444457,Giovanni's Room,Philadelphia,PA,live_unclaimed,active,Arts & Culture,LGBTQ Bookstore,345 S 12th St,https://www.giovannisroom.com,,39.943200,-75.160000,Mon Aug 10 2026 00:00:00 GMT+0000 (Coordinated Universal Time)
02e5e084-5fe3-4dd7-b517-a8856d3da93f,Greater Philly Dental Center,Philadelphia,PA,live_unclaimed,active,Health & Wellness,Dentistry,3512 Germantown Ave,,,40.020500,-75.170600,Mon Aug 10 2026 00:00:00 GMT+0000 (Coordinated Universal Time)
f015b670-4a9e-4ce3-b405-2e766440d339,HACE (Hispanic Association of Contractors and Enterprises),Philadelphia,PA,live_unclaimed,active,Community Organizations,Latino Community Development,167 W Lehigh Ave,https://hacecdc.org,,39.979500,-75.148700,Tue Aug 11 2026 00:00:00 GMT+0000 (Coordinated Universal Time)
8c96b8a9-362d-4e32-bedf-9ae38c1f1a49,Hakim's Bookstore,Philadelphia,PA,live_unclaimed,active,Retail,Bookstore,210 W Girard Ave,https://hakimsbookstore.com,,39.968200,-75.148000,Sat Aug 08 2026 00:00:00 GMT+0000 (Coordinated Universal Time)
e6f7b6ce-7609-4c0b-bd28-deb0f1e55abc,Hakim's Bookstore & Gift Shop,Philadelphia,PA,live_unclaimed,active,Retail,Bookstore,"210 S 52nd St, Philadelphia, PA 19139",,,39.952600,-75.165200,Sat Aug 08 2026 00:00:00 GMT+0000 (Coordinated Universal Time)
70135fa4-1f29-4bce-ba6f-f9e338c483b8,Hakim's Bookstore — Philadelphia,Philadelphia,PA,live_unclaimed,active,Retail,Bookstore,210 S 52nd St,,,39.951300,-75.224200,Mon Aug 10 2026 00:00:00 GMT+0000 (Coordinated Universal Time)
ed4922d9-f967-4dc9-a5cc-594abd66fd95,Hardena (Indonesian Restaurant),Philadelphia,PA,live_unclaimed,active,Food,Indonesian,1754 S Hicks St,,,39.927100,-75.171400,Tue Aug 11 2026 00:00:00 GMT+0000 (Coordinated Universal Time)
cda27965-d1b5-4182-aa07-694fd4d814a6,Harriett's Bookshop,Philadelphia,PA,live_unclaimed,active,Retail,Bookstore,"258 E Girard Ave, Philadelphia, PA 19125",,,39.952600,-75.165200,Sat Aug 08 2026 00:00:00 GMT+0000 (Coordinated Universal Time)
23e6079d-025e-4836-bb94-8c85084f5fa4,Her Collective Studio,Philadelphia,PA,permanently_hidden,active,Beauty & Personal Care,Salon,4512 Baltimore Ave,,,39.944700,-75.204500,Tue Jul 21 2026 00:00:00 GMT+0000 (Coordinated Universal Time)
3d17c6f6-493c-453c-bcf4-352c9bc705bd,Honey Suckle,Philadelphia,PA,live_unclaimed,active,Food,Restaurants,631 N Broad St,,,39.965100,-75.156100,Sun Aug 09 2026 00:00:00 GMT+0000 (Coordinated Universal Time)
5b2a4c1b-6c61-4077-bd09-079700f83c0b,Honeysuckle,Philadelphia,PA,live_unclaimed,active,Entertainment & Recreation,Nightlife & Bars,2201 Walnut St,,,39.952800,-75.175700,Mon Aug 10 2026 00:00:00 GMT+0000 (Coordinated Universal Time)
a1da3e8d-b176-42ab-95f0-324728a80644,Honeysuckle Provisions — Philadelphia,Philadelphia,PA,live_unclaimed,active,Food,Bakery / Cafe,5901 Baltimore Ave,,,39.944600,-75.231000,Mon Aug 10 2026 00:00:00 GMT+0000 (Coordinated Universal Time)
cfe0cb03-a2e1-46d4-a226-667659f736ea,Honor Grounds Coffee,Philadelphia,PA,permanently_hidden,active,Food,Café,1910 Passyunk Ave,,,39.928000,-75.172000,Tue Jul 21 2026 00:00:00 GMT+0000 (Coordinated Universal Time)
b1bc91ac-ac1f-4059-8730-3ea35068181f,Hood Eats Philly,Philadelphia,PA,live_unclaimed,active,Food Trucks,Lunch,"4300 Chester Ave, Philadelphia, PA",,,39.945200,-75.218600,Thu Aug 13 2026 00:00:00 GMT+0000 (Coordinated Universal Time)
48c63cfd-cd13-4cc5-9f58-45ce2ecc0114,Inglis Foundation — Disability Services,Philadelphia,PA,live_unclaimed,active,Children & Family,Accessibility & Disability Services,2600 Belmont Ave,https://www.inglis.org,,40.016300,-75.195300,Mon Aug 10 2026 00:00:00 GMT+0000 (Coordinated Universal Time)
9807cbc0-0da6-421e-9976-c1f61d35f6da,ISKCON Temple Philadelphia (Hare Krishna),Philadelphia,PA,live_unclaimed,active,Faith & Spirituality,Hindu Temple / ISKCON,41 W Allens Lane,https://iskconphiladelphia.org,,40.053800,-75.193100,Tue Aug 11 2026 00:00:00 GMT+0000 (Coordinated Universal Time)
f72f85d0-f279-49ba-b52f-1fe67b8e0fe8,Kalaya Thai Kitchen,Philadelphia,PA,live_unclaimed,active,Food,Thai,764 S 9th St,https://kalayaphilly.com,,39.938300,-75.154500,Tue Aug 11 2026 00:00:00 GMT+0000 (Coordinated Universal Time)
c6e0448f-56b7-4edf-ae9f-67deadea3037,Kilimandjaro Restaurant,Philadelphia,PA,live_unclaimed,active,Food,West African,"4317 Chestnut St, Philadelphia, PA 19104",,,39.952600,-75.165200,Sat Aug 08 2026 00:00:00 GMT+0000 (Coordinated Universal Time)
7726bbce-2fcc-4eba-be1b-2b738fcc8673,Kinfolk Kitchen,Philadelphia,PA,permanently_hidden,active,Food,Restaurant,1400 South St,,,39.941600,-75.165000,Tue Jul 21 2026 00:00:00 GMT+0000 (Coordinated Universal Time)
130a5915-5bbb-4ff2-9a29-3296e7e23c42,KW Plumbing Philadelphia,Philadelphia,PA,live_unclaimed,active,Services,Plumber,6424 N Broad St,,,40.055700,-75.145900,Mon Aug 10 2026 00:00:00 GMT+0000 (Coordinated Universal Time)
9e8cb5a3-67c8-497b-b26f-e712dcf1d5c5,Lalibela Ethiopian Restaurant (Philadelphia),Philadelphia,PA,live_unclaimed,active,Food,Ethiopian,4341 Lancaster Ave,,,39.974000,-75.205100,Tue Aug 11 2026 00:00:00 GMT+0000 (Coordinated Universal Time)
c79f9aaf-aff3-452f-a15f-2c73b8962fa9,Lenape Roots Wellness,Philadelphia,PA,permanently_hidden,active,Health & Wellness,Wellness,1200 E Columbia Ave,,,39.974000,-75.121000,Tue Jul 21 2026 00:00:00 GMT+0000 (Coordinated Universal Time)
1bf73c74-6795-4b99-afc4-8f3f0473ab2f,L&I Bar — North Philly Jazz Lounge,Philadelphia,PA,live_unclaimed,active,Entertainment & Recreation,Jazz Bar / Lounge,2201 Ridge Ave,,,39.971500,-75.180400,Tue Aug 11 2026 00:00:00 GMT+0000 (Coordinated Universal Time)
94f616b1-c43f-4cf7-9159-fd9885f19dd5,Little Stars Bilingual Daycare,Philadelphia,PA,live_unclaimed,active,Childcare & Early Education,Bilingual Daycare,3027 N 5th St,,,40.003000,-75.139200,Tue Aug 11 2026 00:00:00 GMT+0000 (Coordinated Universal Time)
8e86d54f-7193-49c0-92b4-04f3988036f2,Mack's Barbershop — West Philadelphia,Philadelphia,PA,live_unclaimed,active,Beauty & Personal Care,Barbershop,5911 Ludlow St,,,39.959000,-75.229500,Mon Aug 10 2026 00:00:00 GMT+0000 (Coordinated Universal Time)
56a4c07b-cd27-4ab8-bc3e-175ba8a653b6,Malooga,Philadelphia,PA,live_unclaimed,active,Food,Middle Eastern,"Old City, Philadelphia, PA 19106",,,39.952600,-75.165200,Sat Aug 08 2026 00:00:00 GMT+0000 (Coordinated Universal Time)
0d3c6c21-49ae-4ac2-8e23-9fd65447b4c9,Manos Juntas Family Daycare,Philadelphia,PA,live_unclaimed,active,Childcare & Early Education,Family Daycare Home,2712 Amber St,,,39.997200,-75.123200,Tue Aug 11 2026 00:00:00 GMT+0000 (Coordinated Universal Time)
c678e359-0000-4000-8000-000000000001,Mapping With Melanin,Philadelphia,PA,live_unclaimed,active,Community Organization,Community Tech Platform,1600 Market St,https://mappingwithmelanin.com,,39.952600,-75.165200,Tue Aug 11 2026 00:00:00 GMT+0000 (Coordinated Universal Time)
a0ada311-4ce2-4104-b927-37fd92c1270d,Marcus & Associates Real Estate — Philadelphia,Philadelphia,PA,live_unclaimed,active,Professional Services,Real Estate,4600 Market St,,,39.956400,-75.201000,Mon Aug 10 2026 00:00:00 GMT+0000 (Coordinated Universal Time)
697dfcaf-daf9-46ed-8d62-647c0c9ccd76,Masjid Al-Jamia Philadelphia,Philadelphia,PA,live_unclaimed,active,Faith & Spirituality,Mosque / Islamic Center,4228 Walnut St,https://masjidaljamia.org,,39.952800,-75.219300,Mon Aug 10 2026 00:00:00 GMT+0000 (Coordinated Universal Time)
625fe485-7150-4ac3-bea7-8df531cd41af,Masjid As-Salaam (Philadelphia),Philadelphia,PA,live_unclaimed,active,Faith & Spirituality,Mosque,5817 Malcolm X Blvd,,,40.052400,-75.173000,Tue Aug 11 2026 00:00:00 GMT+0000 (Coordinated Universal Time)
9e8d642e-938c-40fa-a400-36dc23a636e3,Masjid W.D. Mohammed of Philadelphia,Philadelphia,PA,live_unclaimed,active,Faith & Spirituality,Islamic Center,4700 Wyalusing Ave,,,39.967100,-75.225400,Mon Aug 10 2026 00:00:00 GMT+0000 (Coordinated Universal Time)
9e740b72-583f-49bc-9fdd-5af5626efd1a,Maternity Care Coalition,Philadelphia,PA,live_unclaimed,active,Children & Family,Family Resource Center,2000 Hamilton St,https://maternitycarecoalition.org,,39.976300,-75.159600,Mon Aug 10 2026 00:00:00 GMT+0000 (Coordinated Universal Time)
aeaa1df8-0978-4ea6-b6df-16398d1f1d54,Midnight & The Wicked,Philadelphia,PA,live_unclaimed,active,Entertainment & Recreation,Nightlife & Bars,1701 Point Breeze Ave,,,39.931100,-75.176200,Mon Aug 10 2026 00:00:00 GMT+0000 (Coordinated Universal Time)
af290511-f9a4-4079-9625-84d18a06e6b0,Morales Immigration Law Group,Philadelphia,PA,live_unclaimed,active,Professional Services,Immigration Attorney,3150 Kensington Ave,,,39.999700,-75.125000,Tue Aug 11 2026 00:00:00 GMT+0000 (Coordinated Universal Time)
4dc616a6-4535-4ca9-9616-26adb84c5b95,Morgan Plumbing & HVAC — Philadelphia,Philadelphia,PA,live_unclaimed,active,Services,Plumbing,2200 W Girard Ave,,,39.972700,-75.190400,Mon Aug 10 2026 00:00:00 GMT+0000 (Coordinated Universal Time)
e3c5d7e4-2a00-4479-a35a-ede900420257,Mother Bethel African Methodist Episcopal Church,Philadelphia,PA,live_unclaimed,active,Faith & Spirituality,AME,419 Richard Allen Ave,,,39.942500,-75.147300,Mon Aug 10 2026 00:00:00 GMT+0000 (Coordinated Universal Time)
efb794d6-b34a-4184-9e4b-38322a3c5948,Mother Bethel AME Church,Philadelphia,PA,live_unclaimed,active,Faith & Spirituality,AME Church,419 S 6th St,https://www.motherbethel.org,,39.943300,-75.145900,Mon Aug 10 2026 00:00:00 GMT+0000 (Coordinated Universal Time)
9cbf5757-4794-4fc2-bee5-23b61751a16c,Ms. Tootsie's Soul Food Cafe — Philadelphia,Philadelphia,PA,live_unclaimed,active,Food,Soul Food,1312 South St,,,39.943700,-75.162900,Mon Aug 10 2026 00:00:00 GMT+0000 (Coordinated Universal Time)
98b860d4-054e-4730-8f19-689995574f62,New Arrival Market,Philadelphia,PA,permanently_hidden,active,Retail,Grocery,1840 Point Breeze Ave,,,39.929100,-75.172000,Tue Jul 21 2026 00:00:00 GMT+0000 (Coordinated Universal Time)
c1a9f156-4cd6-47c9-b819-dbdb44919687,North Philly Dental Care,Philadelphia,PA,live_unclaimed,active,Health & Wellness,Dental,2241 N Broad St,,,39.988800,-75.166400,Tue Aug 11 2026 00:00:00 GMT+0000 (Coordinated Universal Time)
7f93cb65-bd89-45ee-affe-1e4e83146cf0,North Philly Tax & Accounting Services,Philadelphia,PA,live_unclaimed,active,Professional Services,Tax Preparation / Accounting,2526 W Girard Ave,,,39.969500,-75.185600,Tue Aug 11 2026 00:00:00 GMT+0000 (Coordinated Universal Time)
88f6dd9c-9efd-4250-89d4-d8e6e367ef9d,North Philly YMCA Child Development Center,Philadelphia,PA,live_unclaimed,active,Childcare & Early Education,Daycare / After School,2000 W Oxford St,,,39.984500,-75.177000,Tue Aug 11 2026 00:00:00 GMT+0000 (Coordinated Universal Time)
5a41552d-82c1-4217-9b07-9438cd492a63,Nouveau Natural Hair Studio,Philadelphia,PA,live_unclaimed,active,Beauty & Personal Care,Natural Hair Salon,1418 N 52nd St,,,39.976900,-75.220400,Mon Aug 10 2026 00:00:00 GMT+0000 (Coordinated Universal Time)
ddeee4ca-88ca-4e45-9ccc-45da708561da,Nueva Esperanza (Philadelphia Latino Faith Organization),Philadelphia,PA,live_unclaimed,active,Community Organizations,Faith-Based Community Development,4261 N 5th St,https://nueva.org,,40.012700,-75.129100,Tue Aug 11 2026 00:00:00 GMT+0000 (Coordinated Universal Time)
c5878fd0-ee8f-48f4-8e2d-600894ad43e4,Oak Lane Day Nursery,Philadelphia,PA,live_unclaimed,active,Childcare & Early Education,Daycare,6601 Limekiln Pike,,,40.067200,-75.150600,Tue Aug 11 2026 00:00:00 GMT+0000 (Coordinated Universal Time)
54b42fe9-6c54-45ad-acc8-09c73713978b,Peoples Financial Services — West Philly,Philadelphia,PA,live_unclaimed,active,Professional Services,Tax Preparation,6301 Haverford Ave,,,39.976500,-75.231700,Tue Aug 11 2026 00:00:00 GMT+0000 (Coordinated Universal Time)
9bb82845-7e98-4f48-bd2b-75c453dd446a,Philadelphia Afro-Caribbean Health Alliance,Philadelphia,PA,live_unclaimed,active,Health & Wellness,Community Health Advocacy,4601 Market St,,,39.955500,-75.207300,Tue Aug 11 2026 00:00:00 GMT+0000 (Coordinated Universal Time)
245ae74c-f3b7-48d4-a64e-b894ecb2c490,Philadelphia Afro-Latino Restaurant (Tierra Colombiana),Philadelphia,PA,live_unclaimed,active,Food,Colombian / Afro-Latino,4535 N 5th St,,,40.030100,-75.130100,Tue Aug 11 2026 00:00:00 GMT+0000 (Coordinated Universal Time)
1fec5a6c-f1f1-478f-a7db-3af76c03768d,Philadelphia Assembled Community Network,Philadelphia,PA,live_unclaimed,active,Community Organizations,Community Advocacy,3540 N Broad St,,,40.002900,-75.158000,Tue Aug 11 2026 00:00:00 GMT+0000 (Coordinated Universal Time)
e4d435ae-5223-4470-b224-156f3cbf7522,Philadelphia Barbadian Community Association,Philadelphia,PA,live_unclaimed,active,Community Organizations,Barbadian / Caribbean Community,5800 Baltimore Ave,,,39.940600,-75.226400,Tue Aug 11 2026 00:00:00 GMT+0000 (Coordinated Universal Time)
aa46fdfd-d124-486c-b7ad-1db382ffd4ab,Philadelphia Brazilian Restaurant (Barra Brasileira),Philadelphia,PA,live_unclaimed,active,Food,Brazilian,2019 S Broad St,,,39.922100,-75.167600,Tue Aug 11 2026 00:00:00 GMT+0000 (Coordinated Universal Time)
d846e3d5-ffd5-410d-8a9f-aaec23010af1,Philadelphia Chinatown Development Corporation,Philadelphia,PA,live_unclaimed,active,Community Organizations,Chinatown Preservation,301 N 9th St,https://chinatown-pcdc.org,,39.957200,-75.155700,Tue Aug 11 2026 00:00:00 GMT+0000 (Coordinated Universal Time)
b48ab5bf-1037-4868-a5ca-9258f51093be,Philadelphia Ethiopian Orthodox Tewahedo Church,Philadelphia,PA,live_unclaimed,active,Faith & Spirituality,Ethiopian Orthodox,5700 W Jefferson St,,,39.975500,-75.222800,Mon Aug 10 2026 00:00:00 GMT+0000 (Coordinated Universal Time)
85c180ab-2d66-4e51-bd90-ee004eeb75fa,Philadelphia FIGHT Community Health Centers,Philadelphia,PA,live_unclaimed,active,Health & Wellness,Community Health Center,1233 Locust St,,,39.948700,-75.159800,Mon Aug 10 2026 00:00:00 GMT+0000 (Coordinated Universal Time)
b762133a-7131-4153-a849-941c85eabdc8,Philadelphia Guatemalan Restaurant (Sabor Maya),Philadelphia,PA,live_unclaimed,active,Food,Guatemalan,916 Washington Ave,,,39.937800,-75.158100,Tue Aug 11 2026 00:00:00 GMT+0000 (Coordinated Universal Time)
60f12046-8fe3-4c90-9053-a820b384b4a6,Philadelphia Indian Restaurant (Tiffin),Philadelphia,PA,live_unclaimed,active,Food,Indian,710 W Girard Ave,https://tiffin.com,,39.964400,-75.157300,Tue Aug 11 2026 00:00:00 GMT+0000 (Coordinated Universal Time)
e0561b92-eb77-4c00-b86e-692b280c7849,Philadelphia Korean Community Organization,Philadelphia,PA,live_unclaimed,active,Community Organizations,Korean Community,110 N 9th St,,,39.955500,-75.157300,Tue Aug 11 2026 00:00:00 GMT+0000 (Coordinated Universal Time)
66cd7917-0b70-430b-abec-98d7fceb738f,Philly Afrobeats Venue (Skyline Club),Philadelphia,PA,live_unclaimed,active,Entertainment & Recreation,African / Afrobeats Nightclub,2200 W Hunting Park Ave,,,40.014400,-75.172000,Tue Aug 11 2026 00:00:00 GMT+0000 (Coordinated Universal Time)
caeb1377-b990-4151-a243-8dca30b0365b,Philly Barber Studios,Philadelphia,PA,live_unclaimed,active,Beauty & Personal Care,Barbershops,7938 Oxford Ave,https://www.instagram.com/phillybarberstudios/,,40.063200,-75.074200,Sat Aug 08 2026 00:00:00 GMT+0000 (Coordinated Universal Time)
0e60e0d2-14f0-46f2-a31a-2bd0400e76c5,Philly Caribbean Bakery (Jamaican Patties),Philadelphia,PA,live_unclaimed,active,Food,Caribbean Bakery,6012 Woodland Ave,,,39.936900,-75.225400,Tue Aug 11 2026 00:00:00 GMT+0000 (Coordinated Universal Time)
3a632add-ba2b-408d-a80b-6f65d03676ec,Philly Chinese Community Center (Philadelphia Chinatown),Philadelphia,PA,live_unclaimed,active,Community Organizations,Chinese Community Services,125 N 10th St,,,39.956100,-75.158100,Tue Aug 11 2026 00:00:00 GMT+0000 (Coordinated Universal Time)
a9bcc6a4-73e8-4f7b-a868-dd11c740853c,Philly Dominican Restaurant (El Bohio),Philadelphia,PA,live_unclaimed,active,Food,Dominican,3222 N 5th St,,,40.000200,-75.129200,Tue Aug 11 2026 00:00:00 GMT+0000 (Coordinated Universal Time)
6827b3c7-59a0-43b8-b528-f96b416dd532,Philly Dreadlocks & Natural Hair,Philadelphia,PA,live_unclaimed,active,Beauty & Personal Care,Loc Specialist,5200 Chestnut St,,,39.958000,-75.213300,Mon Aug 10 2026 00:00:00 GMT+0000 (Coordinated Universal Time)
c5414de2-4de4-45bc-80e1-16ea25627a41,Philly Ethiopian Restaurant (Abyssinia),Philadelphia,PA,live_unclaimed,active,Food,Ethiopian,229 S 45th St,,,39.948500,-75.207300,Tue Aug 11 2026 00:00:00 GMT+0000 (Coordinated Universal Time)
c0a01bd7-143f-486d-bd45-d8fd41a5e4f8,Philly Haitian Community Center,Philadelphia,PA,live_unclaimed,active,Community Organizations,Haitian Community,5341 Haverford Ave,,,39.974400,-75.226100,Tue Aug 11 2026 00:00:00 GMT+0000 (Coordinated Universal Time)
3bcb45c1-2aa2-47cb-b16e-e4d97302c50a,Philly Home Girls Real Estate,Philadelphia,PA,live_unclaimed,active,Professional Services,Real Estate,1800 JFK Blvd,,,39.954100,-75.165200,Mon Aug 10 2026 00:00:00 GMT+0000 (Coordinated Universal Time)
3cea823b-4171-421f-a040-2a06701b44d6,Philly HVAC Solutions,Philadelphia,PA,live_unclaimed,active,Professional Services,HVAC,6712 Germantown Ave,,,40.064100,-75.181000,Tue Aug 11 2026 00:00:00 GMT+0000 (Coordinated Universal Time)
99df6ddb-fad7-4eab-923f-d4b79fda96b4,Philly Korean BBQ (Han Ah Reum),Philadelphia,PA,live_unclaimed,active,Food,Korean,5919 N 5th St,,,40.052400,-75.129500,Tue Aug 11 2026 00:00:00 GMT+0000 (Coordinated Universal Time)
ec64d0ad-31c5-4a8c-bd27-6438a93c9adc,Philly Nigerian Braiding Salon (Queen of Africa),Philadelphia,PA,live_unclaimed,active,Beauty & Personal Care,Hair Braiding,4534 Lancaster Ave,,,39.973600,-75.214500,Tue Aug 11 2026 00:00:00 GMT+0000 (Coordinated Universal Time)
b63715fb-cf38-43d1-ac66-69d504a07bbf,Philly West African Restaurant (Suya Spot),Philadelphia,PA,live_unclaimed,active,Food,Nigerian / West African,5540 Germantown Ave,,,40.036900,-75.173000,Tue Aug 11 2026 00:00:00 GMT+0000 (Coordinated Universal Time)
a9ec7fa3-2c68-4ebb-98a8-a3d8b4d811cb,Picanha Brazilian Steakhouse,Philadelphia,PA,live_unclaimed,active,Food,Brazilian,"6501 Castor Ave, Philadelphia, PA 19149",,,39.952600,-75.165200,Sat Aug 08 2026 00:00:00 GMT+0000 (Coordinated Universal Time)
bdf4c5bb-473b-4527-8038-6d339b257d37,Platinum Getaways Travel Agency,Philadelphia,PA,live_unclaimed,active,Travel & Hospitality,Travel Experiences,"Elkins Park, PA (Virtual Agency)",,,39.952600,-75.165200,Sun Aug 09 2026 00:00:00 GMT+0000 (Coordinated Universal Time)
e8100626-f143-4b19-afba-2b1ef71b7315,Point Breeze Dental Group,Philadelphia,PA,live_unclaimed,active,Health & Wellness,Dental,1823 Point Breeze Ave,,,39.927600,-75.178300,Tue Aug 11 2026 00:00:00 GMT+0000 (Coordinated Universal Time)
d75ce504-5f64-4026-9348-4f3e4ff777dc,Point Breeze Tavern,Philadelphia,PA,live_unclaimed,active,Entertainment & Recreation,Bar / Neighborhood Tavern,2337 Ellsworth St,,,39.933300,-75.177600,Tue Aug 11 2026 00:00:00 GMT+0000 (Coordinated Universal Time)
67f92e79-e44d-4d98-9a6e-e6a41ebd1cf8,Prism Books & Community Space,Philadelphia,PA,permanently_hidden,active,Retail,Bookstore,704 S 4th St,,,39.941800,-75.148000,Tue Jul 21 2026 00:00:00 GMT+0000 (Coordinated Universal Time)
ed32da5a-5447-4cb0-8e23-1bf9c4d71845,Puentes de Salud,Philadelphia,PA,live_unclaimed,active,Health & Wellness,Community Health Center,1700 S 5th St,https://puentesdesalud.org,,39.924300,-75.150100,Tue Aug 11 2026 00:00:00 GMT+0000 (Coordinated Universal Time)
bb6bc7fb-c58d-4e35-88d2-f2999b0d3e34,Reading Terminal Market (Diverse Vendors),Philadelphia,PA,live_unclaimed,active,Food,Public Market,51 N 12th St,https://readingterminalmarket.org,,39.953100,-75.159100,Tue Aug 11 2026 00:00:00 GMT+0000 (Coordinated Universal Time)
830df15f-2b53-479e-97e9-31236a91fccc,Refugee Evangelical Church,Philadelphia,PA,live_unclaimed,active,Faith & Spirituality,Evangelical Church,"Philadelphia, PA",https://www.refugeevangelical.org,,39.952600,-75.165200,Mon Aug 10 2026 00:00:00 GMT+0000 (Coordinated Universal Time)
d95d9a4b-eb60-435f-ae76-3b246b6c599b,Rising Scholars Early Learning Center,Philadelphia,PA,live_unclaimed,active,Childcare & Early Education,Daycare,4923 Haverford Ave,,,39.967800,-75.218200,Tue Aug 11 2026 00:00:00 GMT+0000 (Coordinated Universal Time)
a183c695-01c2-4233-b600-ca81f7a086dd,Roberts Electric — Philadelphia,Philadelphia,PA,live_unclaimed,active,Services,Electrician,4200 Haverford Ave,,,39.966200,-75.203700,Mon Aug 10 2026 00:00:00 GMT+0000 (Coordinated Universal Time)
9065e4f1-9281-4009-9958-639823a2d17e,Robinson & Associates Criminal Defense,Philadelphia,PA,live_unclaimed,active,Professional Services,Criminal Defense Attorney,1500 JFK Blvd Suite 900,,,39.953200,-75.164400,Tue Aug 11 2026 00:00:00 GMT+0000 (Coordinated Universal Time)
d136dcc2-06a3-43ef-a1c9-a85c75169ded,Samira's Moroccan Table,Philadelphia,PA,permanently_hidden,active,Food,Restaurant,734 S 9th St,,,39.935200,-75.153400,Tue Jul 21 2026 00:00:00 GMT+0000 (Coordinated Universal Time)
5e268b9e-2b75-4139-bdb6-4137d086f294,Sankofa Academy — Philadelphia,Philadelphia,PA,live_unclaimed,active,Education,Early Childhood Education,6428 Germantown Ave,,,40.048600,-75.168400,Mon Aug 10 2026 00:00:00 GMT+0000 (Coordinated Universal Time)
b654a6f6-0dde-4091-a508-e7c811f7192c,Sankofa Healing Collective,Philadelphia,PA,live_unclaimed,active,Health & Wellness,Mental Health Counseling,4601 Market St,,,39.953700,-75.208500,Tue Aug 11 2026 00:00:00 GMT+0000 (Coordinated Universal Time)
906975d6-8586-4f73-bb79-4d466fab35d6,Saté Kampar,Philadelphia,PA,live_unclaimed,active,Food,Malaysian,1837 E Passyunk Ave,https://satekampar.com,,39.926900,-75.150100,Tue Aug 11 2026 00:00:00 GMT+0000 (Coordinated Universal Time)
46704fe2-ccce-4a36-b580-bd2f6892954f,Senior Care Plus — Philadelphia,Philadelphia,PA,live_unclaimed,active,Children & Family,Elder Care & Home Health,4101 Woodland Ave,,,39.941100,-75.205600,Mon Aug 10 2026 00:00:00 GMT+0000 (Coordinated Universal Time)
bb0bdfa3-5b22-41ed-a9aa-12aa6fa20dc3,Shaw's Auto Repair — Philadelphia,Philadelphia,PA,live_unclaimed,active,Home & Trades,Auto Mechanic,2417 N Broad St,,,39.991800,-75.161300,Mon Aug 10 2026 00:00:00 GMT+0000 (Coordinated Universal Time)
8d5f0870-8095-4338-bbda-674aeded96b6,Sisterfriend Jewelry,Philadelphia,PA,live_unclaimed,active,Retail,Filipino,"Online / By Appointment, Philadelphia, PA",,,39.952600,-75.165200,Sat Aug 08 2026 00:00:00 GMT+0000 (Coordinated Universal Time)
5223b901-d7f1-47d3-b421-1510c5265ecb,Smokin' Silverbacks,Philadelphia,PA,live_unclaimed,active,Entertainment & Recreation,Nightlife & Bars,2600 W Girard Ave,,,39.971200,-75.181400,Mon Aug 10 2026 00:00:00 GMT+0000 (Coordinated Universal Time)
17,Soledad Yoga & Movement,Philadelphia,PA,permanently_hidden,active,Health & Wellness,Yoga & Fitness,2701 N Broad St,soledadyoga.com,(215) 555-0922,39.988800,-75.156000,Thu Jun 18 2026 00:00:00 GMT+0000 (Coordinated Universal Time)
3339e7b3-40ce-4834-8900-0f39f446cc24,Sonrisas Dental — Hamilton Family Dentistry,Philadelphia,PA,live_unclaimed,active,Health & Wellness,Dental,2901 N 5th St,,,40.001700,-75.139100,Tue Aug 11 2026 00:00:00 GMT+0000 (Coordinated Universal Time)
9ff0d750-b738-492f-a0a6-85542dc2a57f,SOUTH,Philadelphia,PA,live_unclaimed,active,Food,Restaurants,600 N Broad St,https://www.southjazzkitchen.com,,39.967600,-75.156300,Sat Aug 08 2026 00:00:00 GMT+0000 (Coordinated Universal Time)
a5154840-fb0e-41f2-a1e8-d0bcd8a4530d,South Jazz Kitchen,Philadelphia,PA,live_unclaimed,active,Food,Restaurants,600 N Broad St,,,39.952600,-75.165200,Sun Aug 09 2026 00:00:00 GMT+0000 (Coordinated Universal Time)
6d2b86e4-1a17-475d-ad95-6a2eeccd1361,South Philly Barbacoa (Casa México),Philadelphia,PA,live_unclaimed,active,Food,Mexican,"1140 S 9th St, Philadelphia, PA 19147",,,39.952600,-75.165200,Sat Aug 08 2026 00:00:00 GMT+0000 (Coordinated Universal Time)
d63495c8-76c8-4b9f-8824-ad6815ef0f49,South Philly Mexican Grocery (La Tienda),Philadelphia,PA,live_unclaimed,active,Retail,Mexican Grocery,1001 S 9th St,,,39.936000,-75.154700,Tue Aug 11 2026 00:00:00 GMT+0000 (Coordinated Universal Time)
0e9b332c-d550-4fd1-bb68-afae88dca61d,South Philly Nigerian Market,Philadelphia,PA,live_unclaimed,active,Retail,Nigerian Grocery,2302 South St,,,39.939300,-75.176300,Tue Aug 11 2026 00:00:00 GMT+0000 (Coordinated Universal Time)
c04abc21-1086-4b30-a04e-605bcd05fb49,Southwest Philly Auto Repair,Philadelphia,PA,live_unclaimed,active,Professional Services,Auto Repair,6812 Elmwood Ave,,,39.919600,-75.243000,Tue Aug 11 2026 00:00:00 GMT+0000 (Coordinated Universal Time)
c0f7689c-d801-4805-8ec7-c1e09ba2223d,Southwest Philly Plumbing & Drain,Philadelphia,PA,live_unclaimed,active,Professional Services,Plumbing,7201 Elmwood Ave,,,39.921300,-75.238800,Tue Aug 11 2026 00:00:00 GMT+0000 (Coordinated Universal Time)
493f2b4e-4b11-4d91-b138-07860300848c,Speedy Movers — Philadelphia,Philadelphia,PA,live_unclaimed,active,Home & Trades,Moving Company,7 N Columbus Blvd,,,39.952000,-75.140900,Mon Aug 10 2026 00:00:00 GMT+0000 (Coordinated Universal Time)
fb09242e-9e21-426d-af33-8feaba6586b6,SPIN (Special People In the Northeast),Philadelphia,PA,live_unclaimed,active,Children & Family,Special Needs Services,10521 Drummond Rd,https://www.spininc.org,,40.080200,-75.051900,Mon Aug 10 2026 00:00:00 GMT+0000 (Coordinated Universal Time)
ca5c03ec-f7e4-401c-b3ff-ed22d49b2a34,Stinger La Pointe,Philadelphia,PA,live_unclaimed,active,Entertainment & Recreation,Nightlife & Bars,1535 S 11th St,,,39.923400,-75.158100,Mon Aug 10 2026 00:00:00 GMT+0000 (Coordinated Universal Time)
7d80d923-702e-4868-9d99-16175293626f,St. Peter Claver Catholic Church,Philadelphia,PA,live_unclaimed,active,Faith & Spirituality,Catholic Church,1118 N 12th St,,,39.969700,-75.156100,Mon Aug 10 2026 00:00:00 GMT+0000 (Coordinated Universal Time)
ba869d70-1fe6-49cc-9405-2933dd35c261,Strawberry Mansion Community Dental,Philadelphia,PA,live_unclaimed,active,Health & Wellness,Dental,3105 W Diamond St,,,39.987200,-75.182000,Tue Aug 11 2026 00:00:00 GMT+0000 (Coordinated Universal Time)
4416e5d5-d680-4332-8b64-ff0418eafc44,Strawberry Mansion Head Start,Philadelphia,PA,live_unclaimed,active,Childcare & Early Education,Head Start / Early Education,3149 W Oxford St,,,39.989300,-75.187600,Tue Aug 11 2026 00:00:00 GMT+0000 (Coordinated Universal Time)
efd2734d-e260-4e11-9791-61af81b5ec3d,Subway — West Philadelphia (Black Franchise Owner),Philadelphia,PA,live_unclaimed,active,Food,Fast Food / Franchise,4917 Baltimore Ave,,,39.943100,-75.216200,Mon Aug 10 2026 00:00:00 GMT+0000 (Coordinated Universal Time)
7cc1fce3-b0f4-46b5-956b-beecdea41db9,Sunset Jerk Kitchen — Philly,Philadelphia,PA,live_unclaimed,active,Food Trucks,Dinner,"Germantown Ave & Chelten Ave, Philadelphia, PA",,,40.036700,-75.170100,Thu Aug 13 2026 00:00:00 GMT+0000 (Coordinated Universal Time)
35910d42-33be-4dba-a138-ceae14265f71,Suraya,Philadelphia,PA,live_unclaimed,active,Food,Middle Eastern,"1528 Frankford Ave, Philadelphia, PA 19125",,,39.952600,-75.165200,Sat Aug 08 2026 00:00:00 GMT+0000 (Coordinated Universal Time)
466061b7-7c85-4ede-ae8a-f0f9d1016615,Suya Suya West African Grill,Philadelphia,PA,live_unclaimed,active,Food,West African,"400 Fairmount Ave, Philadelphia, PA 19123",,,39.952600,-75.165200,Sat Aug 08 2026 00:00:00 GMT+0000 (Coordinated Universal Time)
61e6adab-a035-4a31-aaba-2055aab12559,SWA Natural Hair Studio,Philadelphia,PA,live_unclaimed,active,Beauty & Personal Care,Natural Hair Salon,3742 Germantown Ave,,,40.008900,-75.162200,Mon Aug 10 2026 00:00:00 GMT+0000 (Coordinated Universal Time)
3e14e545-fcba-4205-bc5c-6e67c4358ccc,Taqueria La Veracruzana (South Philly),Philadelphia,PA,live_unclaimed,active,Food,Mexican,908 Washington Ave,,,39.938400,-75.158600,Tue Aug 11 2026 00:00:00 GMT+0000 (Coordinated Universal Time)
ref_1786384867185_54z0,Test Audit Spot,Philadelphia,PA,live_unclaimed,active,general,general,123 Test St,,,0.000000,0.000000,Mon Aug 10 2026 00:00:00 GMT+0000 (Coordinated Universal Time)
9bf3a0f6-bc0c-4059-a543-f9bcb62e129a,The Colored Girls Museum,Philadelphia,PA,live_unclaimed,active,Arts & Culture,Cultural Museum,4613 Germantown Ave,https://thecoloredgirlsmuseum.com,,40.030900,-75.173100,Mon Aug 10 2026 00:00:00 GMT+0000 (Coordinated Universal Time)
0f1fe729-51a0-4bcf-b61d-73992c261697,The Gathering Place,Philadelphia,PA,permanently_hidden,active,Food,Restaurant,2100 Fairmount Ave,,,39.963500,-75.172300,Tue Jul 21 2026 00:00:00 GMT+0000 (Coordinated Universal Time)
3e201c11-b0f7-4852-9630-e6b829e361a4,The Nail Jawns,Philadelphia,PA,live_unclaimed,active,Beauty & Personal Care,Nail Salons & Nail Artists,429 N. 64th St,https://www.tiktok.com/@the.nail.jawns,,39.978400,-75.229900,Sat Aug 08 2026 00:00:00 GMT+0000 (Coordinated Universal Time)
e1ac12c1-38de-4b0e-a48f-82c6faf0391c,The Pink Plate Café,Philadelphia,PA,live_unclaimed,active,Food,Restaurants,1525 E. Wadsworth Ave,,,40.060400,-75.155800,Sun Aug 09 2026 00:00:00 GMT+0000 (Coordinated Universal Time)
3b01c503-4638-4efa-ab8e-1356c3db80d1,The Pub on Passyunk East,Philadelphia,PA,live_unclaimed,active,Entertainment & Recreation,Bar / Nightlife,1501 E Passyunk Ave,https://thepubone.com,,39.929300,-75.154500,Tue Aug 11 2026 00:00:00 GMT+0000 (Coordinated Universal Time)
06b71307-b7b0-4fec-96c2-a3dc32984d00,The Saints,Philadelphia,PA,live_unclaimed,active,Entertainment & Recreation,Nightlife & Bars,4 S 40th St,,,39.955200,-75.201300,Mon Aug 10 2026 00:00:00 GMT+0000 (Coordinated Universal Time)
e6e57d6c-8579-49d8-904f-aea0c87fc9e7,Tierra Colombiana,Philadelphia,PA,live_unclaimed,active,Food,Caribbean,"4535 N 5th St, Philadelphia, PA 19140",,,39.952600,-75.165200,Sat Aug 08 2026 00:00:00 GMT+0000 (Coordinated Universal Time)
8d705dd8-73b9-4557-9c0a-6a24118b09b4,Triumph Baptist Church (Philadelphia),Philadelphia,PA,live_unclaimed,active,Faith & Spirituality,Baptist Church,1701 W Norris St,https://triumphbaptist.org,,39.979000,-75.170100,Tue Aug 11 2026 00:00:00 GMT+0000 (Coordinated Universal Time)
03e17158-f9ac-4fad-b55f-36d68e347b51,Trocadero Afrobeats Fridays,Philadelphia,PA,live_unclaimed,active,Entertainment & Recreation,Nightclub / Live Music,1003 Arch St,https://thetroc.com,,39.951600,-75.158600,Tue Aug 11 2026 00:00:00 GMT+0000 (Coordinated Universal Time)
70ea2c04-4892-47b2-be4c-b8748a7e2deb,Two Street Crab House,Philadelphia,PA,live_unclaimed,active,Food,Restaurants,604 S 2nd St,,,39.937800,-75.144400,Sun Aug 09 2026 00:00:00 GMT+0000 (Coordinated Universal Time)
9bf9a48c-b186-419f-988d-c8d840653b8a,Urban League of Philadelphia,Philadelphia,PA,live_unclaimed,active,Community Organizations,Economic Empowerment,Urban League of Philadelphia,https://urbanleagueph.org,,39.952600,-75.165200,Tue Aug 11 2026 00:00:00 GMT+0000 (Coordinated Universal Time)
38cc146b-bbf8-4ed3-8cd0-baa14aa57d2e,Vibrations Rooftop Lounge — Philadelphia,Philadelphia,PA,live_unclaimed,active,Entertainment & Recreation,Rooftop Bar,1200 Market St,,,39.952700,-75.159600,Mon Aug 10 2026 00:00:00 GMT+0000 (Coordinated Universal Time)
ec7df0db-de31-4207-8f8e-81e6d343828e,Vietnam Café (West Philadelphia),Philadelphia,PA,live_unclaimed,active,Food,Vietnamese,816 S 47th St,,,39.943900,-75.210800,Tue Aug 11 2026 00:00:00 GMT+0000 (Coordinated Universal Time)
1d1594ed-eae1-464d-bbea-a909ea89d8df,Vietnam Restaurant (Chinatown Philly),Philadelphia,PA,live_unclaimed,active,Food,Vietnamese,221 N 11th St,,,39.955400,-75.158500,Tue Aug 11 2026 00:00:00 GMT+0000 (Coordinated Universal Time)
453ea060-e8ba-4320-9e84-f5bd2f49b7f2,Watts Up Electric — Philadelphia,Philadelphia,PA,live_unclaimed,active,Home & Trades,Electrical,400 W Cheltenham Ave,,,40.062700,-75.140400,Mon Aug 10 2026 00:00:00 GMT+0000 (Coordinated Universal Time)
b4231afb-e99b-4881-8b21-8484318a05d6,Weaver's Way Co-op (Mount Airy),Philadelphia,PA,live_unclaimed,active,Retail,Cooperative Grocery,559 Carpenter Lane,https://weaversway.coop,,40.048900,-75.183300,Tue Aug 11 2026 00:00:00 GMT+0000 (Coordinated Universal Time)
b28c4ef1-a32d-4171-88b6-7bc8b5a0a925,West Oak Lane Children's Academy,Philadelphia,PA,live_unclaimed,active,Childcare & Early Education,Daycare,7218 Ogontz Ave,,,40.060100,-75.154000,Tue Aug 11 2026 00:00:00 GMT+0000 (Coordinated Universal Time)
eec48ebf-5689-4d1a-a312-1c03ab50d42a,West Philadelphia Black-Owned Barbershop (Classic Cuts),Philadelphia,PA,live_unclaimed,active,Beauty & Personal Care,Barbershop,5432 Baltimore Ave,,,39.944500,-75.224800,Tue Aug 11 2026 00:00:00 GMT+0000 (Coordinated Universal Time)
203c10ed-cbc9-4730-9e60-6636dcf043aa,West Philadelphia Dental Associates,Philadelphia,PA,live_unclaimed,active,Health & Wellness,Dental,4500 Baltimore Ave,,,39.945300,-75.217500,Tue Aug 11 2026 00:00:00 GMT+0000 (Coordinated Universal Time)
fdd65ad1-eb8f-4a4b-9740-12a73e29fdd8,West Philly Medical Cannabis Collective,Philadelphia,PA,live_unclaimed,active,Cannabis & Dispensary,Medical Marijuana,"5200 Chestnut St, Philadelphia, PA",,,39.955700,-75.211300,Thu Aug 13 2026 00:00:00 GMT+0000 (Coordinated Universal Time)
04ba0b1e-edd9-45f1-beb9-e224956bcc0f,Williams & Sons Plumbing,Philadelphia,PA,live_unclaimed,active,Professional Services,Plumbing,6023 Woodland Ave,,,39.931000,-75.218400,Tue Aug 11 2026 00:00:00 GMT+0000 (Coordinated Universal Time)
48d14236-6011-4f2d-8258-833fc8ac55dd,Yard Style Caribbean Grill,Philadelphia,PA,permanently_hidden,active,Food,Caribbean,5523 Germantown Ave,,,39.998000,-75.172000,Tue Jul 21 2026 00:00:00 GMT+0000 (Coordinated Universal Time)
ef6979e2-6bd6-4fdc-ab2e-e3e0399198f7,YUNS Hardware,Philadelphia,PA,live_unclaimed,active,Retail,Korean,"1901 S 9th St, Philadelphia, PA 19148 (Bok Building)",,,39.952600,-75.165200,Sat Aug 08 2026 00:00:00 GMT+0000 (Coordinated Universal Time)
a9b32bd3-2e4a-42e9-9776-869aa49c05cb,Abyssinia Restaurant & Cafe,Phoenix,AZ,live_unclaimed,active,Food,Ethiopian,Central Phoenix,,,33.448400,-112.074000,Sat Aug 08 2026 00:00:00 GMT+0000 (Coordinated Universal Time)
070e3afa-9cd3-4060-8f8b-8c89b586a8fe,Bacanora,Phoenix,AZ,live_unclaimed,active,Food,Mexican,Grand Avenue Arts District,,,33.448400,-112.074000,Sat Aug 08 2026 00:00:00 GMT+0000 (Coordinated Universal Time)
80932145-9bf6-4dea-bac6-0d6641f4bc2b,Barrio Café,Phoenix,AZ,live_unclaimed,active,Food,Mexican Restaurant,2814 N 16th St,https://barriocafe.com,,33.488600,-112.060700,Tue Aug 11 2026 00:00:00 GMT+0000 (Coordinated Universal Time)
7109b560-14c0-4e86-85d2-798990b6f4c1,Carver Museum and Cultural Center,Phoenix,AZ,live_unclaimed,active,Arts & Culture,Museum / Cultural Center,415 W Grant St,,,33.441000,-112.080600,Tue Aug 11 2026 00:00:00 GMT+0000 (Coordinated Universal Time)
14a59a03-f126-4ddf-ab26-73697b9c21ca,Casa de Guadalupe (Phoenix — Mexican Cultural Center),Phoenix,AZ,live_unclaimed,active,Community Organizations,Latino Cultural Center,2030 S 4th Ave,,,33.424900,-112.079600,Tue Aug 11 2026 00:00:00 GMT+0000 (Coordinated Universal Time)
19d679ae-2be5-4aae-b877-7a945f018146,Ceiphers Clothing,Phoenix,AZ,live_unclaimed,active,Retail,Retail,Phoenix,,,33.448400,-112.074000,Sat Aug 08 2026 00:00:00 GMT+0000 (Coordinated Universal Time)
93b036d5-ecff-41b6-bc7c-202130819f24,Friendly House Phoenix,Phoenix,AZ,live_unclaimed,active,Community Organizations,Latino Community Services / Immigration,802 S 1st Ave,https://friendlyhouseinc.org,,33.435400,-112.073500,Tue Aug 11 2026 00:00:00 GMT+0000 (Coordinated Universal Time)
cd7003f5-9c38-416a-a30a-9aa0e7131326,Grassrootz Bookstore and Juice Bar,Phoenix,AZ,live_unclaimed,active,Food,Bookstore,Eastlake Park neighborhood,,,33.448400,-112.074000,Sat Aug 08 2026 00:00:00 GMT+0000 (Coordinated Universal Time)
a9597cca-2564-47c2-bba8-defe1375f771,Hareg Ethiopian Restaurant Phoenix,Phoenix,AZ,live_unclaimed,active,Food,Ethiopian Restaurant,1702 E McDowell Rd,,,33.466100,-112.043200,Tue Aug 11 2026 00:00:00 GMT+0000 (Coordinated Universal Time)
241650c8-4730-4f78-802d-4b52ad409583,Heard Museum,Phoenix,AZ,live_unclaimed,active,Arts & Culture,Museum,2301 N Central Ave,https://heard.org,,33.471400,-112.069700,Tue Aug 11 2026 00:00:00 GMT+0000 (Coordinated Universal Time)
bd62e9b1-629a-4635-844a-e02ea21db45d,Latha Restaurant & Bar,Phoenix,AZ,live_unclaimed,active,Food,Caribbean,Downtown Phoenix,,,33.448400,-112.074000,Sat Aug 08 2026 00:00:00 GMT+0000 (Coordinated Universal Time)
8e9c0b0e-e52f-402b-9fa0-6a60d78336d3,Mariscos Navolato,Phoenix,AZ,live_unclaimed,active,Food,Mexican Seafood Restaurant,4220 W Thomas Rd,,,33.476900,-112.134800,Tue Aug 11 2026 00:00:00 GMT+0000 (Coordinated Universal Time)
971563d9-a519-42b0-9c36-d22d5cd23c5e,Mr. Sweets,Phoenix,AZ,live_unclaimed,active,Food,Middle Eastern,North Phoenix,,,33.448400,-112.074000,Sat Aug 08 2026 00:00:00 GMT+0000 (Coordinated Universal Time)
0f331f0d-917d-4eb4-be84-c852aa237a65,Mrs. White's Golden Rule Cafe,Phoenix,AZ,live_unclaimed,active,Food,Vietnamese,Downtown Phoenix,,,33.448400,-112.074000,Sat Aug 08 2026 00:00:00 GMT+0000 (Coordinated Universal Time)
7d447753-7eeb-46aa-9b71-dc89aef4f28a,Mrs. White's Golden Rule Café,Phoenix,AZ,live_unclaimed,active,Food,Soul Food,808 E Jefferson St,,,33.443700,-112.064800,Tue Aug 11 2026 00:00:00 GMT+0000 (Coordinated Universal Time)
601663ed-3166-4281-83cd-71cf60c7a33a,Native American Connections,Phoenix,AZ,live_unclaimed,active,Community Organizations,Native American / Urban Indigenous Services,4520 N Central Ave,https://nativeamericanconnections.org,,33.497900,-112.072900,Tue Aug 11 2026 00:00:00 GMT+0000 (Coordinated Universal Time)
c93b812b-09ff-4701-aaf6-a76d96461e2d,Palabras Bilingual Bookstore,Phoenix,AZ,live_unclaimed,active,Food,Vietnamese,"906 W Roosevelt St, STE 2, Phoenix, AZ 85007",,,33.448400,-112.074000,Sat Aug 08 2026 00:00:00 GMT+0000 (Coordinated Universal Time)
f7d10a8a-2023-464e-a433-40fbdc739f88,Phoenix Urban League,Phoenix,AZ,live_unclaimed,active,Community Organizations,Civil Rights / Economic Empowerment,1402 S 7th Ave,https://phoenixurbanleague.org,,33.432300,-112.076600,Tue Aug 11 2026 00:00:00 GMT+0000 (Coordinated Universal Time)
2aca64e5-e66d-46e3-8ed2-0e841687b5b1,Pueblo Grande Museum,Phoenix,AZ,live_unclaimed,active,Arts & Culture,Museum / Archaeological Site,4619 E Washington St,https://phoenixpueblogrande.com,,33.447900,-112.009900,Tue Aug 11 2026 00:00:00 GMT+0000 (Coordinated Universal Time)
dddbdacd-df81-4056-b28b-48e29fd8ac04,Tacos Calafia,Phoenix,AZ,live_unclaimed,active,Food,Mexican,Downtown Phoenix,,,33.448400,-112.074000,Sat Aug 08 2026 00:00:00 GMT+0000 (Coordinated Universal Time)
7a43fa40-83dc-457c-944d-b7fdde8eecbf,The Scookie Bar,Phoenix,AZ,live_unclaimed,active,Food,Vietnamese,"The Churchill, Downtown Phoenix",,,33.448400,-112.074000,Sat Aug 08 2026 00:00:00 GMT+0000 (Coordinated Universal Time)
1cbe74f5-8f5b-4e65-92c7-68edffa50cbe,Phuket Elephant Sanctuary,Phuket,,live_unclaimed,active,Entertainment & Recreation,Wildlife & Nature,100 Moo 2 Paklok,,,8.031100,98.403800,Mon Aug 10 2026 00:00:00 GMT+0000 (Coordinated Universal Time)
04fc3c3e-fe1d-4c1e-86b7-abd7cd9cd634,Art in Paradise Phuket,Phuket Town,,live_unclaimed,active,Arts & Culture,Museum / Interactive Art,"Phang Nga Road, Phuket Town",https://artinparadisephuket.com,,7.882200,98.391000,Mon Aug 10 2026 00:00:00 GMT+0000 (Coordinated Universal Time)
e5e75751-ff5f-4ed8-adfd-7eccadb6fce6,Jui Tui Taoist Temple,Phuket Town,,live_unclaimed,active,Arts & Culture,Temple / Religious Site,"Ranong Road, Phuket Town",,,7.882000,98.391800,Mon Aug 10 2026 00:00:00 GMT+0000 (Coordinated Universal Time)
9cd335d7-4646-444a-a9f6-e55cca0f7c41,Monkey Hill (Khao Toh Sae),Phuket Town,,live_unclaimed,active,Travel & Hospitality,Nature / Viewpoint,"Khao Toh Sae, Phuket Town",,,7.902000,98.370000,Mon Aug 10 2026 00:00:00 GMT+0000 (Coordinated Universal Time)
b7df7bd0-ea35-4eb7-bd78-6ab2b4b65b92,Naka Weekend Market Phuket,Phuket Town,,live_unclaimed,active,Arts & Culture,Market / Night Bazaar,"Chao Fah Tawan Ok Road, Phuket Town",,,7.909500,98.375600,Mon Aug 10 2026 00:00:00 GMT+0000 (Coordinated Universal Time)
2dfce050-4de4-477d-a0d5-783240c54523,Old Phuket Town Walking Street,Phuket Town,,live_unclaimed,active,Arts & Culture,Cultural District,"Thalang Rd, Phuket Town",,,7.888500,98.395100,Mon Aug 10 2026 00:00:00 GMT+0000 (Coordinated Universal Time)
4d1ccbac-9708-400f-be0d-fab8e4d05b6d,Phang Nga Bay (James Bond Island),Phuket Town,,live_unclaimed,active,Travel & Hospitality,Nature / Day Trip,"Rassada Pier, Phuket Town",,,7.900300,98.384700,Mon Aug 10 2026 00:00:00 GMT+0000 (Coordinated Universal Time)
601c1037-c390-45fa-9fa4-5d679a40c5a0,Phuket Old Town Historic Quarter,Phuket Town,,live_unclaimed,active,Arts & Culture,Historic District,"Thalang Road, Phuket Town",,,7.881200,98.393200,Mon Aug 10 2026 00:00:00 GMT+0000 (Coordinated Universal Time)
f01d272d-d532-48b2-9ca9-d6825477ca97,Rang Hill (Khao Rang) Viewpoint,Phuket Town,,live_unclaimed,active,Travel & Hospitality,Viewpoint / Scenic Spot,"Khao Rang, Phuket Town",,,7.898700,98.378300,Mon Aug 10 2026 00:00:00 GMT+0000 (Coordinated Universal Time)
b5309772-27b4-4276-abcd-c078709509da,Shrine of the Serene Light,Phuket Town,,live_unclaimed,active,Arts & Culture,Temple / Religious Site,"Phang Nga Road, Phuket Town",,,7.881500,98.392400,Mon Aug 10 2026 00:00:00 GMT+0000 (Coordinated Universal Time)
130a27f8-048a-4e19-8e09-ae589360bd11,Suay Restaurant — Phuket,Phuket Town,,live_unclaimed,active,Food,Thai Fusion,50/2 Takua Pa Rd,,,7.887000,98.397100,Mon Aug 10 2026 00:00:00 GMT+0000 (Coordinated Universal Time)
b81361b3-ab20-4308-a35e-5ad78c118565,Thai Hua Museum,Phuket Town,,live_unclaimed,active,Arts & Culture,Museum,"28 Krabi Road, Phuket Town",https://thaihuamuseum.com,,7.880800,98.392800,Mon Aug 10 2026 00:00:00 GMT+0000 (Coordinated Universal Time)
1c4cb9b7-3f0e-4d69-b4c1-7f4097d8adf9,Zoe in Yellow,Phuket Town,,live_unclaimed,active,Entertainment & Recreation,Bar / Nightlife,8 Soi Phuthon,,,7.888200,98.398900,Mon Aug 10 2026 00:00:00 GMT+0000 (Coordinated Universal Time)
2e339062-2f58-44b9-a321-e8bb0c9192c5,Above Grnd,Portland,OR,live_unclaimed,active,Food,Food,"Old Town, Portland, OR",,,45.505100,-122.675000,Sat Aug 08 2026 00:00:00 GMT+0000 (Coordinated Universal Time)
bf12c6b5-442b-43b4-8530-f98ba1d380d6,Akati,Portland,OR,live_unclaimed,active,Food,West African,"Northeast Portland, Portland, OR",,,45.505100,-122.675000,Sat Aug 08 2026 00:00:00 GMT+0000 (Coordinated Universal Time)
23b9f44c-2533-451d-8ce6-79b17ede6d39,Asian Pacific American Network of Oregon,Portland,OR,live_unclaimed,active,Community Organizations,Asian American Advocacy,5025 SE Powell Blvd,https://apano.org,,45.500800,-122.610500,Tue Aug 11 2026 00:00:00 GMT+0000 (Coordinated Universal Time)
33df3f31-e6ee-479f-ba7d-8d34200f458a,Batik African Arts (Portland),Portland,OR,live_unclaimed,active,Retail,African Goods / Arts,3022 NE Martin Luther King Jr Blvd,,,45.537800,-122.662600,Tue Aug 11 2026 00:00:00 GMT+0000 (Coordinated Universal Time)
f8f871f7-adac-40b2-a901-e032e31e4975,Bison Coffeehouse,Portland,OR,live_unclaimed,active,Food,Food,"Cully, Portland, OR",,,45.505100,-122.675000,Sat Aug 08 2026 00:00:00 GMT+0000 (Coordinated Universal Time)
1d39abc0-9d1c-4997-a844-a61bea3edf07,Coalition of Communities of Color,Portland,OR,live_unclaimed,active,Community Organizations,Civil Rights / Multi-community Advocacy,5135 NE Columbia Blvd,https://coalitioncommunitiescolor.org,,45.582600,-122.619600,Tue Aug 11 2026 00:00:00 GMT+0000 (Coordinated Universal Time)
ac9ceb01-9213-43fc-89b3-ff724152399b,Dumpling Haus,Portland,OR,live_unclaimed,active,Food,Food,"Northeast Portland, Portland, OR",,,45.505100,-122.675000,Sat Aug 08 2026 00:00:00 GMT+0000 (Coordinated Universal Time)
c3e66e5c-f58f-4e52-94aa-6f91498bd859,G-Love Burgers and Ice Cream,Portland,OR,live_unclaimed,active,Food,Burgers / Ice Cream,1401 NE Alberta St,,,45.559100,-122.643700,Tue Aug 11 2026 00:00:00 GMT+0000 (Coordinated Universal Time)
e11d812b-3af4-4fe9-8b25-82da020e0c17,Hacienda CDC (Community Development Corporation),Portland,OR,live_unclaimed,active,Community Organizations,Community Development / Housing,570 NE Rosa Parks Way,https://haciendacdc.org,,45.562700,-122.660900,Tue Aug 11 2026 00:00:00 GMT+0000 (Coordinated Universal Time)
0c94cfd6-45fe-4625-822e-d5d3f1cd0047,Kismayo,Portland,OR,live_unclaimed,active,Food,Food,"Southwest Portland, Portland, OR",,,45.505100,-122.675000,Sat Aug 08 2026 00:00:00 GMT+0000 (Coordinated Universal Time)
df64d133-3043-481a-8ef5-588ae56bfc7f,La Arepa,Portland,OR,live_unclaimed,active,Food,Venezuelan,"Southeast Portland, Portland, OR",,,45.505100,-122.675000,Sat Aug 08 2026 00:00:00 GMT+0000 (Coordinated Universal Time)
bcef2498-93cb-489f-b747-4ebea69170e1,Mama Pauline's African Market,Portland,OR,live_unclaimed,active,Retail,Retail,"Northeast Portland, Portland, OR",,,45.505100,-122.675000,Sat Aug 08 2026 00:00:00 GMT+0000 (Coordinated Universal Time)
91069830-6ad3-451a-9e34-2e9d53382a0a,Mis Tacones,Portland,OR,live_unclaimed,active,Food,Mexican,"Piedmont, Portland, OR",,,45.505100,-122.675000,Sat Aug 08 2026 00:00:00 GMT+0000 (Coordinated Universal Time)
dfdb2eb3-f276-48bb-8016-3d5ffc089d88,Pho Van Restaurant Portland,Portland,OR,live_unclaimed,active,Food,Vietnamese Restaurant,1919 SE 82nd Ave,,,45.496900,-122.572200,Tue Aug 11 2026 00:00:00 GMT+0000 (Coordinated Universal Time)
3287cddf-ffe3-4585-820b-c7d7e4883f29,Por Qué No Taqueria,Portland,OR,live_unclaimed,active,Food,Mexican Taqueria,4635 SE Hawthorne Blvd,https://porquenotacos.com,,45.512000,-122.610800,Tue Aug 11 2026 00:00:00 GMT+0000 (Coordinated Universal Time)
6b1fb77d-c28b-4a99-b3da-23a6864ee61a,Somali Community Services of Oregon,Portland,OR,live_unclaimed,active,Community Organizations,Somali / Refugee Services,1221 NE 122nd Ave,,,45.538900,-122.410200,Tue Aug 11 2026 00:00:00 GMT+0000 (Coordinated Universal Time)
72bb4911-155a-4006-846c-165083018846,Tap Tap,Portland,OR,live_unclaimed,active,Food,Caribbean,"Northeast Portland, Portland, OR",,,45.505100,-122.675000,Sat Aug 08 2026 00:00:00 GMT+0000 (Coordinated Universal Time)
e4c44277-cf5f-427d-a8ce-02beada16939,Taste of Ethiopia Portland,Portland,OR,live_unclaimed,active,Food,Ethiopian Restaurant,7944 SE 13th Ave,,,45.487700,-122.650300,Tue Aug 11 2026 00:00:00 GMT+0000 (Coordinated Universal Time)
90b0ac22-d18e-4fd1-a732-849f4c527341,Tattoo 34,Portland,OR,live_unclaimed,active,Retail,Retail,"Hawthorne, Portland, OR",,,45.505100,-122.675000,Sat Aug 08 2026 00:00:00 GMT+0000 (Coordinated Universal Time)
6b08b4e6-be97-450e-8c11-537642630f3f,Ula's Hawaiian (Portland — Pacific Islander),Portland,OR,live_unclaimed,active,Food,Hawaiian / Pacific Islander Restaurant,3714 SE 82nd Ave,,,45.502700,-122.573600,Tue Aug 11 2026 00:00:00 GMT+0000 (Coordinated Universal Time)
3b305ce3-24c3-4440-a74f-670aaa6dd2a1,Urban League of Portland,Portland,OR,live_unclaimed,active,Community Organizations,Civil Rights / Economic Empowerment,10 N Russell St,https://ulpdx.org,,45.539000,-122.675400,Tue Aug 11 2026 00:00:00 GMT+0000 (Coordinated Universal Time)
8653099c-aee9-472c-8b97-15e686f50d1d,Vanport Mosaic,Portland,OR,live_unclaimed,active,Arts & Culture,Community Arts / Cultural History,N Columbia Blvd,https://vanportmosaic.org,,45.598300,-122.683000,Tue Aug 11 2026 00:00:00 GMT+0000 (Coordinated Universal Time)
62c2466d-783b-4744-95ed-1e123613295a,Voz (Migrant and Seasonal Farmworker Organization),Portland,OR,live_unclaimed,active,Community Organizations,Labor Advocacy / Worker Services,333 NE Russell St,https://vozworkers.org,,45.537900,-122.661800,Tue Aug 11 2026 00:00:00 GMT+0000 (Coordinated Universal Time)
c42ca9dc-7f91-47eb-9cf0-96f25e8939c6,Prairie View A&M University,Prairie View,TX,live_unclaimed,active,Arts & Culture,HBCU,100 University Dr,https://pvamu.edu,,30.089400,-95.991800,Tue Aug 11 2026 00:00:00 GMT+0000 (Coordinated Universal Time)
e123f04d-44b8-4606-a3ae-5713ccd7d96c,Prichard Community Dental,Prichard,AL,live_unclaimed,active,Health & Wellness,Dental,416 E Prichard Ave,,,30.742900,-88.083400,Tue Aug 11 2026 00:00:00 GMT+0000 (Coordinated Universal Time)
cebf9942-3f65-4548-929f-54a030fd8cb4,Prichard Family Learning Center,Prichard,AL,live_unclaimed,active,Childcare & Early Education,Daycare / Head Start,503 Wilson Ave,,,30.744500,-88.085100,Tue Aug 11 2026 00:00:00 GMT+0000 (Coordinated Universal Time)
f9e96f5a-9e6d-4325-a0b8-ee5a921fd0c8,Ajja,Raleigh,NC,live_unclaimed,active,Food,Food,"209 Bickett Blvd, Raleigh, NC 27608",,,35.779600,-78.638200,Sat Aug 08 2026 00:00:00 GMT+0000 (Coordinated Universal Time)
1502e5f6-e8dc-4359-897a-ca215f48f688,Awaze Ethiopian & Eritrean Cuisine,Raleigh,NC,live_unclaimed,active,Food,Ethiopian,"904 NE Maynard Rd, Cary, NC 27513",,,35.779600,-78.638200,Sat Aug 08 2026 00:00:00 GMT+0000 (Coordinated Universal Time)
9c182aab-e40e-4dfc-9e40-b5e2106a38c1,Brewery Bhavana,Raleigh,NC,live_unclaimed,active,Food,Bookstore,"218 S Blount St, Raleigh, NC 27601",,,35.779600,-78.638200,Sat Aug 08 2026 00:00:00 GMT+0000 (Coordinated Universal Time)
c764a26d-f7be-4d2f-96d2-fd61d3c3fb25,Cali Colombian Restaurant,Raleigh,NC,live_unclaimed,active,Food,Colombian,"3105 Capital Blvd, Raleigh, NC 27604",,,35.779600,-78.638200,Sat Aug 08 2026 00:00:00 GMT+0000 (Coordinated Universal Time)
99332172-2b3e-4576-9a7e-fdc3a9ca4303,C Grace Jazz Bar — Downtown Raleigh,Raleigh,NC,live_unclaimed,active,Entertainment & Recreation,Jazz Bar / Lounge,16 West Martin St,https://cgraceraleigh.com,,35.779200,-78.642500,Tue Aug 11 2026 00:00:00 GMT+0000 (Coordinated Universal Time)
a9b9a0c6-2c78-4ea3-bff4-bfc772210408,Davie Street Presbyterian Church,Raleigh,NC,live_unclaimed,active,Faith & Spirituality,Presbyterian Church,601 S Bloodworth St,,,35.772600,-78.632500,Mon Aug 10 2026 00:00:00 GMT+0000 (Coordinated Universal Time)
e7c2b69d-d807-4421-b4c3-0afb4c96ba08,East Raleigh Community Dental,Raleigh,NC,live_unclaimed,active,Health & Wellness,Dental,1204 E New Bern Rd,,,35.780500,-78.594100,Tue Aug 11 2026 00:00:00 GMT+0000 (Coordinated Universal Time)
e9e0df5f-efbd-4099-87dd-165918e861f0,East Raleigh Kids Academy,Raleigh,NC,live_unclaimed,active,Childcare & Early Education,Daycare,3012 New Bern Ave,,,35.776300,-78.580300,Tue Aug 11 2026 00:00:00 GMT+0000 (Coordinated Universal Time)
123d63a9-8f93-4fca-ba00-44c747b10771,East Village Grill — SE Raleigh Hip-Hop,Raleigh,NC,live_unclaimed,active,Entertainment & Recreation,Bar / Restaurant,2620 Old Poole Rd,,,35.767800,-78.592100,Tue Aug 11 2026 00:00:00 GMT+0000 (Coordinated Universal Time)
40fa24a1-2020-4523-9e31-dd8433842f26,Elle Et Moi Cuisine,Raleigh,NC,live_unclaimed,active,Food,West African,"6109 Rock Quarry Rd Suite 105, Raleigh, NC 27610",,,35.779600,-78.638200,Sat Aug 08 2026 00:00:00 GMT+0000 (Coordinated Universal Time)
28caa3a6-70e8-407f-aebd-a6606c20a056,Golden Krust Caribbean Restaurant,Raleigh,NC,live_unclaimed,active,Food,Caribbean,"6260 Plantation Center Drive, Raleigh, NC 27616",,,35.779600,-78.638200,Sat Aug 08 2026 00:00:00 GMT+0000 (Coordinated Universal Time)
082fece7-28a6-4551-8b05-67828f499059,Hady's Restaurant International Cuisine,Raleigh,NC,live_unclaimed,active,Food,West African,"717 E Martin St Suite 199, Raleigh, NC 27601",,,35.779600,-78.638200,Sat Aug 08 2026 00:00:00 GMT+0000 (Coordinated Universal Time)
30e22fb3-ba45-4202-bc73-1bd5051a6d0b,Islamic Association of Raleigh,Raleigh,NC,live_unclaimed,active,Faith & Spirituality,Islamic Center,808 Atwater St,,,35.769400,-78.657300,Mon Aug 10 2026 00:00:00 GMT+0000 (Coordinated Universal Time)
978ac6a9-9c59-4040-9e8a-d1f71a7df745,Jerk Masters,Raleigh,NC,live_unclaimed,active,Food,Caribbean,"1909 Poole Rd, Raleigh, NC 27610",,,35.779600,-78.638200,Sat Aug 08 2026 00:00:00 GMT+0000 (Coordinated Universal Time)
922e918b-b71b-47f8-9bde-8d7ebd4ecb27,Liberation Station Bookstore,Raleigh,NC,live_unclaimed,active,Retail,Bookstore,"430 Hill Street, Raleigh, NC",,,35.779600,-78.638200,Sat Aug 08 2026 00:00:00 GMT+0000 (Coordinated Universal Time)
831a8425-8d86-465a-bd2a-1527947e23aa,MOFU Shoppe,Raleigh,NC,live_unclaimed,active,Food,Vietnamese,"321 S Blount St, Raleigh, NC 27601",,,35.779600,-78.638200,Sat Aug 08 2026 00:00:00 GMT+0000 (Coordinated Universal Time)
4626bb94-d012-4ccb-9768-6d76b7aafbdd,Morena's Dominican Hair Salon,Raleigh,NC,live_unclaimed,active,Beauty & Personal Care,Hair Salons,6350 Plantation Center Dr,,,35.779600,-78.638200,Sun Aug 09 2026 00:00:00 GMT+0000 (Coordinated Universal Time)
64f842c8-efc9-4dcf-b326-9c1ebfcbfad2,North Carolina Prisoner Legal Services,Raleigh,NC,live_unclaimed,active,Legal,Criminal Defense / Civil Rights,1110 Navaho Dr,https://ncpls.org,,35.820400,-78.646300,Mon Aug 10 2026 00:00:00 GMT+0000 (Coordinated Universal Time)
d15604fd-1806-4365-9de2-76e6d7743971,Raleigh Latino Dental — South Saunders,Raleigh,NC,live_unclaimed,active,Health & Wellness,Dental,3512 S Saunders St,,,35.743200,-78.648100,Tue Aug 11 2026 00:00:00 GMT+0000 (Coordinated Universal Time)
51784900-fb76-4c6f-b944-45669143521e,Slim's Dive Bar,Raleigh,NC,live_unclaimed,active,Food,Food,"Downtown Raleigh, NC",,,35.779600,-78.638200,Sat Aug 08 2026 00:00:00 GMT+0000 (Coordinated Universal Time)
0bc13b8f-c1b2-4534-8ba8-4ffe5a923759,Southeast Raleigh Dental Care,Raleigh,NC,live_unclaimed,active,Health & Wellness,Dental,2518 New Bern Ave,,,35.775700,-78.598500,Tue Aug 11 2026 00:00:00 GMT+0000 (Coordinated Universal Time)
ea39d49b-b808-447b-9ffa-c10b5877b14c,Southeast Raleigh Early Learning Center,Raleigh,NC,live_unclaimed,active,Childcare & Early Education,Daycare,1842 Rock Quarry Rd,,,35.761900,-78.587600,Tue Aug 11 2026 00:00:00 GMT+0000 (Coordinated Universal Time)
795459ad-f227-4414-bcfd-3f49c693e920,South Raleigh Bilingual Childcare,Raleigh,NC,live_unclaimed,active,Childcare & Early Education,Bilingual Daycare,4213 S Wilmington St,,,35.733200,-78.638100,Tue Aug 11 2026 00:00:00 GMT+0000 (Coordinated Universal Time)
bd9fd84d-a5a4-40d2-b23e-c75840eca037,The Bar Ber Shop,Raleigh,NC,live_unclaimed,active,Food,Barbershop,"4551 New Bern Ave, Suite 180, Raleigh, NC 27610",,,35.779600,-78.638200,Sat Aug 08 2026 00:00:00 GMT+0000 (Coordinated Universal Time)
3f0a6ec2-8529-4e11-98e9-4ff91f8d4d2f,Tongue & Groove,Raleigh,NC,live_unclaimed,active,Food,Food,"Downtown Raleigh, NC",,,35.779600,-78.638200,Sat Aug 08 2026 00:00:00 GMT+0000 (Coordinated Universal Time)
3ee28850-4e70-44c1-a0b6-c63f31a115ce,Triangle Braiding Studio — Raleigh,Raleigh,NC,live_unclaimed,active,Beauty & Personal Care,Braiding Salon,4900 Falls of Neuse Rd,,,35.836100,-78.608900,Mon Aug 10 2026 00:00:00 GMT+0000 (Coordinated Universal Time)
36c59d89-3ec9-4b9b-9d07-def83a97667e,Promthep Cape Viewpoint,Rawai,,live_unclaimed,active,Travel & Hospitality,Viewpoint / Scenic Spot,"Cape Panwa Road, Rawai",,,7.772100,98.303600,Mon Aug 10 2026 00:00:00 GMT+0000 (Coordinated Universal Time)
8601e645-d9f9-43a6-b083-dc5bdbe07ced,Addis Ethiopian Restaurant,Richmond,VA,live_unclaimed,active,Food,Ethiopian,9 N 17th St,,,37.540700,-77.436000,Sat Aug 08 2026 00:00:00 GMT+0000 (Coordinated Universal Time)
a435f63c-73fb-4435-bd1c-ed039eec07c5,AlterNatives Boutique,Richmond,VA,live_unclaimed,active,Retail,Retail,3320 W Cary St,,,37.540700,-77.436000,Sat Aug 08 2026 00:00:00 GMT+0000 (Coordinated Universal Time)
12939578-aa72-44e9-93d1-ecbcc8d01b3b,Balliceaux — Jackson Ward Bar,Richmond,VA,live_unclaimed,active,Entertainment & Recreation,Bar / World Music,203 N Lombardy St,https://balliceaux.com,,37.548700,-77.453000,Tue Aug 11 2026 00:00:00 GMT+0000 (Coordinated Universal Time)
876c6aa1-e79c-4a48-b4de-949a7bf8bb6c,Banditos,Richmond,VA,live_unclaimed,active,Arts & Culture,Arts & Culture,"Richmond, VA",,,37.540700,-77.436000,Sat Aug 08 2026 00:00:00 GMT+0000 (Coordinated Universal Time)
5161013e-094a-4d82-b1b7-605f1ebed54e,Bellos Lounge & Restaurant,Richmond,VA,live_unclaimed,active,Food,Caribbean,1712 E Franklin St,,,37.540700,-77.436000,Sat Aug 08 2026 00:00:00 GMT+0000 (Coordinated Universal Time)
0cdbb6cd-106b-4f22-8848-fe9df223ab16,Black History Museum and Cultural Center of Virginia,Richmond,VA,live_unclaimed,active,Arts & Culture,History Museum,122 W Leigh St,https://blackhistorymuseum.org,,37.547300,-77.442300,Tue Aug 11 2026 00:00:00 GMT+0000 (Coordinated Universal Time)
73a2aa1d-ab03-4d9e-9ff9-ba88de24fd85,Black Iris,Richmond,VA,live_unclaimed,active,Food,Food,"Richmond, VA",,,37.540700,-77.436000,Sat Aug 08 2026 00:00:00 GMT+0000 (Coordinated Universal Time)
87586593-83e5-4b61-8b4a-9b68dc6ff2bb,Buna Kurs Ethiopian Cafe,Richmond,VA,live_unclaimed,active,Food,Ethiopian,"402 1/2 N 2nd St, Suite A",,,37.540700,-77.436000,Sat Aug 08 2026 00:00:00 GMT+0000 (Coordinated Universal Time)
d895665d-15a7-4d6f-905a-e9f4f3adc7d3,Capital Ale House — Southside Afrobeats Night,Richmond,VA,live_unclaimed,active,Entertainment & Recreation,Bar / Afrobeats,4024 Hull Street Rd,,,37.506200,-77.468100,Tue Aug 11 2026 00:00:00 GMT+0000 (Coordinated Universal Time)
58f3c966-f680-4b58-84bb-e535b37246d4,Cheddar Jackson,Richmond,VA,live_unclaimed,active,Food,Food,522 N 2nd St,,,37.540700,-77.436000,Sat Aug 08 2026 00:00:00 GMT+0000 (Coordinated Universal Time)
dff00e72-a155-4de9-8e97-867ac962df19,Church Hill Dental — Richmond,Richmond,VA,live_unclaimed,active,Health & Wellness,Dental,3212 East Marshall St,,,37.544500,-77.412200,Tue Aug 11 2026 00:00:00 GMT+0000 (Coordinated Universal Time)
b2191cee-d522-4176-a6a2-4dc95e9c4f95,Church Hill Green — Richmond,Richmond,VA,live_unclaimed,active,Cannabis & Dispensary,Cannabis Dispensary,"3100 E Marshall St, Richmond, VA",,,37.544800,-77.414200,Thu Aug 13 2026 00:00:00 GMT+0000 (Coordinated Universal Time)
7ec55cc0-65a6-4008-9a9a-5d1be4e43485,Church Hill Laundry Co.,Richmond,VA,live_unclaimed,active,Home Services,Laundromat,3012 E Marshall St,,,37.544800,-77.414200,Thu Aug 13 2026 00:00:00 GMT+0000 (Coordinated Universal Time)
2d23f655-8014-454f-bbbd-b8d9c51d3440,Curry's Caribbean Restaurant & Bar,Richmond,VA,live_unclaimed,active,Food,Caribbean,119 E Leigh St,,,37.540700,-77.436000,Sat Aug 08 2026 00:00:00 GMT+0000 (Coordinated Universal Time)
72,Eggleston's Natural Hair,Richmond,VA,permanently_hidden,active,Beauty & Personal Care,Natural Hair Salon,1519 N Arthur Ashe Blvd,,(804) 555-7226,37.570200,-77.463500,Thu Jun 18 2026 00:00:00 GMT+0000 (Coordinated Universal Time)
71,First Freedom Center,Richmond,VA,permanently_hidden,active,Education,History & Culture,12th & E Broad St,firstfreedom.org,(804) 555-7114,37.538800,-77.432600,Thu Jun 18 2026 00:00:00 GMT+0000 (Coordinated Universal Time)
41c68fd3-e621-4445-bb06-372607b44012,Fuzzy's Lounge,Richmond,VA,live_unclaimed,active,Food,Food,2709 Williamsburg Rd,,,37.540700,-77.436000,Sat Aug 08 2026 00:00:00 GMT+0000 (Coordinated Universal Time)
70,Jackson Ward Bistro,Richmond,VA,permanently_hidden,active,Food,New American,114 W Leigh St,jacksonwardbistro.com,(804) 555-7001,37.544800,-77.442300,Thu Jun 18 2026 00:00:00 GMT+0000 (Coordinated Universal Time)
5fc69572-a540-4ad4-87f6-6fdb042a464d,Jackson Ward Breakfast Box,Richmond,VA,live_unclaimed,active,Food Trucks,Breakfast,"2nd St & Leigh St, Richmond, VA",,,37.548300,-77.440400,Thu Aug 13 2026 00:00:00 GMT+0000 (Coordinated Universal Time)
0f84d31e-22d1-417d-aa9f-a4e610658bd3,Jackson Ward Cannabis — Richmond,Richmond,VA,live_unclaimed,active,Cannabis & Dispensary,Cannabis Dispensary,"2nd St & Broad St, Richmond, VA",,,37.548400,-77.439000,Thu Aug 13 2026 00:00:00 GMT+0000 (Coordinated Universal Time)
315bfbd1-5915-4f6c-8bc0-58e6c8ff1185,Jackson Ward Dental Associates,Richmond,VA,live_unclaimed,active,Health & Wellness,Dental,420 N 1st St,,,37.543100,-77.439900,Tue Aug 11 2026 00:00:00 GMT+0000 (Coordinated Universal Time)
1c865781-105f-41d1-8752-fdc7c496f42d,Jackson Ward Historic District,Richmond,VA,live_unclaimed,active,Arts & Culture,Historic Black District,Jackson Ward,,,37.549600,-77.447000,Tue Aug 11 2026 00:00:00 GMT+0000 (Coordinated Universal Time)
a394bf0c-4df2-4cb2-9c65-ab1271349728,Jackson Ward Little Dreamers,Richmond,VA,live_unclaimed,active,Childcare & Early Education,Daycare,316 W Leigh St,,,37.543800,-77.444100,Tue Aug 11 2026 00:00:00 GMT+0000 (Coordinated Universal Time)
05e149b7-c8c0-416b-89f3-100f24c94864,Jackson Ward Tax & Accounting,Richmond,VA,live_unclaimed,active,Professional Services,Tax Preparation / Accounting,208 W Broad St,,,37.543500,-77.443500,Tue Aug 11 2026 00:00:00 GMT+0000 (Coordinated Universal Time)
0754ce45-2028-4702-b350-528679ef4552,Joyebells Sweet Potato Pies,Richmond,VA,live_unclaimed,active,Food,Soul Food,"2601 Maury St, Bldg 2",,,37.540700,-77.436000,Sat Aug 08 2026 00:00:00 GMT+0000 (Coordinated Universal Time)
c9840e98-2e23-46a4-bc64-b5050a3ab041,Keffiyeh Cafe,Richmond,VA,live_unclaimed,active,Food,Middle Eastern,"316 N Arch Rd, Ste B",,,37.540700,-77.436000,Sat Aug 08 2026 00:00:00 GMT+0000 (Coordinated Universal Time)
6c1ec5ea-13e0-4f17-ae2d-4c8fcd2e71d7,Kuba Kuba — Richmond,Richmond,VA,live_unclaimed,active,Food,Cuban,1601 Park Ave,https://kubakuba.info,,37.556600,-77.467300,Tue Aug 11 2026 00:00:00 GMT+0000 (Coordinated Universal Time)
51b8297a-d43c-42d3-930c-93496379575c,La Milpa Mexican Restaurant — Richmond,Richmond,VA,live_unclaimed,active,Food,Mexican,7064 Broad St,,,37.598000,-77.510700,Tue Aug 11 2026 00:00:00 GMT+0000 (Coordinated Universal Time)
5ee88b07-be8f-4fb5-a05b-ea925e97d6a0,Lammar Marie's Gourmet Popcorn,Richmond,VA,live_unclaimed,active,Food,Food,3047 Lauderdale Dr,,,37.540700,-77.436000,Sat Aug 08 2026 00:00:00 GMT+0000 (Coordinated Universal Time)
9678bdf1-a357-42ad-b3cf-6cfe2c0ceb4a,La Sabrosita Bakery,Richmond,VA,live_unclaimed,active,Food,Bakery,7730 Midlothian Tpke,,,37.540700,-77.436000,Sat Aug 08 2026 00:00:00 GMT+0000 (Coordinated Universal Time)
09e2f052-ef87-4298-a1ee-7554c9e58f47,Maggie L. Walker National Historic Site,Richmond,VA,live_unclaimed,active,Arts & Culture,Historic Site,600 N 2nd St,https://www.nps.gov/mawa,,37.548100,-77.442000,Tue Aug 11 2026 00:00:00 GMT+0000 (Coordinated Universal Time)
150dafd5-b5e2-4589-b7d0-b023d6a6fa64,Mama J's Kitchen,Richmond,VA,live_unclaimed,active,Food,Soul Food,415 N 1st St,https://mamajskitchen.net,(804) 225-7449,37.545200,-77.438800,Sat Aug 08 2026 00:00:00 GMT+0000 (Coordinated Universal Time)
f76f4b54-da42-4a55-9acf-4c6da3f1b333,Metzger Bar and Butchery,Richmond,VA,live_unclaimed,active,Food,Food,801 N 23rd St,,,37.540700,-77.436000,Sat Aug 08 2026 00:00:00 GMT+0000 (Coordinated Universal Time)
0b9aa13a-bcf5-4c4b-b276-15fc2aee4158,National Baptist Memorial Church Richmond — New Bethel Baptist,Richmond,VA,live_unclaimed,active,Faith & Spirituality,Baptist Church,4322 Jessamine Ave,,,37.574200,-77.458000,Tue Aug 11 2026 00:00:00 GMT+0000 (Coordinated Universal Time)
b83cf2e2-b1b0-479d-92b4-63708515f56d,Northside Fresh Wash,Richmond,VA,live_unclaimed,active,Home Services,Laundromat,2908 Chamberlayne Ave,,,37.570300,-77.434900,Thu Aug 13 2026 00:00:00 GMT+0000 (Coordinated Universal Time)
e05fff91-3b2c-4eb0-b58c-19b73dd9eae3,Perception Organic Spa,Richmond,VA,live_unclaimed,active,Beauty & Personal Care,Beauty,2605 W Cary St,,,37.540700,-77.436000,Sat Aug 08 2026 00:00:00 GMT+0000 (Coordinated Universal Time)
01065fea-5900-4cbd-82b8-149f899175a1,Pho So 1 — Richmond,Richmond,VA,live_unclaimed,active,Food,Vietnamese,6930 Hull Street Rd,,,37.481800,-77.533900,Tue Aug 11 2026 00:00:00 GMT+0000 (Coordinated Universal Time)
4e14d685-0891-4b61-86e9-5e25e62a0ef9,Richmond BIPOC Therapy Center,Richmond,VA,live_unclaimed,active,Health & Wellness,Mental Health Counseling,313 N 2nd St Suite 300,,,37.542800,-77.438100,Tue Aug 11 2026 00:00:00 GMT+0000 (Coordinated Universal Time)
73,RVA Strength & Wellness,Richmond,VA,permanently_hidden,active,Health & Wellness,Gym & Fitness,3020 W Broad St,,(804) 555-7339,37.559900,-77.484800,Thu Jun 18 2026 00:00:00 GMT+0000 (Coordinated Universal Time)
fb8be21a-336c-4ad3-9c8a-0d6f0c8ca000,Sangam Indian Cuisine — Richmond,Richmond,VA,live_unclaimed,active,Food,Indian,3033 W Cary St,,,37.553500,-77.489000,Tue Aug 11 2026 00:00:00 GMT+0000 (Coordinated Universal Time)
47511b63-8e12-4570-a938-05b0a68ac20f,Southside Auto Repair — Richmond,Richmond,VA,live_unclaimed,active,Professional Services,Auto Repair,5102 Hull Street Rd,,,37.503800,-77.485100,Tue Aug 11 2026 00:00:00 GMT+0000 (Coordinated Universal Time)
2dc5626c-49c4-4b65-a4a6-b4cbf5ab0ed2,Southside Richmond Dental Group,Richmond,VA,live_unclaimed,active,Health & Wellness,Dental,4721 Hull Street Rd,,,37.504800,-77.481700,Tue Aug 11 2026 00:00:00 GMT+0000 (Coordinated Universal Time)
c9dc9e7c-b807-4216-95fd-e6ca29746efc,Southside Richmond Family Childcare,Richmond,VA,live_unclaimed,active,Childcare & Early Education,Daycare,4502 Hull Street Rd,,,37.505500,-77.478300,Tue Aug 11 2026 00:00:00 GMT+0000 (Coordinated Universal Time)
40363382-b011-4e34-869b-21a0bf28f6ad,The Camel — Richmond Live Music,Richmond,VA,live_unclaimed,active,Entertainment & Recreation,Bar / Live Music,1621 W Main St,https://thecamel.org,,37.551500,-77.467100,Tue Aug 11 2026 00:00:00 GMT+0000 (Coordinated Universal Time)
6061513a-dfb5-417b-9e72-3aec48b2d2e5,The Green Kitchen,Richmond,VA,live_unclaimed,active,Food,Food,314 N 25th St,,,37.540700,-77.436000,Sat Aug 08 2026 00:00:00 GMT+0000 (Coordinated Universal Time)
b7cf5153-0d9d-41a4-a61f-da3a4e48852d,Town Hall,Richmond,VA,live_unclaimed,active,Food,Food,"Richmond, VA",,,37.540700,-77.436000,Sat Aug 08 2026 00:00:00 GMT+0000 (Coordinated Universal Time)
1855b487-386b-4244-8459-db880a41a0d8,Virginia Black Law Group — Richmond,Richmond,VA,live_unclaimed,active,Professional Services,Criminal Defense / Family Law,411 E Franklin St Suite 500,,,37.539800,-77.434300,Tue Aug 11 2026 00:00:00 GMT+0000 (Coordinated Universal Time)
7aeceebc-f174-463f-80bb-7da113e26e36,Virginia Union University,Richmond,VA,live_unclaimed,active,Arts & Culture,HBCU,1500 N Lombardy St,https://vuu.edu,,37.557900,-77.448400,Tue Aug 11 2026 00:00:00 GMT+0000 (Coordinated Universal Time)
5570f322-7516-4740-a9a5-bf209d0441ed,Dr. Carter G. Woodson African American Museum,Saint Petersburg,FL,live_unclaimed,active,Arts & Culture,History Museum,2240 9th Ave S,https://woodsonmuseum.org,,27.765600,-82.648100,Tue Aug 11 2026 00:00:00 GMT+0000 (Coordinated Universal Time)
d3886903-6d6a-40f2-995f-548b2dc8f09f,Rollin' Oats Market — St. Petersburg,Saint Petersburg,FL,live_unclaimed,active,Health & Wellness,Natural Foods,2842 9th St N,,,27.793400,-82.645700,Tue Aug 11 2026 00:00:00 GMT+0000 (Coordinated Universal Time)
e1e2ff7d-12af-4e59-b185-cab657c12232,African Village Ethiopian Restaurant,San Antonio,TX,live_unclaimed,active,Food,Ethiopian,"North Central, San Antonio, TX",,,29.424100,-98.493600,Sat Aug 08 2026 00:00:00 GMT+0000 (Coordinated Universal Time)
f724b959-cdd4-4806-9bfb-5e1ef1901939,Barrio Barista,San Antonio,TX,live_unclaimed,active,Food,Mexican,"West Side, San Antonio, TX",,,29.424100,-98.493600,Sat Aug 08 2026 00:00:00 GMT+0000 (Coordinated Universal Time)
e1c9051a-edd5-4270-af4e-90561b99edd2,Carmens De La Calle Cafe,San Antonio,TX,live_unclaimed,active,Food,Food,"Downtown, San Antonio, TX",,,29.424100,-98.493600,Sat Aug 08 2026 00:00:00 GMT+0000 (Coordinated Universal Time)
36846f0b-df7a-465d-bd9f-1a7ef6760cb8,Carver Community Cultural Center,San Antonio,TX,live_unclaimed,active,Arts & Culture,Black Cultural Center,226 N Hackberry St,https://thecarver.org,,29.430100,-98.481100,Tue Aug 11 2026 00:00:00 GMT+0000 (Coordinated Universal Time)
581451e1-c55b-4654-a985-6e287c1d0a58,Eastside Besos Restaurant — San Antonio,San Antonio,TX,live_unclaimed,active,Food,Soul Food / Southern,3623 E Commerce St,,,29.434500,-98.463000,Tue Aug 11 2026 00:00:00 GMT+0000 (Coordinated Universal Time)
d6a951ac-1588-4c5a-8761-d1ba78988e9b,El Mercado / Market Square,San Antonio,TX,live_unclaimed,active,Retail,Mexican Market,514 W Commerce St,https://marketsquaresa.com,,29.423900,-98.505200,Tue Aug 11 2026 00:00:00 GMT+0000 (Coordinated Universal Time)
5961c947-6f34-44d4-aa0d-fa9f6a1970cf,Fiesta de los Reyes — El Mercado,San Antonio,TX,live_unclaimed,active,Arts & Culture,Mexican American Cultural Festival,514 W Commerce St,,,29.423900,-98.505200,Tue Aug 11 2026 00:00:00 GMT+0000 (Coordinated Universal Time)
98a986fc-7f7f-425f-907f-0c6f31cbd382,Guadalupe Cultural Arts Center,San Antonio,TX,live_unclaimed,active,Arts & Culture,Latino Cultural Center,1301 Guadalupe St,https://guadalupeculturalarts.org,,29.424400,-98.508900,Tue Aug 11 2026 00:00:00 GMT+0000 (Coordinated Universal Time)
a83195ad-eff0-429f-aa9b-2d7291f1e11f,La Panadería,San Antonio,TX,live_unclaimed,active,Food,Mexican,"Downtown, San Antonio, TX",,,29.424100,-98.493600,Sat Aug 08 2026 00:00:00 GMT+0000 (Coordinated Universal Time)
b1806280-4789-4bd0-b268-a132a0740b03,Mark's Outing,San Antonio,TX,live_unclaimed,active,Food,Food,"East Side, San Antonio, TX",,,29.424100,-98.493600,Sat Aug 08 2026 00:00:00 GMT+0000 (Coordinated Universal Time)
7bdf1614-b57c-4bed-9623-dcdedf9afe88,Mi Tierra Café y Panadería,San Antonio,TX,live_unclaimed,active,Food,Mexican / Tex-Mex,218 Produce Row,https://mitierracafe.com,,29.425600,-98.505200,Tue Aug 11 2026 00:00:00 GMT+0000 (Coordinated Universal Time)
ab9ac990-1ac9-4186-8055-ef477a5f1de9,Momma Luv's Soul & Caribbean Food,San Antonio,TX,live_unclaimed,active,Food,Caribbean,"Northeast, San Antonio, TX",,,29.424100,-98.493600,Sat Aug 08 2026 00:00:00 GMT+0000 (Coordinated Universal Time)
3da85ea0-f4e5-412e-9c61-4af456aa3d84,Pho Saigon — San Antonio,San Antonio,TX,live_unclaimed,active,Food,Vietnamese,4535 Fredericksburg Rd,,,29.497300,-98.561100,Tue Aug 11 2026 00:00:00 GMT+0000 (Coordinated Universal Time)
47f63a71-130c-41ff-97ba-814ec3398e58,Rosario's Mexican Cafe y Cantina,San Antonio,TX,live_unclaimed,active,Food,Mexican,910 S Alamo St,https://rosariossa.com,,29.417000,-98.491200,Tue Aug 11 2026 00:00:00 GMT+0000 (Coordinated Universal Time)
e3bcfee8-7d54-4595-86b9-c8a6c154ba05,Rosario's Mexican Restaurant,San Antonio,TX,live_unclaimed,active,Food,Mexican,"Southtown, San Antonio, TX",,,29.424100,-98.493600,Sat Aug 08 2026 00:00:00 GMT+0000 (Coordinated Universal Time)
40d0752c-766e-42bd-8d97-490803a5bce8,San Antonio Black Chambers of Commerce,San Antonio,TX,live_unclaimed,active,Community Organizations,Black Business Association,203 E Houston St,,,29.424800,-98.494400,Tue Aug 11 2026 00:00:00 GMT+0000 (Coordinated Universal Time)
a2c18ee5-cc6e-47fc-8e98-80ff08e3e086,Southside Giants — La Mexicana Bakery,San Antonio,TX,live_unclaimed,active,Food,Mexican Bakery,1706 SW Military Dr,,,29.391500,-98.517300,Tue Aug 11 2026 00:00:00 GMT+0000 (Coordinated Universal Time)
d3ad5991-830d-4065-a80c-998b0ffaa3b3,Sweet Yams,San Antonio,TX,live_unclaimed,active,Food,Food,"Historic East Side, San Antonio, TX",,,29.424100,-98.493600,Sat Aug 08 2026 00:00:00 GMT+0000 (Coordinated Universal Time)
ccb8469f-0d38-48d7-92db-9ec7b2a20bbf,Tank's Pizza,San Antonio,TX,live_unclaimed,active,Food,Soul Food,"East Side, San Antonio, TX",,,29.424100,-98.493600,Sat Aug 08 2026 00:00:00 GMT+0000 (Coordinated Universal Time)
d5eebf49-ed98-401b-ab45-05e86c40cf6f,Vietnamese Community of San Antonio,San Antonio,TX,live_unclaimed,active,Community Organizations,Vietnamese Community Organization,San Antonio,,,29.466300,-98.536300,Tue Aug 11 2026 00:00:00 GMT+0000 (Coordinated Universal Time)
b2b8b41d-316b-4ea1-a285-863626c8994e,Wayne's Wings,San Antonio,TX,live_unclaimed,active,Food,Food,"Northeast, San Antonio, TX",,,29.424100,-98.493600,Sat Aug 08 2026 00:00:00 GMT+0000 (Coordinated Universal Time)
e189a860-6744-4d1e-b81b-0e6a82af0785,Bissap Baobab,San Francisco,CA,live_unclaimed,active,Food,West African,"Mission District, San Francisco, CA",,,37.774900,-122.419400,Sat Aug 08 2026 00:00:00 GMT+0000 (Coordinated Universal Time)
615e9120-0bcd-4759-8783-142f15e94466,La Oaxaqueña,San Francisco,CA,live_unclaimed,active,Food,Mexican,"Mission District, San Francisco, CA",,,37.774900,-122.419400,Sat Aug 08 2026 00:00:00 GMT+0000 (Coordinated Universal Time)
3b5bdc31-89e5-4c29-8594-a169557bbf5f,Reem's California,San Francisco,CA,live_unclaimed,active,Food,Bakery,"Mission District, San Francisco, CA",,,37.774900,-122.419400,Sat Aug 08 2026 00:00:00 GMT+0000 (Coordinated Universal Time)
4f57838b-facd-4c69-9699-5e8459ff964b,Golden Deli,San Gabriel,CA,live_unclaimed,active,Food,Vietnamese,815 W Las Tunas Dr,,,34.096700,-118.121800,Tue Aug 11 2026 00:00:00 GMT+0000 (Coordinated Universal Time)
d4630fa8-a627-4fcf-93bd-40068353ffe5,Thien Long Restaurant,San Jose,CA,live_unclaimed,active,Food,Vietnamese,"East San Jose, San Jose, CA",,,37.338200,-121.886300,Sat Aug 08 2026 00:00:00 GMT+0000 (Coordinated Universal Time)
2629d8f2-564e-428f-b31f-70b701ff4d69,Candy Clouds By Cass,Santa Clara,CA,live_unclaimed,active,Food,Desserts & Sweets,Serving the Bay Area,https://www.instagram.com/candycloudsbycass,,37.354100,-121.955200,Sat Aug 08 2026 00:00:00 GMT+0000 (Coordinated Universal Time)
c3605ea5-0634-4092-a064-a63226ed33a9,Back in the Day Bakery Savannah,Savannah,GA,live_unclaimed,active,Food,Bakery / Southern,2403 Bull St,https://backinthedaybakery.com,,32.055800,-81.094200,Tue Aug 11 2026 00:00:00 GMT+0000 (Coordinated Universal Time)
3c66a6fc-9fd6-47ee-9c9c-1fd1eb0dc1f4,Beach Institute African American Cultural Center,Savannah,GA,live_unclaimed,active,Arts & Culture,Museum / Cultural Center,502 E Harris St,https://kingtisdell.org,,32.076800,-81.088800,Tue Aug 11 2026 00:00:00 GMT+0000 (Coordinated Universal Time)
4db4e158-1734-4a7e-83d4-122d576104a7,Cha Bella — Savannah,Savannah,GA,live_unclaimed,active,Food,Farm-to-Table / Southern,102 E Broad St,https://cha-bella.com,,32.077900,-81.085000,Tue Aug 11 2026 00:00:00 GMT+0000 (Coordinated Universal Time)
4702cc8f-7a40-4df9-8bf8-aa04a5195d94,Cuban Window Café,Savannah,GA,live_unclaimed,active,Food,Food,"Abercorn St, Savannah, GA",,,32.083500,-81.099800,Sat Aug 08 2026 00:00:00 GMT+0000 (Coordinated Universal Time)
f9549e4d-be79-460c-a3c9-9eccbb7b0669,El Barrio Savannah,Savannah,GA,live_unclaimed,active,Food,Mexican Restaurant,302 MLK Jr Blvd,,,32.082900,-81.098800,Tue Aug 11 2026 00:00:00 GMT+0000 (Coordinated Universal Time)
9cf239d5-3b89-4943-be00-7832b1480dc1,E-Tang,Savannah,GA,live_unclaimed,active,Food,Food,"Downtown, Savannah, GA",,,32.083500,-81.099800,Sat Aug 08 2026 00:00:00 GMT+0000 (Coordinated Universal Time)
0e727002-a294-48f8-a332-5a3b4abcab69,First African Baptist Church Savannah,Savannah,GA,live_unclaimed,active,Faith & Spirituality,Baptist Church / Historic Site,23 Montgomery St,https://firstafricanbc.com,,32.078800,-81.094500,Tue Aug 11 2026 00:00:00 GMT+0000 (Coordinated Universal Time)
8140d7a7-40bc-40f7-8700-d7816302d4dc,Foxy Loxy Café — Savannah,Savannah,GA,live_unclaimed,active,Food,Café / Community Space,1919 Bull St,https://foxyloxycafe.com,,32.053400,-81.095500,Tue Aug 11 2026 00:00:00 GMT+0000 (Coordinated Universal Time)
48da28aa-570c-4009-89e3-dde34c85eb32,Geneva's Famous Chicken and Cornbread,Savannah,GA,live_unclaimed,active,Food,Soul Food,"Eastside, Savannah, GA",,,32.083500,-81.099800,Sat Aug 08 2026 00:00:00 GMT+0000 (Coordinated Universal Time)
2ccb7124-12a9-4f4d-b2a4-3536395ae694,Gullah Geechee Cultural Heritage Corridor,Savannah,GA,live_unclaimed,active,Arts & Culture,Cultural Heritage,Savannah Riverfront,https://gullahgeecheecorridor.org,,32.080900,-81.091200,Tue Aug 11 2026 00:00:00 GMT+0000 (Coordinated Universal Time)
0f553224-bfae-4cf7-aec1-32f32958d374,King-Tisdell Cottage Museum,Savannah,GA,live_unclaimed,active,Arts & Culture,Museum / Historic Site,514 E Huntingdon St,https://kingtisdell.org,,32.077500,-81.088300,Tue Aug 11 2026 00:00:00 GMT+0000 (Coordinated Universal Time)
85e4d2d6-64a4-4920-8f02-379034b902e7,Latin Chicks Restaurant,Savannah,GA,live_unclaimed,active,Food,Soul Food,"Southside, Savannah, GA",,,32.083500,-81.099800,Sat Aug 08 2026 00:00:00 GMT+0000 (Coordinated Universal Time)
eb0d09a7-a6cf-4bca-81a5-6b3c47e3157c,NAACP Savannah Branch,Savannah,GA,live_unclaimed,active,Community Organizations,Civil Rights Organization,2005 Bull St,,,32.064400,-81.093900,Tue Aug 11 2026 00:00:00 GMT+0000 (Coordinated Universal Time)
b7ad1f93-4bb5-4be9-bf14-4cc638ec7bd3,Olde Pink House (Historic Savannah),Savannah,GA,live_unclaimed,active,Food,Southern / Lowcountry Restaurant,23 Abercorn St,https://plantersinnsavannah.com/dining,,32.081200,-81.091000,Tue Aug 11 2026 00:00:00 GMT+0000 (Coordinated Universal Time)
9d7d12da-b79c-4b67-84bb-21000242f999,Pin Point Heritage Museum,Savannah,GA,live_unclaimed,active,Arts & Culture,Gullah Geechee Heritage,9924 Pin Point Ave,https://pinpointmuseum.com,,31.963400,-81.068000,Tue Aug 11 2026 00:00:00 GMT+0000 (Coordinated Universal Time)
12057d77-a5cc-4871-8df1-da674a92a383,Savannah's Gullah Geechee Tours,Savannah,GA,live_unclaimed,active,Arts & Culture,Cultural Tours / Gullah Geechee Heritage,301 Martin Luther King Jr Blvd,,,32.083100,-81.099400,Tue Aug 11 2026 00:00:00 GMT+0000 (Coordinated Universal Time)
92013faa-173c-429d-91f8-453ad969a74c,Savannah State University,Savannah,GA,live_unclaimed,active,Arts & Culture,HBCU,3219 College St,https://savannahstate.edu,,31.998600,-81.098200,Tue Aug 11 2026 00:00:00 GMT+0000 (Coordinated Universal Time)
f886380a-012d-439d-91d2-b24ab8f0c871,SCAD Museum of Art — Savannah,Savannah,GA,live_unclaimed,active,Arts & Culture,Art Museum,601 Turner Blvd,https://scadmoa.org,,32.080800,-81.097900,Tue Aug 11 2026 00:00:00 GMT+0000 (Coordinated Universal Time)
b70c86a8-6400-4677-bd42-df6a658735e9,Sisters of the New South,Savannah,GA,live_unclaimed,active,Food,Soul Food,"Eastside, Savannah, GA",,,32.083500,-81.099800,Sat Aug 08 2026 00:00:00 GMT+0000 (Coordinated Universal Time)
ce71402e-199d-42be-8250-b2889d069c2c,Starlandia Art Supply,Savannah,GA,live_unclaimed,active,Retail,Retail,"Starland District, Savannah, GA",,,32.083500,-81.099800,Sat Aug 08 2026 00:00:00 GMT+0000 (Coordinated Universal Time)
d5dc2ac5-65e4-4f83-8fa9-2494f8afdeee,Sushi-Thai Savannah,Savannah,GA,live_unclaimed,active,Food,Thai,"Southside, Savannah, GA",,,32.083500,-81.099800,Sat Aug 08 2026 00:00:00 GMT+0000 (Coordinated Universal Time)
aa7a828d-166a-4979-a89c-6de04e5edd8d,Taqueria El Cuñado — Savannah,Savannah,GA,live_unclaimed,active,Food,Mexican / Taquería,604 W Bay St,,,32.082200,-81.102600,Tue Aug 11 2026 00:00:00 GMT+0000 (Coordinated Universal Time)
ae4461c4-41df-4a2d-be7c-a5b6e71b6abd,The Grey,Savannah,GA,live_unclaimed,active,Food,Soul Food,"Downtown, Savannah, GA",,,32.083500,-81.099800,Sat Aug 08 2026 00:00:00 GMT+0000 (Coordinated Universal Time)
554c7817-9e1d-4fb8-b8bb-127fa8e053b2,Ahadu,Seattle,WA,live_unclaimed,active,Food,Ethiopian,"Pinehurst, Seattle, WA",,,47.606200,-122.332100,Sat Aug 08 2026 00:00:00 GMT+0000 (Coordinated Universal Time)
b2022a52-a43a-4291-a574-bf8d820f1dd9,Ba Bar,Seattle,WA,live_unclaimed,active,Food,Vietnamese,"Capitol Hill, Seattle, WA",,,47.606200,-122.332100,Sat Aug 08 2026 00:00:00 GMT+0000 (Coordinated Universal Time)
d7bc4667-8a21-47d1-955a-c3fbabc39f9c,Café Selam Ethiopian Restaurant,Seattle,WA,live_unclaimed,active,Food,Ethiopian Restaurant,2301 S Jackson St,,,47.596700,-122.300100,Tue Aug 11 2026 00:00:00 GMT+0000 (Coordinated Universal Time)
e379c1c1-cd92-4b6a-b35c-fb069ee24d1d,Casa Latina Seattle,Seattle,WA,live_unclaimed,active,Community Organizations,Labor Advocacy / Latino Services,317 17th Ave S,https://casalatina.org,,47.598900,-122.314200,Tue Aug 11 2026 00:00:00 GMT+0000 (Coordinated Universal Time)
6cbf350f-66b8-4ad0-9dfa-3e98033dc305,Catfish Corner,Seattle,WA,live_unclaimed,active,Food,Soul Food / Seafood,2726 E Cherry St,,,47.605300,-122.296100,Tue Aug 11 2026 00:00:00 GMT+0000 (Coordinated Universal Time)
a31f9d4d-63e7-4d70-ad88-824b3ebd34da,Central Cafe and Juice Bar,Seattle,WA,live_unclaimed,active,Food,Food,"Central District, Seattle, WA",,,47.606200,-122.332100,Sat Aug 08 2026 00:00:00 GMT+0000 (Coordinated Universal Time)
78,Central District Coffee,Seattle,WA,permanently_hidden,active,Food,Coffee & Café,2315 E Union St,,(206) 555-7801,47.613600,-122.308700,Thu Jun 18 2026 00:00:00 GMT+0000 (Coordinated Universal Time)
35785123-2095-41cf-9e8b-39af154f1cda,Communion,Seattle,WA,live_unclaimed,active,Food,Soul Food,"Central District, Seattle, WA",,,47.606200,-122.332100,Sat Aug 08 2026 00:00:00 GMT+0000 (Coordinated Universal Time)
0867ce88-9c6b-47e9-bb20-a5a844dbc131,El Centro de la Raza,Seattle,WA,live_unclaimed,active,Community Organizations,Latino Community Services / Advocacy,2524 16th Ave S,https://elcentrodelaraza.org,,47.584400,-122.321100,Tue Aug 11 2026 00:00:00 GMT+0000 (Coordinated Universal Time)
81,Emerald City Braids,Seattle,WA,permanently_hidden,active,Beauty & Personal Care,Hair Braiding,1718 23rd Ave,,(206) 555-8141,47.617300,-122.304800,Thu Jun 18 2026 00:00:00 GMT+0000 (Coordinated Universal Time)
2add3d02-44b5-4013-8f46-31238f450edd,Ethiopian Community Mutual Association (Seattle),Seattle,WA,live_unclaimed,active,Community Organizations,East African Community Organization,2820 Rainier Ave S,,,47.572600,-122.288700,Tue Aug 11 2026 00:00:00 GMT+0000 (Coordinated Universal Time)
312219bd-7a48-47da-a173-0c28045492f2,Ezell's Famous Chicken,Seattle,WA,live_unclaimed,active,Food,Fried Chicken / Soul Food,501 23rd Ave,https://ezellsfamouschicken.com,,47.611000,-122.297400,Tue Aug 11 2026 00:00:00 GMT+0000 (Coordinated Universal Time)
1262cb11-4045-43ab-a909-3f95e0b25fc2,Filipino American Community of Seattle (FACSA),Seattle,WA,live_unclaimed,active,Community Organizations,Ethnic Community Services,5765 Martin Luther King Jr Way S,https://filam-seattle.org,,47.553800,-122.286000,Tue Aug 11 2026 00:00:00 GMT+0000 (Coordinated Universal Time)
31abb4ce-4764-457b-9e97-11752a45501b,Filipino Community of Seattle,Seattle,WA,live_unclaimed,active,Community Organizations,Ethnic Community Services,5740 Martin Luther King Jr Way S,https://filipinocommunitycenter.org,,47.554300,-122.286400,Tue Aug 11 2026 00:00:00 GMT+0000 (Coordinated Universal Time)
afa34b80-fe1a-4933-9d0d-6976c27049e1,Hood Famous Cafe + Bar,Seattle,WA,live_unclaimed,active,Food,Filipino,"Chinatown-International District, Seattle, WA",,,47.606200,-122.332100,Sat Aug 08 2026 00:00:00 GMT+0000 (Coordinated Universal Time)
32149d17-3e9e-4d75-a461-1a954b53c487,Jimi Hendrix Park,Seattle,WA,live_unclaimed,active,Arts & Culture,Public Park / Cultural Site,2400 S Massachusetts St,,,47.587800,-122.305600,Tue Aug 11 2026 00:00:00 GMT+0000 (Coordinated Universal Time)
e1463f95-8cd4-45af-bd02-e4b74ee55753,Moga Restaurant (Seattle Somali),Seattle,WA,live_unclaimed,active,Food,Somali / East African Restaurant,5519 Rainier Ave S,,,47.555200,-122.274100,Tue Aug 11 2026 00:00:00 GMT+0000 (Coordinated Universal Time)
a75dc466-5e15-45f7-aecd-0e6ddd9ddd23,Mojito,Seattle,WA,live_unclaimed,active,Food,Colombian,"Maple Leaf, Seattle, WA",,,47.606200,-122.332100,Sat Aug 08 2026 00:00:00 GMT+0000 (Coordinated Universal Time)
72ac2d01-1469-4535-bee9-987e6cce6b88,NE Community Clinic (Seattle — Somali / East African Health),Seattle,WA,live_unclaimed,active,Health & Wellness,Community Health Clinic,5411 S Othello St,,,47.552500,-122.271200,Tue Aug 11 2026 00:00:00 GMT+0000 (Coordinated Universal Time)
39ef7bf6-43ca-4483-81e6-a048bc2dd3bf,Northwest African American Museum,Seattle,WA,live_unclaimed,active,Arts & Culture,Museum,2300 S Massachusetts St,https://naamnw.org,,47.588300,-122.306400,Tue Aug 11 2026 00:00:00 GMT+0000 (Coordinated Universal Time)
79,NorthWest Black Attorneys,Seattle,WA,permanently_hidden,active,Legal,Civil Rights & Business Law,900 Fourth Ave,nwblackattorneys.com,(206) 555-7914,47.604000,-122.330500,Thu Jun 18 2026 00:00:00 GMT+0000 (Coordinated Universal Time)
53f1c9d3-494a-4db2-b120-1416895b4047,Off the Rez,Seattle,WA,live_unclaimed,active,Food,Mexican,"University District (Burke Museum), Seattle, WA",,,47.606200,-122.332100,Sat Aug 08 2026 00:00:00 GMT+0000 (Coordinated Universal Time)
4b4c42ba-5dc3-4dec-b516-75262ec7198b,Pam's Kitchen,Seattle,WA,live_unclaimed,active,Food,Caribbean,"Wallingford, Seattle, WA",,,47.606200,-122.332100,Sat Aug 08 2026 00:00:00 GMT+0000 (Coordinated Universal Time)
73d80fad-c0c7-43f3-91af-aa03d9240ea6,Phở Hòa Restaurant (Seattle — Little Saigon),Seattle,WA,live_unclaimed,active,Food,Vietnamese Restaurant / Pho,1418 S Jackson St,,,47.597000,-122.312500,Tue Aug 11 2026 00:00:00 GMT+0000 (Coordinated Universal Time)
3be83eff-d352-411d-bc62-35f2c2d4eb59,Tamarind Tree Restaurant,Seattle,WA,live_unclaimed,active,Food,Vietnamese Restaurant,1036 S Jackson St,,,47.598000,-122.317400,Tue Aug 11 2026 00:00:00 GMT+0000 (Coordinated Universal Time)
80,Umoja Health Collective,Seattle,WA,permanently_hidden,active,Health & Wellness,Holistic Health,3614 MLK Jr Way S,umojahealthseattle.com,(206) 555-8027,47.564400,-122.293900,Thu Jun 18 2026 00:00:00 GMT+0000 (Coordinated Universal Time)
72c4ba55-e1c8-48ad-b1ac-2e58b626184a,Urban League of Metropolitan Seattle,Seattle,WA,live_unclaimed,active,Community Organizations,Civil Rights / Economic Empowerment,101 Yesler Way,https://urbanleague.org,,47.601400,-122.333400,Tue Aug 11 2026 00:00:00 GMT+0000 (Coordinated Universal Time)
a6769ceb-39ee-4c38-bb9e-09393ba206e2,Vietnamese Cultural Center of Seattle,Seattle,WA,live_unclaimed,active,Community Organizations,Ethnic Community Services,1032 S Jackson St,,,47.598200,-122.317100,Tue Aug 11 2026 00:00:00 GMT+0000 (Coordinated Universal Time)
afa4c856-b066-42b0-9665-50c72c6dcf34,Viet Wah Supermarket (Seattle — Vietnamese / Asian),Seattle,WA,live_unclaimed,active,Retail,Asian Grocery / Supermarket,1032 S Jackson St,,,47.598400,-122.317700,Tue Aug 11 2026 00:00:00 GMT+0000 (Coordinated Universal Time)
0fbaee55-02fd-4532-ac99-20c625456e3b,Wa Na Wari (Black Home Organization),Seattle,WA,live_unclaimed,active,Arts & Culture,Community Arts Organization,911 24th Ave,https://wanawari.org,,47.608900,-122.295000,Tue Aug 11 2026 00:00:00 GMT+0000 (Coordinated Universal Time)
ebebf8a8-f106-4b5b-899a-bcc7246124ba,Accra Kitchen — Washington DC,Silver Spring,MD,live_unclaimed,active,Food,Ghanaian,8215 Georgia Ave,,,38.994500,-77.023000,Mon Aug 10 2026 00:00:00 GMT+0000 (Coordinated Universal Time)
b63fef0f-942a-4a05-9a60-20af499fd510,ADAMS (Afghan and Middle Eastern) Community Center,Silver Spring,MD,live_unclaimed,active,Faith & Spirituality,Islamic Center,2100 Somerset House Rd,https://adams-center.org,,39.026800,-77.027500,Tue Aug 11 2026 00:00:00 GMT+0000 (Coordinated Universal Time)
c55dd981-abc1-4348-aa98-eea18bcb26a4,ISSAAESTHETICS Beauty Salon & Barbershop,Silver Spring,MD,live_unclaimed,active,Beauty & Personal Care,Hair Salons,11409 Amherst Ave Unit A,https://www.instagram.com/issaaestheticsbeauty,,39.000100,-77.027300,Sat Aug 08 2026 00:00:00 GMT+0000 (Coordinated Universal Time)
8a6d1d6a-fe1d-492d-bb18-f089e94afb8c,Heritage HVAC & Electrical — Atlanta,Smyrna,GA,live_unclaimed,active,Services,HVAC,1845 S Cobb Dr SE,,,33.848900,-84.506100,Mon Aug 10 2026 00:00:00 GMT+0000 (Coordinated Universal Time)
d5a19e04-2ecb-487d-a33d-11ca02a245d3,Kaplan Early Learning Center — Atlanta,Smyrna,GA,live_unclaimed,active,Children & Family,Tutoring & After-School,2400 Lake Park Dr,,,33.884000,-84.514300,Mon Aug 10 2026 00:00:00 GMT+0000 (Coordinated Universal Time)
aa8915f2-10f7-43e7-87f7-92c4c8c02454,Phenom Muse,Somerdale,NJ,live_unclaimed,active,Beauty & Personal Care,Hair Salons,112 N White Horse Pike,,,39.844500,-74.989100,Sun Aug 09 2026 00:00:00 GMT+0000 (Coordinated Universal Time)
5cb31072-ab29-4e8a-a3c9-d5538b087906,"Brazilian Bakery (Padaria Brasileira, Somerville)",Somerville,MA,live_unclaimed,active,Food,Brazilian Bakery,275 Somerville Ave,,,42.389700,-71.099800,Tue Aug 11 2026 00:00:00 GMT+0000 (Coordinated Universal Time)
dc1067a0-e6ba-436e-b9a9-c924ecd22b18,Beans & Cornbread,Southfield,MI,live_unclaimed,active,Food,Soul Food & Southern,29508 Northwestern Hwy,,,42.468700,-83.246800,Tue Aug 11 2026 00:00:00 GMT+0000 (Coordinated Universal Time)
73e4e2c3-bfbb-4371-96a0-5f69751c28b9,Walia Ethiopian Restaurant,South Orange,NJ,live_unclaimed,active,Food,Ethiopian,"South Orange (near Newark), NJ",,,40.751200,-74.260700,Sat Aug 08 2026 00:00:00 GMT+0000 (Coordinated Universal Time)
8c2f68aa-4366-4088-b1c5-9fbd1f09f37c,Borinqueneers Cultural Center — Springfield,Springfield,MA,live_unclaimed,active,Community Organizations,Cultural Organization,233 Main St,,,42.101500,-72.589800,Tue Aug 11 2026 00:00:00 GMT+0000 (Coordinated Universal Time)
f124d324-2207-4a27-9c62-93a6a475b76c,Borinquen Social Club — Springfield,Springfield,MA,live_unclaimed,active,Entertainment & Recreation,Puerto Rican Social Club / Bar,422 Union St,,,42.098100,-72.592400,Tue Aug 11 2026 00:00:00 GMT+0000 (Coordinated Universal Time)
c09b5557-63d5-40e8-8534-88172faebce5,D & G Jamaican Cuisine,Springfield,MA,live_unclaimed,active,Food,Caribbean,"5 Preston St, Springfield, MA (Serves Chicopee)",,,42.101500,-72.589800,Sat Aug 08 2026 00:00:00 GMT+0000 (Coordinated Universal Time)
c35d6b2c-128d-48fb-a727-11c8f05f7fe4,Forest Park Dental — Springfield,Springfield,MA,live_unclaimed,active,Health & Wellness,Dental,1431 Sumner Ave,,,42.081200,-72.571200,Tue Aug 11 2026 00:00:00 GMT+0000 (Coordinated Universal Time)
b0dd1055-d6ae-4faf-a1de-a6c0ad77c469,Main Street Auto Repair — Springfield,Springfield,MA,live_unclaimed,active,Professional Services,Auto Repair,1712 Main St,,,42.093400,-72.585400,Tue Aug 11 2026 00:00:00 GMT+0000 (Coordinated Universal Time)
d020fcf8-aca1-46f7-90fc-4e94814df290,Main Street Bilingual Daycare — Springfield,Springfield,MA,live_unclaimed,active,Childcare & Early Education,Bilingual Daycare,1512 Main St,,,42.091500,-72.586900,Tue Aug 11 2026 00:00:00 GMT+0000 (Coordinated Universal Time)
29fed251-2656-464a-812d-d9149507ca3f,Main Street Dental — Springfield Puerto Rican,Springfield,MA,live_unclaimed,active,Health & Wellness,Dental,1603 Main St,,,42.092100,-72.586700,Tue Aug 11 2026 00:00:00 GMT+0000 (Coordinated Universal Time)
f9f43136-9791-4d52-ae01-dac1abf779ef,Main Street Tax Services — Springfield Puerto Rican Community,Springfield,MA,live_unclaimed,active,Professional Services,Tax Preparation,1698 Main St,,,42.093200,-72.585600,Tue Aug 11 2026 00:00:00 GMT+0000 (Coordinated Universal Time)
78202821-6f81-442c-97a2-b2eeeb1b34b0,Mason Square Auto Service,Springfield,MA,live_unclaimed,active,Professional Services,Auto Repair,418 Union St,,,42.097900,-72.592600,Tue Aug 11 2026 00:00:00 GMT+0000 (Coordinated Universal Time)
614de38b-a259-47c8-b590-fb8389b00446,Mason Square Community Dental,Springfield,MA,live_unclaimed,active,Health & Wellness,Dental,490 Union St,,,42.098800,-72.592100,Tue Aug 11 2026 00:00:00 GMT+0000 (Coordinated Universal Time)
1a283933-80e0-46a5-a054-f07361d4f719,Mason Square Early Learning Center,Springfield,MA,live_unclaimed,active,Childcare & Early Education,Daycare,505 Union St,,,42.098500,-72.591800,Tue Aug 11 2026 00:00:00 GMT+0000 (Coordinated Universal Time)
d75b4a95-807d-486d-8985-ceddf5741924,Mason Square Mental Health — Spanish,Springfield,MA,live_unclaimed,active,Health & Wellness,Mental Health / Community Health,487 Union St,,,42.098700,-72.592200,Tue Aug 11 2026 00:00:00 GMT+0000 (Coordinated Universal Time)
960037b1-5291-4e05-9984-07b254bf6d7e,Olive Tree Books and Voices,Springfield,MA,live_unclaimed,active,Retail,Bookstore,"97 Hancock St, Springfield, MA 01109 (Serves Chicopee)",,,42.101500,-72.589800,Sat Aug 08 2026 00:00:00 GMT+0000 (Coordinated Universal Time)
4c6652bd-6461-407e-bd1c-93cf427fe8ec,Pioneer Valley BIPOC Therapy,Springfield,MA,live_unclaimed,active,Health & Wellness,Mental Health Counseling,1441 Main St Suite 400,,,42.091000,-72.587300,Tue Aug 11 2026 00:00:00 GMT+0000 (Coordinated Universal Time)
56fcbdcb-527b-4b92-9fc0-a800260e4b3f,Pioneer Valley Latino Plumbing,Springfield,MA,live_unclaimed,active,Professional Services,Plumbing,1621 Main St,,,42.092500,-72.586200,Tue Aug 11 2026 00:00:00 GMT+0000 (Coordinated Universal Time)
0f3b2bed-1b86-420d-ae43-675c18744f39,Puerto Rican Community Legal Services — Springfield,Springfield,MA,live_unclaimed,active,Community Organizations,Community Legal Services,1500 Main St Suite 820,,,42.091700,-72.587000,Tue Aug 11 2026 00:00:00 GMT+0000 (Coordinated Universal Time)
f211a349-5a6b-4f15-965e-41e3fe19cd8b,Salsa Wednesdays at Café Con Leche — Springfield,Springfield,MA,live_unclaimed,active,Entertainment & Recreation,Latin Bar / Dance Venue,1689 Main St,,,42.093100,-72.585800,Tue Aug 11 2026 00:00:00 GMT+0000 (Coordinated Universal Time)
ebcdbbeb-e971-40d4-b021-b91ff783df24,Six Corners Family Daycare — Springfield,Springfield,MA,live_unclaimed,active,Childcare & Early Education,Daycare,312 Rifle St,,,42.107800,-72.592100,Tue Aug 11 2026 00:00:00 GMT+0000 (Coordinated Universal Time)
49f34e09-1957-40f7-a1f2-b7a3bafcff21,Somali Family Head Start — Springfield,Springfield,MA,live_unclaimed,active,Childcare & Early Education,Head Start,1095 State St,,,42.104200,-72.581000,Tue Aug 11 2026 00:00:00 GMT+0000 (Coordinated Universal Time)
9afdeee9-ae45-4537-9e71-269dc6578656,Springfield Black HVAC Solutions,Springfield,MA,live_unclaimed,active,Professional Services,HVAC,680 State St,,,42.103800,-72.583400,Tue Aug 11 2026 00:00:00 GMT+0000 (Coordinated Universal Time)
f2922ed8-628f-40fd-b85d-635d010565fd,Springfield Haitian Community Legal Center,Springfield,MA,live_unclaimed,active,Professional Services,Immigration Attorney,95 State St Suite 1030,,,42.102800,-72.589500,Tue Aug 11 2026 00:00:00 GMT+0000 (Coordinated Universal Time)
ff1e9357-180e-41fb-aac2-86ba4a8d7cf2,Theodore's Blues & Jazz — Springfield,Springfield,MA,live_unclaimed,active,Entertainment & Recreation,Blues / Jazz Bar,201 Worthington St,https://theodoresbbq.com,,42.103000,-72.589800,Tue Aug 11 2026 00:00:00 GMT+0000 (Coordinated Universal Time)
86c39e20-6950-43c2-9d6b-23ff92ddabf6,Western MA Black Law Center,Springfield,MA,live_unclaimed,active,Professional Services,Criminal Defense / Family Law,1441 Main St Suite 200,,,42.091000,-72.587300,Tue Aug 11 2026 00:00:00 GMT+0000 (Coordinated Universal Time)
87a39004-17c9-4f1c-93a6-5cdad05894f5,White Lion Brewing Company,Springfield,MA,live_unclaimed,active,Food,Food,"1477 Main St, Springfield, MA 01103 (Serves Chicopee)",,,42.101500,-72.589800,Sat Aug 08 2026 00:00:00 GMT+0000 (Coordinated Universal Time)
57eb0b7f-7d9a-41ac-8eba-3163d6b53f52,Bosna Gold Bakery,St. Louis,MO,live_unclaimed,active,Food,Bosnian Bakery,4917 Gravois Ave,,,38.596600,-90.276900,Tue Aug 11 2026 00:00:00 GMT+0000 (Coordinated Universal Time)
6749b41a-b031-4eda-a9cb-b157df1fcd50,Diana's Bakery,St. Louis,MO,live_unclaimed,active,Food,Mexican,"Cherokee Street, St. Louis, MO",,,38.627000,-90.199400,Sat Aug 08 2026 00:00:00 GMT+0000 (Coordinated Universal Time)
dc9e2dda-23de-4502-bed4-3cef0f803124,Eat Today East African Cuisine,St. Louis,MO,live_unclaimed,active,Food,Ethiopian,"South Grand, St. Louis, MO",,,38.627000,-90.199400,Sat Aug 08 2026 00:00:00 GMT+0000 (Coordinated Universal Time)
be8a2937-94e2-406a-8f6e-c70e379ce439,Grbic Restaurant,St. Louis,MO,live_unclaimed,active,Food,Bosnian Restaurant,4071 Keokuk St,https://grbicrestaurant.com,,38.595400,-90.281200,Tue Aug 11 2026 00:00:00 GMT+0000 (Coordinated Universal Time)
28532443-75c6-4de4-b491-d0c4124a731a,Havana's Cuisine,St. Louis,MO,live_unclaimed,active,Food,Caribbean,"Downtown, St. Louis, MO",,,38.627000,-90.199400,Sat Aug 08 2026 00:00:00 GMT+0000 (Coordinated Universal Time)
29,Juntos Community Financial Center,St. Louis,MO,permanently_hidden,active,Finance,Financial Education,6100 W Florissant Ave,,(314) 555-2196,38.706800,-90.271400,Thu Jun 18 2026 00:00:00 GMT+0000 (Coordinated Universal Time)
f0c96af7-72c6-4309-9309-50faa2fb8476,King & I Thai Cuisine,St. Louis,MO,live_unclaimed,active,Food,Thai,"South Grand, St. Louis, MO",,,38.627000,-90.199400,Sat Aug 08 2026 00:00:00 GMT+0000 (Coordinated Universal Time)
3cdf048a-810a-4c9b-9188-15b3b79db1c6,Left Bank Books,St. Louis,MO,live_unclaimed,active,Retail,Bookstore,"Central West End, St. Louis, MO",,,38.627000,-90.199400,Sat Aug 08 2026 00:00:00 GMT+0000 (Coordinated Universal Time)
ec4385a6-cf2a-4dea-bb52-6f171b2122d0,Pho Grand Restaurant,St. Louis,MO,live_unclaimed,active,Food,Vietnamese Restaurant,3195 S Grand Blvd,,,38.598400,-90.261400,Tue Aug 11 2026 00:00:00 GMT+0000 (Coordinated Universal Time)
fe16c07b-0db0-48ba-891d-6c2ae750fcc6,Pueblo Nuevo Community Development Corporation,St. Louis,MO,live_unclaimed,active,Community Organizations,Latino Community Services,3601 Winnebago St,,,38.596700,-90.237900,Tue Aug 11 2026 00:00:00 GMT+0000 (Coordinated Universal Time)
25,Sanara Healing Arts,St. Louis,MO,permanently_hidden,active,Health & Wellness,Mental Health & Therapy,4101 Laclede Ave,sanarahealingarts.com,(314) 555-1789,38.643600,-90.259700,Thu Jun 18 2026 00:00:00 GMT+0000 (Coordinated Universal Time)
a9829961-1b20-411c-b081-d48d641a20ba,Scott Joplin House State Historic Site,St. Louis,MO,live_unclaimed,active,Arts & Culture,Historic Site,2658 Delmar Blvd,https://mostateparks.com/scotjoplinhouse,,38.642500,-90.235300,Tue Aug 11 2026 00:00:00 GMT+0000 (Coordinated Universal Time)
71168ab5-1e7f-4584-b753-1da332f0d723,St. Louis Black Repertory of Fashion (Black Arts),St. Louis,MO,live_unclaimed,active,Arts & Culture,Fashion / Design Arts,3701 Grandel Square,,,38.642400,-90.241800,Tue Aug 11 2026 00:00:00 GMT+0000 (Coordinated Universal Time)
5cf50e81-1db0-45f8-8c23-e24eaeffd09b,SweetArt,St. Louis,MO,live_unclaimed,active,Food,Soul Food,"Shaw, St. Louis, MO",,,38.627000,-90.199400,Sat Aug 08 2026 00:00:00 GMT+0000 (Coordinated Universal Time)
cf5bc00e-adac-418b-90f3-ddcf0ce38ad3,Sweetie Pie's Restaurant,St. Louis,MO,live_unclaimed,active,Food,Soul Food,4270 Manchester Ave,,,38.628300,-90.259900,Tue Aug 11 2026 00:00:00 GMT+0000 (Coordinated Universal Time)
77051dfd-a819-4a06-99b1-1a2b3b21931d,The Black Rep (Black Repertory Theatre St. Louis),St. Louis,MO,live_unclaimed,active,Arts & Culture,Theater,1408 N Kings Hwy Blvd,https://theblackrep.org,,38.644000,-90.285300,Tue Aug 11 2026 00:00:00 GMT+0000 (Coordinated Universal Time)
aa34ba55-5ab7-41df-9a87-71e7fad95096,Urban League of Metropolitan St. Louis,St. Louis,MO,live_unclaimed,active,Community Organizations,Civil Rights / Economic Empowerment,3701 Grandel Square,https://ulstl.com,,38.642400,-90.241800,Tue Aug 11 2026 00:00:00 GMT+0000 (Coordinated Universal Time)
95a15efc-73e9-43b2-bf74-6baf925f1660,Ghion Ethiopian Cultural Restaurant,Stone Mountain,GA,live_unclaimed,active,Food,Ethiopian,5289 Stone Mountain Hwy,,,33.802700,-84.171400,Tue Aug 11 2026 00:00:00 GMT+0000 (Coordinated Universal Time)
01afd32e-e0c4-4458-8385-0ca745747b11,Afro Deli & Grill,St. Paul,MN,live_unclaimed,active,Food,Food,Downtown St. Paul,,,44.953700,-93.090000,Sat Aug 08 2026 00:00:00 GMT+0000 (Coordinated Universal Time)
fa81eac8-a76f-4652-bccf-5efe5b0d4fa4,Black Garnet Books,St. Paul,MN,live_unclaimed,active,Retail,Bookstore,"Midway, St. Paul",,,44.953700,-93.090000,Sat Aug 08 2026 00:00:00 GMT+0000 (Coordinated Universal Time)
dcb69603-ae58-463b-b46a-752eac21ea84,Snelling Cafe,St. Paul,MN,live_unclaimed,active,Food,Food,"Midway, St. Paul",,,44.953700,-93.090000,Sat Aug 08 2026 00:00:00 GMT+0000 (Coordinated Universal Time)
15241a82-db15-4bcb-8f9b-cc04f7b7f536,Tavial Grill,St. Paul,MN,live_unclaimed,active,Food,Mexican,"West 7th, St. Paul",,,44.953700,-93.090000,Sat Aug 08 2026 00:00:00 GMT+0000 (Coordinated Universal Time)
75306774-975f-40a1-a121-79568bd69a50,Legacy Moving Company — DC,Suitland,MD,live_unclaimed,active,Services,Moving Company,5200 Auth Rd,,,38.848200,-76.924600,Mon Aug 10 2026 00:00:00 GMT+0000 (Coordinated Universal Time)
dcbe4bdd-b512-47aa-91c2-8ca28cafdc42,African Diaspora Museum — Tampa,Tampa,FL,live_unclaimed,active,Arts & Culture,African Diaspora Cultural Institution,Tampa,,,27.950600,-82.457200,Tue Aug 11 2026 00:00:00 GMT+0000 (Coordinated Universal Time)
5bccaa64-9aab-4591-a7cd-894571990708,Arco Iris Cafe,Tampa,FL,live_unclaimed,active,Food,Food,"Tampa, FL",,,27.950600,-82.457200,Sat Aug 08 2026 00:00:00 GMT+0000 (Coordinated Universal Time)
2af4dd69-7756-4dcf-afee-d7a15dde5047,Bay Area Creole Kitchen Truck,Tampa,FL,live_unclaimed,active,Food Trucks,Lunch & Dinner,"1701 E 7th Ave, Tampa, FL",,,27.960100,-82.436700,Thu Aug 13 2026 00:00:00 GMT+0000 (Coordinated Universal Time)
d3205719-47eb-41ed-95e8-a1936ff5a975,Centro Asturiano de Tampa,Tampa,FL,live_unclaimed,active,Arts & Culture,Historic Immigrant Mutual Aid Society,1913 N Nebraska Ave,,,27.960400,-82.444700,Tue Aug 11 2026 00:00:00 GMT+0000 (Coordinated Universal Time)
c1c59604-4a5b-4d06-bd2e-a26f1c9b7015,Columbia Restaurant — Ybor City,Tampa,FL,live_unclaimed,active,Food,Cuban / Spanish,2117 E 7th Ave,https://columbiarestaurant.com,,27.959800,-82.441300,Tue Aug 11 2026 00:00:00 GMT+0000 (Coordinated Universal Time)
b014bf76-7e3f-4ff6-bee7-9ded4fc9ec2d,East Tampa Laundry Center,Tampa,FL,live_unclaimed,active,Home Services,Laundromat,3110 N 22nd St,,,27.983400,-82.441800,Thu Aug 13 2026 00:00:00 GMT+0000 (Coordinated Universal Time)
c6bce75d-e902-4b93-8d62-e9d2122a96e4,East Tampa Medical Green,Tampa,FL,live_unclaimed,active,Cannabis & Dispensary,Medical Marijuana,"3110 N 22nd St, Tampa, FL",,,27.983400,-82.441800,Thu Aug 13 2026 00:00:00 GMT+0000 (Coordinated Universal Time)
9348a5d5-bd19-431f-97b1-1b7a34a5874b,Gao Restaurant,Tampa,FL,live_unclaimed,active,Food,Vietnamese,"Tampa, FL",,,27.950600,-82.457200,Sat Aug 08 2026 00:00:00 GMT+0000 (Coordinated Universal Time)
5b47adc4-d41e-4027-8599-10cc5e65ca9a,HBCU Alumni Council — Tampa Bay,Tampa,FL,live_unclaimed,active,Community Organizations,HBCU Alumni Organization,Tampa,,,27.950600,-82.457200,Tue Aug 11 2026 00:00:00 GMT+0000 (Coordinated Universal Time)
78e0639d-a99f-41da-9584-aca062ff23e6,Jamaican Kitchen — Tampa,Tampa,FL,live_unclaimed,active,Food,Jamaican / Caribbean,5210 E Busch Blvd,,,28.054500,-82.417100,Tue Aug 11 2026 00:00:00 GMT+0000 (Coordinated Universal Time)
590c259e-4050-4070-8ba4-fc679ee40ca0,Jerk Hut Island Grille & Beach Club,Tampa,FL,live_unclaimed,active,Food,Caribbean,"Tampa, FL",,,27.950600,-82.457200,Sat Aug 08 2026 00:00:00 GMT+0000 (Coordinated Universal Time)
f6f13ac3-0a52-40d3-aabb-488581763b58,La Segunda Bakery and Cafe,Tampa,FL,live_unclaimed,active,Food,Bakery,"Ybor City, Tampa, FL",,,27.950600,-82.457200,Sat Aug 08 2026 00:00:00 GMT+0000 (Coordinated Universal Time)
f797fe05-7db6-423a-9cf8-fcd5e623f09d,La Teresita Restaurant — Tampa,Tampa,FL,live_unclaimed,active,Food,Cuban,3248 W Columbus Dr,https://lateresita.com,,27.965000,-82.501700,Tue Aug 11 2026 00:00:00 GMT+0000 (Coordinated Universal Time)
9d663358-5d11-4634-bf04-e6ff77bad5f0,Madame Fortune,Tampa,FL,live_unclaimed,active,Food,Caribbean,"Ybor City, Tampa, FL",,,27.950600,-82.457200,Sat Aug 08 2026 00:00:00 GMT+0000 (Coordinated Universal Time)
fe44f296-c97f-48ed-a833-ac5ef2ba64f1,Mitmita Ethiopian Cuisine,Tampa,FL,live_unclaimed,active,Food,Ethiopian,"Tampa, FL",,,27.950600,-82.457200,Sat Aug 08 2026 00:00:00 GMT+0000 (Coordinated Universal Time)
7513fed1-19f2-4fcd-8281-be883febc603,Olive Tree By Chef Yousef,Tampa,FL,live_unclaimed,active,Food,Middle Eastern,"Tampa, FL",,,27.950600,-82.457200,Sat Aug 08 2026 00:00:00 GMT+0000 (Coordinated Universal Time)
d7c2ab32-b135-4929-98d1-2e4f841c9271,Petra Mediterranean Restaurant,Tampa,FL,live_unclaimed,active,Food,Middle Eastern,"Tampa, FL",,,27.950600,-82.457200,Sat Aug 08 2026 00:00:00 GMT+0000 (Coordinated Universal Time)
02dd9add-29a3-4e9f-b62b-052d93a2f958,Pho Quyen — Tampa,Tampa,FL,live_unclaimed,active,Food,Vietnamese,3726 N Armenia Ave,,,27.984400,-82.493100,Tue Aug 11 2026 00:00:00 GMT+0000 (Coordinated Universal Time)
f49a0d94-6f2a-4d66-a1e9-d49daf3a1725,Queen of Sheba Ethiopian Restaurant,Tampa,FL,live_unclaimed,active,Food,Ethiopian,"Temple Terrace, Tampa, FL",,,27.950600,-82.457200,Sat Aug 08 2026 00:00:00 GMT+0000 (Coordinated Universal Time)
f6574598-302e-417f-8851-23a74ebe92e6,Thinh An Kitchen & Tofu,Tampa,FL,live_unclaimed,active,Food,Vietnamese,"Tampa, FL",,,27.950600,-82.457200,Sat Aug 08 2026 00:00:00 GMT+0000 (Coordinated Universal Time)
b18eab39-4af3-436e-ad47-c6dac6782ffc,Tito's Mexican Restaurant — Tampa,Tampa,FL,live_unclaimed,active,Food,Mexican,2702 N MacDill Ave,,,27.976000,-82.477600,Tue Aug 11 2026 00:00:00 GMT+0000 (Coordinated Universal Time)
2d550761-9532-442d-bca2-b81ec7b18412,Ybor City Museum State Park,Tampa,FL,live_unclaimed,active,Arts & Culture,History Museum,1818 E 9th Ave,https://floridastateparks.org,,27.958200,-82.443700,Tue Aug 11 2026 00:00:00 GMT+0000 (Coordinated Universal Time)
d973c541-4a7d-4a5e-9195-a408a5ab9558,Thien An Vietnamese Restaurant,Temple City,CA,live_unclaimed,active,Food,Vietnamese,9423 Las Tunas Dr,,,34.100400,-118.056000,Tue Aug 11 2026 00:00:00 GMT+0000 (Coordinated Universal Time)
6ce89827-a5b9-43a4-86b8-b071284cbf73,Seafood City Supermarket,Torrance,CA,live_unclaimed,active,Retail,Filipino Supermarket,21761 S Western Ave,https://seafoodcity.com,,33.839100,-118.308700,Tue Aug 11 2026 00:00:00 GMT+0000 (Coordinated Universal Time)
643b9efb-f3cb-4dfa-9c36-88d2fe0439ae,Tougaloo College,Tougaloo,MS,live_unclaimed,active,Arts & Culture,HBCU,500 W County Line Rd,https://tougaloo.edu,,32.390800,-90.142300,Tue Aug 11 2026 00:00:00 GMT+0000 (Coordinated Universal Time)
cdcc7e66-eb1d-4d62-a887-7796ab4f0159,Pelican Bar Jamaica,Treasure Beach,,live_unclaimed,active,Entertainment & Recreation,Bar / Experience,"Offshore sandbar, Treasure Beach area",,,17.906000,-77.731000,Mon Aug 10 2026 00:00:00 GMT+0000 (Coordinated Universal Time)
0335d354-1dc6-42e2-902e-71d77a03e86b,African Community Housing and Development (ACHD),Tukwila,WA,live_unclaimed,active,Community Organizations,East African / Refugee Services,14220 Interurban Ave S,,,47.485600,-122.267800,Tue Aug 11 2026 00:00:00 GMT+0000 (Coordinated Universal Time)
87e0ca97-d25a-4cad-b583-4fbef88a2018,Seafood City Supermarket Renton,Tukwila,WA,live_unclaimed,active,Retail,Filipino Grocery / Market,17171 Southcenter Pkwy,https://seafoodcity.com,,47.484200,-122.259700,Tue Aug 11 2026 00:00:00 GMT+0000 (Coordinated Universal Time)
b35f746d-dbbc-49ac-95a6-e1f94a2dec41,918 Maple Tacos and Catering,Tulsa,OK,live_unclaimed,active,Food,Mexican,"East Tulsa, Tulsa, OK",,,36.154000,-95.992800,Sat Aug 08 2026 00:00:00 GMT+0000 (Coordinated Universal Time)
abdd3a74-a4ae-4e29-8049-1b631cf6911e,Black Wall Street Gallery,Tulsa,OK,live_unclaimed,active,Arts & Culture,Art Gallery,400 N Greenwood Ave,https://blackwallstreetgallery.com,,36.165900,-95.995800,Tue Aug 11 2026 00:00:00 GMT+0000 (Coordinated Universal Time)
baa9b639-1365-477e-ae5f-7df3b6b4bd57,Cocina 21 Hmong Grill,Tulsa,OK,live_unclaimed,active,Food,Food,"Plaza 21, Tulsa, OK",,,36.154000,-95.992800,Sat Aug 08 2026 00:00:00 GMT+0000 (Coordinated Universal Time)
63e10785-441f-432c-ac76-1b58b27fb358,Doctor Kustom,Tulsa,OK,live_unclaimed,active,Food,Brazilian,"Route 66 / Mother Road Market, Tulsa, OK",,,36.154000,-95.992800,Sat Aug 08 2026 00:00:00 GMT+0000 (Coordinated Universal Time)
318803af-c14a-4d88-ba34-41a2108c6ea1,El Guapo's Mexican Restaurant Tulsa,Tulsa,OK,live_unclaimed,active,Food,Mexican Restaurant,1517 E 15th St,,,36.149700,-95.974600,Tue Aug 11 2026 00:00:00 GMT+0000 (Coordinated Universal Time)
dfba891a-5449-4709-a9eb-e49b2a9fc6aa,Fulton Street Books & Coffee,Tulsa,OK,live_unclaimed,active,Retail,Bookstore,"Downtown/Greenwood, Tulsa, OK",,,36.154000,-95.992800,Sat Aug 08 2026 00:00:00 GMT+0000 (Coordinated Universal Time)
1643ed19-08fc-4021-9afe-0f0630b89b22,Gilcrease Museum,Tulsa,OK,live_unclaimed,active,Arts & Culture,Museum,1400 N Gilcrease Museum Rd,https://gilcrease.org,,36.180500,-96.021500,Tue Aug 11 2026 00:00:00 GMT+0000 (Coordinated Universal Time)
1dcbb2c8-eb81-4b59-b93b-19167f4cc369,Greenwood Rising History Center,Tulsa,OK,live_unclaimed,active,Arts & Culture,Museum / Memorial,21 N Greenwood Ave,https://greenwoodrising.org,,36.164300,-95.995400,Tue Aug 11 2026 00:00:00 GMT+0000 (Coordinated Universal Time)
3cc91e9c-7e90-4382-9bd9-aaa8466fdfe9,Hispanic Latino Resource Center Tulsa,Tulsa,OK,live_unclaimed,active,Community Organizations,Latino Community Services,2912 S Harvard Ave,,,36.114500,-95.975400,Tue Aug 11 2026 00:00:00 GMT+0000 (Coordinated Universal Time)
d8ff14b5-befc-4011-90be-88a537d382da,NAACP Tulsa Branch,Tulsa,OK,live_unclaimed,active,Community Organizations,Civil Rights Organization,240 E Apache St,,,36.170200,-95.997500,Tue Aug 11 2026 00:00:00 GMT+0000 (Coordinated Universal Time)
1d840069-4380-4bc9-bf9c-55ece3856b76,Native American Cultural and Education Authority Tulsa,Tulsa,OK,live_unclaimed,active,Community Organizations,Native American Cultural Preservation,1717 S Boulder Ave,,,36.134100,-95.991400,Tue Aug 11 2026 00:00:00 GMT+0000 (Coordinated Universal Time)
3f9b6a9f-ed51-4949-93b6-aacb3be85b99,Reconciliation Park Tulsa,Tulsa,OK,live_unclaimed,active,Arts & Culture,Public Memorial / Park,321 S Denver Ave,,,36.153800,-95.993400,Tue Aug 11 2026 00:00:00 GMT+0000 (Coordinated Universal Time)
4d58174d-b388-417b-910e-9523ad1766b1,Shawkat's Pita Bread Bakery,Tulsa,OK,live_unclaimed,active,Food,Middle Eastern,"Midtown, Tulsa, OK",,,36.154000,-95.992800,Sat Aug 08 2026 00:00:00 GMT+0000 (Coordinated Universal Time)
e81c0d25-a092-4171-87d0-edb2efaaeeba,Sisserou's Caribbean Restaurant & Catering,Tulsa,OK,live_unclaimed,active,Food,Caribbean,"Tulsa Arts District, Tulsa, OK",,,36.154000,-95.992800,Sat Aug 08 2026 00:00:00 GMT+0000 (Coordinated Universal Time)
d4454b12-32a5-4f4b-8ce5-56ad3def7bdd,Southwest Trading Company,Tulsa,OK,live_unclaimed,active,Retail,Retail,"Downtown Tulsa, OK",,,36.154000,-95.992800,Sat Aug 08 2026 00:00:00 GMT+0000 (Coordinated Universal Time)
ac5a228d-c66c-4ad2-888e-c9f25a88bda3,Vernon AME Church,Tulsa,OK,live_unclaimed,active,Faith & Spirituality,AME Church,311 N Greenwood Ave,,,36.163600,-95.995800,Tue Aug 11 2026 00:00:00 GMT+0000 (Coordinated Universal Time)
64709eb9-cbac-421f-a1a9-c0abdad332db,Wanda J's Next Generation Restaurant,Tulsa,OK,live_unclaimed,active,Food,Soul Food,2900 N Martin Luther King Jr Blvd,,,36.184300,-95.998700,Tue Aug 11 2026 00:00:00 GMT+0000 (Coordinated Universal Time)
d6deaf42-b09d-4e9e-9f9b-425b31ccdeae,Yusuf's Café (Tulsa — Somali / East African),Tulsa,OK,live_unclaimed,active,Food,Somali / East African Café,3814 E Admiral Pl,,,36.165900,-95.953100,Tue Aug 11 2026 00:00:00 GMT+0000 (Coordinated Universal Time)
389a972e-40fb-4552-a7aa-b8b7cd356d82,African American Heritage Society of Northwest Alabama,Tuscumbia,AL,live_unclaimed,active,Community Organizations,Heritage Organization,Tuscumbia,,,34.731500,-87.705300,Tue Aug 11 2026 00:00:00 GMT+0000 (Coordinated Universal Time)
1a141ee2-de6f-44dc-82f2-2cc74ed81816,B and B Barbecue,Tuskegee,AL,live_unclaimed,active,Food,Soul Food,"Tuskegee, AL",,,32.430200,-85.699300,Sat Aug 08 2026 00:00:00 GMT+0000 (Coordinated Universal Time)
5dff5ce3-9c36-4d37-ad00-4231c0f5ea30,Blue Seas 2 Restaurant,Tuskegee,AL,live_unclaimed,active,Food,Soul Food,"West Martin Luther King Hwy, Tuskegee, AL",,,32.430200,-85.699300,Sat Aug 08 2026 00:00:00 GMT+0000 (Coordinated Universal Time)
7a6cf37b-4579-4bfa-9165-f2a806eabe97,Booker T. Washington Monument — Tuskegee,Tuskegee,AL,live_unclaimed,active,Arts & Culture,Historic Monument,Old Montgomery Rd,,,32.429500,-85.708800,Tue Aug 11 2026 00:00:00 GMT+0000 (Coordinated Universal Time)
baec1c0d-4d7b-4197-abc6-25bcd529415d,Durango Taqueria y Carniceria,Tuskegee,AL,live_unclaimed,active,Food,Mexican,"Tuskegee, AL",,,32.430200,-85.699300,Sat Aug 08 2026 00:00:00 GMT+0000 (Coordinated Universal Time)
d4a171df-e87d-4c4c-a0e1-135df2e18b24,El Mariachi Mexican Restaurant,Tuskegee,AL,live_unclaimed,active,Food,Mexican,"Tuskegee area, Tuskegee, AL",,,32.430200,-85.699300,Sat Aug 08 2026 00:00:00 GMT+0000 (Coordinated Universal Time)
52951ac7-5234-4b93-98ac-ede8d98ef045,George Washington Carver Museum,Tuskegee,AL,live_unclaimed,active,Arts & Culture,Science & Heritage Museum,1212 W Montgomery Rd,https://www.nps.gov/tuin,,32.429800,-85.709100,Tue Aug 11 2026 00:00:00 GMT+0000 (Coordinated Universal Time)
dc927c75-0be9-4d65-bb22-f46bc62ff477,Lemongrass Thai & Sushi,Tuskegee,AL,live_unclaimed,active,Food,Thai,"Tuskegee, AL",,,32.430200,-85.699300,Sat Aug 08 2026 00:00:00 GMT+0000 (Coordinated Universal Time)
1bf42795-0ede-4a96-b0e9-1bd858660aa1,Mk's Asian Kitchen,Tuskegee,AL,live_unclaimed,active,Food,Food,"Tuskegee, AL",,,32.430200,-85.699300,Sat Aug 08 2026 00:00:00 GMT+0000 (Coordinated Universal Time)
314f7273-feec-41e9-99a9-c5acb0be8c17,The City Kitchen,Tuskegee,AL,live_unclaimed,active,Food,Soul Food,"Downtown Tuskegee, Tuskegee, AL",,,32.430200,-85.699300,Sat Aug 08 2026 00:00:00 GMT+0000 (Coordinated Universal Time)
a0254d19-1390-4365-ae3f-6ff6534af549,Tiger Pause Cafe,Tuskegee,AL,live_unclaimed,active,Food,Food,"Near Tuskegee University, Tuskegee, AL",,,32.430200,-85.699300,Sat Aug 08 2026 00:00:00 GMT+0000 (Coordinated Universal Time)
383fab23-d73f-46f5-8a60-3f93a98ef7e9,Torch 85 Restaurant,Tuskegee,AL,live_unclaimed,active,Food,Food,"Tuskegee, AL",,,32.430200,-85.699300,Sat Aug 08 2026 00:00:00 GMT+0000 (Coordinated Universal Time)
d6572f6c-49f5-4a32-8f8a-79d2ad88402b,Tuskegee Airmen National Historic Site,Tuskegee,AL,live_unclaimed,active,Arts & Culture,Historic Site / Military Heritage,1616 Chappie James Ave,https://www.nps.gov/tuai,,32.462700,-85.683000,Tue Aug 11 2026 00:00:00 GMT+0000 (Coordinated Universal Time)
c81bae62-3535-4db0-acad-deee6b32f2b5,Tuskegee Human and Civil Rights Multicultural Center,Tuskegee,AL,live_unclaimed,active,Arts & Culture,Civil Rights & Human Rights Center,101 W Rosa Parks Ave,,,32.415600,-85.697500,Tue Aug 11 2026 00:00:00 GMT+0000 (Coordinated Universal Time)
0a0a6a40-260d-44b9-8b9e-1c623ab83b5c,Tuskegee University,Tuskegee,AL,live_unclaimed,active,Arts & Culture,HBCU,1200 W Montgomery Rd,https://tuskegee.edu,,32.428900,-85.709200,Tue Aug 11 2026 00:00:00 GMT+0000 (Coordinated Universal Time)
04292cbc-8a59-42b1-bc57-9e627eb01f52,Vibezz Restaurant & Lounge,Tuskegee,AL,live_unclaimed,active,Food,Food,"Tuskegee, AL",,,32.430200,-85.699300,Sat Aug 08 2026 00:00:00 GMT+0000 (Coordinated Universal Time)
ce031c91-6331-4da3-a64b-987a27df9232,Hinds Community College — Utica Campus,Utica,MS,live_unclaimed,active,Arts & Culture,Historically Black College,Utica,,,32.064800,-90.574300,Tue Aug 11 2026 00:00:00 GMT+0000 (Coordinated Universal Time)
7ecd95c6-c175-436a-8696-ac9f9425db6a,Guru Granth Sahib Gurdwara — San Fernando Valley,Van Nuys,CA,live_unclaimed,active,Faith & Spirituality,Sikh Gurdwara,8316 Woodley Ave,,,34.214200,-118.487500,Tue Aug 11 2026 00:00:00 GMT+0000 (Coordinated Universal Time)
9f716665-f76b-44ac-a2a4-e764b06bbec6,The Brig — Venice Afrobeats Night,Venice,CA,live_unclaimed,active,Entertainment & Recreation,Bar / Afrobeats,1515 Abbot Kinney Blvd,,,33.992100,-118.462800,Tue Aug 11 2026 00:00:00 GMT+0000 (Coordinated Universal Time)
e1e1f419-5ad0-418c-9096-40f76914f3ff,NSWM Church,Warminster,PA,live_unclaimed,active,Faith & Spirituality,Church / House of Worship,709 N Norristown Rd,https://nswm.org,,40.197200,-75.088200,Mon Aug 10 2026 00:00:00 GMT+0000 (Coordinated Universal Time)
58d3208f-5880-43f4-b129-f46833767894,Nothing Bundt Cakes,Warrington,PA,live_unclaimed,active,Food,Bakery & Desserts,"Warrington, PA 18976",,,40.239900,-75.135400,Wed Aug 12 2026 00:00:00 GMT+0000 (Coordinated Universal Time)
392c0436-c19f-4d31-bef8-7dc794ffdff4,9:30 Club,Washington,DC,live_unclaimed,active,Entertainment & Recreation,Live Music Venue,815 V St NW,https://930.com,,38.917600,-77.022600,Mon Aug 10 2026 00:00:00 GMT+0000 (Coordinated Universal Time)
08eca251-bde5-4f69-b06a-3e95e067f1a6,Abundant Life Wellness Center DC,Washington,DC,live_unclaimed,active,Health & Wellness,Mental Health,3050 K St NW,,,38.902200,-77.060000,Mon Aug 10 2026 00:00:00 GMT+0000 (Coordinated Universal Time)
00fff951-bbc7-4baf-9a4b-b3ceca4119f3,Adams Morgan Family Dental,Washington,DC,live_unclaimed,active,Health & Wellness,Dental,2424 18th St NW,,,38.920000,-77.042000,Tue Aug 11 2026 00:00:00 GMT+0000 (Coordinated Universal Time)
9a1bc954-616c-4baf-915c-a6084b20fb5c,African American Real Estate Professionals (DC),Washington,DC,live_unclaimed,active,Professional Services,Real Estate Association,1101 15th St NW,https://aarepdc.org,,38.904800,-77.036700,Tue Aug 11 2026 00:00:00 GMT+0000 (Coordinated Universal Time)
86fc6694-c2a5-40b7-aa43-4ae2a81810e2,Afrobeats DC — Decades Lounge Adams Morgan,Washington,DC,live_unclaimed,active,Entertainment & Recreation,Nightclub / Bar,2322 18th St NW,,,38.919600,-77.042700,Tue Aug 11 2026 00:00:00 GMT+0000 (Coordinated Universal Time)
98000484-4e0e-41b7-bc08-3c17c0399c27,Albi,Washington,DC,live_unclaimed,active,Food,Middle Eastern,1346 4th St SE in the Navy Yard neighborhood,,,38.907200,-77.036900,Sat Aug 08 2026 00:00:00 GMT+0000 (Coordinated Universal Time)
83406901-563a-4d7f-8d4f-a1d9e91dfec2,Amharic Dental Care — Shaw,Washington,DC,live_unclaimed,active,Health & Wellness,Dental,1701 7th St NW,,,38.912000,-77.021700,Tue Aug 11 2026 00:00:00 GMT+0000 (Coordinated Universal Time)
6d809163-7403-4e40-83a4-f22727cabe3e,Anacostia Breakfast Club,Washington,DC,live_unclaimed,active,Food Trucks,Breakfast,"1800 Martin Luther King Jr Ave SE, Washington, DC",,,38.864400,-76.990800,Thu Aug 13 2026 00:00:00 GMT+0000 (Coordinated Universal Time)
b12cb93f-2f35-4c37-80d2-4886d1c758a3,Anacostia Cannabis Co.,Washington,DC,live_unclaimed,active,Cannabis & Dispensary,Cannabis Dispensary,"2120 Martin Luther King Jr Ave SE, Washington, DC",,,38.864400,-76.990800,Thu Aug 13 2026 00:00:00 GMT+0000 (Coordinated Universal Time)
61cf3bfc-2a0f-43a3-9a02-b42ca3597b73,Anacostia Community Dental,Washington,DC,live_unclaimed,active,Health & Wellness,Dental,2100 Martin Luther King Jr Ave SE,,,38.869000,-76.996100,Tue Aug 11 2026 00:00:00 GMT+0000 (Coordinated Universal Time)
6851a0d8-97b7-4485-bf13-d38be583ff53,Anacostia Community Museum (Smithsonian),Washington,DC,live_unclaimed,active,Arts & Culture,Museum,1901 Fort Pl SE,https://anacostia.si.edu,,38.862700,-76.985100,Tue Aug 11 2026 00:00:00 GMT+0000 (Coordinated Universal Time)
24b9507e-9d7a-45e6-b6e4-849c42e7f164,Anacostia Fresh Laundry,Washington,DC,live_unclaimed,active,Home Services,Laundromat,2028 Martin Luther King Jr Ave SE,,,38.864400,-76.990800,Thu Aug 13 2026 00:00:00 GMT+0000 (Coordinated Universal Time)
79000a3d-7a81-4376-b0e3-87fad2c8099b,Anacostia Rising Learners Academy,Washington,DC,live_unclaimed,active,Childcare & Early Education,Daycare,2230 Good Hope Rd SE,,,38.867300,-76.986600,Tue Aug 11 2026 00:00:00 GMT+0000 (Coordinated Universal Time)
34127f65-416f-40f8-bf00-b84b460fe821,Appioo African Bar & Grill,Washington,DC,live_unclaimed,active,Food,West African,1924 9th St NW in the U Street Corridor/Shaw area,,,38.907200,-77.036900,Sat Aug 08 2026 00:00:00 GMT+0000 (Coordinated Universal Time)
f922c6a7-abfd-417d-965b-e3a799e7463d,Arepa Zone,Washington,DC,live_unclaimed,active,Food,Venezuelan,1121 14th St NW,,,38.907200,-77.036900,Sat Aug 08 2026 00:00:00 GMT+0000 (Coordinated Universal Time)
7b6bbbd8-6afd-4606-9abb-43e725330f2f,"Bell, Boyd & Rasheed — Civil Rights Law",Washington,DC,live_unclaimed,active,Professional Services,Civil Rights Attorney,1828 L St NW,,,38.901900,-77.045100,Mon Aug 10 2026 00:00:00 GMT+0000 (Coordinated Universal Time)
6723ced4-ea12-4313-bd65-e6cc39d6cc0a,Ben's Chili Bowl,Washington,DC,live_unclaimed,active,Food,Soul Food / American,1213 U St NW,https://benschilibowl.com,,38.917500,-77.028800,Tue Aug 11 2026 00:00:00 GMT+0000 (Coordinated Universal Time)
5d886162-9454-4ad6-be07-fdf01799e3d0,Bitter Truth Coffee — Washington DC,Washington,DC,live_unclaimed,active,Food,Coffee / Cafe,1748 14th St NW,,,38.917700,-77.032000,Mon Aug 10 2026 00:00:00 GMT+0000 (Coordinated Universal Time)
b46ac68b-0547-461b-80a5-2f6361c28268,Blackbird Yoga & Wellness — DC,Washington,DC,live_unclaimed,active,Health & Wellness,Yoga / Wellness Studio,2107 18th St NW,,,38.920400,-77.041100,Mon Aug 10 2026 00:00:00 GMT+0000 (Coordinated Universal Time)
512a88d3-eeda-47be-ba42-b5c79393fa11,Brown & Crawford — Criminal Defense DC,Washington,DC,live_unclaimed,active,Professional Services,Criminal Defense Attorney,601 Pennsylvania Ave NW Suite 900,,,38.893800,-77.022200,Tue Aug 11 2026 00:00:00 GMT+0000 (Coordinated Universal Time)
a34adba6-5451-40d2-8c03-ebe7fe786b8a,Busboys and Poets,Washington,DC,live_unclaimed,active,Food,Food,"Multiple locations, including 14th & V and Anacostia, Washington, DC",,,38.907200,-77.036900,Sat Aug 08 2026 00:00:00 GMT+0000 (Coordinated Universal Time)
3a5fc390-3791-4ef5-b622-1f44c7725a06,Busboys and Poets — U Street,Washington,DC,live_unclaimed,active,Food,Bar / Cultural Space,2021 14th St NW,https://busboysandpoets.com,,38.920100,-77.032300,Tue Aug 11 2026 00:00:00 GMT+0000 (Coordinated Universal Time)
cc7e6d83-8556-4c22-90de-37b72fe36156,Cane,Washington,DC,live_unclaimed,active,Food,Caribbean,403 H St NE in the H Street Corridor,,,38.907200,-77.036900,Sat Aug 08 2026 00:00:00 GMT+0000 (Coordinated Universal Time)
44d8cd53-1480-4973-b264-dddf8f4ff3d3,Capital City HVAC Services,Washington,DC,live_unclaimed,active,Professional Services,HVAC,3812 Georgia Ave NW,,,38.935600,-77.023600,Tue Aug 11 2026 00:00:00 GMT+0000 (Coordinated Universal Time)
e9252ac8-e03b-4a4c-adf4-2ef630f2c849,Capital City Plumbing — DC,Washington,DC,live_unclaimed,active,Home & Trades,Plumbing,3914 Georgia Ave NW,,,38.947500,-77.020800,Mon Aug 10 2026 00:00:00 GMT+0000 (Coordinated Universal Time)
2741dbd9-dacc-4495-8290-e0cf69a8151d,CARECEN — Central American Resource Center,Washington,DC,live_unclaimed,active,Legal,Immigration Law,1460 Columbia Rd NW,https://www.carecendc.org,,38.929700,-77.039600,Mon Aug 10 2026 00:00:00 GMT+0000 (Coordinated Universal Time)
ed8f928e-61f1-4a52-9e12-9017be6d9405,Caribbean American Cultural Center,Washington,DC,live_unclaimed,active,Community & Organizations,Diaspora & Immigrant Services,1726 Connecticut Ave NW,,,38.920200,-77.045400,Mon Aug 10 2026 00:00:00 GMT+0000 (Coordinated Universal Time)
91ef72c1-2183-41b9-a797-76a12e1397ee,Chercher Ethiopian Restaurant & Mart,Washington,DC,live_unclaimed,active,Food,Ethiopian,1334 9th St NW in the Shaw neighborhood,,,38.907200,-77.036900,Sat Aug 08 2026 00:00:00 GMT+0000 (Coordinated Universal Time)
2a5f31c9-e860-4acb-8343-aab9c742350a,Clean Sweep Professional Cleaning — DC,Washington,DC,live_unclaimed,active,Home & Trades,Cleaning & Janitorial,1321 H St NE,,,38.900700,-76.991600,Mon Aug 10 2026 00:00:00 GMT+0000 (Coordinated Universal Time)
692cff35-940f-4398-bcde-d23b51b55440,Columbia Heights Bilingual Learning Center,Washington,DC,live_unclaimed,active,Childcare & Early Education,Bilingual Daycare,3411 16th St NW,,,38.932300,-77.036000,Tue Aug 11 2026 00:00:00 GMT+0000 (Coordinated Universal Time)
8a52afe3-5ea1-4461-9044-f80f9091b39c,Columbia Heights Dental Center,Washington,DC,live_unclaimed,active,Health & Wellness,Dental,3101 14th St NW,,,38.927600,-77.032200,Tue Aug 11 2026 00:00:00 GMT+0000 (Coordinated Universal Time)
96a7ea00-72de-452d-860e-e8acea5c1fb7,Columbian Plumbing & Drain — Columbia Heights,Washington,DC,live_unclaimed,active,Professional Services,Plumbing,3250 Mt Pleasant St NW,,,38.929800,-77.037600,Tue Aug 11 2026 00:00:00 GMT+0000 (Coordinated Universal Time)
7710eb4f-2355-4608-bc36-ffaaf54d37f9,Community of Hope Family Center,Washington,DC,live_unclaimed,active,Children & Family,Family Resource Center,106 Rhode Island Ave NW,https://www.communityofhopedc.org,,38.919600,-77.009100,Mon Aug 10 2026 00:00:00 GMT+0000 (Coordinated Universal Time)
6bc18b38-26fe-4b4f-ad0d-5b18c241607a,Congressional Black Caucus Foundation (DC),Washington,DC,live_unclaimed,active,Community Organizations,Policy & Advocacy,1720 Massachusetts Ave NW,https://cbcfinc.org,,38.903700,-77.039500,Tue Aug 11 2026 00:00:00 GMT+0000 (Coordinated Universal Time)
9e2bdb1f-9790-4d40-83b4-9d60609d63ad,Covenant House Washington,Washington,DC,live_unclaimed,active,Children & Family,Youth Services,2001 Mississippi Ave SE,https://covenanthousedc.org,,38.842800,-76.993300,Mon Aug 10 2026 00:00:00 GMT+0000 (Coordinated Universal Time)
2fd877fa-1081-4225-b240-d75b515e41de,DC Black Contractor Network (Rebuilding Together),Washington,DC,live_unclaimed,active,Home & Property,Home Services / Contractor Network,641 S St NW,,,38.909500,-77.015000,Tue Aug 11 2026 00:00:00 GMT+0000 (Coordinated Universal Time)
e2662766-1767-43d2-8089-f801c7541301,DC Black Law Firm (Motley Rice DC),Washington,DC,live_unclaimed,active,Professional Services,Law Firm,1050 Connecticut Ave NW,,,38.901700,-77.041800,Tue Aug 11 2026 00:00:00 GMT+0000 (Coordinated Universal Time)
68cb273c-009a-44c7-97bb-6bb75a47cdab,DC Brazilian Community Association,Washington,DC,live_unclaimed,active,Community Organizations,Brazilian Community,1324 Columbia Rd NW,,,38.923900,-77.036900,Tue Aug 11 2026 00:00:00 GMT+0000 (Coordinated Universal Time)
a1a0f91c-feb6-4872-93a9-0f2e85676427,DC Cape Verdean Community Association,Washington,DC,live_unclaimed,active,Community Organizations,Cape Verdean Community,2901 14th St NW,,,38.927500,-77.032400,Tue Aug 11 2026 00:00:00 GMT+0000 (Coordinated Universal Time)
2466effc-ec77-478a-bbe1-4db622bad20d,DC Caribbean Restaurant (Coconut Grove),Washington,DC,live_unclaimed,active,Food,Caribbean,3410 11th St NW,,,38.931800,-77.026600,Tue Aug 11 2026 00:00:00 GMT+0000 (Coordinated Universal Time)
878da0b4-fc2e-4129-982f-47a6870ceb60,DC Empowerment Wellness,Washington,DC,live_unclaimed,active,Cannabis & Dispensary,Cannabis Dispensary,"3700 Martin Luther King Jr Ave SE, Washington, DC",,,38.841100,-76.991300,Thu Aug 13 2026 00:00:00 GMT+0000 (Coordinated Universal Time)
dac18653-5a2b-4cec-8001-16189b6e8a5a,DC Ethiopian Community Center,Washington,DC,live_unclaimed,active,Community Organizations,Ethiopian Community,2010 Rhode Island Ave NE,,,38.921200,-76.991700,Tue Aug 11 2026 00:00:00 GMT+0000 (Coordinated Universal Time)
8ecacff9-fb10-4489-822d-9d3b515e2cb4,DC Filipino Community Center (FilAmCivic),Washington,DC,live_unclaimed,active,Community Organizations,Filipino Community,5440 Connecticut Ave NW,,,38.959500,-77.068300,Tue Aug 11 2026 00:00:00 GMT+0000 (Coordinated Universal Time)
da3e0843-6cec-46fb-97ed-24fae88495df,DC Haitian Restaurant (Brasserie Creole),Washington,DC,live_unclaimed,active,Food,Haitian,3409 Georgia Ave NW,,,38.934000,-77.022400,Tue Aug 11 2026 00:00:00 GMT+0000 (Coordinated Universal Time)
626c5c11-1af9-43b0-b390-55b0e16b861a,DC Head Start (Latin American Youth Center),Washington,DC,live_unclaimed,active,Childcare & Early Education,Head Start / Youth Development,3045 15th St NW,https://layc-dc.org,,38.929200,-77.033900,Tue Aug 11 2026 00:00:00 GMT+0000 (Coordinated Universal Time)
27b2f7c6-47cf-4c50-b1fe-f6a203e0415b,DC Korean Community Center,Washington,DC,live_unclaimed,active,Community Organizations,Korean Community,3400 Georgia Ave NW,,,38.933800,-77.022400,Tue Aug 11 2026 00:00:00 GMT+0000 (Coordinated Universal Time)
0f2c5096-e1b5-498e-9cb0-baa6059b8738,DC Nigerian Restaurant (Abuja Grill),Washington,DC,live_unclaimed,active,Food,Nigerian,3503 14th St NW,,,38.932900,-77.032100,Tue Aug 11 2026 00:00:00 GMT+0000 (Coordinated Universal Time)
ab2ae82e-e27c-4c84-8c23-19afa6580602,DC Nigerian Restaurant (Nile Ethiopian — Also Nigerian),Washington,DC,live_unclaimed,active,Food,Nigerian / Pan-African,1012 Vermont Ave NW,,,38.903700,-77.031300,Tue Aug 11 2026 00:00:00 GMT+0000 (Coordinated Universal Time)
e30e1f5c-0020-413c-85b6-e885af91b930,DC Plumbing Pros — Black-Owned,Washington,DC,live_unclaimed,active,Professional Services,Plumbing,5622 Georgia Ave NW,,,38.964100,-77.024200,Tue Aug 11 2026 00:00:00 GMT+0000 (Coordinated Universal Time)
ce1da296-c9a5-4662-bd2a-f35744d0f8b3,DC Salvadoran Restaurant (Don Juan),Washington,DC,live_unclaimed,active,Food,Salvadoran,3513 14th St NW,,,38.933000,-77.032200,Tue Aug 11 2026 00:00:00 GMT+0000 (Coordinated Universal Time)
db886d63-8a5c-48dc-8238-26f1381c8840,DC Senegalese Community Association,Washington,DC,live_unclaimed,active,Community Organizations,Senegalese Community,1618 14th St NW,,,38.918300,-77.032600,Tue Aug 11 2026 00:00:00 GMT+0000 (Coordinated Universal Time)
94bb2016-ea34-47f8-a97e-9fc34b4b214e,DC Senegalese Restaurant (Teranga),Washington,DC,live_unclaimed,active,Food,Senegalese,1524 U St NW,,,38.917400,-77.035000,Tue Aug 11 2026 00:00:00 GMT+0000 (Coordinated Universal Time)
7b96bfa3-ecbd-47c0-a485-e26c41c11455,DC West African Restaurant (Zenebech Injera),Washington,DC,live_unclaimed,active,Food,Ethiopian,1318 9th St NW,,,38.908800,-77.022200,Tue Aug 11 2026 00:00:00 GMT+0000 (Coordinated Universal Time)
190c255d-e929-40b2-b199-887b10969f89,Del Sur Cafe,Washington,DC,live_unclaimed,active,Food,Food,2016 P St NW in Dupont Circle,,,38.907200,-77.036900,Sat Aug 08 2026 00:00:00 GMT+0000 (Coordinated Universal Time)
3a0163ed-426d-434d-b2cf-c3ef2f4fc4d3,Dr. Adaeze Enekwechi — Pediatrics DC,Washington,DC,live_unclaimed,active,Health & Wellness,Pediatrics,2041 Georgia Ave NW,,,38.919700,-77.019900,Mon Aug 10 2026 00:00:00 GMT+0000 (Coordinated Universal Time)
30cfb1ac-9572-4e91-a320-6849402debed,"Dr. Joia Crear-Perry, MD — OB-GYN & Maternal Health Equity",Washington,DC,live_unclaimed,active,Health & Wellness,OB-GYN,1050 K St NW,,,38.901400,-77.028200,Mon Aug 10 2026 00:00:00 GMT+0000 (Coordinated Universal Time)
2999a4c2-7f1c-4316-ad92-b3edbf2f3e4d,Dukem Ethiopian Restaurant,Washington,DC,live_unclaimed,active,Food,Ethiopian,1114-1118 U St NW in the U Street Corridor (Little Ethiopia),,,38.907200,-77.036900,Sat Aug 08 2026 00:00:00 GMT+0000 (Coordinated Universal Time)
c3ee38bb-6268-44a2-8d2c-1838a8bf592a,Eighteenth Street Lounge,Washington,DC,live_unclaimed,active,Entertainment & Recreation,Lounge / Club,1212 18th St NW,https://eslmusic.com/esl-nightclub,,38.909000,-77.042400,Mon Aug 10 2026 00:00:00 GMT+0000 (Coordinated Universal Time)
b34f1274-7dc0-4d6f-9cbe-2913e68e3f58,El Tamarindo (Adams Morgan),Washington,DC,live_unclaimed,active,Food,Salvadoran / Mexican,1785 Florida Ave NW,,,38.920200,-77.042700,Tue Aug 11 2026 00:00:00 GMT+0000 (Coordinated Universal Time)
daeacedf-d21d-4527-be1f-40fee3ecb026,Ethiopian Community Mental Health Services,Washington,DC,live_unclaimed,active,Health & Wellness,Mental Health / Community Services,2600 16th St NW,,,38.925800,-77.036900,Tue Aug 11 2026 00:00:00 GMT+0000 (Coordinated Universal Time)
a2c4b60c-3e30-4ade-8b69-c1dd83c9f16a,Ethiopic Restaurant,Washington,DC,live_unclaimed,active,Food,Ethiopian,401 H St NE,https://ethiopicrestaurant.com,,38.900700,-76.997900,Tue Aug 11 2026 00:00:00 GMT+0000 (Coordinated Universal Time)
0914262f-4401-42a1-893e-ffb45099b3ce,Freedom Electric DC,Washington,DC,live_unclaimed,active,Professional Services,Electrical,2200 Alabama Ave SE,,,38.862800,-76.984100,Tue Aug 11 2026 00:00:00 GMT+0000 (Coordinated Universal Time)
1dbf43ba-27b0-4a8a-8bdb-6dcc54f9dba4,Georgia Avenue Tire & Auto,Washington,DC,live_unclaimed,active,Professional Services,Auto Repair,5500 Georgia Ave NW,,,38.961700,-77.024400,Tue Aug 11 2026 00:00:00 GMT+0000 (Coordinated Universal Time)
86500653-f133-4580-ac6f-992182437c1f,Go-Go Grub DC,Washington,DC,live_unclaimed,active,Food Trucks,Lunch,"1600 14th St NW, Washington, DC",,,38.917400,-77.031800,Thu Aug 13 2026 00:00:00 GMT+0000 (Coordinated Universal Time)
299709b1-581a-42b1-830c-97a925657848,Habesha Restaurant — Washington DC,Washington,DC,live_unclaimed,active,Food,Ethiopian,2134 Wyoming Ave NW,,,38.922500,-77.048900,Mon Aug 10 2026 00:00:00 GMT+0000 (Coordinated Universal Time)
68fa8104-4876-4a19-8fef-793217af2922,Hair by Kamaria,Washington,DC,live_unclaimed,active,Beauty & Personal Care,Hair Braiding,2100 M St NW,,,38.904700,-77.043000,Mon Aug 10 2026 00:00:00 GMT+0000 (Coordinated Universal Time)
3ba42bd1-d2e9-426c-94d3-22da2ecd6e44,Healing Roots Therapy — DC,Washington,DC,live_unclaimed,active,Health & Wellness,Mental Health Counseling,1400 L St NW Suite 400,,,38.903500,-77.033200,Tue Aug 11 2026 00:00:00 GMT+0000 (Coordinated Universal Time)
7f1cf34c-e6a8-4913-baa0-3b355ee92b3c,Hernandez Immigration Law — Columbia Heights,Washington,DC,live_unclaimed,active,Professional Services,Immigration Attorney,3220 14th St NW,,,38.930300,-77.032100,Tue Aug 11 2026 00:00:00 GMT+0000 (Coordinated Universal Time)
18a94e68-63e3-4d1a-bb04-e26bbe3eebd5,Howard Theatre,Washington,DC,live_unclaimed,active,Arts & Culture,Historic Music Venue,620 T St NW,https://thehowardtheatre.com,,38.917600,-77.021800,Mon Aug 10 2026 00:00:00 GMT+0000 (Coordinated Universal Time)
dbe30d88-f730-4970-b15d-a97b4e0c64ce,Howard University Andrew Rankin Memorial Chapel,Washington,DC,live_unclaimed,active,Faith & Spirituality,University Chapel,2395 6th St NW,https://chapel.howard.edu,,38.922000,-77.019600,Mon Aug 10 2026 00:00:00 GMT+0000 (Coordinated Universal Time)
35315909-69b5-4cc7-a909-0554b94c84c7,Howard University Hospital,Washington,DC,live_unclaimed,active,Health & Wellness,Hospital,2041 Georgia Ave NW,,,38.922000,-77.018800,Mon Aug 10 2026 00:00:00 GMT+0000 (Coordinated Universal Time)
e00ce787-e68f-4322-8d50-ecfc8e6896fe,H Street Country Club,Washington,DC,live_unclaimed,active,Entertainment & Recreation,Bar / Entertainment,1335 H St NE,https://hstreetcountryclub.com,,38.900000,-76.992800,Tue Aug 11 2026 00:00:00 GMT+0000 (Coordinated Universal Time)
8b02cf6d-132f-4a28-8da8-1cbd42d1895a,Industrial Bank,Washington,DC,live_unclaimed,active,Food,Food,"4812 Georgia Ave NW, Washington, DC 20011 (Headquarters) / Original location on U Street",,,38.907200,-77.036900,Sat Aug 08 2026 00:00:00 GMT+0000 (Coordinated Universal Time)
12,Iron & Thread Boutique,Washington,DC,permanently_hidden,active,Retail,Clothing & Fashion,1142 U St NW,ironandthread.com,(202) 555-0441,38.916700,-77.032600,Thu Jun 18 2026 00:00:00 GMT+0000 (Coordinated Universal Time)
43c68dac-de81-4510-a43f-5e0d3ca2604f,Joy of Motion Dance Center (DC),Washington,DC,live_unclaimed,active,Arts & Culture,Dance Education,1643 Connecticut Ave NW,https://joyofmotion.org,,38.916000,-77.046500,Tue Aug 11 2026 00:00:00 GMT+0000 (Coordinated Universal Time)
ffdbd413-b4f9-46fb-a3b0-41bb0292c270,KIPP DC Schools,Washington,DC,live_unclaimed,active,Children & Family,Charter School Network,2600 Virginia Ave NW,https://kippdc.org,,38.898600,-77.054500,Mon Aug 10 2026 00:00:00 GMT+0000 (Coordinated Universal Time)
9529bada-7f0a-42c4-a7dc-ec278c3359e7,La Clínica del Pueblo (DC),Washington,DC,live_unclaimed,active,Health & Wellness,Latino Community Health,2831 15th St NW,https://laclinica.org,,38.926800,-77.033300,Tue Aug 11 2026 00:00:00 GMT+0000 (Coordinated Universal Time)
e68de845-df31-42d1-8480-8320bc10bb48,La Cosecha Latin Market (DC),Washington,DC,live_unclaimed,active,Retail,Latin Market,1280 4th St NE,https://lacosechadc.com,,38.903800,-76.994900,Tue Aug 11 2026 00:00:00 GMT+0000 (Coordinated Universal Time)
719f475f-a679-4697-97f1-b79a7fccb901,Latino Tax Professionals DC,Washington,DC,live_unclaimed,active,Professional Services,Tax Preparation,3100 14th St NW,,,38.927500,-77.032400,Tue Aug 11 2026 00:00:00 GMT+0000 (Coordinated Universal Time)
1fc9d4dd-3335-4ca3-8982-f17deec6728b,Lawyers' Committee for Civil Rights Under Law,Washington,DC,live_unclaimed,active,Legal,Civil Rights Law,1500 K St NW,https://lawyerscommittee.org,,38.902600,-77.035300,Mon Aug 10 2026 00:00:00 GMT+0000 (Coordinated Universal Time)
a1d55a4d-58c7-48c7-a141-ab0d684ebdc4,Little Ethiopia Day School,Washington,DC,live_unclaimed,active,Childcare & Early Education,Cultural Daycare,2040 18th St NW,,,38.918400,-77.041900,Tue Aug 11 2026 00:00:00 GMT+0000 (Coordinated Universal Time)
253233a8-ac9a-4819-b79f-e2836c84c563,Loyalty Bookstores — DC,Washington,DC,live_unclaimed,active,Retail,Bookstore,2001 11th St NW,,,38.914400,-77.026300,Mon Aug 10 2026 00:00:00 GMT+0000 (Coordinated Universal Time)
01a91a6b-1d53-4b9e-95b5-707aa04055e2,MahoganyBooks,Washington,DC,live_unclaimed,active,Retail,Bookstore,1231 Good Hope Rd SE inside the Anacostia Arts Center,,,38.907200,-77.036900,Sat Aug 08 2026 00:00:00 GMT+0000 (Coordinated Universal Time)
cae5e6ed-e3cb-42c8-b813-928530a1e059,Maketto,Washington,DC,live_unclaimed,active,Food,Food,1351 H St NE in the H Street Corridor,,,38.907200,-77.036900,Sat Aug 08 2026 00:00:00 GMT+0000 (Coordinated Universal Time)
5d553bc0-574a-4641-ab21-b777c4ea8d54,"Malcolm X Park (Meridian Hill Park, DC)",Washington,DC,live_unclaimed,active,Entertainment & Recreation,Park / Cultural Site,16th St & W St NW,,,38.921800,-77.036500,Tue Aug 11 2026 00:00:00 GMT+0000 (Coordinated Universal Time)
1c28199a-81dc-48a6-a49a-4931d114d57e,Marvin Restaurant & Bar — U Street,Washington,DC,live_unclaimed,active,Food,Restaurant / Bar,2007 14th St NW,https://marvindc.com,,38.920000,-77.032200,Tue Aug 11 2026 00:00:00 GMT+0000 (Coordinated Universal Time)
c92aabb6-0035-48f3-a20b-b6ae3d989120,Mary's Center,Washington,DC,live_unclaimed,active,Health & Wellness,Community Health Center,2333 Ontario Rd NW,https://maryscenter.org,,38.924200,-77.045400,Tue Aug 11 2026 00:00:00 GMT+0000 (Coordinated Universal Time)
7b891524-1059-4a08-b73c-c26fdedffa19,Masjid Muhammad — The Nation's Mosque,Washington,DC,live_unclaimed,active,Faith & Spirituality,Islamic Center,1519 7th St NW,,,38.906000,-77.019600,Mon Aug 10 2026 00:00:00 GMT+0000 (Coordinated Universal Time)
1444d4f8-fe66-47e2-93c8-1df63f941401,Meaza Ethiopian Restaurant,Washington,DC,live_unclaimed,active,Food,Ethiopian,2429 18th St NW,,,38.922600,-77.040000,Tue Aug 11 2026 00:00:00 GMT+0000 (Coordinated Universal Time)
28,Meskel Ethiopian Kitchen,Washington,DC,permanently_hidden,active,Food,Coffee & Café,1834 Pennsylvania Ave SE,freebornroasters.com,(202) 555-2081,38.882400,-76.985900,Thu Jun 18 2026 00:00:00 GMT+0000 (Coordinated Universal Time)
f093db93-7e1e-4815-9636-1e0108d8d659,Metropolitan African Methodist Episcopal Church,Washington,DC,live_unclaimed,active,Faith & Spirituality,AME Church,1518 M St NW,https://metropolitaname.org,,38.903400,-77.035800,Mon Aug 10 2026 00:00:00 GMT+0000 (Coordinated Universal Time)
c924adee-9d68-4fd7-9976-3c4ee2dbf415,Metropolitan AME Church,Washington,DC,live_unclaimed,active,Faith & Spirituality,AME,1518 M St NW,,,38.905500,-77.036800,Mon Aug 10 2026 00:00:00 GMT+0000 (Coordinated Universal Time)
04fdbaf8-8561-40dd-a087-fdfc21fe6edc,Minority Business Contractors Association,Washington,DC,live_unclaimed,active,Services,General Contractor / Resource,2001 Martin Luther King Jr Ave SE,https://mbcainc.com,,38.856500,-76.988200,Mon Aug 10 2026 00:00:00 GMT+0000 (Coordinated Universal Time)
c9ca4f5a-573e-4ab0-9731-dee320211bf2,Mitsitam Native Foods Cafe,Washington,DC,live_unclaimed,active,Food,Indian,"4th St & Independence Ave SW on the National Mall, inside the National Museum of the American Indian",,,38.907200,-77.036900,Sat Aug 08 2026 00:00:00 GMT+0000 (Coordinated Universal Time)
25a8d149-c2af-456b-b3f5-c36675907ba3,Mosaic Theater Company of DC,Washington,DC,live_unclaimed,active,Arts & Culture,Theater,1333 H St NE,https://mosaictheater.org,,38.900600,-76.996600,Tue Aug 11 2026 00:00:00 GMT+0000 (Coordinated Universal Time)
5cb6b703-4ee5-4dd6-b401-b17d2a28d051,National Employment Law Project — DC Office,Washington,DC,live_unclaimed,active,Legal,Employment Law,1015 15th St NW,https://www.nelp.org,,38.902000,-77.035300,Mon Aug 10 2026 00:00:00 GMT+0000 (Coordinated Universal Time)
d9b40522-5887-4475-b197-d5fc69aaf597,National Museum of African American History and Culture,Washington,DC,live_unclaimed,active,Arts & Culture,National Museum,1400 Constitution Ave NW,https://nmaahc.si.edu,,38.891300,-77.032200,Mon Aug 10 2026 00:00:00 GMT+0000 (Coordinated Universal Time)
a5aa8a43-01bc-436a-9fb2-32498fa7ab2a,National Museum of African Art,Washington,DC,live_unclaimed,active,Arts & Culture,African Art Museum,950 Independence Ave SW,https://africa.si.edu,,38.888200,-77.027000,Mon Aug 10 2026 00:00:00 GMT+0000 (Coordinated Universal Time)
565f501b-d4cf-4c5e-ae2b-49156bd7d6a1,Natural Hair DC Salon & Studio,Washington,DC,live_unclaimed,active,Beauty & Personal Care,Natural Hair Salon,4008 Georgia Ave NW,,,38.939100,-77.019700,Mon Aug 10 2026 00:00:00 GMT+0000 (Coordinated Universal Time)
a29c2f09-d3b7-4226-be52-2b451e92bc2f,Nellie's Sports Bar,Washington,DC,live_unclaimed,active,Entertainment & Recreation,LGBTQ Bar & Lounge,900 U St NW,https://www.nelliessportsbar.com,,38.917000,-77.028200,Mon Aug 10 2026 00:00:00 GMT+0000 (Coordinated Universal Time)
be11d330-8133-4251-ad08-b46eda748e03,Nineteenth Street Baptist Church,Washington,DC,live_unclaimed,active,Faith & Spirituality,Baptist,4606 16th St NW,,,38.944800,-77.036500,Mon Aug 10 2026 00:00:00 GMT+0000 (Coordinated Universal Time)
adc70d1c-07ff-494c-9bee-db58ef8d3dd5,Nineteenth Street Baptist Church (DC),Washington,DC,live_unclaimed,active,Faith & Spirituality,Baptist Church,4321 16th St NW,https://nineteenth-st-bc.org,,38.950700,-77.036900,Tue Aug 11 2026 00:00:00 GMT+0000 (Coordinated Universal Time)
11ed686c-f2ec-441c-9305-5b4cc64e60ca,Pan African Kitchen DC,Washington,DC,live_unclaimed,active,Food Trucks,Lunch & Dinner,"800 Florida Ave NW, Washington, DC",,,38.919200,-77.017500,Thu Aug 13 2026 00:00:00 GMT+0000 (Coordinated Universal Time)
2b9b5f06-6e8f-41f8-8f99-20c20a61845b,Petworth Coin Laundry,Washington,DC,live_unclaimed,active,Home Services,Laundromat,715 Upshur St NW,,,38.943600,-77.025800,Thu Aug 13 2026 00:00:00 GMT+0000 (Coordinated Universal Time)
c72fc12d-9d16-4dc7-b6f7-1bfc93059c11,Petworth Community Dispensary,Washington,DC,live_unclaimed,active,Cannabis & Dispensary,Cannabis Dispensary,"730 Upshur St NW, Washington, DC",,,38.943700,-77.025800,Thu Aug 13 2026 00:00:00 GMT+0000 (Coordinated Universal Time)
5ece72a0-11ca-4692-8928-8f5fb181d176,Petworth Dental Group,Washington,DC,live_unclaimed,active,Health & Wellness,Dental,4213 Georgia Ave NW,,,38.943100,-77.023100,Tue Aug 11 2026 00:00:00 GMT+0000 (Coordinated Universal Time)
1422fb9a-439d-4b5d-b76e-fe89da56c8be,Platinum Cuts Barbershop DC,Washington,DC,live_unclaimed,active,Beauty & Personal Care,Barbershop,3201 14th St NW,,,38.934000,-77.031800,Mon Aug 10 2026 00:00:00 GMT+0000 (Coordinated Universal Time)
05760019-9947-49f5-be4f-8dbe1cf947f4,Purple Patch,Washington,DC,live_unclaimed,active,Food,Filipino,3155 Mt Pleasant St NW in Mount Pleasant,,,38.907200,-77.036900,Sat Aug 08 2026 00:00:00 GMT+0000 (Coordinated Universal Time)
72b7f053-120e-4418-93a0-f9165e4bac02,Raeesah Hightower Law — Family Law,Washington,DC,live_unclaimed,active,Legal,Family Law,1150 Connecticut Ave NW,,,38.906000,-77.043700,Mon Aug 10 2026 00:00:00 GMT+0000 (Coordinated Universal Time)
16b13bab-2731-4b1c-a6e6-df7aa8afbf56,Roots Activity Learning Center,Washington,DC,live_unclaimed,active,Children & Family,Early Childhood Education,4714 Georgia Ave NW,,,38.948700,-77.022900,Mon Aug 10 2026 00:00:00 GMT+0000 (Coordinated Universal Time)
4,Roots & Culture Bookstore,Washington,DC,permanently_hidden,active,Retail,Books & Media,2124 Georgia Ave NW,rootsandculturebooks.com,(202) 555-0419,38.918600,-77.017800,Thu Jun 18 2026 00:00:00 GMT+0000 (Coordinated Universal Time)
b4e9627f-8681-4aa6-9f46-ea69bf48648f,Roots Learning Center — Washington DC,Washington,DC,live_unclaimed,active,Education,Childcare / Daycare,724 Kennedy St NW,,,38.955300,-77.028700,Mon Aug 10 2026 00:00:00 GMT+0000 (Coordinated Universal Time)
ed0e1698-fa87-4c83-a171-5b8d8835f032,Sacred Skin Tattoo — Washington DC,Washington,DC,live_unclaimed,active,Beauty & Personal Care,Tattoo Studio,1700 7th St NW,,,38.913700,-77.022900,Mon Aug 10 2026 00:00:00 GMT+0000 (Coordinated Universal Time)
38f888bf-e5b6-41ae-9d52-16caa1591321,Shaw Community Child Development Center,Washington,DC,live_unclaimed,active,Childcare & Early Education,Daycare / Head Start,1515 9th St NW,,,38.910600,-77.022400,Tue Aug 11 2026 00:00:00 GMT+0000 (Coordinated Universal Time)
531bc3a2-b142-4b25-8a58-95ccd5f76333,Shiloh Baptist Church DC,Washington,DC,live_unclaimed,active,Faith & Spirituality,Baptist Church,1500 9th St NW,https://shilohbaptist.org,,38.909700,-77.022600,Mon Aug 10 2026 00:00:00 GMT+0000 (Coordinated Universal Time)
f47b1654-9b12-436a-9f9b-12f392baaf1e,Silk Lounge DC,Washington,DC,live_unclaimed,active,Food,Restaurants,1503 9th St. NW,,,38.915200,-77.022400,Sun Aug 09 2026 00:00:00 GMT+0000 (Coordinated Universal Time)
26fd5bce-6d14-44c5-9ffd-ad948809b6fa,Skin of Color Society — Dermatology Practice Network,Washington,DC,live_unclaimed,active,Health & Wellness,Dermatology,1211 Connecticut Ave NW,https://www.skinofcolorsociety.org,,38.907300,-77.043200,Mon Aug 10 2026 00:00:00 GMT+0000 (Coordinated Universal Time)
6bcf3447-0f61-4f49-983e-55b208b063f4,Souk,Washington,DC,live_unclaimed,active,Food,Caribbean,705 8th St SE in the Capitol Hill/Barracks Row area,,,38.907200,-77.036900,Sat Aug 08 2026 00:00:00 GMT+0000 (Coordinated Universal Time)
534ac5cc-5bfa-4332-9fec-5c755cb72475,Southeast DC Auto Care,Washington,DC,live_unclaimed,active,Professional Services,Auto Repair,2410 Branch Ave SE,,,38.853500,-76.977800,Tue Aug 11 2026 00:00:00 GMT+0000 (Coordinated Universal Time)
0dbc9af8-c1bb-4c75-8704-593e29f32c1a,Taqueria Habanero (Columbia Heights),Washington,DC,live_unclaimed,active,Food,Mexican,3713 14th St NW,,,38.934500,-77.032000,Tue Aug 11 2026 00:00:00 GMT+0000 (Coordinated Universal Time)
6a8bd12f-74b6-4310-bbfe-9117bd945ec0,The Anthem DC,Washington,DC,live_unclaimed,active,Entertainment & Recreation,Live Music Venue,901 Wharf St SW,https://theanthemdc.com,,38.878400,-77.018500,Mon Aug 10 2026 00:00:00 GMT+0000 (Coordinated Universal Time)
4fa418ab-f069-4cc7-ba82-d9c85f39f19e,THEARC — Town Hall Education Arts Recreation Campus,Washington,DC,live_unclaimed,active,Children & Family,Youth & Family Center,1901 Mississippi Ave SE,https://thearcdc.org,,38.842500,-76.993200,Mon Aug 10 2026 00:00:00 GMT+0000 (Coordinated Universal Time)
4a46c380-303d-4163-afe6-9865b6830645,The Braid Bar — DC,Washington,DC,live_unclaimed,active,Beauty & Personal Care,Braiding Salon,1838 7th St NW,,,38.918600,-77.021000,Mon Aug 10 2026 00:00:00 GMT+0000 (Coordinated Universal Time)
d4ed46ee-4ead-4dfd-8f07-07e6cd2632a2,The Grill From Ipanema,Washington,DC,live_unclaimed,active,Food,Brazilian,1858 Columbia Rd NW in Adams Morgan,,,38.907200,-77.036900,Sat Aug 08 2026 00:00:00 GMT+0000 (Coordinated Universal Time)
3dfb76df-ee5d-43a1-9625-5ae28a6b6ec5,The Spice Suite,Washington,DC,live_unclaimed,active,Retail,Retail,6902 4th St NW in the Takoma neighborhood,,,38.907200,-77.036900,Sat Aug 08 2026 00:00:00 GMT+0000 (Coordinated Universal Time)
5a2e0469-4886-487d-a339-1bdf71f745ac,Thip Khao,Washington,DC,live_unclaimed,active,Food,Lao,3462 14th St NW,https://thipkhao.com,,38.931700,-77.031800,Tue Aug 11 2026 00:00:00 GMT+0000 (Coordinated Universal Time)
24e11973-a30c-4812-9afa-68933c4b389c,Tropicalia — Latino Nightlife DC,Washington,DC,live_unclaimed,active,Entertainment & Recreation,Latin Nightclub / Bar,2001 18th St NW,,,38.918100,-77.042000,Tue Aug 11 2026 00:00:00 GMT+0000 (Coordinated Universal Time)
c460c5b0-9689-4e71-9187-a76038961109,Ujima Financial Group DC,Washington,DC,live_unclaimed,active,Professional Services,Financial Advisor,1875 Connecticut Ave NW,,,38.928500,-77.061800,Mon Aug 10 2026 00:00:00 GMT+0000 (Coordinated Universal Time)
9ddaec52-7528-43a1-b7be-cdc638db770d,Unity Health Care DC,Washington,DC,live_unclaimed,active,Health & Wellness,Community Health Center,3020 14th St NW,,,38.928900,-77.031800,Mon Aug 10 2026 00:00:00 GMT+0000 (Coordinated Universal Time)
59c2f3cd-c13a-4d95-840f-1995065ecf0d,Unity Health Care — DC Primary Care,Washington,DC,live_unclaimed,active,Health & Wellness,Primary Care,3020 14th St NW,https://www.unityhealthcare.org,,38.929700,-77.032700,Mon Aug 10 2026 00:00:00 GMT+0000 (Coordinated Universal Time)
c29873eb-a027-4067-b6db-50236db1a75f,U Street Collective,Washington,DC,live_unclaimed,active,Cannabis & Dispensary,Cannabis Dispensary,"1420 U St NW, Washington, DC",,,38.917700,-77.032100,Thu Aug 13 2026 00:00:00 GMT+0000 (Coordinated Universal Time)
c6642935-4de9-4b63-a722-2bc3db35ced1,U Street Dental & Wellness,Washington,DC,live_unclaimed,active,Health & Wellness,Dental,1840 14th St NW,,,38.918800,-77.032000,Tue Aug 11 2026 00:00:00 GMT+0000 (Coordinated Universal Time)
0807c094-639a-4d26-a374-094b20247338,U Street Music Hall — Washington DC,Washington,DC,live_unclaimed,active,Entertainment & Recreation,Music Venue,1115 U St NW,,,38.916900,-77.031000,Mon Aug 10 2026 00:00:00 GMT+0000 (Coordinated Universal Time)
0a6402a8-9af8-4d25-8783-b099c8134220,VSA Arts — Kennedy Center Affiliate DC,Washington,DC,live_unclaimed,active,Arts & Culture,Accessibility & Disability Arts,2700 F St NW,https://www.kennedy-center.org/education/vsa/,,38.896300,-77.056700,Mon Aug 10 2026 00:00:00 GMT+0000 (Coordinated Universal Time)
ab6c7606-1328-4467-99de-6ce8d4bc68cc,Ward 8 Tax & Financial Services,Washington,DC,live_unclaimed,active,Professional Services,Tax Preparation,2022 Martin Luther King Jr Ave SE,,,38.869300,-76.996400,Tue Aug 11 2026 00:00:00 GMT+0000 (Coordinated Universal Time)
4c9e6ebb-699f-4418-8aa2-3458a6fbcb3a,Williams Legacy Law — Estate Planning,Washington,DC,live_unclaimed,active,Legal,Estate Planning,1200 G St NW,,,38.898400,-77.029900,Mon Aug 10 2026 00:00:00 GMT+0000 (Coordinated Universal Time)
fd30a369-f302-4ad2-9362-c4a86aa2ee8a,Wright Immigration Law — DC,Washington,DC,live_unclaimed,active,Professional Services,Immigration Attorney,1120 Connecticut Ave NW,,,38.905600,-77.043300,Mon Aug 10 2026 00:00:00 GMT+0000 (Coordinated Universal Time)
6639e8ae-6c8f-480a-99fe-85ab101d8c70,Zaytinya,Washington,DC,live_unclaimed,active,Food,Middle Eastern,701 9th St NW in Penn Quarter,,,38.907200,-77.036900,Sat Aug 08 2026 00:00:00 GMT+0000 (Coordinated Universal Time)
aabfd6c5-5bc1-474a-8380-fc2edda88851,Balkan Treat Box,Webster Groves,MO,live_unclaimed,active,Food,Food,"Webster Groves, St. Louis, MO",,,38.590100,-90.352900,Sat Aug 08 2026 00:00:00 GMT+0000 (Coordinated Universal Time)
e106ff22-8a70-41b0-beae-85831bd6ad51,Ko Cha Korean Restaurant,West Ashley,SC,live_unclaimed,active,Food,Korean,"West Ashley, Charleston, SC",,,32.789000,-80.050000,Sat Aug 08 2026 00:00:00 GMT+0000 (Coordinated Universal Time)
565b1225-89d3-4eb1-a892-177c0b28fbf1,Mazal Mediterranean Street Food,West Ashley,SC,live_unclaimed,active,Food,Middle Eastern,"West Ashley, Charleston, SC",,,32.789000,-80.050000,Sat Aug 08 2026 00:00:00 GMT+0000 (Coordinated Universal Time)
81493564-e5f4-4116-a78a-b71c3b45d4a6,Taste of the Islands,West Ashley,SC,live_unclaimed,active,Food,Caribbean,"West Ashley, Charleston, SC",,,32.789000,-80.050000,Sat Aug 08 2026 00:00:00 GMT+0000 (Coordinated Universal Time)
00aeb186-8286-4454-8c7e-8f3af5eaa79b,Chaldean Community Foundation,West Bloomfield,MI,live_unclaimed,active,Community Organizations,Ethnic Community Services,31555 W 14 Mile Rd,https://chaldeancommunity.org,,42.542600,-83.381400,Tue Aug 11 2026 00:00:00 GMT+0000 (Coordinated Universal Time)
1a89a4d9-f80c-4225-8d7e-71e9582283b1,Brookland Baptist Church,West Columbia,SC,live_unclaimed,active,Faith & Spirituality,Baptist,1066 Sunset Blvd,,,33.983800,-81.115600,Mon Aug 10 2026 00:00:00 GMT+0000 (Coordinated Universal Time)
c7b94694-7500-45e6-890c-1c076439e480,Chayz Lounge,West Columbia,SC,live_unclaimed,active,Arts & Culture,Arts & Culture,"607 Meeting St, West Columbia, SC 29169",,,33.993500,-81.099800,Sat Aug 08 2026 00:00:00 GMT+0000 (Coordinated Universal Time)
d107aa43-6e62-493c-b1ee-66da33d5a7fb,New Brookland Tavern — Columbia,West Columbia,SC,live_unclaimed,active,Entertainment & Recreation,Bar / Live Music,122 State St,https://newbrooklandtavern.com,,33.999100,-81.098200,Tue Aug 11 2026 00:00:00 GMT+0000 (Coordinated Universal Time)
62ef60de-a3c4-449a-9767-1e7758f5e729,Palmetto Health Richland Community Medicine,West Columbia,SC,live_unclaimed,active,Health & Wellness,Primary Care,3 Columbia Medical Pl,,,33.997600,-81.104300,Mon Aug 10 2026 00:00:00 GMT+0000 (Coordinated Universal Time)
030379c9-5bb9-4629-835b-2a6d1c4a2152,Arepas Bar — Venezuelan Kitchen,West Hollywood,CA,live_unclaimed,active,Food,Venezuelan,7955 Santa Monica Blvd,,,34.090500,-118.361400,Tue Aug 11 2026 00:00:00 GMT+0000 (Coordinated Universal Time)
dffd99d6-04d2-4e19-be6b-271118aa7287,Bossa Nova Brazilian Cuisine,West Hollywood,CA,live_unclaimed,active,Food,Brazilian,685 N Robertson Blvd,https://bossafood.com,,34.089500,-118.378300,Tue Aug 11 2026 00:00:00 GMT+0000 (Coordinated Universal Time)
f316dd33-b123-4a45-83e6-db52a60f5f91,Vietnamese Community of Southern California,Westminster,CA,live_unclaimed,active,Community Organizations,Vietnamese Community,9121 Bolsa Ave,,,33.750200,-117.994000,Tue Aug 11 2026 00:00:00 GMT+0000 (Coordinated Universal Time)
522d0b95-843e-4c1e-9db4-58e9410baef9,Greek Kitchen Phuket,Wichit,,live_unclaimed,active,Food,Mediterranean Restaurant,93/5 Soi Yot Sane 1,https://greekkitchenphuket.com,,7.828500,98.317500,Mon Aug 10 2026 00:00:00 GMT+0000 (Coordinated Universal Time)
419cb2f2-a19c-429d-a06a-ebf8d366080a,Phuket Upside Down House,Wichit,,live_unclaimed,active,Arts & Culture,Attraction / Experience,"Chao Fah Tawan Tok Road, Wichit",,,7.875600,98.356300,Mon Aug 10 2026 00:00:00 GMT+0000 (Coordinated Universal Time)
87496378-722c-40de-aabb-8a64a8eb2798,1BCC Church,Willow Grove,PA,live_unclaimed,active,Faith & Spirituality,Church / House of Worship,1678 Fairview Ave,https://1bcc.org,,40.142100,-75.116800,Mon Aug 10 2026 00:00:00 GMT+0000 (Coordinated Universal Time)
300edc67-76e3-4334-b4b3-458fffc7b03e,Aunt Vonda's Kitchen Table,Willow Grove,PA,live_unclaimed,active,Food,Food,Willow Grove area,,,40.143400,-75.115700,Sat Aug 08 2026 00:00:00 GMT+0000 (Coordinated Universal Time)
a53414b4-fcef-4a23-965b-800e1ae5a8f4,Cancer Fighting Lawn Care,Willow Grove,PA,live_unclaimed,active,Home & Trades,General Contractor,"Willow Grove, PA 19090",,,40.144000,-75.115700,Wed Aug 12 2026 00:00:00 GMT+0000 (Coordinated Universal Time)
bb97e1ae-9b95-42c9-88d1-bae5035e82fc,I SAW Visions,Willow Grove,PA,live_unclaimed,active,Retail,Retail,"York Road, Upper Moreland / Willow Grove area",,,40.143400,-75.115700,Sat Aug 08 2026 00:00:00 GMT+0000 (Coordinated Universal Time)
e435ec3f-3fed-4d06-ada2-315c8bae493f,McKinley Missionary Baptist Church,Willow Grove,PA,live_unclaimed,active,Faith & Spirituality,Church / House of Worship,214 Cedar Ave,https://www.mckinleymbc.com,,40.144800,-75.114800,Mon Aug 10 2026 00:00:00 GMT+0000 (Coordinated Universal Time)
8f8b7410-3d02-428f-9519-53163d42e60d,North Penn Tax & Financial Services,Willow Grove,PA,live_unclaimed,active,Professional Services,Tax Preparation / Financial Services,1890 Easton Rd Suite 100,,,40.145200,-75.121200,Tue Aug 11 2026 00:00:00 GMT+0000 (Coordinated Universal Time)
fdd15a3c-2a87-45c3-add3-8686cb5f086e,Philly Shared,Willow Grove,PA,live_unclaimed,active,Retail,Retail,"Willow Grove Park Mall, 2500 W Moreland Rd, Willow Grove, PA 19090 (Level 1)",,,40.143400,-75.115700,Sat Aug 08 2026 00:00:00 GMT+0000 (Coordinated Universal Time)
ec0c9b4b-3093-48cb-b06d-c1775b39a56d,Seven Seas Mediterranean Seafood,Willow Grove,PA,live_unclaimed,active,Food,Food,Near Willow Grove Park Mall,,,40.143400,-75.115700,Sat Aug 08 2026 00:00:00 GMT+0000 (Coordinated Universal Time)
f9d2cb1c-2798-4eea-9749-c899316624d1,Williano's Detailing,Willow Grove,PA,live_unclaimed,active,Automotive,Auto Repair,"Willow Grove, PA 19090",,,40.144000,-75.115700,Wed Aug 12 2026 00:00:00 GMT+0000 (Coordinated Universal Time)
d227db9f-22b6-4ec7-942f-4f7178a35f96,Willow Grove Bar & Grill — Live R&B,Willow Grove,PA,live_unclaimed,active,Entertainment & Recreation,Bar / R&B Venue,2218 Easton Rd,,,40.147800,-75.119500,Tue Aug 11 2026 00:00:00 GMT+0000 (Coordinated Universal Time)
f7363bef-573c-4dee-af97-8536fa22e214,Willow Grove Comprehensive Dental,Willow Grove,PA,live_unclaimed,active,Health & Wellness,Dental,2430 Maryland Rd,,,40.149100,-75.116200,Tue Aug 11 2026 00:00:00 GMT+0000 (Coordinated Universal Time)
74983db5-ce10-4ea6-9f5f-15ebccc019a3,Willow Grove Family Learning Center,Willow Grove,PA,live_unclaimed,active,Childcare & Early Education,Daycare,1210 Easton Rd,,,40.146500,-75.119800,Tue Aug 11 2026 00:00:00 GMT+0000 (Coordinated Universal Time)
201399e9-21a1-4fbc-8ac8-3a0ec4650d35,Ihawan Filipino Restaurant (Woodside),Woodside,NY,live_unclaimed,active,Food,Filipino,40-06 70th St,,,40.750000,-73.902500,Tue Aug 11 2026 00:00:00 GMT+0000 (Coordinated Universal Time)
c8b6a9b1-3ae2-4e9a-9c51-6ec476ca9df5,Sripraphai Thai Restaurant (Woodside),Woodside,NY,live_unclaimed,active,Food,Thai,64-13 39th Ave,,,40.745500,-73.906200,Tue Aug 11 2026 00:00:00 GMT+0000 (Coordinated Universal Time)
