id,name,city,state,country,category,source_url
007bc024-71f2-5bf3-aa08-6e9531175414,Rainforest Taxi and Tours,Trafalgar,Dominica,Dominica,Tour / Transportation,https://www.caribbeangreenbook.com/businesses
00cf5d90-f109-5253-8bcc-f9b25528450a,Lou Moon Lodge,Axim,Ghana,Ghana,Eco Resort,https://www.sarajabril.com/black-owned-hotels-rentals
0106b08f-0d42-5d8b-abaa-ad32e4c49d97,Mukanya Creations,Cape Town / Hout Bay,South Africa,South Africa,Leather Goods / Retail,https://www.viator.com/en-GB/blog/Ice-Cream-Maker-Tapiwa-Guhzas-Guide-to-Black-Owned-Cape-Town/l98766
01110f5a-6683-5f0a-b3ca-9257ac3ac6fb,Agrikol,Montréal,Canada,Canada,Food,https://www.mtlblog.com/montreal/some-of-montreals-black-owned-restaurants-that-you-can-order-from-right-now
021cff8c-1468-5088-9b1f-9ab7feef1315,Juliette's Lodge Hotel,Vieux Fort,Saint Lucia,Saint Lucia,Hotel,https://blackhotelguide.com/location/caribbean/
021f2826-eec5-5db1-b54f-47811a6752ab,Lumiere Braidscape,Bangkok,Thailand,Thailand,Hair / Beauty,https://theafrodao.com/best-barbershops-black-hair-salons-bangkok/
0234ad58-8660-51fc-9958-64ca1ee97ad2,Loud by Afiya,Port of Spain,Trinidad and Tobago,Trinidad and Tobago,Fashion / Retail,https://www.caribbeangreenbook.com/businesses
024815b3-878e-569d-a70b-97caac78687d,La Floria Cape Town,Cape Town,South Africa,South Africa,Cafe,https://www.reddit.com/r/blacktravel/comments/1v20356/for_anyone_looking_to_support_blackowned/
024d6916-6047-545c-8f55-0e1b50b7ba20,Natural Nation,Amsterdam,Netherlands,Netherlands,Hair / Beauty,https://trippin.world/guide/pattas-guide-to-black-owned-businesses-in-amsterdam
0253c322-2e86-5eb4-b80c-ae76c52b273a,Island Inn Barbados,Bridgetown,Barbados,Barbados,Hotel,https://blackhotelguide.com/location/caribbean/
02647c63-92e4-5018-b241-633c38f3440e,Peta Odini,St. Vincent,Saint Vincent and the Grenadines,Saint Vincent and the Grenadines,Fashion / Retail,https://www.caribbeangreenbook.com/businesses
02c19953-f6eb-527b-a440-e1a896691fc3,Mesa Kreol,Lisbon,Portugal,Portugal,Food,https://www.tripadvisor.com/Restaurants-g189158-c1-Lisbon_Lisbon_District_Central_Portugal.html
02c7a8ee-2f78-5cc2-9924-df91d109721d,Le Paris Noir,Paris,France,France,Tour / Experience,https://lavielocale.com/blog/2020/6/5/local-guide-to-x-black-owned-businesses-to-support-in-paris
02dae9d8-25b9-5705-a316-3e96eedcb069,Laakam Ristorante,Milan,Italy,Italy,Food,https://www.tripadvisor.com/Restaurants-g187849-c1-Milan_Lombardy.html
03012935-2876-5e3b-bf6f-54e2a6f292f3,Love bar Milano,Milan,Italy,Italy,Bar,https://www.tripadvisor.com/Restaurants-g187849-c1-Milan_Lombardy.html
031c2887-5276-54ba-9810-71f906d3627b,Baobab Copenhagen,Copenhagen,Denmark,Denmark,Food,https://www.tripadvisor.com/Restaurants-g189541-c1-Copenhagen_Zealand.html
03249a92-7c6d-5b18-885f-cce1febc4451,Turtle Bay — Southampton,Southampton,United Kingdom,United Kingdom,Restaurant / Bar,https://candaceabroad.com/black-owned-businesses-in-london/
035ff8f8-2aeb-540b-bc8d-f00a904d0ecd,Peduase Valley Resort,Aburi,Ghana,Ghana,Resort,https://www.sarajabril.com/black-owned-hotels-rentals
036bc2fa-6f7a-57f0-b490-23cab8f4c286,Finca Aleli,Las Marías,Puerto Rico,Puerto Rico,Farm / Retreat,https://www.caribbeangreenbook.com/businesses
037bcc83-e227-597d-9453-635e64a256f7,Labyrinth Bar,Amsterdam,Netherlands,Netherlands,Bar / Restaurant,https://www.lilywanderlust.com/blog/2020/10/black-owned-amsterdam-city-guide
038d3263-4244-5a28-b4ac-b304f29122dd,South Gap Hotel,St. Lawrence Gap,Barbados,Barbados,Hotel,https://blackhotelguide.com/location/caribbean/
03aed828-b80f-56e5-916c-69c5fcfaf563,Naijasnackhub,Edmonton North,Canada,Canada,Food / Retail,https://bbedm.ca/
03bbbfb8-a450-5212-935e-530ed3863dfb,Mango Bay,Montréal,Canada,Canada,Food,https://www.mtlblog.com/montreal/some-of-montreals-black-owned-restaurants-that-you-can-order-from-right-now
03ca8c1b-db37-5f0d-b37a-36d945816c88,KLM Reverie,Rodney Bay,Saint Lucia,Saint Lucia,Fashion / Retail Collective,https://www.caribbeangreenbook.com/businesses
03fe5877-40e7-5aa6-a417-8b7f921f81f6,Admiral's Inn and Gunpowder Suites,English Harbour,Antigua and Barbuda,Antigua and Barbuda,Historic Hotel,https://blackhotelguide.com/location/caribbean/
04e94892-da08-54b3-89dd-90f77ae63a6e,FLORENVILLA,Babonneau,Saint Lucia,Saint Lucia,Vacation Rental,https://www.caribbeangreenbook.com/businesses
05606652-190f-5762-ae83-273449ad479b,Habesha Cravings,Edmonton,Canada,Canada,Food,https://bbedm.ca/all-listings/
056ab752-12df-584f-b765-0df1189664c9,Volcan Vegan,St. George's,Grenada,Grenada,Restaurant / Chef,https://www.caribbeangreenbook.com/businesses
0589c055-5517-5703-924f-c4dbabfd612b,Africart Madrid,Madrid,Spain,Spain,Gallery / Retail,https://travelnoire.com/how-to-spend-48-hours-in-black-owned-madrid
05971347-1230-5acd-8f26-11ce3db9f0f7,Eden Spa & Beauty,Bali / Seminyak,Indonesia,Indonesia,Wellness,https://www.google.com/maps/search/?api=1&query=Eden+Spa+Beauty+Seminyak+Bali
05a9c9ca-29c8-5cb2-861f-4ed30ff3e525,Infinity on the Beach,St. Lawrence Gap,Barbados,Barbados,Hotel,https://blackhotelguide.com/location/caribbean/
0628b1fa-e0d7-53b2-9cc9-480ead051a22,Galerie 127,Paris,France,France,Gallery,https://parisjetaime.com/eng/article/african-and-caribbean-cultures-what-to-do-in-paris-a1851
06305ced-1332-5fe5-b60e-475cc9c4e1ad,Harmony Villas,Pont Casse,Dominica,Dominica,Villa / B&B,https://www.caribbeangreenbook.com/businesses
0654beb4-f2f0-5637-9246-405c890a2532,Mary’s Brigadeiro — Chef's Hall,Toronto,Canada,Canada,Bakery / Sweets,https://www.destinationtoronto.com/leisure-blog/post/black-owned-businesses-toronto/amp/
065c9267-eaf8-58dd-a32d-7c1543c15139,Nual Africa Salon,Bangkok,Thailand,Thailand,Hair / Beauty,https://theafrodao.com/best-barbershops-black-hair-salons-bangkok/
067e6237-2b50-5f89-bc20-fef0f0e6d51b,Rue d’Alger,Amsterdam / Oud-West,Netherlands,Netherlands,Food,https://www.google.com/search?q=Rue+dAlger+Amsterdam
071fed94-93aa-535b-acd5-831f3030944e,Fuata Moyo,Cape Town,South Africa,South Africa,Fashion / Retail,https://www.viator.com/en-GB/blog/Ice-Cream-Maker-Tapiwa-Guhzas-Guide-to-Black-Owned-Cape-Town/l98766
074933ef-fb65-59e0-bb03-3c4314180a0b,Paradise Cove Resort Anguilla,Anguilla,Anguilla,Anguilla,Resort,https://blackhotelguide.com/celebrating-black-owned-lodging-hotels-resorts-bbs/
075fa131-b21c-5595-ac2d-39c930e3f33c,Axé Home,Salvador / Pelourinho,Brazil,Brazil,Guesthouse,https://blackhotelguide.com/location/south-america/
0781ea8f-d307-597b-a2b5-71de831b45a4,Celegant Beauty/Celegant Hair Edmonton,Edmonton South,Canada,Canada,Hair / Beauty / Retail,https://bbedm.ca/
07842bc0-48ac-5498-a21d-7b5183f4376c,Caked by Catherine,Edinburgh,United Kingdom,United Kingdom,Bakery,https://www.lgbthealth.org.uk/wp-content/uploads/2020/06/BLM-Resource-Guide.pdf
079aad44-e072-5ce1-90f1-b2140ae6c653,The Ambassador,Bangkok,Thailand,Thailand,Hair / Beauty,https://theafrodao.com/best-barbershops-black-hair-salons-bangkok/
0837cfcf-8968-518e-a975-a302d2e53dad,QIIM,Copenhagen,Denmark,Denmark,Shopping & Retail,https://www.scandinaviastandard.com/a-guide-to-black-owned-businesses-to-support-in-scandinavia/
08666dcc-fd22-51a8-8869-9d5326a533b0,Passions Bar and Grill,Nevis,Saint Kitts and Nevis,Saint Kitts and Nevis,Restaurant / Bar,https://www.caribbeangreenbook.com/businesses
08707322-311a-5d8f-91de-45b6c0a1d185,Mambo,Lisbon,Portugal,Portugal,Food,https://www.tripadvisor.com/Restaurants-g189158-c1-Lisbon_Lisbon_District_Central_Portugal.html
0880a3dc-0258-5d2e-ab12-f40831b772aa,Turtle Bay — Manchester NQ,Manchester NQ,United Kingdom,United Kingdom,Restaurant / Bar,https://candaceabroad.com/black-owned-businesses-in-london/
0888e365-a7f7-5511-a8fe-54be2fe4d090,AA Franco Taxi Service,Barbados,Barbados,Barbados,Automotive & Transportation,https://www.caribbeangreenbook.com/businesses
08935d07-4167-5402-bc5a-4b58e256c8a8,Plain,Vienna,Austria,Austria,Food,https://viennawurstelstand.com/article/the-black-owned-businesses-in-vienna-that-you-need-to-check-out-now/
089cde52-31fd-5095-8a01-411919aa2e76,Jaanchie's Restaurant,Westpunt,Curaçao,Curaçao,Food,https://www.caribbeangreenbook.com/businesses
08a076de-c7d9-5710-97bd-9fab7652526a,Oliveira's,Lisbon,Portugal,Portugal,Food,https://www.tripadvisor.com/Restaurants-g189158-c1-Lisbon_Lisbon_District_Central_Portugal.html
0917a068-acf3-592d-b750-db8449011dba,Common Ground Bequia,Bequia,Saint Vincent and the Grenadines,Saint Vincent and the Grenadines,Retail Collective,https://www.caribbeangreenbook.com/businesses
091e6dd9-0506-50e2-bfdc-2859c08b8443,The Caribbean Housewife,Copenhagen,Denmark,Denmark,Food Business / Seasonal Shop,https://www.scandinaviastandard.com/a-guide-to-black-owned-businesses-to-support-in-scandinavia/
094366f7-9184-5e93-9ec9-0b5399e79f92,Condado Palm Inn San Juan,Condado / San Juan,Puerto Rico,Puerto Rico,Hotel,https://blackhotelguide.com/location/puerto-rico/
09aecab8-eb1b-51fd-a329-669dbedb7531,Gursha,Dublin,Ireland,Ireland,Food,https://travelnoire.com/black-owned-businesses-ireland
0ad63b74-f6e9-5a0d-b4eb-3dccfc112d1f,Three Little Birds Brixton,London,United Kingdom,United Kingdom,Food,https://www.blackeatsldn.com/directory/
0aed139b-d33e-546f-9f61-816e3fe5c4d0,Fruitiez by Natures Flavors,Roseau,Dominica,Dominica,Food / Beverage,https://www.caribbeangreenbook.com/businesses
0b299820-b3d9-5661-8f2a-15eb0456d4cd,Little Arches Boutique Hotel,Christ Church,Barbados,Barbados,Boutique Hotel,https://blackhotelguide.com/location/caribbean/
0b52e3f6-e1b4-5af0-b5d6-57fe557b5447,Dancing Yogini Paris,Paris,France,France,Wellness / Experience,https://lavielocale.com/blog/2020/6/5/local-guide-to-x-black-owned-businesses-to-support-in-paris
0b82a13a-3279-54ea-82fc-cd7e57d06231,Sugar Bay Barbados,Bridgetown / Hastings,Barbados,Barbados,Resort,https://blackhotelguide.com/location/caribbean/
0b907587-83b9-5b7f-8b44-871b1d4da3fd,The Seafood Shack,Barbados,Barbados,Barbados,Restaurant / Seafood,https://www.cntraveler.com/story/eat-stay-play-barbados-black-history
0b96035d-96db-58a2-9fc3-e41d13159e67,Ristorante Africano Enqutatash,Rome,Italy,Italy,Food,https://www.tripadvisor.com/Restaurants-g187791-c1-Rome_Lazio.html
0c0f32ca-8c6b-5a45-bf81-f13574ae4b31,Colores,Madrid,Spain,Spain,Food,https://travelnoire.com/how-to-spend-48-hours-in-black-owned-madrid
0c23f124-dc18-530e-842a-430a39092de1,Plato Loco,Amsterdam,Netherlands,Netherlands,Restaurant / Bar,https://www.lilywanderlust.com/blog/2020/10/black-owned-amsterdam-city-guide
0c2ef889-f576-5cd4-8350-8f68d90766b0,9 Limit Cut Barbershop,Bangkok,Thailand,Thailand,Hair / Beauty,https://theafrodao.com/best-barbershops-black-hair-salons-bangkok/
0c34cc3d-176b-55eb-a069-aef69bfd3f38,Mahogany Lodge,Accra,Ghana,Ghana,Hotel,https://www.sarajabril.com/black-owned-hotels-rentals
0cad4d02-7738-546c-9f8f-b4431f73a818,Elmina Bay Resort,Elmina,Ghana,Ghana,Resort,https://www.sarajabril.com/black-owned-hotels-rentals
0cb6df7a-0ec2-5c48-ab3c-a1dc2e61938b,Cobblers Cove,Speightstown,Barbados,Barbados,Boutique Hotel,https://blackhotelguide.com/location/caribbean/
0ccaad16-96f7-5a75-9f05-4b9742e1c183,Jumbi,London,United Kingdom,United Kingdom,Bar / Restaurant / Music Venue,https://www.viator.com/en-GB/blog/Founder-of-Melanin-Travel-Vivienne-Dovis-Guide-to-Black-Owned-London/l98991
0cdffe15-52fc-5e6d-bbfd-f9d16dc9f9da,The Candle Bar Su,Paramaribo,Suriname,Suriname,Experience / Retail,https://www.caribbeangreenbook.com/businesses
0d08256d-eea0-5abc-855b-26185bcbddf0,Mosob Restaurant - Eritrean & Ethiopian Restaurant,Copenhagen,Denmark,Denmark,Food,https://www.tripadvisor.com/Restaurants-g189541-c1-Copenhagen_Zealand.html
0d15f64c-f820-5b2b-9df9-5c63b6816e0a,Villa Teranga Boutique Hotel,Accra,Ghana,Ghana,Boutique Hotel,https://www.sarajabril.com/black-owned-hotels-rentals
0d18aa3b-7d9a-577a-a8c0-c477e8b88b22,La Jamaca Hotel & Restaurant,La Parguera / Lajas,Puerto Rico,Puerto Rico,Hotel,https://blackhotelguide.com/location/puerto-rico/
0d20805c-7aac-5c7f-9eec-88aa75120058,Bafo da Prainha,Rio de Janeiro,Brazil,Brazil,Restaurant / Bar,https://travelnoire.com/black-owned-businesses-rio-carnival-brazil
0d50d126-38e2-5248-bcb2-17333c1cd9ad,Roti Joupa,London,United Kingdom,United Kingdom,Food,https://candaceabroad.com/black-owned-businesses-in-london/
0d9da8ac-9277-57b1-8ce6-983f468806c3,Chez Eric,Gorée Island,Senegal,Senegal,Guesthouse,https://www.sarajabril.com/black-owned-hotels-rentals
0da0a62d-e386-529e-8566-c85d92901187,Arah Rides Limited,Mandeville,Jamaica,Jamaica,Car Rental Platform,https://www.caribbeangreenbook.com/businesses
0e5ccc98-e213-51d3-af5d-4fec3b28a745,Rands Cape Town,Cape Town,South Africa,South Africa,Restaurant / Nightlife,https://www.reddit.com/r/blacktravel/comments/1v20356/for_anyone_looking_to_support_blackowned/
0e78e7fc-25c2-56a0-81f1-691ab9377556,Le Mirage Resort,Negril,Jamaica,Jamaica,Resort,https://blackhotelguide.com/location/caribbean/
0e904be4-4403-58ab-a86f-12e8bc30a588,Filling Pieces,Amsterdam,Netherlands,Netherlands,Shopping & Retail,https://www.lilywanderlust.com/blog/2020/10/black-owned-amsterdam-city-guide
0eca57bc-3d14-5316-a1c3-871c1b13fa58,Trini Tours and Transport Co,Maraval,Trinidad and Tobago,Trinidad and Tobago,Tour / Transportation,https://www.caribbeangreenbook.com/businesses
0ee2928b-c434-5956-973a-d35ced4a0dad,Saint Jean Deli,Amsterdam,Netherlands,Netherlands,Deli / Cafe,https://www.lilywanderlust.com/blog/2020/10/black-owned-amsterdam-city-guide
0f0d1f51-b43b-5bbb-951e-f7d49c5e5e0e,Oslo Hakuna Matata,Oslo,Norway,Norway,Food,https://www.tripadvisor.com/Restaurants-g190479-c1-Oslo_Eastern_Norway.html
0f211996-a9a1-5cc7-a3d4-8ab49ce6fd19,Mooshka Vegan Soul Food,Amsterdam,Netherlands,Netherlands,Food,https://www.lilywanderlust.com/blog/2020/10/black-owned-amsterdam-city-guide
0f32ce8d-7a2c-58e4-9c49-7c92a8e3c799,Nella’s hair and beauty supplies,Edmonton South,Canada,Canada,Hair / Beauty / Retail,https://bbedm.ca/
0f5bed8f-7e2d-5d93-a640-cd32cbc1881c,Ruby Tuesday's Soul Food,Dublin,Ireland,Ireland,Food,https://travelnoire.com/5-black-owned-businesses-to-support-during-your-trip-to-dublin-ireland
0fc840ce-533b-5a62-a9b3-b6ca449ba67e,Three Little Birds,London / Brixton,United Kingdom,United Kingdom,Restaurant / Bar,https://candaceabroad.com/black-owned-businesses-in-london/
0fd69857-c6b9-5e89-8dab-1a7c7edf7a48,Meerakulos Art,Grande Ravine,Saint Lucia,Saint Lucia,Photography / Art,https://www.caribbeangreenbook.com/businesses
1011c58d-083a-553f-9dfa-925fa9283bd4,Afro Mari Cruz,Madrid,Spain,Spain,Hair / Beauty,https://travelnoire.com/how-to-spend-48-hours-in-black-owned-madrid
1030b60b-e9ae-5412-bb13-73858179ea57,Uwagboe Foods,Edinburgh,United Kingdom,United Kingdom,Grocery / Market,https://www.lgbthealth.org.uk/wp-content/uploads/2020/06/BLM-Resource-Guide.pdf
111bf635-78b3-5c11-905d-c1c13364a4c7,Kamido,Paris,France,France,Hair / Beauty,https://maisonkamidoparis.fr/
117ab83a-4613-59bf-94fb-f4a5e94f7b21,Pang’s Specialty Coffee,Cape Town,South Africa,South Africa,Cafe,https://www.reddit.com/r/blacktravel/comments/1v20356/for_anyone_looking_to_support_blackowned/
11a55ff1-03c8-5123-868c-a1ab946a8bd5,Kool Runnings,Manchester,United Kingdom,United Kingdom,Food Truck / Restaurant,https://www.designmynight.com/manchester/blog/black-owned-restaurants-bars-manchester
121bdcea-98b5-57e8-a070-28ac700c3955,Alive & More,London,United Kingdom,United Kingdom,Wellness / Retail,https://trippin.world/guide/black-owned-businesses-in-london
122d7c91-78ab-59f1-9a4e-9d6fe3e0e6ee,Yaad Lisbon,Lisbon,Portugal,Portugal,Food,https://blackinportugal.com/lisbons-black-owned-establishments-you-must-visit-part-1-support-black-owned-life-in-lisbon/
1264e50c-55e1-5cf2-9c1c-d2b1ed64b744,Coral Sands Beach Resort,Worthing,Barbados,Barbados,Resort,https://blackhotelguide.com/location/caribbean/
126c8436-e3cf-5103-adaf-07406f499ef9,On My Way Tours,Antigua,Antigua and Barbuda,Antigua and Barbuda,Tour Operator,https://www.caribbeangreenbook.com/businesses
12c44f0c-3896-5809-8022-b73054710475,Mabu Mabu - Big Esso,Melbourne,Australia,Australia,Food,https://travelnoire.com/black-owned-restaurants-businesses-melbourne-australia
12fbb5f5-2d2f-58b4-be0b-bbac5d4d3b6a,Analog 33,Cape Town,South Africa,South Africa,Cafe,https://www.reddit.com/r/blacktravel/comments/1v20356/for_anyone_looking_to_support_blackowned/
1311ef75-f2ad-5432-aa90-7772935b1b3b,Deja Resort,Montego Bay,Jamaica,Jamaica,Resort,https://blackhotelguide.com/location/jamaica/
134f24b3-cfeb-5c5b-b3a1-518ce46f9414,Formula+,Edmonton West,Canada,Canada,Wellness / Retail,https://bbedm.ca/
1375c190-75c3-5b3e-9068-aedbcb49d39c,Kanga Camp,Mana Pools National Park,Zimbabwe,Zimbabwe,Safari Camp,https://travelnoire.com/travel-noire-awards-2026-black-owned-stays
138e3cd1-28d7-52ce-ac0d-83c19a4e0ced,Casa Congo – Rayo Verde,Portobelo,Panama,Panama,Hotel,https://blackhotelguide.com/location/south-america/
138f8741-32a2-5848-a570-ae5962b738cd,La Creole Beach Hotel & Spa,Le Gosier,Guadeloupe,Guadeloupe,Hotel,https://blackhotelguide.com/location/caribbean/
1399b066-a3df-5680-afa6-7503417ffe52,Beza,London,United Kingdom,United Kingdom,Food,https://www.blackeatsldn.com/directory/
13a028fe-a7c4-551e-9f00-a952ee6354da,Bukky Baldwin,Manchester,United Kingdom,United Kingdom,Shopping & Retail,https://trippin.world/guide/black-owned-businesses-in-manchester
13ce9f17-c429-5dba-996f-54abdd9966bb,Ajeum da Diáspora,Rio de Janeiro,Brazil,Brazil,Restaurant / Food,https://travelnoire.com/black-owned-businesses-rio-carnival-brazil
1434ac9a-f1c2-5f2a-a2a4-020a7f77bb32,Cafe El Punto,Old San Juan,Puerto Rico,Puerto Rico,Food,https://www.touroldsanjuan.com/restaurants/
1445e4e8-7b64-58a5-9d88-85a02418d584,Preddy’s Angel Hair and Beauty Supply,Edmonton West,Canada,Canada,Hair / Beauty / Retail,https://bbedm.ca/
146914cb-e905-56ec-b268-d756ea8aef77,Jam Shack,London,United Kingdom,United Kingdom,Food,https://www.blackeatsldn.com/directory/
1472b4e0-c61c-56ba-a507-7eef48a5754a,BLACKBOX La Fayette,Paris,France,France,Hair / Beauty,https://www.pagesjaunes.fr/annuaire/paris-75/coiffure-africaine
14ecb896-f83a-59c2-9d48-74eb01dd41fd,Juicy Pop,Paris,France,France,Food,https://parisjetaime.com/eng/article/african-and-caribbean-cultures-what-to-do-in-paris-a1851
15048d48-456d-54a1-a6f6-c326fd5585fd,Terracotta Restaurant,Montréal,Canada,Canada,Food,https://www.google.com/search?q=Terracotta+Restaurant+Montreal
1548c0d1-9f26-527e-a433-7a0f3822a057,Turtle Bay — Leicester,Leicester,United Kingdom,United Kingdom,Restaurant / Bar,https://candaceabroad.com/black-owned-businesses-in-london/
154a6404-dbbb-52ee-81e5-65cbc115e169,Bella Oyá,Salvador,Brazil,Brazil,Retail / Afro Fashion,https://www.salvadordabahia.com/conheca-o-role-afro-uma-serie-de-11-roteiros-de-passeios-com-experiencias-afrocentradas-em-salvador/
156613ea-3b58-5f9f-89a7-8518eb2bbcd5,Travel Buddy JA,Jamaica,Jamaica,Jamaica,Black Woman-Owned Tour Company,https://travelnoire.com/rustic-jamaica-travel-buddy-ja-black-woman-owned-company
156e5f42-1bcc-59c3-9501-f1146b922ace,Travellers Beach Resort,Jamaica,Jamaica,Jamaica,Stay / Black-Owned Resort,https://travelnoire.com/black-owned-hotels-stays-jamaica
15ca64d8-a815-56dc-bccd-cd9c581ab4cd,Restaurante Al-Mounia,Madrid,Spain,Spain,Food,https://travelnoire.com/how-to-spend-48-hours-in-black-owned-madrid
15cedd61-e6f5-5523-9dc0-0665276e2dde,Good Wheel Ceramics,Winnipeg,Canada,Canada,Retail / Art Studio,https://www.bestinwinnipeg.com/black-owned-businesses-winnipeg/
166845de-5baf-5955-a7f4-d5c404125c5b,Amina,Milan,Italy,Italy,Food,https://www.tripadvisor.com/Restaurants-g187849-c1-Milan_Lombardy.html
16a90e70-ca54-5924-b876-da1901dec07d,Dover Beach Hotel - St. Lawrence Gap,St. Lawrence Gap,Barbados,Barbados,Hotel,https://blackhotelguide.com/location/caribbean/
16c48e20-2fea-5ba5-b2ae-5398b88630e0,Lloydie's,Montréal,Canada,Canada,Food,https://www.mtlblog.com/montreal/some-of-montreals-black-owned-restaurants-that-you-can-order-from-right-now
16f3dd64-5d1a-5051-85a7-b021c44ee41c,Chef Michael Hinds X West Bar,Barbados,Barbados,Barbados,Restaurant / Dining,https://www.cntraveler.com/story/eat-stay-play-barbados-black-history
170037fb-64a1-5ab5-be05-b24bb4880a90,Jambo Bar & Restaurant,Melbourne,Australia,Australia,Restaurant / Bar,https://travelnoire.com/black-owned-restaurants-businesses-melbourne-australia
171b4e92-4c80-5362-90f1-346212c94f57,Big Mikes Calypso Kitchen,London,United Kingdom,United Kingdom,Food,https://www.blackeatsldn.com/directory/
174e1338-761c-5fe2-8abc-2006c58486e5,Kai Collective,London,United Kingdom,United Kingdom,Fashion / Retail,https://candaceabroad.com/black-owned-businesses-in-london/
17664817-6a67-54ba-92f9-6924c506f840,Rumbie & Co,Sydney,Australia,Australia,Hair / Beauty,https://trippin.world/guide/black-owned-businesses-in-sydney
179405e7-aabe-5444-af29-6ac8b0f6fdbe,HCS Masajes,Madrid,Spain,Spain,Wellness,https://travelnoire.com/how-to-spend-48-hours-in-black-owned-madrid
17e9547b-5fae-55ed-8179-732dd892c195,El Rincon Dominicano Bcn,Barcelona,Spain,Spain,Food,https://www.google.com/search?q=Barcelona+African+Caribbean+Brazilian+Ethiopian+restaurants
17f4d9f0-7236-578e-9aad-0b7c935c95c0,Ristorante Zula,Milan,Italy,Italy,Food,https://www.tripadvisor.com/Restaurants-g187849-c1-Milan_Lombardy.html
17fba976-b24a-5a8c-a66c-74e6c73157b8,Chuk’s Bites,Limerick,Ireland,Ireland,Restaurant / Food Business,https://travelnoire.com/black-owned-businesses-ireland
1820dc81-a588-5640-bb4e-a457d7d4bbe2,Marrakech Restaurang Stockholm,Stockholm,Sweden,Sweden,Food,https://www.tripadvisor.com/Restaurants-g189852-c1-Stockholm.html
18869767-b77b-5f5b-b78b-b84f89a1e610,Duppy Share,London,United Kingdom,United Kingdom,Spirits / Experience,https://candaceabroad.com/black-owned-businesses-in-london/
18a1836f-9c55-5549-84e8-865367b2bdac,Maví,Old San Juan,Puerto Rico,Puerto Rico,Food,https://www.touroldsanjuan.com/restaurants/
18a7cea7-b8e5-5ae7-810c-773f6fa49a7a,Vles Kitchen,Amsterdam,Netherlands,Netherlands,Food,https://trippin.world/guide/pattas-guide-to-black-owned-businesses-in-amsterdam
18ddd84c-740e-5b47-82b7-4d2ac7833d2c,Rainarai,Amsterdam / Westerpark,Netherlands,Netherlands,Food,https://www.iamsterdam.com/en/see-and-do/restaurant-and-bars/best-north-african-restaurants-in-amsterdam
18f0540d-9216-5747-8c59-f2d41c3c2088,Rhapsody Toronto,Toronto / GTA,Canada,Canada,Bar / Restaurant,https://www.overheretoronto.com/black-owned-businesses-in-toronto-gta/
19348f42-0aad-514d-ad87-55f69d0004fb,Paradise Point Barbados,Christ Church,Barbados,Barbados,Vacation Rental,https://www.caribbeangreenbook.com/businesses
194018e8-f8f5-50e7-b6f9-e37e32203b79,It's OK Studios,Toronto,Canada,Canada,Cultural / Creative Space,https://www.irl.energy/city-guides/essential-black-owned-businesses-in-toronto-with-999adj
1999e11a-878d-552a-ad1e-a7d21fd611f1,Aqua Safari Resort,Ada Foah,Ghana,Ghana,Resort,https://www.sarajabril.com/black-owned-hotels-rentals
19acc64d-384a-5dcd-8b7d-7ff45fea8a1b,Enish Nigerian Restaurant,London,United Kingdom,United Kingdom,Food,https://www.viator.com/en-GB/blog/Founder-of-Melanin-Travel-Vivienne-Dovis-Guide-to-Black-Owned-London/l98991
19e4a4b8-bd46-58b0-9ea8-b200c550179b,Sugar Bar Amsterdam,Amsterdam,Netherlands,Netherlands,Dessert / Food Business,https://www.lilywanderlust.com/blog/2020/10/black-owned-amsterdam-city-guide
1a11c63f-b8a1-573b-94f4-060af798fae9,Storage Goals,London,United Kingdom,United Kingdom,Retail / Home,https://trippin.world/guide/black-owned-businesses-in-london
1a1760a3-a032-5530-aac1-4275de40c749,Chiveve Restaurante,Lisbon,Portugal,Portugal,Food,https://www.google.com/search?q=Chiveve+Restaurante+Lisbon
1a2aa4e7-19bd-5929-b4fb-7ec8ef0484fc,Colmado Moreno,Old San Juan,Puerto Rico,Puerto Rico,Food,https://www.touroldsanjuan.com/restaurants/
1a5e2e28-98cd-53a7-9c9c-2cededba71b4,Galeria Raimundo Santos Bida,Salvador,Brazil,Brazil,Gallery,https://www.salvadordabahia.com/conheca-o-role-afro-uma-serie-de-11-roteiros-de-passeios-com-experiencias-afrocentradas-em-salvador/
1a9e0e27-745c-5fe1-8c1c-3d4707109aef,Turtle Bay — Blackpool,Blackpool,United Kingdom,United Kingdom,Restaurant / Bar,https://candaceabroad.com/black-owned-businesses-in-london/
1abd6a1e-ae4d-5aee-8695-f0a7ecde287e,Seven Sisters Vineyard,Stellenbosch,South Africa,South Africa,Winery / Tasting,https://curiocity.africa/blog/travel/your-cape-town-guide-to-the-citys-best-black-owned-businesses/
1b7036a2-07ce-5800-a915-3fe975cbde65,New Draver Restaurant,Amsterdam,Netherlands,Netherlands,Food,https://www.google.com/search?q=New+Draver+Restaurant+Amsterdam
1bc406a8-c7a6-5dd1-9051-b91cfb3311f8,Yebo Baba,Cape Town,South Africa,South Africa,Cafe,https://www.reddit.com/r/blacktravel/comments/1v20356/for_anyone_looking_to_support_blackowned/
1bd11eda-714e-5225-8147-2739302d0ee9,Hidden Gem Barbados - Inch Marlow,Christ Church,Barbados,Barbados,Guesthouse,https://blackhotelguide.com/location/caribbean/
1bf13fe8-9168-533a-9de3-4347811c21bc,Baba Zulu,Paris,France,France,Food,https://lavielocale.com/blog/2020/6/5/local-guide-to-x-black-owned-businesses-to-support-in-paris
1c568567-2833-59b3-b7ba-a1a3bdcb2cc9,Warsa Restaurant,Milan,Italy,Italy,Food,https://www.tripadvisor.com/Restaurants-g187849-c1-Milan_Lombardy.html
1c814d36-8953-5a60-9c8e-5714c2eee187,Turtle Bay — Liverpool Victoria St,Liverpool Victoria St,United Kingdom,United Kingdom,Restaurant / Bar,https://candaceabroad.com/black-owned-businesses-in-london/
1cb7e1cd-3a1f-5060-92ee-5b733100a1e8,Niagara Grandview Boutique Hotel,Niagara Falls,ON,Canada,Boutique Hotel,https://blackhotelguide.com/location/canada/
1d01ae3d-f9a1-5783-920d-d7aaad64bed0,Baraka,Paris,France,France,Food,https://parisjetaime.com/eng/article/african-and-caribbean-cultures-what-to-do-in-paris-a1851
1d2f50c7-c93e-5dfc-802d-1ee337c7451a,Round Table Books,United Kingdom,United Kingdom,United Kingdom,Black-Owned Bookstore / Retail,https://travelnoire.com/black-owned-shops-europe
1d41f5b2-6479-5e40-a31b-7b60a55b9605,Casa Cortés ChocoBar,Old San Juan,Puerto Rico,Puerto Rico,Food,https://www.touroldsanjuan.com/restaurants/
1d452a58-3ea3-5eff-afa8-495b1baf2e9c,Jollof King,Toronto,Canada,Canada,Food,https://www.destinationtoronto.com/leisure-blog/post/african-caribbean-restaurants-toronto/
1d5cd4c6-d402-5d9f-af16-514c3010a96b,Bleu Furniture,London,United Kingdom,United Kingdom,Home / Design,https://trippin.world/guide/black-owned-businesses-in-london
1dd273a7-3b4c-500b-89b7-46bf2fbde0d6,Lugar de Fala,Lisbon,Portugal,Portugal,Restaurant / Bar,https://www.tripadvisor.com/Restaurants-g189158-c1-Lisbon_Lisbon_District_Central_Portugal.html
1e6781fe-b9a1-5280-a6f3-d69447f108fb,EAT CARIBBEAN BARCELONA,Barcelona,Spain,Spain,Food,https://www.google.com/search?q=Barcelona+African+Caribbean+Brazilian+Ethiopian+restaurants
1e73f955-cf6d-5702-9a96-b94c2878d88f,4 Roomed eKasi Culture,Cape Town / Khayelitsha,South Africa,South Africa,Restaurant / Cultural Experience,https://curiocity.africa/blog/travel/your-cape-town-guide-to-the-citys-best-black-owned-businesses/
1e821534-ad01-565c-a8c9-42b9ec2d9244,The Black and White Box,Auckland,New Zealand,New Zealand,Creative / Photography,https://www.saucemag.co.nz/culture/black-owned-businesses-siposetu-duncan
1e9902a2-6683-5414-835e-23055b1ef8d8,Shadowhand Productions,Villa,Saint Vincent and the Grenadines,Saint Vincent and the Grenadines,Creative Service,https://www.caribbeangreenbook.com/businesses
1eaca3f9-05dd-543c-8b36-78a079bf7a5d,Roywoods — Yorkdale,Toronto,Canada,Canada,Food,https://www.destinationtoronto.com/leisure-blog/post/black-owned-businesses-toronto/amp/
1ed3ec74-3565-5828-b716-f6bbb78e6abb,Zambeze,Lisbon,Portugal,Portugal,Food,https://www.visitlisboa.com/en/lisbon-stories/17-lisbona-africana
1f2ab797-0259-5909-a53a-d2fe1f02fd5e,Internacional Design Hotel,Lisbon,Portugal,Portugal,Hotel,https://blackhotelguide.com/location/europe/
1f3afa5a-57ae-560e-902e-f6e5a35458a8,TREASURE Spa & Massage Siam,Bangkok,Thailand,Thailand,Wellness,https://www.google.com/maps/search/?api=1&query=TREASURE+Spa+Massage+Siam+Bangkok
1f4d3c41-8506-5d1a-8a77-f4e1556c4a0f,Trailer Happiness,London,United Kingdom,United Kingdom,Bar,https://www.viator.com/en-GB/blog/Founder-of-Melanin-Travel-Vivienne-Dovis-Guide-to-Black-Owned-London/l98991
1f52ec87-984a-5139-a43e-d95a06731bba,Pete’s Provisions,Dublin,Ireland,Ireland,Retail / Wine,https://travelnoire.com/black-owned-businesses-ireland
1f8c8b43-7674-5b83-835e-5c2d0dabbc0e,Zeret Kitchen,London,United Kingdom,United Kingdom,Food,https://www.google.com/search?q=Zeret+Kitchen+London
1fadb1a1-0453-5e95-b309-36f83d1e969b,Fresh Paint Studio + Café,Toronto,Canada,Canada,Creative Space,https://www.destinationtoronto.com/leisure-blog/post/black-owned-businesses-toronto/
1fd8f95a-26b9-54c8-afae-f5edec0f3197,Vaca Brava,Old San Juan,Puerto Rico,Puerto Rico,Food,https://www.touroldsanjuan.com/restaurants/
1ffbb29a-2502-5c1d-bde7-04c5aff755aa,Blue Bird Garage Market,Cape Town / Muizenberg,South Africa,South Africa,Market,https://www.viator.com/en-GB/blog/Ice-Cream-Maker-Tapiwa-Guhzas-Guide-to-Black-Owned-Cape-Town/l98766
1ffbc8d5-6f62-5fe2-a260-685539a14744,Afrish,Rome,Italy,Italy,Food,https://www.tripadvisor.com/Restaurants-g187791-c1-Rome_Lazio.html
20980337-6696-5fc8-b80a-bdd1ff463f0a,The New Originals,Amsterdam,Netherlands,Netherlands,Shopping & Retail,https://www.lilywanderlust.com/blog/2020/10/black-owned-amsterdam-city-guide
20c6e8bb-675e-52c5-9006-75b774e4c428,Brooklyn Daléy Beauty,Edmonton North,Canada,Canada,Hair / Beauty,https://bbedm.ca/
20d0b979-e4c2-598a-85f7-b9e44fe7a47c,RLJ Kendeja Resort & Villas,Monrovia,Liberia,Liberia,Resort,https://blackhotelguide.com/location/africa/
20f77902-5ad8-5ec3-9424-5908a50a267f,Zeedijk 60,Amsterdam,Netherlands,Netherlands,Retail / Community Hub,https://www.lilywanderlust.com/blog/2020/10/black-owned-amsterdam-city-guide
2104d679-9b55-5913-a1ac-9bc52e677a4d,Tet Rouge Resort,Choiseul,Saint Lucia,Saint Lucia,Resort,https://blackhotelguide.com/location/caribbean/
21653428-124a-5a6a-97a0-f3f5d8025d9a,Orange Beach Resort,Cape Coast,Ghana,Ghana,Resort,https://www.sarajabril.com/black-owned-hotels-rentals
218ad20c-5807-59d0-862a-0cc04fcbb114,Seku Bi,Dakar,Senegal,Senegal,Hotel / Resort / B&B,https://www.cntraveler.com/story/black-owned-hotels
218bf0b8-a7b6-5ebd-ad1a-534464d90026,Jean-Marie Candle Co,Toronto / GTA,Canada,Canada,Shopping & Retail,https://www.overheretoronto.com/black-owned-businesses-in-toronto-gta/
21a1afd2-7681-5e91-bb5d-1783e182d208,Bejte-Ethiopia,Berlin / Schöneberg,Germany,Germany,Food,https://www.google.com/search?q=Bejte-Ethiopia+Berlin
21aa7a5a-61ae-5314-bc45-72bb1a019214,Chevive,Lisbon,Portugal,Portugal,Food,https://blackinportugal.com/lisbons-black-owned-establishments-you-must-visit-part-1-support-black-owned-life-in-lisbon/
21ca1d91-f986-5f6c-9132-64c7840a3784,Turtle Bay — Guildford,Guildford,United Kingdom,United Kingdom,Restaurant / Bar,https://candaceabroad.com/black-owned-businesses-in-london/
2208faab-785c-54dd-a976-a20525d4c434,Charela Inn Hotel,Negril,Jamaica,Jamaica,Hotel,https://blackhotelguide.com/location/jamaica/
22360411-85ee-5f11-afaa-eb53c44dd1b7,Café Dapper by Chef Loïc Dablé,Paris,France,France,Food,https://lavielocale.com/blog/2020/6/5/local-guide-to-x-black-owned-businesses-to-support-in-paris
22476bca-a4d8-5b08-9647-7be448b97a55,Chishuru,London,United Kingdom,United Kingdom,Food,https://www.google.com/search?q=Chishuru+London
2270be38-4494-52c6-87d4-e2a1e871e39f,Jamii,London,United Kingdom,United Kingdom,Marketplace / Community Platform,https://www.viator.com/en-GB/blog/Founder-of-Melanin-Travel-Vivienne-Dovis-Guide-to-Black-Owned-London/l98991
22926e8a-17ef-543c-b2e5-aeaf9418693e,Le Petit Dakar,Paris,France,France,Food,https://parisjetaime.com/eng/article/african-and-caribbean-cultures-what-to-do-in-paris-a1851
23872ee1-a7bc-52b6-8ccf-68e4bffcfb8b,Karlene’s Jamaican Kitchen,Edmonton South,Canada,Canada,Food,https://bbedm.ca/
23b050a2-6268-5376-995c-56d0e7baa4c9,SanSe Marisquería Bar y Tapas,Old San Juan,Puerto Rico,Puerto Rico,Food,https://www.touroldsanjuan.com/restaurants/
23bb5ba9-aa88-5904-a51e-3f9074138763,CRISMYLA By Dr. Christy,Edmonton South,Canada,Canada,Beauty & Personal Care,https://bbedm.ca/
23de6f3d-0377-5e49-817d-8b26e9f52ac2,Majestic Tours,Nassau,Bahamas,Bahamas,Tour / Transportation,https://www.caribbeangreenbook.com/businesses
23e1c1be-b6e1-5807-b06b-e21fdf0c263c,Abissinia Restaurant,Barcelona,Spain,Spain,Food,https://www.google.com/search?q=Barcelona+African+Caribbean+Brazilian+Ethiopian+restaurants
23f4da1b-3548-5222-97b0-8e08db104723,K' Delícia,Barcelona,Spain,Spain,Food,https://www.google.com/search?q=Barcelona+African+Caribbean+Brazilian+Ethiopian+restaurants
248dc707-cbf2-5fc2-93ff-dc29f7daa6fd,Conga Boutique Hotel,Puerto Viejo,Costa Rica,Costa Rica,Hotel,https://blackhotelguide.com/location/central-america/
24d7526a-34d6-570e-b6f1-19452cf127d2,Nyah Beauty,Copenhagen,Denmark,Denmark,Hair / Beauty,https://trippin.world/guide/black-owned-businesses-in-copenhagen
25b0c5b8-e370-5490-a614-269aa09becc2,La Zees Piri Piri Chicken,Edinburgh,United Kingdom,United Kingdom,Restaurant / Takeaway,https://www.lgbthealth.org.uk/wp-content/uploads/2020/06/BLM-Resource-Guide.pdf
25d6294a-2192-5df5-be66-8470c0cf7619,Coconut Grove Regency Hotel,Accra,Ghana,Ghana,Hotel,https://www.sarajabril.com/black-owned-hotels-rentals
25dee02d-3cf2-5975-80ec-13d81b795a13,BILAN RK,Stockholm,Sweden,Sweden,Shopping & Retail,https://www.scandinaviastandard.com/a-guide-to-black-owned-businesses-to-support-in-scandinavia/
2604730e-0152-5cd5-b77d-9899dca22fc5,Yellow Bird Hotel Barbados,St. Lawrence Gap,Barbados,Barbados,Hotel,https://blackhotelguide.com/location/caribbean/
26322c0b-ae55-5333-803c-1e287c09e9d5,Turtle Bay — Manchester Oxford St,Manchester Oxford St,United Kingdom,United Kingdom,Restaurant / Bar,https://candaceabroad.com/black-owned-businesses-in-london/
26692f2c-8a3e-5187-a37f-59a46b266316,La Floria,Cape Town,South Africa,South Africa,Cafe,https://www.reddit.com/r/blacktravel/comments/1v20356/for_anyone_looking_to_support_blackowned/
268e8d7f-9e48-5a7c-9713-0343bc6834cf,Shepherd's Tree Game Lodge,Pilanesberg,South Africa,South Africa,Safari Lodge,https://blackhotelguide.com/location/africa/
26f3faf4-c9f0-5a10-a4d4-78de380c9999,TrekLocal,St. Thomas,U.S. Virgin Islands,U.S. Virgin Islands,Tour / Concierge,https://www.caribbeangreenbook.com/businesses
26fa9814-e7fb-5b36-b945-59d52099c1c1,After Hours,London,United Kingdom,United Kingdom,Food,https://www.blackeatsldn.com/directory/
26fb58be-bac2-58fd-8fb5-eea2e3ef3d20,911 Xperience,Paris,France,France,"Arts, Culture & Entertainment",https://parisjetaime.com/eng/article/african-and-caribbean-cultures-what-to-do-in-paris-a1851
275a9f7a-80c1-5562-8b62-4aaa24a14249,Makeup by Mandy,Barbados,Barbados,Barbados,Beauty / Makeup,https://www.caribbeangreenbook.com/businesses
275f9435-b224-5ad3-882f-ba1ec8129946,Omnia,Amsterdam,Netherlands,Netherlands,Shopping & Retail,https://www.lilywanderlust.com/blog/2020/10/black-owned-amsterdam-city-guide
27687f05-3e0a-5b34-9b90-de758d686efb,Speisen ohne Grenzen,Vienna,Austria,Austria,Food,https://www.tripadvisor.com/Restaurants-g190454-c1-Vienna.html
27a780ca-2d52-56f1-916b-2e51a1905f7b,Le Kori Doré,Paris,France,France,Bakery,https://parisjetaime.com/eng/article/african-and-caribbean-cultures-what-to-do-in-paris-a1851
27c15279-10e7-5f44-97e8-4de9bbe2694b,Flow of Joy Wellness Villa,Cascade,Trinidad and Tobago,Trinidad and Tobago,Wellness Villa,https://www.caribbeangreenbook.com/businesses
27fc792e-7ce9-5ea9-bf4a-a3ad938165a4,Ajo del País,Old San Juan,Puerto Rico,Puerto Rico,Food,https://www.touroldsanjuan.com/restaurants/
2887577b-bbe4-57ae-ac18-644bdd59e1f2,TUI BLUE Tamala,Kotu,The Gambia,The Gambia,Resort,https://blackhotelguide.com/location/africa/
29271966-0534-581e-bbef-5bfc0a912d54,Sea Spray Apartments,Christ Church,Barbados,Barbados,Apartments,https://blackhotelguide.com/location/caribbean/
298a13f9-889e-52e2-9e49-e11ae0904f87,Spoon,San Juan,Puerto Rico,Puerto Rico,Tour Operator,https://thespoonexperience.com/
29a90357-cd8c-5e13-a0a7-b1da22460bc3,Bougainvillea Barbados,Christ Church,Barbados,Barbados,Resort,https://blackhotelguide.com/location/caribbean/
29e66c71-f0cc-5bf9-857e-1fba91811f68,Dark Sugars Cocoa House,London / Brick Lane,United Kingdom,United Kingdom,Chocolate / Cafe,https://candaceabroad.com/black-owned-businesses-in-london/
2a169262-eefd-54b5-9db0-b8b747dc5f68,AfriWare Book & Gift Shop,Winnipeg,Canada,Canada,Bookstore / Retail,https://www.bestinwinnipeg.com/black-owned-businesses-winnipeg/
2a2cc62b-6c6c-5e70-afe7-ea53b4834e0c,Roti Kitchen,London,United Kingdom,United Kingdom,Food,https://www.blackeatsldn.com/directory/
2a4f7e37-706c-5fe2-9eed-94531bb632b2,Ewa Afrique,Edmonton Downtown,Canada,Canada,Shopping & Retail,https://bbedm.ca/
2a6d5f8e-6d72-50e6-929b-d7d20f5f9650,Ackee Pousada,Salvador da Bahia,Brazil,Brazil,Hotel,https://blackhotelguide.com/location/south-america/
2b1df8bf-6342-5693-a98f-f53e1ec3cc72,Papi's Grill,London,United Kingdom,United Kingdom,Food,https://www.blackeatsldn.com/directory/
2b280ccf-15a9-5717-b11c-9e6cec82335c,Allotment N11,London,United Kingdom,United Kingdom,Food,https://www.blackeatsldn.com/directory/
2b55ba5b-9909-5398-8816-8df83c4041ed,Nyamatusi Mahogany,Mana Pools National Park,Zimbabwe,Zimbabwe,Safari Camp,https://travelnoire.com/travel-noire-awards-2026-black-owned-stays
2b812739-f4c6-55f6-a60c-6f81b6c795cf,Ikoyi Restaurant,London / St. James's,United Kingdom,United Kingdom,Food,https://blackhotelguide.com/location/europe/
2ba6884f-faea-5bc4-8d66-528e73220f49,Pili Pili Wood Charcoal Grill,Ottawa / Lowertown,Canada,Canada,Food,https://ottawatourism.ca/en/ottawa-insider/black-owned-businesses-to-visit-in-ottawa
2bca53e2-6a04-51ac-ac77-941a5219c8d0,Tamboo Beside the Pointe,Rincón,Puerto Rico,Puerto Rico,Inn / Restaurant / Bar,https://blackhotelguide.com/location/puerto-rico/
2bdb486c-224e-586b-a30c-972ddc71f719,Turtle Bay — Sheffield,Sheffield,United Kingdom,United Kingdom,Restaurant / Bar,https://candaceabroad.com/black-owned-businesses-in-london/
2c3a6f08-49a3-53bd-9397-92ea6f134903,The Guava Kitchen,London,United Kingdom,United Kingdom,Food,https://www.blackeatsldn.com/directory/
2c4ef30d-98f3-5def-b170-62259997aa69,Zambezi House,Auckland,New Zealand,New Zealand,Restaurant / Food,https://www.saucemag.co.nz/culture/black-owned-businesses-siposetu-duncan
2c55d7fa-a4a1-5999-9785-d67ed98d2656,Dixon Hospitality West Indies,Rodney Bay,Saint Lucia,Saint Lucia,Boat Charter / Experience,https://www.caribbeangreenbook.com/businesses
2c578dc1-6f5a-52c7-9627-7b99aec5a5a8,Keur Coumba Restaurant/Dibiterie,Milan,Italy,Italy,Food,https://www.tripadvisor.com/Restaurants-g187849-c1-Milan_Lombardy.html
2c79ea03-ffd4-56af-a8b9-3dbfba78fbad,Stomping Ground,Ottawa / Glebe,Canada,Canada,Shopping & Retail,https://ottawatourism.ca/en/ottawa-insider/black-owned-businesses-to-visit-in-ottawa
2c8ebf29-8edb-502e-9740-dfc71ae70228,O Petit Club Africain,Paris,France,France,Food,https://lavielocale.com/blog/2020/6/5/local-guide-to-x-black-owned-businesses-to-support-in-paris
2c9035c4-8e46-5f23-9cea-0ad5a39afe0b,Radisson Blu London Bloomsbury,London / Bloomsbury,United Kingdom,United Kingdom,Hotel,https://blackhotelguide.com/location/europe/
2caf1063-d990-58f1-9c32-0e9cf825d9f6,Jerk Junction Manchester,Manchester,United Kingdom,United Kingdom,Food,https://trippin.world/guide/black-owned-businesses-in-manchester
2cc37d71-0054-564d-bd5d-c59ed3c1515a,Olive Eve & Co.,Winnipeg,Canada,Canada,Retail / Kids,https://www.bestinwinnipeg.com/black-owned-businesses-winnipeg/
2cfe8843-a41d-572b-92cb-7116876876c7,Lancewell House Barbados,St. Philip,Barbados,Barbados,Vacation Rental,https://www.caribbeangreenbook.com/businesses
2d0eeaac-9307-568f-b51b-1c5b20b8575a,Somalisa Camp,Hwange National Park,Zimbabwe,Zimbabwe,Safari Camp,https://travelnoire.com/travel-noire-awards-2026-black-owned-stays
2d21d814-e8e3-5fe1-9016-aae259e43eb6,L'embuscade,Paris,France,France,Food,https://lavielocale.com/blog/2020/6/5/local-guide-to-x-black-owned-businesses-to-support-in-paris
2d4b9f8f-7733-565a-a673-f0bc4c99c46e,Warung Spang Makandra,Amsterdam / De Pijp,Netherlands,Netherlands,Food,https://www.google.com/search?q=Warung+Spang+Makandra+Amsterdam
2d5c0a3d-bd3d-5b04-b9e1-f08e851707e7,The Villas at Sunset Lane,St. John's,Antigua and Barbuda,Antigua and Barbuda,Villa Hotel,https://blackhotelguide.com/location/caribbean/
2d7b36f2-5c3d-577b-9ad0-3eb2c4a87f63,Restaurant Queen Sheba,Montréal,Canada,Canada,Food,https://www.google.com/search?q=Restaurant+Queen+Sheba+Montreal
2da114eb-14b6-5fa1-862b-cd358b18160f,TranquilManor at Rodney Bay,Rodney Bay,Saint Lucia,Saint Lucia,Vacation Rental,https://www.caribbeangreenbook.com/businesses
2dd47f51-2733-5069-87cb-e56a8cabc8a5,Kensington Natural Bakery,Toronto,Canada,Canada,Bakery,https://www.destinationtoronto.com/leisure-blog/post/black-owned-businesses-toronto/
2de26a69-7519-5679-bcd3-29d41cabe8b2,Bistro Nolah,Montréal,Canada,Canada,Food,https://news.airbnb.com/wp-content/uploads/sites/4/2021/02/Montre%CC%81al_English.pdf
2e36dcce-d5f8-50df-b996-44c8c44e9bdd,Guesthouse Amice,Paramaribo,Suriname,Suriname,Guesthouse,https://www.caribbeangreenbook.com/businesses
2ed00c6c-7430-50cb-a943-c11da6b85aab,AfroDeli Eatery,Cape Town,South Africa,South Africa,Food,https://www.reddit.com/r/blacktravel/comments/1v20356/for_anyone_looking_to_support_blackowned/
2eee65f0-b14c-5262-80ed-6256f5d86c9f,Akoko,London,United Kingdom,United Kingdom,Food,https://www.google.com/search?q=Akoko+London
2f398375-d4a1-5494-a49f-9366cc09c6c8,Keyonna Beach Resort,Johnson's Point,Antigua and Barbuda,Antigua and Barbuda,Resort,https://blackhotelguide.com/location/caribbean/
2f507793-ca05-5d4b-9d7c-41a01495e964,Jerk Junction,Manchester / Chorlton,United Kingdom,United Kingdom,Food,https://www.designmynight.com/manchester/blog/black-owned-restaurants-bars-manchester
2f77fd9e-4ca4-598e-9104-9213737451a8,Jungle Bay Dominica,Soufrière,Dominica,Dominica,Eco Resort,https://blackhotelguide.com/location/caribbean/
2f9fdabe-3cf5-5df7-abb2-f0042032c136,Filling Pieces Amsterdam,Amsterdam,Netherlands,Netherlands,Fashion / Footwear,https://trippin.world/guide/pattas-guide-to-black-owned-businesses-in-amsterdam
2fc0820b-db5c-5191-8cac-c8bc033a5c49,Turtle Bay — Nottingham,Nottingham,United Kingdom,United Kingdom,Restaurant / Bar,https://candaceabroad.com/black-owned-businesses-in-london/
2fdc470f-9ba0-5afd-9c3c-5a6dd5f7d924,Kwizinn,Montréal,Canada,Canada,Food,https://www.mtlblog.com/montreal/some-of-montreals-black-owned-restaurants-that-you-can-order-from-right-now
3006895d-2ebe-59b5-964d-ff315aba683b,Zueike,Winnipeg,Canada,Canada,Shopping & Retail,https://www.bestinwinnipeg.com/black-owned-businesses-winnipeg/
30402eac-c9a8-5748-98dc-abba3346aa48,Maquis Yasolo,Montréal,Canada,Canada,Food,https://www.mtlblog.com/montreal/some-of-montreals-black-owned-restaurants-that-you-can-order-from-right-now
3072a61b-7d1c-5f43-b53d-d69a0a9cf18c,Lady Bird,Amsterdam,Netherlands,Netherlands,Food,https://www.lilywanderlust.com/blog/2020/10/black-owned-amsterdam-city-guide
30bfe043-3551-5f19-b150-c5e32e084c2a,Caribbean Food Factory,Montréal,Canada,Canada,Food,https://www.mtlblog.com/montreal/some-of-montreals-black-owned-restaurants-that-you-can-order-from-right-now
310136a7-6b3a-5167-b4f4-d5c15f751b33,Kalimba Beach Resort,Kotu,The Gambia,The Gambia,Resort,https://blackhotelguide.com/location/africa/
311f13e7-d787-574f-8850-0c29af8ff01f,Nelly Wandji,Paris,France,France,Gallery / Retail,https://lavielocale.com/blog/2020/6/5/local-guide-to-x-black-owned-businesses-to-support-in-paris
31629c86-8a33-5da9-8352-92d772139f4d,Orishas Dance,Madrid,Spain,Spain,Dance / Fitness,https://travelnoire.com/how-to-spend-48-hours-in-black-owned-madrid
3164587f-4649-585a-84ef-ada39f39112c,Dennis Chuene,Berlin,Germany,Germany,Shopping & Retail,https://trippin.world/guide/floyd-lavine-s-black-owned-businesses-in-berlin
319c2008-98f9-5051-8915-265fdb0b683d,Fond Doux Plantation & Resort,Soufrière,Saint Lucia,Saint Lucia,Eco Resort,https://blackhotelguide.com/location/caribbean/
31b0a9cb-32dd-5146-bd17-b955a9ca4250,Nyala African Restaurant,Melbourne / Fitzroy,Australia,Australia,Food,https://travelnoire.com/black-owned-restaurants-businesses-melbourne-australia
31be9e23-2467-5ff5-b5b9-4917d1a0e48c,EduCulture Book Store,Amsterdam,Netherlands,Netherlands,Bookstore,https://www.lilywanderlust.com/blog/2020/10/black-owned-amsterdam-city-guide
31eb9e9d-ba95-5ed0-b101-a8b265c97de2,Jamrock Jerk UK,Edinburgh,United Kingdom,United Kingdom,Food,https://www.lgbthealth.org.uk/wp-content/uploads/2020/06/BLM-Resource-Guide.pdf
32113b6f-9d8e-5679-abee-e20d4698415a,The Old Cunucu House,Noord,Aruba,Aruba,Food,https://www.caribbeangreenbook.com/businesses
32320f3a-a864-5703-b55e-cab47d6aad91,Birra & Empanadas,Old San Juan,Puerto Rico,Puerto Rico,Food,https://www.touroldsanjuan.com/restaurants/
32708259-f1ad-5b25-8ffe-c7368854c59d,Susan Sweet Treats,Dublin,Ireland,Ireland,Bakery / Dessert,https://travelnoire.com/black-owned-businesses-ireland
33001649-8e72-5be5-8bd4-4e923a4fb436,Anse Chastanet Resort,Soufrière,Saint Lucia,Saint Lucia,Resort,https://blackhotelguide.com/location/caribbean/
331e17b7-6098-54d5-a019-5ec59c6ed4e9,Flavors Food Tours,San Juan,Puerto Rico,Puerto Rico,Tour Operator,https://sanjuanfoodtours.com/
334c2b10-5f84-5873-a73e-0d83c67dfc68,Turtle Bay — Derby,Derby,United Kingdom,United Kingdom,Restaurant / Bar,https://candaceabroad.com/black-owned-businesses-in-london/
3354fdfe-6416-5a7e-8d09-8468e2ac74d6,One Love Reggae Bar,Madrid,Spain,Spain,Bar / Restaurant,https://travelnoire.com/how-to-spend-48-hours-in-black-owned-madrid
337651d1-4c6d-59e6-bbd0-9e495bc81860,Global Specialty Foods,Edmonton,Canada,Canada,Food Manufacturing / Retail,https://bbedm.ca/
33a095bc-4796-5753-82d9-d48002497292,African Kitchen Amsterdam,Amsterdam Zuidoost,Netherlands,Netherlands,Food,https://trippin.world/guide/pattas-guide-to-black-owned-businesses-in-amsterdam
33e47d80-bce2-54ed-8f9f-b298cc1b80f1,Caribbean Breeze,Cas en Bas,Saint Lucia,Saint Lucia,Villa / Guesthouse,https://www.caribbeangreenbook.com/businesses
3473ca0d-7979-5e8a-b1f6-cc4044710f44,Linyanti Bush Camp,Linyanti Wilderness,Botswana,Botswana,Safari Camp,https://travelnoire.com/travel-noire-awards-2026-black-owned-stays
34a7c63a-89b8-5be2-a08d-06f5e1bfae43,Kingston 12 Patty Shop & Caribbean Dishes,Toronto,Canada,Canada,Food,https://www.destinationtoronto.com/leisure-blog/post/african-caribbean-restaurants-toronto/
34b15d15-9e16-54ba-8a62-73f1e2253b13,Honey Soul Food,Toronto,Canada,Canada,Food,https://www.destinationtoronto.com/leisure-blog/post/black-owned-businesses-toronto/
34df2c53-706f-5d71-bbab-cfc0be12f862,Guyana Shop,Georgetown,Guyana,Guyana,Shop,https://www.caribbeangreenbook.com/businesses
35209299-874e-5941-bf22-107bc029aa04,Condado Vanderbilt Hotel,Condado / San Juan,Puerto Rico,Puerto Rico,Hotel,https://blackhotelguide.com/location/puerto-rico/
352980f7-80e1-5984-9b6c-4d55b4e8e0d7,Boogie Moli,Manchester,United Kingdom,United Kingdom,Restaurant / Food Business,https://trippin.world/guide/black-owned-businesses-in-manchester
352fff89-bc3a-5113-9a59-d0e8f4e86155,Lexeah,Amsterdam,Netherlands,Netherlands,Shopping & Retail,https://www.lilywanderlust.com/blog/2020/10/black-owned-amsterdam-city-guide
355193b0-8425-5151-8d29-b3d6d2ce2448,Rafiki Coffee,Edinburgh,United Kingdom,United Kingdom,Cafe / Coffee,https://www.lgbthealth.org.uk/wp-content/uploads/2020/06/BLM-Resource-Guide.pdf
3558b5ce-dc92-5ed0-8206-1defd51bae45,Vital NRG,London,United Kingdom,United Kingdom,Food,https://www.blackeatsldn.com/directory/
3572cf8a-b54b-5333-83e4-98d01c4f94c0,BaoPab,Berlin,Germany,Germany,Restaurant / Bar,https://trippin.world/guide/black-owned-businesses-in-berlin
35942174-e42e-5bc5-af79-f198d3c3b29a,Asmara Roma,Rome,Italy,Italy,Food,https://www.tripadvisor.com/Restaurants-g187791-c1-Rome_Lazio.html
35988276-37e6-5312-a78e-fc17db498e48,El Gauchito,Buenos Aires,Argentina,Argentina,Food,https://www.foratravel.com/guides/TE4QH8/a-black-travelers-guide-to-buenos-aires-mariana-radisic-koliren
359f1e2a-43d7-5285-a13b-afecb2d20a4c,RiveRLife,Edinburgh,United Kingdom,United Kingdom,Food,https://www.lgbthealth.org.uk/wp-content/uploads/2020/06/BLM-Resource-Guide.pdf
35a1b594-e0a4-5841-b7c1-11cc27fe1a49,MoSuke,Paris,France,France,Food,https://parisjetaime.com/eng/article/african-and-caribbean-cultures-what-to-do-in-paris-a1851
35cd40b4-0e3b-5b8f-a406-184c19be85e8,Crep Protect,London,United Kingdom,United Kingdom,Retail / Footwear Care,https://trippin.world/guide/black-owned-businesses-in-london
35de3169-c2fb-5c6b-a235-68fd3be179a3,BOCK:ARIE,Sydney / Alexandria,Australia,Australia,Fashion / Retail,https://trippin.world/guide/black-owned-businesses-in-sydney
35e043c4-e0d3-594c-a49e-0ec2d365af19,Island Flava,Ottawa,Canada,Canada,Food,https://ottawatourism.ca/en/ottawa-insider/black-owned-businesses-to-visit-in-ottawa
35f1bf66-459a-5a39-a2e3-f49f28ac3e19,Couples Sans Souci,Ocho Rios,Jamaica,Jamaica,Resort,https://blackhotelguide.com/location/jamaica/
35ff9ceb-4c10-5c0c-80da-e5ec1b70f67f,La Regatta,San Andrés,Colombia,Colombia,Food,https://www.caribbeangreenbook.com/businesses
36088e6c-90a8-546a-a7f9-9bbe205cda24,Gina Francesca Photography,St. Philip,Barbados,Barbados,Photography,https://www.caribbeangreenbook.com/businesses
36447778-f19b-5fdb-8914-4db1e247458d,Khartoum Cafe,Edinburgh,United Kingdom,United Kingdom,Cafe / Restaurant,https://www.lgbthealth.org.uk/wp-content/uploads/2020/06/BLM-Resource-Guide.pdf
364687bf-5d8a-5452-ad56-d7df9654f0ee,Babajani,London,United Kingdom,United Kingdom,Food,https://www.blackeatsldn.com/directory/
3651b7ac-6604-5def-b20a-934deb541e0b,Galerie Nelly Wandji,Paris,France,France,Gallery / Retail,https://travelnoire.com/spend-day-black-owned-paris
367afe5d-ec2c-5eb2-9398-9a9f9b722666,Turtle Bay — Plymouth,Plymouth,United Kingdom,United Kingdom,Restaurant / Bar,https://candaceabroad.com/black-owned-businesses-in-london/
367e0cab-615c-53db-bbf3-2b267b743c7e,Bambam By Frank,Stockholm,Sweden,Sweden,Food,https://www.tripadvisor.com/Restaurants-g189852-c1-Stockholm.html
36a32bab-4735-59f5-9513-5e2a99b074fc,The Downtown Hotel Soufriere,Soufrière,Saint Lucia,Saint Lucia,Hotel,https://blackhotelguide.com/location/caribbean/
36c32042-a045-5b21-b13a-a1ce9c960caa,Café Manolín,Old San Juan,Puerto Rico,Puerto Rico,Food,https://www.touroldsanjuan.com/restaurants/
36cafab6-95e2-5d51-835f-7cda579a9dbe,Condado Palm Inn,San Juan / Condado,Puerto Rico,Puerto Rico,Hotel,https://blackhotelguide.com/location/puerto-rico/
374b03de-05dd-5f89-ab86-82b379d10fec,Adulis Restaurant,Milan,Italy,Italy,Food,https://www.tripadvisor.com/Restaurants-g187849-c1-Milan_Lombardy.html
376697c6-1201-5484-b856-5bd2defdde04,Couples Swept Away,Negril,Jamaica,Jamaica,Resort,https://blackhotelguide.com/location/jamaica/
37823c97-a829-5550-ac06-63439390ab02,Somewhere Nice Hostel,Accra,Ghana,Ghana,Hostel,https://www.sarajabril.com/black-owned-hotels-rentals
37b06980-e0ff-5c70-bfce-e6a364b40742,Copper and Lumber Store Historic Inn,English Harbour,Antigua and Barbuda,Antigua and Barbuda,Historic Inn,https://blackhotelguide.com/location/caribbean/
38317100-b023-5fb4-ac78-c458e42e1291,Le Nil Bleu,Montréal,Canada,Canada,Food,https://www.google.com/search?q=Le+Nil+Bleu+Montreal
386bc3a5-6fec-58c1-84d0-a2076601fbe4,Siboney Beach Club,Dickenson Bay,Antigua and Barbuda,Antigua and Barbuda,Hotel,https://blackhotelguide.com/location/caribbean/
3872b9a4-c053-533b-81c7-b20fa2ee43c8,Pull Up Bar Cafe,Manchester / Northern Quarter,United Kingdom,United Kingdom,Restaurant / Bar,https://www.designmynight.com/manchester/blog/black-owned-restaurants-bars-manchester
38d14c07-9bd9-574f-bb4a-adb75aa814e6,De Palm Tours Aruba,Oranjestad,Aruba,Aruba,Tour Operator,https://www.caribbeangreenbook.com/businesses
3952a5af-ce51-5103-896b-1089e7a4bb51,Sandra's Roti Shop,St. George's,Grenada,Grenada,Food,https://www.caribbeangreenbook.com/businesses
398c0775-63b5-5b27-9c42-828bac030fa0,Ocean Terrace Inn,Basseterre,Saint Kitts and Nevis,Saint Kitts and Nevis,Hotel,https://blackhotelguide.com/location/caribbean/
399d7f3f-a4f7-5fa4-a9f5-22b18a7c25cb,Nile,Toronto,Canada,Canada,Cafe / Music Venue,https://www.irl.energy/city-guides/essential-black-owned-businesses-in-toronto-with-999adj
39c273bc-7039-5e04-9f5a-d071913dcca6,Corno d'Africa Roma,Rome,Italy,Italy,Food,https://www.tripadvisor.com/Restaurants-g187791-c1-Rome_Lazio.html
39c2ad41-0831-5619-9b10-2b27ffe890bc,Baraka Restaurant,Berlin,Germany,Germany,Food,https://trippin.world/guide/black-owned-businesses-in-berlin
3a6f4703-6590-5928-9617-114c7718b494,Turtle Bay — Winchester,Winchester,United Kingdom,United Kingdom,Restaurant / Bar,https://candaceabroad.com/black-owned-businesses-in-london/
3ab069ff-ec2a-596a-a898-a0b7bd10d609,Pahari African Restaurant,Cape Town,South Africa,South Africa,Food,https://www.reddit.com/r/blacktravel/comments/1v20356/for_anyone_looking_to_support_blackowned/
3ab2f22d-59f6-5f63-949b-0a4bda27df0e,Mama Bongi Cookies,Cape Town,South Africa,South Africa,Bakery / Dessert,https://www.reddit.com/r/blacktravel/comments/1v20356/for_anyone_looking_to_support_blackowned/
3aba1e83-45f3-5204-8bca-e869cdd4b2f9,African Arte Lisboa,Lisbon,Portugal,Portugal,Gallery / Retail,https://blackinportugal.com/lisbons-black-owned-establishments-you-must-visit-part-1-support-black-owned-life-in-lisbon/
3ae0b4a1-84ab-519d-856c-1bd8a0cd6ebd,Brassaria Ampolis,Rio de Janeiro,Brazil,Brazil,Brewery,https://travelnoire.com/black-owned-businesses-rio-carnival-brazil
3b308185-118d-53e0-b333-f40edf63e1b7,Island Vibe,Manchester,United Kingdom,United Kingdom,Food,https://trippin.world/guide/black-owned-businesses-in-manchester
3b97213c-c523-5036-8dce-ece2874a3ee9,El Rincón Que No Conoces,Lima / Lince,Peru,Peru,Food,https://www.viator.com/blog/An-Insiders-Guide-to-Black-Owned-Lima-Peru/l93808
3c0288f4-8193-59aa-8d9c-1ec8bd8b9eb0,Know Jamaica Tours,Ocho Rios / Islandwide,Jamaica,Jamaica,Tour / Transportation,https://www.caribbeangreenbook.com/businesses
3c227ca5-aec7-59bf-8299-16e91364c8b6,Duo de Chef,Montréal,Canada,Canada,Food,https://www.blackfoodie.co/the-black-foodie-guide-to-montreal/
3c5adf19-9437-5ff9-a82c-cd554d630795,Gold Coast,Amsterdam Zuidoost,Netherlands,Netherlands,Food,https://www.iamsterdam.com/en/see-and-do/restaurant-and-bars/best-sub-saharan-african-restaurants-in-amsterdam
3c74c983-0ad8-5ff9-9c51-506dad3b8fa3,Lime Cove Apartment,Rodney Bay,Saint Lucia,Saint Lucia,Vacation Rental,https://www.caribbeangreenbook.com/businesses
3cf2c79f-d62c-501e-9040-5cd70bf13442,Casa de Mãe,Rio de Janeiro,Brazil,Brazil,Restaurant / Cultural,https://travelnoire.com/black-owned-businesses-rio-carnival-brazil
3cfe9e5d-9d85-5fe9-b2bf-c9e5a709cdb7,Fisherman's Pub,Barbados,Barbados,Barbados,Restaurant / Local Food,https://www.cntraveler.com/story/eat-stay-play-barbados-black-history
3d20fdf0-28ee-5d8b-b835-95554d6dc19f,YGN,London,United Kingdom,United Kingdom,Fashion / Retail,https://candaceabroad.com/black-owned-businesses-in-london/
3d32818f-5e27-5c19-9981-369471cabfcb,Thorntree River Lodge - African Bush Camps,Mosi-oa-Tunya National Park,Zambia,Zambia,Safari Lodge,https://travelnoire.com/travel-noire-awards-2026-black-owned-stays
3d57411e-302e-57b5-b7a4-7e061a09097a,Africa - Ristorante Tipico Etiopico-Eritreo,Rome,Italy,Italy,Food,https://www.tripadvisor.com/Restaurants-g187791-c1-Rome_Lazio.html
3d5f6504-f58c-5b2a-853a-91f1c1805b30,La Villa 126,Dakar,Senegal,Senegal,Guesthouse,https://www.sarajabril.com/black-owned-hotels-rentals
3d67ce49-47e7-5f19-9cab-f98768877ede,The Tantalizers Cuisine,Edmonton,Canada,Canada,Restaurant / Catering,https://bbedm.ca/all-listings/
3d77d62b-d220-55a2-bc05-f613c7a04341,The Real Cartagena Travel Agency,Cartagena,Colombia,Colombia,Tour / Experience,https://travelnoire.com/black-owned-tourism-company-cartagena
3dc78025-de85-5e0a-9702-d392966db974,Gingham Doll,London,United Kingdom,United Kingdom,Fashion / Retail,https://trippin.world/guide/black-owned-businesses-in-london
3dcbaee7-265c-5b12-8d8a-45994d5dd98a,Mbano Manor Hotel,Zimbabwe,Zimbabwe,Zimbabwe,Black-Owned Luxury Hotel,https://travelnoire.com/travel-noire-awards-2026-black-owned-stays
3e2aa346-2a92-560b-b9e1-50a33e4a518d,Kuti - Petites Écuries,Paris,France,France,Food,https://www.google.com/maps/search/?api=1&query=Kuti+Petites+Ecuries+Paris
3e7087b2-bd19-50d0-963d-18960881d118,3 Pierres 1 Feu,Montréal,Canada,Canada,Restaurant / Bar,https://www.google.com/search?q=3+Pierres+1+Feu+Montreal
3f03e3d8-4388-5967-9946-05df71f3fc1a,Caribbean Curry House,Montréal,Canada,Canada,Food,https://www.mtlblog.com/montreal/some-of-montreals-black-owned-restaurants-that-you-can-order-from-right-now
3f35eade-454b-58cf-877d-9ffa346d4096,Restaurant Kenneh,Amsterdam,Netherlands,Netherlands,Food,https://www.iamsterdam.com/en/see-and-do/restaurant-and-bars/best-sub-saharan-african-restaurants-in-amsterdam
3f384469-b791-5184-b174-c0f8743cdd92,Therapy Lounge,Kingstown,Saint Vincent and the Grenadines,Saint Vincent and the Grenadines,Restaurant / Lounge,https://www.caribbeangreenbook.com/businesses
3f8c335b-3368-5d54-868d-9e2711c26103,Simply Gorgeous,London,United Kingdom,United Kingdom,Hair / Beauty,https://candaceabroad.com/black-owned-businesses-in-london/
3fbb76fd-02fe-590b-950e-30db8ff89c3d,Auberge Seraphine,Castries,Saint Lucia,Saint Lucia,Hotel,https://blackhotelguide.com/location/caribbean/
40029ef5-50e8-5ab8-b94d-342724fa865f,Waves of Bliss,St. James,Barbados,Barbados,Wellness,https://www.caribbeangreenbook.com/businesses
40872b21-aad8-5b82-8748-f01829aa147e,Bell African Hair Salon,Bangkok,Thailand,Thailand,Hair / Beauty,https://theafrodao.com/best-barbershops-black-hair-salons-bangkok/
4092e770-b543-5835-a131-d4101ca17db7,The Massage Goddess,St. John's / Islandwide,Antigua and Barbuda,Antigua and Barbuda,Spa / Wellness,https://www.caribbeangreenbook.com/businesses
40bbbbd7-f0d2-5e99-a789-5390e9f3ec3e,Black Ninja Pizza,Montréal,Canada,Canada,Food,https://www.mtlblog.com/montreal/some-of-montreals-black-owned-restaurants-that-you-can-order-from-right-now
40c795aa-4145-5ed2-9b1a-cdad7b999c53,Cortsland Hotel Antigua,St. John's,Antigua and Barbuda,Antigua and Barbuda,Hotel,https://blackhotelguide.com/location/caribbean/
40e5ac46-23ce-54aa-a8ed-5a2b05769b12,Turtle Bay — Liverpool Hanover St,Liverpool Hanover St,United Kingdom,United Kingdom,Restaurant / Bar,https://candaceabroad.com/black-owned-businesses-in-london/
40e61d68-f87b-5aac-92b9-cc64408822cf,Gammin Threads,Melbourne,Australia,Australia,Shopping & Retail,https://travelnoire.com/black-owned-restaurants-businesses-melbourne-australia
40f5c145-78f1-5eca-a9df-89e42681fadd,Asana Beauty,Cape Town / Woodstock,South Africa,South Africa,Hair / Beauty,https://www.viator.com/en-GB/blog/Ice-Cream-Maker-Tapiwa-Guhzas-Guide-to-Black-Owned-Cape-Town/l98766
414d2a7f-67ea-529c-a721-e85e563a0d91,Albert's Real Jamaican,Toronto,Canada,Canada,Food,https://www.destinationtoronto.com/leisure-blog/post/african-caribbean-restaurants-toronto/
41945044-2377-5b8d-8447-6d831d4d97cc,Ko-Sa Beach Resort,Elmina,Ghana,Ghana,Resort,https://www.sarajabril.com/black-owned-hotels-rentals
4195cd5c-3600-54e0-9a1f-2989b7db5648,Ke Kebab,Rome,Italy,Italy,Food,https://www.tripadvisor.com/Restaurants-g187791-c1-Rome_Lazio.html
41ed4a63-bb6c-5b3f-8c19-f687ff5468a1,Akaraka Home,Vienna,Austria,Austria,Food,https://www.tripadvisor.com/Restaurants-g190454-c1-Vienna.html
4201202a-c6c1-539e-af4e-64f356eff675,NEVERSAYCUTZ Silom,Bangkok,Thailand,Thailand,Hair / Beauty,https://theafrodao.com/best-barbershops-black-hair-salons-bangkok/
4237b74a-494b-558b-a615-e5543134d248,Rondel Village,Negril,Jamaica,Jamaica,Resort,https://blackhotelguide.com/location/jamaica/
4287ad6d-9215-5821-8a4f-ad7ec6959ca2,Hotel El Convento,Old San Juan,Puerto Rico,Puerto Rico,Hotel,https://blackhotelguide.com/location/puerto-rico/
42b79679-0cb0-558b-9004-3465e1c65208,Aaron’s Place,Cape Town,South Africa,South Africa,Food,https://www.reddit.com/r/blacktravel/comments/1v20356/for_anyone_looking_to_support_blackowned/
42ef92f4-3eab-5611-91b8-a0de036d9d39,The Black Man's Gallery,Melbourne,Australia,Australia,Gallery / Cultural,https://travelnoire.com/black-owned-restaurants-businesses-melbourne-australia
42fb7a4b-e8d6-5fb6-928a-5c77c5760a3d,Caribbean Kitchen Hackney,London / Hackney,United Kingdom,United Kingdom,Food,https://candaceabroad.com/black-owned-businesses-in-london/
44343f06-e08a-5c58-81ac-fc5973b1dfbd,Mandi Restaurant Oslo,Oslo,Norway,Norway,Food,https://www.tripadvisor.com/Restaurants-g190479-c1-Oslo_Eastern_Norway.html
4437e949-2edf-5c46-9e22-a815f63528bc,Batata Doce,Lisbon,Portugal,Portugal,Food,https://www.tripadvisor.com/Restaurants-g189158-c1-Lisbon_Lisbon_District_Central_Portugal.html
444e3bfe-3161-595e-8baa-40834d7dc508,Kaiso Bags,Auckland,New Zealand,New Zealand,Shopping & Retail,https://www.saucemag.co.nz/culture/black-owned-businesses-siposetu-duncan
4457c708-51d1-512f-b4b1-9689ebbb5d42,La Conciergerie Des Saintes,Terre-de-Haut,Guadeloupe,Guadeloupe,Vacation Rental,https://www.caribbeangreenbook.com/businesses
448efb28-a391-5342-9f62-d1922a72b234,Kasimbi Metal Works,Cape Town,South Africa,South Africa,Jewelry / Artisan,https://www.viator.com/en-GB/blog/Ice-Cream-Maker-Tapiwa-Guhzas-Guide-to-Black-Owned-Cape-Town/l98766
45147d3b-ebcf-59ad-8b78-a6eb47622d41,The Horn African Cafe & Restaurant,Melbourne / Collingwood,Australia,Australia,Restaurant / Music Venue,https://travelnoire.com/black-owned-restaurants-businesses-melbourne-australia
45329b69-f7fe-502d-896a-1244db0d11cb,Round Hill Hotel and Villas,Montego Bay,Jamaica,Jamaica,Hotel / Resort,https://stayblackexperience.com/
4552bb1d-7cc9-5ee4-b652-73762e6ef200,South Point Antigua,English Harbour,Antigua and Barbuda,Antigua and Barbuda,Boutique Hotel,https://blackhotelguide.com/location/caribbean/
45903fa7-6efc-58bc-8e31-c47981d8338f,Casse-croûte Sissi & Paul,Montréal,Canada,Canada,Food,https://www.google.com/search?q=Casse-croute+Sissi+Paul+Montreal
45a5cf20-57e5-536f-bae1-02190c3269a8,Kossaidi,Paris,France,France,Food,https://parisjetaime.com/eng/article/african-and-caribbean-cultures-what-to-do-in-paris-a1851
45fd370a-dcf2-5b08-a8dd-51748aadcd9f,Soul & Surf,Manchester / Ancoats,United Kingdom,United Kingdom,Food,https://www.designmynight.com/manchester/blog/black-owned-restaurants-bars-manchester
460edb81-e94b-582f-ab6b-deaabe3192ab,Seven Colours Eatery,Cape Town,South Africa,South Africa,Food,https://www.reddit.com/r/blacktravel/comments/1v20356/for_anyone_looking_to_support_blackowned/
475594ab-5389-57f0-8f77-fdf68efe217b,Nicey’s Food Mart - Brampton,Brampton,Canada,Canada,Grocery / Market,https://blackwallstreet.ca/black-owned-toronto-gta-businesses-to-visit/
4788fda7-bca8-5e84-a3cf-23761465e184,Soma Garden Dominica,Hatton Garden / Pagua,Dominica,Dominica,Farm Tour / Experience,https://www.caribbeangreenbook.com/businesses
47a6c034-35c2-5ed6-83a9-5f1421a4febb,Djairsound,Lisbon,Portugal,Portugal,Restaurant / Bar,https://www.tripadvisor.com/Restaurants-g189158-c1-Lisbon_Lisbon_District_Central_Portugal.html
48052607-6042-59ab-9968-c153f0838843,The Queen of Sheba,London,United Kingdom,United Kingdom,Food,https://www.blackeatsldn.com/directory/
48455b42-4e9e-54c8-9080-e6e336259e55,AFRIKANA Restaurant,Brussels,Belgium,Belgium,Food,https://www.google.com/search?q=AFRIKANA+Restaurant+Brussels
485c3f4a-b162-5b69-a8d6-70f5d6db5b7b,Chez José - L Ambassade Du Koo,Milan,Italy,Italy,Food,https://www.tripadvisor.com/Restaurants-g187849-c1-Milan_Lombardy.html
488743e9-1ac5-5be5-abef-bde1bcf4db34,Jardin d'Ebène Boutique Guesthouse,Dakar,Senegal,Senegal,Guesthouse,https://www.sarajabril.com/black-owned-hotels-rentals
4896ef36-29a2-5bb0-8ea0-1ba6d08cb7e4,Calabash Cove Resort & Spa,Marisule,Saint Lucia,Saint Lucia,Resort / Spa,https://blackhotelguide.com/location/caribbean/
48ab2891-d82b-5532-b13d-abb7c8617891,Port St. Charles,St. Peter,Barbados,Barbados,Resort / Marina,https://blackhotelguide.com/location/caribbean/
48d4322b-73a9-51b4-93a7-17cccc526497,Delectable Desserts,Halifax,Canada,Canada,Bakery / Dessert,https://discoverhalifaxns.com/things-to-do/shopping/11-incredible-black-owned-businesses-to-support-in-halifax/
495f8927-8672-5aad-8847-0736054439cd,DJ Poulet,Montréal,Canada,Canada,Food,https://www.mtlblog.com/montreal/some-of-montreals-black-owned-restaurants-that-you-can-order-from-right-now
49c27249-f97b-5f00-8398-b0ef70c37cda,O:LV Fifty Five,Condado / San Juan,Puerto Rico,Puerto Rico,Hotel,https://blackhotelguide.com/location/puerto-rico/
49cb6398-103a-523d-8705-b9b31dd95e32,Cremate London,London,United Kingdom,United Kingdom,Retail / Candles,https://trippin.world/guide/black-owned-businesses-in-london
49dbb31b-9254-5708-875b-46da60ec1f0a,time out car rental,St. Michael,Barbados,Barbados,Car Rental,https://www.caribbeangreenbook.com/businesses
4ab3cdd4-66c8-566b-9a9b-421fedb3b77b,Tilou Kanawa,Kalinago Territory,Dominica,Dominica,Restaurant / Cultural Experience,https://www.caribbeangreenbook.com/businesses
4af73943-babc-5600-9243-08cb42031caf,JEVGLAM,Edmonton South,Canada,Canada,Shopping & Retail,https://bbedm.ca/
4afa6738-cabf-53bd-9d16-7238159a2e0f,Rivers Bar & Grill,London,United Kingdom,United Kingdom,Food,https://www.blackeatsldn.com/directory/
4b04ac3c-6bdd-5a37-8abd-e5f37c3567c6,What's On The Menu Ish?,London,United Kingdom,United Kingdom,Food,https://www.blackeatsldn.com/directory/
4b0f10fd-c840-5dd2-810c-07871b70aef0,Malandro,Lisbon,Portugal,Portugal,Food,https://www.tripadvisor.com/Restaurants-g189158-c1-Lisbon_Lisbon_District_Central_Portugal.html
4b276060-65ec-5f4e-a2ea-fef4a070bed1,Ristorante Hdmona,Milan,Italy,Italy,Food,https://www.tripadvisor.com/Restaurants-g187849-c1-Milan_Lombardy.html
4b7c15f9-6807-54d2-bc89-4aafd0964991,Authentique Epicerie & Bar,London,United Kingdom,United Kingdom,Food,https://www.blackeatsldn.com/directory/
4ba721d1-94d4-533e-bf2e-4085626c8c99,Balafon,Milan,Italy,Italy,Food,https://www.tripadvisor.com/Restaurants-g187849-c1-Milan_Lombardy.html
4bdf274a-8b58-57eb-b2c5-1dad501fac98,Hilton Garden Inn London Heathrow Airport,London / Heathrow,United Kingdom,United Kingdom,Hotel,https://blackhotelguide.com/location/europe/
4bfff0c5-90a4-5937-b8d4-dea1c85cc711,Hans Cottage Botel,Cape Coast,Ghana,Ghana,Hotel / Eco Stay,https://www.sarajabril.com/black-owned-hotels-rentals
4c071636-f6bd-59cb-bea6-d6e4c85af869,Yayá Comidaria Pop Brasileira,Rio de Janeiro,Brazil,Brazil,Food,https://travelnoire.com/black-owned-businesses-rio-carnival-brazil
4c1a2e5f-895f-53a9-9130-b218bca1cb85,Sunset Lane,Barbados,Barbados,Barbados,Stay / Local Hospitality,https://www.cntraveler.com/story/eat-stay-play-barbados-black-history
4c25bd2c-46c0-5273-841a-7af1facc4daf,Ataya Cafe,Berlin,Germany,Germany,Cafe / Restaurant,https://trippin.world/guide/black-owned-businesses-in-berlin
4c534888-3124-5471-806c-cc4c1ee066f8,Rostrevor Hotel,St. Lawrence Gap,Barbados,Barbados,Hotel,https://blackhotelguide.com/location/caribbean/
4c577a72-9ac2-5337-9034-e5513daf74e0,Trap Kitchen London,London,United Kingdom,United Kingdom,Food,https://candaceabroad.com/black-owned-businesses-in-london/
4caa0340-c044-5c61-9dfe-8cd794e2077c,The Fish Cafe,London,United Kingdom,United Kingdom,Food,https://www.blackeatsldn.com/directory/
4ce3750d-08d9-5e84-a139-7ae309cdb79a,Turtle Bay — Peterborough,Peterborough,United Kingdom,United Kingdom,Restaurant / Bar,https://candaceabroad.com/black-owned-businesses-in-london/
4d067413-aa6f-5a08-b6a4-6d60cd32ad57,Afro Gourmet,Rio de Janeiro,Brazil,Brazil,Food,https://travelnoire.com/black-owned-businesses-rio-carnival-brazil
4d455cb8-1b06-5c56-ad4e-b3af4a198344,Bar do Zé,Rio de Janeiro,Brazil,Brazil,Bar,https://www.caribbeangreenbook.com/businesses
4d6d1297-09fc-542d-9855-928433086704,TERANGA restaurant,Milan,Italy,Italy,Food,https://www.tripadvisor.com/Restaurants-g187849-c1-Milan_Lombardy.html
4dadf32f-750d-5f9a-851e-19a6744a257a,Trapiche Gamboa,Rio de Janeiro,Brazil,Brazil,Music Venue,https://travelnoire.com/black-owned-businesses-rio-carnival-brazil
4db0f8f7-dcb1-5b73-986e-41f164547441,Soulfood Restaurant By Felicia,Lisbon,Portugal,Portugal,Food,https://www.tripadvisor.com/Restaurants-g189158-c1-Lisbon_Lisbon_District_Central_Portugal.html
4dbb625a-e93d-5daa-9fb5-c59cd8546982,Roopram Roti,Amsterdam / Dapperbuurt,Netherlands,Netherlands,Food,https://www.google.com/search?q=Roopram+Roti+Amsterdam
4dc1259f-38ad-5316-be85-9a968b988ce6,Lush Excursions,Marigot Bay,Saint Lucia,Saint Lucia,Adventure / Wellness Tour,https://www.caribbeangreenbook.com/businesses
4dc161ad-78fb-53f8-a28b-661dfb739c46,Mosobna,Milan,Italy,Italy,Food,https://www.tripadvisor.com/Restaurants-g187849-c1-Milan_Lombardy.html
4dc4ab0c-d0ae-5a0c-a7b5-0c350bf8b2cf,Three Little Birds Clapham,London,United Kingdom,United Kingdom,Food,https://www.blackeatsldn.com/directory/
4e063cc8-7ea2-5ddc-af7e-76e81be4f24b,Soulland,Copenhagen,Denmark,Denmark,Shopping & Retail,https://www.scandinaviastandard.com/a-guide-to-black-owned-businesses-to-support-in-scandinavia/
4e07259e-3375-5053-85b4-33ee94fc905d,Body Holistics,Morne Fortune,Saint Lucia,Saint Lucia,Spa / Wellness,https://www.caribbeangreenbook.com/businesses
4e8932b6-c7f2-5484-b98c-2e3712ded47c,Clothing The Gaps,Melbourne,Australia,Australia,Shopping & Retail,https://travelnoire.com/black-owned-restaurants-businesses-melbourne-australia
4e99b722-c2d5-5d53-97cd-72a50812545c,Hotel El Colonial,Old San Juan,Puerto Rico,Puerto Rico,Hotel,https://blackhotelguide.com/location/puerto-rico/
4e9e0baf-11fb-55c6-b6e9-9ca830ec79f3,Edenstylz,Sydney,Australia,Australia,Hair / Beauty,https://trippin.world/guide/black-owned-businesses-in-sydney
4f37983c-072c-54d9-a32f-1b3db862e82c,Little Rock Manchester,Manchester,United Kingdom,United Kingdom,Food,https://trippin.world/guide/black-owned-businesses-in-manchester
4f54fa32-3c43-579d-bb10-2780ee0e4d00,Lalibela Vienna,Vienna 18th District,Austria,Austria,Food,https://viennawurstelstand.com/article/the-black-owned-businesses-in-vienna-that-you-need-to-check-out-now/
4f71313f-099f-5dd2-80f9-089eb8b25cb4,Africa Milano,Milan,Italy,Italy,Food,https://www.tripadvisor.com/Restaurants-g187849-c1-Milan_Lombardy.html
4f95dc1f-1d06-5089-aeef-aa90f5b63027,New Somali Kitchen,Melbourne / Flemington,Australia,Australia,Food,https://travelnoire.com/black-owned-restaurants-businesses-melbourne-australia
4f97d42c-4330-5e23-bfa6-9bd37f6f803e,New Beacon Books,London,United Kingdom,United Kingdom,Bookstore,https://candaceabroad.com/black-owned-businesses-in-london/
4fe3e0ec-a35e-5f64-a558-411bf495dc3c,La Teranga,Madrid,Spain,Spain,Food,https://travelnoire.com/how-to-spend-48-hours-in-black-owned-madrid
5034fb20-6de7-580e-bc85-fe4fd3d3ed17,Kecara Boutique,Winnipeg,Canada,Canada,Shopping & Retail,https://www.bestinwinnipeg.com/black-owned-businesses-winnipeg/
5077e1c3-2be3-559a-ba5e-e1acadf3a42f,Get Shopped,Old San Juan,Puerto Rico,Puerto Rico,Tour Operator,https://www.discoverpuertorico.com/article/get-taste-island-food-tours-puerto-rico
50852847-abf2-505f-ac2e-6f64c241a8aa,Pousada Axé,Salvador,Brazil,Brazil,Guesthouse,https://blackhotelguide.com/location/south-america/
5096a58e-fdc3-59d6-928b-03ca2cb2d4d5,Aaron's Place Cape Town,Cape Town,South Africa,South Africa,Food,https://www.reddit.com/r/blacktravel/comments/1v20356/for_anyone_looking_to_support_blackowned/
50a0887c-ce76-5378-9e85-3bfe86bf6aa7,Corno D'africa Milano,Milan,Italy,Italy,Food,https://www.tripadvisor.com/Restaurants-g187849-c1-Milan_Lombardy.html
510e4221-274e-5075-8dad-49cb3bdfea11,Casa Congo,Portobelo,Panama,Panama,Boutique Hotel / Resort,https://blackhotelguide.com/location/south-america/
516bcb21-1530-52f2-b466-941a96b06de9,Buccaneer Beach Club,Dickenson Bay,Antigua and Barbuda,Antigua and Barbuda,Hotel,https://blackhotelguide.com/location/caribbean/
5195f691-d8c4-5a16-bb41-b4de52bd5822,Rox Creative,Winnipeg,Canada,Canada,Retail / Art,https://www.bestinwinnipeg.com/black-owned-businesses-winnipeg/
51fae02a-6be2-5e1e-9370-a487eac1bbde,Vida Sana Nutrition,Mayagüez,Puerto Rico,Puerto Rico,Wellness,https://hereinpr.com/
5232707e-7729-5e1b-ab7c-50f8217a1a21,Century General Store,Edinburgh,United Kingdom,United Kingdom,Retail / Cafe,https://www.lgbthealth.org.uk/wp-content/uploads/2020/06/BLM-Resource-Guide.pdf
52a5608e-5528-5345-9b2d-dcdf0d786e65,Baieta,Paris,France,France,Food,https://lavielocale.com/blog/2020/6/5/local-guide-to-x-black-owned-businesses-to-support-in-paris
52ece1ad-6615-58d9-b0b5-96fbd50664a1,Turtle Bay — Oxford,Oxford,United Kingdom,United Kingdom,Restaurant / Bar,https://candaceabroad.com/black-owned-businesses-in-london/
530f4065-d435-55de-b7fd-65e402c548ec,The Protest Bar,Amsterdam,Netherlands,Netherlands,Bar,https://www.lilywanderlust.com/blog/2020/10/black-owned-amsterdam-city-guide
536d4f4b-3900-531b-958c-401e284f7de3,Water & Brood,Amsterdam,Netherlands,Netherlands,Food,https://news.airbnb.com/wp-content/uploads/sites/4/2020/09/airbnb-black-weekenders-guide-Amsterdam.pdf
538df0aa-d1b2-59dc-a1fc-003495810e35,Afrika Stockholm,Stockholm,Sweden,Sweden,Food,https://www.tripadvisor.com/Restaurants-g189852-c1-Stockholm.html
538e56e2-6e9c-56ae-bb1e-90b19e20f480,Shades of Barbados,Barbados,Barbados,Barbados,Guesthouse,https://blackhotelguide.com/location/caribbean/
53cccf3d-162c-5306-bfb0-e710856f0272,Ritz Caribbean Food,Toronto,Canada,Canada,Food,https://www.destinationtoronto.com/leisure-blog/post/african-caribbean-restaurants-toronto/
53e0a96e-1cd1-5ebf-a660-3afb796364f0,Yerba,Amsterdam,Netherlands,Netherlands,Food,https://www.lilywanderlust.com/blog/2020/10/black-owned-amsterdam-city-guide
5417e870-3cf3-529c-a340-9c245de1cdc6,Love and Cakes,Paris,France,France,Bakery,https://lavielocale.com/blog/2020/6/5/local-guide-to-x-black-owned-businesses-to-support-in-paris
543fd8cf-4a34-5e60-8306-c90c7f5f9f45,Aflé Bijoux,Amsterdam,Netherlands,Netherlands,Shopping & Retail,https://www.lilywanderlust.com/blog/2020/10/black-owned-amsterdam-city-guide
54948826-62b5-50ba-b4a3-920ffaeecec5,My Irie Escape,Jamaica,Jamaica,Jamaica,Black-Owned Villa Management / Stay,https://travelnoire.com/black-owned-my-irie-escape-jamaica
54de4917-1c09-585b-831c-cf9603adfdc4,Courtleigh Hotel & Suites,Kingston,Jamaica,Jamaica,Hotel,https://blackhotelguide.com/location/jamaica/
54f9fa28-4d07-56c7-950a-0d49a81095d5,Lalibela Etiopisk Restaurant,Oslo,Norway,Norway,Food,https://www.tripadvisor.com/Restaurants-g190479-c1-Oslo_Eastern_Norway.html
5515cce1-44fd-5b67-bcad-05a8db6c5bbc,The West Indian Bake Company,London,United Kingdom,United Kingdom,Bakery,https://www.blackeatsldn.com/directory/
551b036a-6ad2-5f88-9b52-4093c6aa792d,Hand Made Story by Barbara Alli,Vienna,Austria,Austria,Shopping & Retail,https://viennawurstelstand.com/article/the-black-owned-businesses-in-vienna-that-you-need-to-check-out-now/
5530c8f2-dabc-59fc-88eb-ad88f68decca,Ocean Point Resort & Spa,Hodges Bay,Antigua and Barbuda,Antigua and Barbuda,Resort / Spa,https://blackhotelguide.com/location/caribbean/
5545f743-77ad-56ad-b87e-e669b9e7cb5d,Galerie Art-Z,Paris,France,France,Gallery,https://parisjetaime.com/eng/article/african-and-caribbean-cultures-what-to-do-in-paris-a1851
556e361e-662c-5b32-8ae9-60a29301bd8c,The Xperience,St. George's,Grenada,Grenada,Guesthouse,https://www.caribbeangreenbook.com/businesses
55b37eca-3a51-5935-a325-b3520948a898,Roda Viva,Lisbon,Portugal,Portugal,Food,https://www.tripadvisor.com/Restaurants-g189158-c1-Lisbon_Lisbon_District_Central_Portugal.html
55e369c4-1577-5d0b-9ca3-94f8a893814e,Black Orchid Resort,Burrell Boom,Belize,Belize,Resort,https://blackhotelguide.com/location/central-america/
55fd44c7-b11b-50ca-a920-b57cb7755ee8,Buriti - Poblenou,Barcelona,Spain,Spain,Food,https://www.google.com/search?q=Barcelona+African+Caribbean+Brazilian+Ethiopian+restaurants
564743f8-bb8b-5418-bb11-2e24a5eac5cd,The Vieques Guesthouse,Vieques / Esperanza,Puerto Rico,Puerto Rico,Guesthouse,https://blackhotelguide.com/location/puerto-rico/
564980f8-e7d4-5ecb-887a-49fbfbe397e0,Residence Inn by Marriott London Bridge,London / Southwark,United Kingdom,United Kingdom,Hotel,https://blackhotelguide.com/location/europe/
56584635-1177-59bb-8a51-add3eeb23b6f,Maison Château Rouge,France,France,France,Black-Owned Fashion / Retail,https://travelnoire.com/black-owned-shops-europe
567103f1-f8f9-5659-b69d-0d26ced50fee,Ode Hotel Toronto,Canada,Canada,Canada,Black-Owned Boutique Hotel,https://www.cntraveler.com/story/black-owned-hotels
56979088-3aed-5f63-b2ff-a9c1bb4717a0,Twenty20 Skincare,Ottawa,Canada,Canada,Beauty & Personal Care,https://ottawa.citynews.ca/2020/06/12/black-owned-businesses-in-ottawa-you-can-support/
56bacf29-120c-5da1-a24e-59d0405c1f2c,Great Huts Eco Resort,Port Antonio,Jamaica,Jamaica,Resort,https://blackhotelguide.com/location/jamaica/
570a5335-3728-5304-ba87-edf366394ab2,Turtle Bay — Newcastle,Newcastle,United Kingdom,United Kingdom,Restaurant / Bar,https://candaceabroad.com/black-owned-businesses-in-london/
5761cda0-c3ef-5c09-bfdc-dc1e838373e0,Cayo Caribe,Old San Juan,Puerto Rico,Puerto Rico,Food,https://www.touroldsanjuan.com/restaurants/
5777f94c-2883-52e3-8979-84419eb3fad7,Casa Campeche,Old San Juan,Puerto Rico,Puerto Rico,Food,https://www.touroldsanjuan.com/restaurants/
57a85aaf-5340-5aa1-ad27-c2be9938fac7,Eat of Eden Clapham,London,United Kingdom,United Kingdom,Food,https://www.blackeatsldn.com/directory/
57e7646a-d78a-5b32-b088-19ff57908a23,Afro Foods NZ,Auckland,New Zealand,New Zealand,Grocery / Market,https://www.saucemag.co.nz/culture/black-owned-businesses-siposetu-duncan
58017f8b-6332-5073-8133-57a393b2341d,VSource Vegan Kitchen,London,United Kingdom,United Kingdom,Food,https://www.blackeatsldn.com/directory/
58356f65-c254-58fc-bca0-d93586e60e3f,Addis Abeba Restaurant,Berlin / Charlottenburg,Germany,Germany,Food,https://trippin.world/guide/black-owned-businesses-in-berlin
585573a5-2143-5ab7-b066-a415459f64b9,Coco Palm Resort,Rodney Bay,Saint Lucia,Saint Lucia,Resort,https://blackhotelguide.com/location/caribbean/
5892ca62-6a2c-52f0-87a1-05b8e0e226e1,Head 2 Toes Beauty,Cape Town / Sea Point,South Africa,South Africa,Beauty / Salon,https://www.viator.com/en-GB/blog/Ice-Cream-Maker-Tapiwa-Guhzas-Guide-to-Black-Owned-Cape-Town/l98766
58be71b4-a485-5c5a-8cba-21b3318d262a,La Rhumerie Du Pirate,Saint-François,Guadeloupe,Guadeloupe,Food,https://www.caribbeangreenbook.com/businesses
58dbea2d-b24d-513c-b321-a6c6c42f9f2f,Queen of Sheba,Melbourne / Footscray,Australia,Australia,Food,https://travelnoire.com/black-owned-restaurants-businesses-melbourne-australia
5945b790-841e-56fa-be23-ce6c3cb4e310,Secluded Amsterdam,Amsterdam,Netherlands,Netherlands,Fashion / Retail,https://trippin.world/guide/pattas-guide-to-black-owned-businesses-in-amsterdam
594f868f-33c4-56c7-a0ce-207a4f88e503,Mascot Brewery,Toronto,Canada,Canada,Brewery,https://blackwallstreet.ca/black-owned-toronto-gta-businesses-to-visit/
596385c9-c4b2-50ec-8051-5b9cb918dd53,Terrou-Bi Resort,Dakar,Senegal,Senegal,Resort,https://www.sarajabril.com/black-owned-hotels-rentals
5988fa0d-4538-5301-afb7-c071870f86c1,Mama Shee,Dublin / Ireland,Ireland,Ireland,Food / Retail,https://travelnoire.com/black-owned-businesses-ireland
59d6eebc-0068-5d0a-9265-2204bd11acd4,Turtle Bay — Coventry,Coventry,United Kingdom,United Kingdom,Restaurant / Bar,https://candaceabroad.com/black-owned-businesses-in-london/
5a6cc1e9-759b-5644-85ef-d66a72ed9a50,Netchers Ground,St. Ann / Portland,Jamaica,Jamaica,Eco Farm / Food Experience,https://www.caribbeangreenbook.com/businesses
5af736ea-8fb4-5908-b3f7-3d0a43f38233,Mezé Bistrot Prati,Rome,Italy,Italy,Food,https://www.tripadvisor.com/Restaurants-g187791-c1-Rome_Lazio.html
5b0b2a65-5ad8-513e-b3e3-9b48e07c7681,Les Palétuviers Boutique Hotel,Toubacouta,Senegal,Senegal,Boutique Hotel,https://www.sarajabril.com/black-owned-hotels-rentals
5b1a4b53-052b-57dd-b08b-272fde8f3d5d,Hotel Indigo London Clerkenwell,London,United Kingdom,United Kingdom,Hotel,https://blackhotelguide.com/location/europe/
5b4e9fef-ead5-5c8c-bb19-4fab9fb4c35b,6 Green Banana,Montréal,Canada,Canada,Food,https://www.mtlblog.com/montreal/some-of-montreals-black-owned-restaurants-that-you-can-order-from-right-now
5b604848-a374-5091-83cd-6d331e14848b,Taye Ethiopian Restaurant,Bangkok,Thailand,Thailand,Food,https://www.google.com/maps/search/?api=1&query=Taye+Ethiopian+Restaurant+Bangkok
5b9b4fb9-e918-5025-ac66-0a3cc67074db,tREv Clothing,Halifax / Bedford,Canada,Canada,Shopping & Retail,https://discoverhalifaxns.com/things-to-do/shopping/11-incredible-black-owned-businesses-to-support-in-halifax/
5b9c7e96-1add-5005-9fd1-0a49ec912ad0,Pitanga,London,United Kingdom,United Kingdom,Food,https://www.blackeatsldn.com/directory/
5ba5c90d-5537-571f-93f5-48017ab36e4d,Turtle Bay — Norwich,Norwich,United Kingdom,United Kingdom,Restaurant / Bar,https://candaceabroad.com/black-owned-businesses-in-london/
5baca683-9971-504a-a040-a424632146f9,Mesón Panza Verde,Antigua,Guatemala,Guatemala,Hotel,https://blackhotelguide.com/location/central-america/
5bcd73a6-1078-5efb-b312-e45f46e45d8c,PortzVue Villa Barbados,St. Peter,Barbados,Barbados,Villa,https://www.caribbeangreenbook.com/businesses
5c45689d-4dce-5f82-9ac9-5a4289e6ec98,Brazza Restaurant,London,United Kingdom,United Kingdom,Food,https://www.blackeatsldn.com/directory/
5c5237a6-ed29-5a56-98bc-a55df6301509,Netto Bar,"Otrobanda, Willemstad",Curaçao,Curaçao,Bar,https://www.caribbeangreenbook.com/businesses
5c6ed060-f932-5303-a186-ca14b4085615,Psych Cones,San Fernando,Trinidad and Tobago,Trinidad and Tobago,Food / Beverage,https://www.caribbeangreenbook.com/businesses
5c7fac0b-1a6b-5042-b27b-06e7b1d6769f,Conejo Negro,Toronto,Canada,Canada,Food,https://blackwallstreet.ca/black-owned-toronto-gta-businesses-to-visit/
5c938975-5c75-5c4f-a7c0-2fe6845f4506,Black History Walks,London,United Kingdom,United Kingdom,Tour / Experience,https://candaceabroad.com/black-owned-businesses-in-london/
5cbd2e62-4ac7-5101-9279-9816a932ef6a,Mrgda Ristorante Cucina Etiope & Eritrea,Rome,Italy,Italy,Food,https://www.tripadvisor.com/Restaurants-g187791-c1-Rome_Lazio.html
5cd4d085-2f19-5b92-99fd-2bd80f98439e,Coral Grove Suites,"Canaan, Tobago",Trinidad and Tobago,Trinidad and Tobago,Suites / Lodging,https://www.caribbeangreenbook.com/businesses
5cf36bcb-0a40-5438-95b3-06a427ee0cfd,YA MAN Caribbean Soulfood,Berlin / Moabit,Germany,Germany,Food,https://www.google.com/search?q=YA+MAN+Caribbean+Soulfood+Berlin
5cf65a86-f7fe-5e8c-9bcd-507560052472,Casa Mocambo,Lisbon,Portugal,Portugal,Restaurant / Bar,https://www.tripadvisor.com/Restaurants-g189158-c1-Lisbon_Lisbon_District_Central_Portugal.html
5d03c4f6-99e0-557d-9d78-f8db4329e772,Geejam Hotel,Port Antonio,Jamaica,Jamaica,Hotel,https://stayblackexperience.com/
5d210431-9fed-5a6e-9d8b-2e54ff0859a6,Pearl and Palmer store,Edmonton South,Canada,Canada,Grocery / Market,https://bbedm.ca/
5d24a339-e806-5464-926f-b5f14d8cb91f,J7 Health Centre,Manchester,United Kingdom,United Kingdom,Health & Wellness,https://trippin.world/guide/black-owned-businesses-in-manchester
5d3079bf-03ce-598c-80bf-aba679fb8e41,Cynthia’s Hair Couture,Vienna 3rd District,Austria,Austria,Hair / Beauty,https://viennawurstelstand.com/article/the-black-owned-businesses-in-vienna-that-you-need-to-check-out-now/
5d49c5e9-e093-5e8e-a967-bdf6276e2e57,Villa Deluxe Paradise Vacation Home,Jamaica,Jamaica,Jamaica,Hotel / Resort,https://blackhotelguide.com/location/jamaica/
5d50f711-4f10-50bc-810e-8221d2d55000,Afrocolours Collecn,Stockholm,Sweden,Sweden,Shopping & Retail,https://www.scandinaviastandard.com/a-guide-to-black-owned-businesses-to-support-in-scandinavia/
5d55c6e9-e1a4-56a1-8820-d6c1b2350759,Harmony Marina Suites,Rodney Bay,Saint Lucia,Saint Lucia,Hotel,https://blackhotelguide.com/location/caribbean/
5df56dd1-78af-5a7a-a764-b006cfe121c1,The Village Inn Hotel,Carolina,Puerto Rico,Puerto Rico,Hotel,https://blackhotelguide.com/location/puerto-rico/
5e4f63e9-2629-55fb-99b4-626619ddd320,Cafe Mariposa,Lopinot,Trinidad and Tobago,Trinidad and Tobago,Cafe / Eco Experience,https://www.caribbeangreenbook.com/businesses
5e55d05b-5f7c-5416-a371-e0f78013b6fe,Grill Shack & Tiki Bar,London,United Kingdom,United Kingdom,Food,https://www.blackeatsldn.com/directory/
5e5e28a1-d5db-568f-a7fb-30680e86c3e9,Danafrika Restaurant,Copenhagen,Denmark,Denmark,Food,https://www.tripadvisor.com/Restaurants-g189541-c1-Copenhagen_Zealand.html
5e609b43-6302-57f9-8255-89f94b3a0eb7,Little Africa Restaurant,Melbourne / West Melbourne,Australia,Australia,Food,https://travelnoire.com/black-owned-restaurants-businesses-melbourne-australia
5e69638a-3943-5d40-893c-8a1698d86499,Linyanti Expeditions,Linyanti Wilderness,Botswana,Botswana,Safari Camp,https://travelnoire.com/travel-noire-awards-2026-black-owned-stays
5e7c94c2-0606-50f6-b40f-910d29c0be57,Turtle Bay — Exeter,Exeter,United Kingdom,United Kingdom,Restaurant / Bar,https://candaceabroad.com/black-owned-businesses-in-london/
5e92d5d9-8817-502c-93d9-d303f93515d5,Barrachina,Old San Juan,Puerto Rico,Puerto Rico,Food,https://www.touroldsanjuan.com/restaurants/
5e9d0580-76f5-5170-b0e5-73f410b322c2,Koena Art Institute,Cape Town,South Africa,South Africa,Art / Cultural Institute,https://www.viator.com/en-GB/blog/Ice-Cream-Maker-Tapiwa-Guhzas-Guide-to-Black-Owned-Cape-Town/l98766
5ed9da5b-5ce5-563c-9c57-279aa73642c2,Filos Stockholm,Stockholm,Sweden,Sweden,Food,https://www.tripadvisor.com/Restaurants-g189852-c1-Stockholm.html
5ee4ca3a-3561-58ec-9af7-42cff13b9046,Destiny Exclusive Hotel & Convention Centre - OR Tambo,Johannesburg / OR Tambo,South Africa,South Africa,Hotel,https://blackhotelguide.com/location/africa/
5ee99743-4af9-5d7e-a596-b7d745f79094,Local Honey Man,London,United Kingdom,United Kingdom,Food / Retail,https://trippin.world/guide/black-owned-businesses-in-london
5f06df34-1f7d-5010-acef-9b401fe8ead2,Khwai Leadwood,Khwai Community Concession,Botswana,Botswana,Safari Camp,https://travelnoire.com/travel-noire-awards-2026-black-owned-stays
5f4a9129-7687-5811-b10e-4a0bd91da8cb,Champers Restaurant,Barbados,Barbados,Barbados,Restaurant / Dining,https://www.cntraveler.com/story/eat-stay-play-barbados-black-history
5f4dd1fd-fa95-5e27-96ba-4dd226ccb650,Borinquen Beach Inn,Isla Verde,Puerto Rico,Puerto Rico,Hotel,https://blackhotelguide.com/location/puerto-rico/
5f74397b-ce23-5ee8-b811-ddf1a3c0e270,Sea Breeze Beach House,Christ Church,Barbados,Barbados,Resort,https://blackhotelguide.com/location/caribbean/
5fbe4651-b9e7-52f3-b323-12557473a9df,Doce Maria,Colatina,ES,Brazil,Bakery,https://www.caribbeangreenbook.com/businesses
60278392-7508-5cf6-9ffa-1f9ca8325f99,Ma Petite Jamaica,London,United Kingdom,United Kingdom,Food,https://candaceabroad.com/black-owned-businesses-in-london/
60601243-fcd9-52bd-84cc-4c966abfc74f,The Barbers,Copenhagen / Frederiksberg,Denmark,Denmark,Barbershop,https://trippin.world/guide/black-owned-businesses-in-copenhagen
60fb4682-b87e-547a-8351-4b5ca227d6d0,La Carioca,Barcelona,Spain,Spain,Restaurant / Bar,https://www.google.com/search?q=Barcelona+African+Caribbean+Brazilian+Ethiopian+restaurants
6117cc5c-7af3-5504-84df-063ea7654afc,Omeleme African restaurant,Rome,Italy,Italy,Food,https://www.tripadvisor.com/Restaurants-g187791-c1-Rome_Lazio.html
612429bd-594f-52fb-aab4-9fe70c22218a,St. Germain Bistro & Café,Old San Juan,Puerto Rico,Puerto Rico,Food,https://www.touroldsanjuan.com/restaurants/
614d9f91-39d2-534d-89d2-5e3337619b90,Trap House Salon,London,United Kingdom,United Kingdom,Hair / Beauty,https://trippin.world/guide/black-owned-businesses-in-london
6223430b-ccaa-566a-864e-93b1e77cb2cc,Nyamatusi Camp,Mana Pools National Park,Zimbabwe,Zimbabwe,Safari Camp,https://travelnoire.com/travel-noire-awards-2026-black-owned-stays
624d5f44-bd0a-5345-8873-6b47cffed7fc,Blue Apple Beach and Townhouse,Cartagena,Colombia,Colombia,Hotel / Resort / B&B,https://www.cntraveler.com/story/black-owned-hotels
62523f8e-492d-57d6-8c39-51eba3af2668,Catamaran Hotel Marina,Falmouth Harbour,Antigua and Barbuda,Antigua and Barbuda,Hotel / Marina,https://blackhotelguide.com/location/caribbean/
627a70dd-4021-545c-a91e-d58b287ee7c6,ShosomeTimes,Cape Town / CBD,South Africa,South Africa,Vintage / Retail,https://www.viator.com/en-GB/blog/Ice-Cream-Maker-Tapiwa-Guhzas-Guide-to-Black-Owned-Cape-Town/l98766
628c5d8c-65aa-5707-92a9-1faab626973f,Siki’s Kofee Kafe,Cape Town,South Africa,South Africa,Cafe,https://www.reddit.com/r/blacktravel/comments/1v20356/for_anyone_looking_to_support_blackowned/
62aed7cb-edb7-5c13-8cbb-6b26024b8248,Nkula Cocktail & Wine Boutique,Cape Town,South Africa,South Africa,Bar / Wine,https://www.reddit.com/r/blacktravel/comments/1v20356/for_anyone_looking_to_support_blackowned/
62b64204-6756-5ccf-a915-3861e5eadd52,Easy Car Rental,Gros Islet,Saint Lucia,Saint Lucia,Car Rental,https://www.caribbeangreenbook.com/businesses
6301bd9f-d911-51f5-8191-a956bb8dcd87,Khayelitsha Canoe Club,Cape Town / Khayelitsha,South Africa,South Africa,Recreation / Experience,https://curiocity.africa/blog/travel/your-cape-town-guide-to-the-citys-best-black-owned-businesses/
6313859b-f4b6-5fa3-8cba-d15fa406a20f,Restaurant-Bar Steindl,Vienna,Austria,Austria,Restaurant / Bar,https://www.tripadvisor.com/Restaurants-g190454-c1-Vienna.html
638247be-f962-5b1a-98fc-95bb8c0a93c3,Maiwax,Paris,France,France,Shop,https://parisjetaime.com/eng/article/african-and-caribbean-cultures-what-to-do-in-paris-a1851
63e100a3-9626-5019-b634-894931995426,Skylark Negril Beach Resort,Negril,Jamaica,Jamaica,Hotel,https://stayblackexperience.com/
6404620e-d74b-5811-9f9e-f26c0bdd64cb,Locals Coffee,Amsterdam,Netherlands,Netherlands,Cafe,https://www.lilywanderlust.com/blog/2020/10/black-owned-amsterdam-city-guide
644194de-bd20-54ef-8c37-769400c0f120,El Tambo Afro,Buenos Aires / San Telmo,Argentina,Argentina,Restaurant / Cultural,https://www.foratravel.com/guides/TE4QH8/a-black-travelers-guide-to-buenos-aires-mariana-radisic-koliren
646c1039-0059-59d4-a6b1-5d47a80eef84,Knights Kitchen,Edinburgh,United Kingdom,United Kingdom,Restaurant / Food Business,https://www.lgbthealth.org.uk/wp-content/uploads/2020/06/BLM-Resource-Guide.pdf
64c2b6b5-b11e-5024-b560-b8ed449c852c,Savana Ristorante Eritreo,Milan,Italy,Italy,Food,https://www.tripadvisor.com/Restaurants-g187849-c1-Milan_Lombardy.html
64d49229-7d0d-50b9-a852-6138c941d3af,Sweetfield Manor,Bridgetown,Barbados,Barbados,Boutique Hotel,https://blackhotelguide.com/location/caribbean/
657bb41a-6b76-5fbf-8f5a-4452ac5b7378,MyAfrikan by Nagoz,Ottawa,Canada,Canada,Shopping & Retail,https://ottawa.citynews.ca/2020/06/12/black-owned-businesses-in-ottawa-you-can-support/
65822874-72c0-54c0-9675-d2b9fafe6895,Deaverdura,Old San Juan,Puerto Rico,Puerto Rico,Food,https://www.touroldsanjuan.com/restaurants/
660b9711-7339-5fcc-ae39-dbd7ef6c586b,Morso,London,United Kingdom,United Kingdom,Food,https://www.blackeatsldn.com/directory/
6648a61b-2d32-55d5-8922-c675f554d66e,BMORE Barbers,Bangkok,Thailand,Thailand,Hair / Beauty,https://theafrodao.com/best-barbershops-black-hair-salons-bangkok/
6682c363-5155-5a77-b6d6-c26137bce062,Bar do Mussum,Rio de Janeiro,Brazil,Brazil,Restaurant / Bar,https://travelnoire.com/black-owned-businesses-rio-carnival-brazil
66eb52ae-0151-5311-b07f-d9109a5b64bb,Coconut Grove Beach Resort,Elmina,Ghana,Ghana,Resort,https://www.sarajabril.com/black-owned-hotels-rentals
66f12fee-305a-565b-b065-13b5722ca9df,Reggae Rita,Amsterdam,Netherlands,Netherlands,Food,https://www.lilywanderlust.com/blog/2020/10/black-owned-amsterdam-city-guide
671fc5b0-1729-54da-b845-e32d8d6dbbd3,Lapp The Brand,London,United Kingdom,United Kingdom,Fashion / Retail,https://candaceabroad.com/black-owned-businesses-in-london/
67467dd7-812e-5774-a1ba-c2cbe8e0dfa3,Casa Dumato,Salvador,Brazil,Brazil,Cultural / Retail,https://www.salvadordabahia.com/conheca-o-role-afro-uma-serie-de-11-roteiros-de-passeios-com-experiencias-afrocentradas-em-salvador/
6761825d-2c3e-58de-87d5-f69c9bf8e361,Stonefield Estate Villa Resort,Soufrière,Saint Lucia,Saint Lucia,Villa Resort,https://blackhotelguide.com/location/caribbean/
67c0b777-e4ea-5856-8fad-77de497be8f6,New Soul Food,Paris,France,France,Food Truck,https://lavielocale.com/blog/2020/6/5/local-guide-to-x-black-owned-businesses-to-support-in-paris
6800001f-2ef5-582a-a40e-caf8bc3bc69a,Maria's By the Sea,"Road Town, Tortola",British Virgin Islands,British Virgin Islands,Hotel,https://blackhotelguide.com/location/caribbean/
68220ec5-7533-5231-8d80-b4eb19e4424d,Karibbeancars,Pointe-à-Pitre,Guadeloupe,Guadeloupe,Car Rental,https://www.caribbeangreenbook.com/businesses
6842ee3d-5230-5d0e-87ba-2c848cd1b484,Matthew Cow's Buffalo Cafe,Tokyo,Japan,Japan,Food,https://tabelog.com/en/tokyo/rstLst/RC0412/
68cc03a4-b873-5a13-a6ca-fc10b4d5974b,The Islander Swim Collection,Tortola,British Virgin Islands,British Virgin Islands,Fashion / Retail,https://www.caribbeangreenbook.com/businesses
68ccda83-dd8d-5646-9163-e188e9751edc,La Rochelle Lashes & Beauty,Manchester,United Kingdom,United Kingdom,Beauty & Personal Care,https://trippin.world/guide/black-owned-businesses-in-manchester
6905ef82-1b76-52c3-9ec5-feb6ccca9295,Lalla Rookh,Amsterdam / Dapperbuurt,Netherlands,Netherlands,Food,https://www.google.com/search?q=Lalla+Rookh+Amsterdam
69349c43-57ba-5e70-9a78-afcf7eb943f6,The Black Farmer Market,London,United Kingdom,United Kingdom,Market / Retail,https://candaceabroad.com/black-owned-businesses-in-london/
6a3d1433-9593-5c0b-a443-11ed5de0f921,Chez TouTou,Montréal,Canada,Canada,Food,https://www.mtlblog.com/montreal/some-of-montreals-black-owned-restaurants-that-you-can-order-from-right-now
6aae829f-158b-5ca8-af75-9c2492a3aab0,Vegan Shack,Manchester / Collyhurst,United Kingdom,United Kingdom,Food,https://www.designmynight.com/manchester/blog/black-owned-restaurants-bars-manchester
6adc5280-6655-579c-88f7-690fcafc86d5,CurlShoppe,Toronto,Canada,Canada,Beauty & Personal Care,https://www.overheretoronto.com/black-owned-businesses-in-toronto-gta/
6add9ee9-7a46-5d42-9316-e260bfb441e5,Plato Loco Caribbean Cuisine,Amsterdam,Netherlands,Netherlands,Food,https://www.google.com/search?q=Plato+Loco+Caribbean+Cuisine+Amsterdam
6ae2b24f-8fe5-5fe7-8bfd-e4cbd67919fe,Adinkra Farmacy,Toronto,Canada,Canada,Wellness / Apothecary,https://www.destinationtoronto.com/leisure-blog/post/black-owned-businesses-toronto/
6af68345-bf2d-5b59-9a5a-3dcb3be139dc,Turtle Bay — Colchester,Colchester,United Kingdom,United Kingdom,Restaurant / Bar,https://candaceabroad.com/black-owned-businesses-in-london/
6b0ece0a-b806-509e-98ec-d165a1c87b66,Anastácia Restaurant,Lisbon,Portugal,Portugal,Food,https://www.tripadvisor.com/Restaurants-g189158-c1-Lisbon_Lisbon_District_Central_Portugal.html
6b4b3f4e-6dbf-58ea-8121-2128e20cad23,Turtle Bay — Preston,Preston,United Kingdom,United Kingdom,Restaurant / Bar,https://candaceabroad.com/black-owned-businesses-in-london/
6b75be01-d1e6-509e-9618-deece154dc82,A2Z Lessons,Copenhagen,Denmark,Denmark,Education Service,https://www.scandinaviastandard.com/a-guide-to-black-owned-businesses-to-support-in-scandinavia/
6c2b51dc-15ad-575a-8f74-9a0f5c0acce4,Kong Art Creationz,St. Vincent,Saint Vincent and the Grenadines,Saint Vincent and the Grenadines,Art / Creative,https://www.caribbeangreenbook.com/businesses
6c30ef8c-1c5f-57bf-b840-bd8e6cb67f04,BocaChica @ CLF Art Lounge,London,United Kingdom,United Kingdom,Food,https://www.blackeatsldn.com/directory/
6c8bbc2c-4827-5e7f-b060-4abd8cc87f36,Massawa,Paris,France,France,Food,https://www.google.com/maps/search/?api=1&query=Massawa+Paris
6cc0a8a8-d8ac-5d34-871e-5db46bbbbfef,Z’s Northern Ghanaian Cuisine,London,United Kingdom,United Kingdom,Food,https://www.viator.com/en-GB/blog/Founder-of-Melanin-Travel-Vivienne-Dovis-Guide-to-Black-Owned-London/l98991
6ceb83a8-73d3-5e2b-87b2-6b043590730e,La Maison Michelle,Barbados,Barbados,Barbados,Black-Owned Luxury Villa / Stay,https://www.cntraveler.com/story/black-owned-hotels
6d0a0997-7a5c-5833-bab5-55921874e4f9,Gwada Café,Paris,France,France,Food,https://parisjetaime.com/eng/article/african-and-caribbean-cultures-what-to-do-in-paris-a1851
6d2596db-2ed9-532e-837f-fd094ebd6385,Femme Salon and Spa,St. Philip,Barbados,Barbados,Salon / Spa,https://www.caribbeangreenbook.com/businesses
6de6c1ea-99b0-5f59-95b1-a95d30864eb8,Katakata,London,United Kingdom,United Kingdom,Food,https://www.blackeatsldn.com/directory/
6dfc383b-94ca-5e26-bc50-e089ca6857b3,Caille Blanc Villa & Hotel,Soufrière,Saint Lucia,Saint Lucia,Villa / Hotel,https://blackhotelguide.com/location/caribbean/
6e0482b6-1659-555e-ba59-fa08d194ac4a,Fit For Life Ponce,Ponce,Puerto Rico,Puerto Rico,Fitness,https://hereinpr.com/
6e0ed568-c952-554b-9129-51708fee85a7,Golden Castle Villas & Spa,Jamaica,Jamaica,Jamaica,Stay / Black-Owned Villa & Spa,https://travelnoire.com/black-owned-hotels-stays-jamaica
6e808055-d708-599d-9f72-d803d5112946,Ritual on Main,Ottawa / Stittsville,Canada,Canada,Cafe / Boutique,https://ottawatourism.ca/en/ottawa-insider/black-owned-businesses-to-visit-in-ottawa
6e8e0383-a6b4-5ce2-af5e-0c684259d15d,Abyssinia Restaurant,Stockholm,Sweden,Sweden,Food,https://www.scandinaviastandard.com/a-guide-to-black-owned-businesses-to-support-in-scandinavia/
6ea6934d-9db2-5ff3-b67e-12a04eeda83e,Chicken Kitchen Acton,London,United Kingdom,United Kingdom,Food,https://www.blackeatsldn.com/directory/
6ec0871a-dd83-5210-b1ca-129aec1470c8,Zula Restaurant Copenhagen,Copenhagen,Denmark,Denmark,Food,https://www.tripadvisor.com/Restaurants-g189541-c1-Copenhagen_Zealand.html
6ee67c92-db59-5257-aab1-b0240600da33,Impact Roasters,Copenhagen,Denmark,Denmark,Cafe,https://www.tripadvisor.com/Restaurants-g189541-c1-Copenhagen_Zealand.html
6f15b7ba-b874-5a9c-94e5-32661520f70a,Artbox Studio & Gallery,Toronto,Canada,Canada,Art Studio / Gallery,https://blackwallstreet.ca/black-owned-toronto-gta-businesses-to-visit/
6f23e40c-1c23-57db-940c-a924855c3292,EduCulture,Amsterdam,Netherlands,Netherlands,Bookstore,https://trippin.world/guide/pattas-guide-to-black-owned-businesses-in-amsterdam
6f443fec-58c0-577a-96e7-37a38eba0485,Cappshouse Martinique,Le Diamant,Martinique,Martinique,Vacation Rental,https://www.caribbeangreenbook.com/businesses
6f561ed7-e4a9-5376-9fd2-e25e781d387f,Ristorante Le Bantù Roma,Rome,Italy,Italy,Food,https://www.tripadvisor.com/Restaurants-g187791-c1-Rome_Lazio.html
6f595b3b-9138-59cd-9cdf-0ac664ac900d,Soji Solarin,Berlin,Germany,Germany,Shopping & Retail,https://trippin.world/guide/black-owned-businesses-in-berlin
6f61a53a-5796-5bde-ad3e-d05f87a0b144,Salone Market,Berlin,Germany,Germany,Market / Retail,https://trippin.world/guide/black-owned-businesses-in-berlin
6f6ed13d-1799-529f-bd2b-c41b98237f23,Bantabaa,Berlin / Kreuzberg,Germany,Germany,Food,https://www.google.com/search?q=Bantabaa+Berlin
6f6f4190-fc51-5923-90d2-9b1dd0bd81d9,Tourish,Kingston,Jamaica,Jamaica,Tour Operator,https://www.caribbeangreenbook.com/businesses
6fe04f26-3041-5ea5-acbf-cae32f85b087,Roywoods — City Place,Toronto,Canada,Canada,Food,https://www.destinationtoronto.com/leisure-blog/post/black-owned-businesses-toronto/amp/
6fe32ffa-5ea5-5de7-9ccc-348c7c56e7d8,Tingz Restaurant + Bar,Ottawa,Canada,Canada,Restaurant / Bar,https://ottawa.citynews.ca/2020/06/12/black-owned-businesses-in-ottawa-you-can-support/
70217c5f-5837-5b23-bf34-f2000b01ebfb,Pamplemousse,Berlin,Germany,Germany,Shopping & Retail,https://trippin.world/guide/black-owned-businesses-in-berlin
7067649f-9c26-511b-87c5-6f96aad673c0,Gumbo Yaya Paris,Paris,France,France,Food,https://lavielocale.com/blog/2020/6/5/local-guide-to-x-black-owned-businesses-to-support-in-paris
706c4145-f03c-583d-9966-dfe75febc1d2,A la Banane Ivoirienne,Paris,France,France,Food,https://lavielocale.com/blog/2020/6/5/local-guide-to-x-black-owned-businesses-to-support-in-paris
70c0bb94-67a2-53fe-bd05-68c929c79847,BÔ,Paris,France,France,Bar / Restaurant,https://travelnoire.com/spend-day-black-owned-paris
7119ae93-d6b9-5181-8eba-dec7832c4c07,Galeria de Arte Sal e Terra,Salvador,Brazil,Brazil,Gallery,https://www.salvadordabahia.com/conheca-o-role-afro-uma-serie-de-11-roteiros-de-passeios-com-experiencias-afrocentradas-em-salvador/
718be79a-b445-550b-8e41-7ac123ba3dd9,Rads,Manchester,United Kingdom,United Kingdom,Food,https://www.designmynight.com/manchester/blog/black-owned-restaurants-bars-manchester
7267edce-eace-5860-8daa-cc306834ccb9,Ngali,Melbourne,Australia,Australia,Shopping & Retail,https://travelnoire.com/black-owned-restaurants-businesses-melbourne-australia
726d96c7-8630-5cf9-b7ca-ac2e6221e9e3,Joys Health Sanctuary,London,United Kingdom,United Kingdom,Food,https://www.blackeatsldn.com/directory/
727521c2-9ed6-5f52-beec-bbe98053b9ad,Bantou Village,Berlin,Germany,Germany,Food,https://trippin.world/guide/black-owned-businesses-in-berlin
72ab8323-8e60-5b5a-ba5e-edf51ace6ebd,Ras Dashen Ethiopian Restaurant,Melbourne / Footscray,Australia,Australia,Food,https://travelnoire.com/black-owned-restaurants-businesses-melbourne-australia
72c61dc9-5a6c-5e40-b1ce-8d14f9baca3c,Afro Hub,Melbourne,Australia,Australia,Cultural / Community,https://travelnoire.com/black-owned-restaurants-businesses-melbourne-australia
72dc7ce4-24b9-5001-a338-de0bf197a961,Lime Restaurant & Bar,Rome,Italy,Italy,Restaurant / Bar,https://www.tripadvisor.com/Restaurants-g187791-c1-Rome_Lazio.html
72dceb91-7164-5564-ad4a-62e5e2c2c228,Kaffa Coffee Dalston,London / Dalston,United Kingdom,United Kingdom,Cafe,https://candaceabroad.com/black-owned-businesses-in-london/
72e64a49-b2fa-540d-9222-84a08e5fd750,Massawa,Rome,Italy,Italy,Food,https://www.tripadvisor.com/Restaurants-g187791-c1-Rome_Lazio.html
732554f2-cc49-5a5a-8e67-93ff9dbc24ba,Tropical Taste,Old San Juan,Puerto Rico,Puerto Rico,Food,https://www.touroldsanjuan.com/restaurants/
7357810b-4dfb-5918-95e3-af6bfbe69115,Image Gang,London,United Kingdom,United Kingdom,Creative / Fashion,https://trippin.world/guide/black-owned-businesses-in-london
739b61ee-cd45-5409-885a-ac6cb8f4d4a6,Ha-Hu restaurant Ostia,Rome,Italy,Italy,Food,https://www.tripadvisor.com/Restaurants-g187791-c1-Rome_Lazio.html
73a4486f-015b-5bfc-8d5e-abe8acc19b0d,Wadadli Spaces,St. John's,Antigua and Barbuda,Antigua and Barbuda,Service / Space,https://www.caribbeangreenbook.com/businesses
73a67f5a-5be2-5e0f-88ae-67a487531372,Amelia Odexs,Trinidad,Trinidad and Tobago,Trinidad and Tobago,Fashion / Accessories,https://www.caribbeangreenbook.com/businesses
73e7b81b-ae50-5dde-80f5-82d60bda76dd,Charlotte Mensah’s Hair Lounge,London,United Kingdom,United Kingdom,Hair / Beauty,https://candaceabroad.com/black-owned-businesses-in-london/
7476bb49-b5f4-5d79-9062-ea900e8a40c0,The Admiral's Inn,Nelson's Dockyard,Antigua and Barbuda,Antigua and Barbuda,Hotel,https://blackhotelguide.com/location/caribbean/
752b7170-c8b3-5a22-8891-e8d032166582,The Natural Nation,Amsterdam,Netherlands,Netherlands,Beauty & Personal Care,https://trippin.world/guide/pattas-guide-to-black-owned-businesses-in-amsterdam
754c0f07-ddd7-5967-9a33-586f7400aea8,Villa Castel,Gorée Island,Senegal,Senegal,Guesthouse,https://www.sarajabril.com/black-owned-hotels-rentals
7592cdd0-db7b-5766-b194-6496d1ad3e9b,Lalibela Stockholm,Stockholm,Sweden,Sweden,Food,https://www.tripadvisor.com/Restaurants-g189852-c1-Stockholm.html
75af9c1b-afef-595f-bb5e-0cef4151c6fd,Turtle Bay — Cheltenham,Cheltenham,United Kingdom,United Kingdom,Restaurant / Bar,https://candaceabroad.com/black-owned-businesses-in-london/
75b1e440-bea9-59bc-b46b-1757868992fc,Waaberi Restaurant Oslo,Oslo,Norway,Norway,Food,https://www.tripadvisor.com/Restaurants-g190479-c1-Oslo_Eastern_Norway.html
75b54bc4-bc34-5de6-8b09-2c3010de3977,Chimurenga,Cape Town,South Africa,South Africa,Cultural / Media,https://curiocity.africa/blog/travel/your-cape-town-guide-to-the-citys-best-black-owned-businesses/
75f49315-6650-59ab-bdbb-e9adac8008c3,Dos Ángeles del Mar Bed & Breakfast,Rincón,Puerto Rico,Puerto Rico,B&B,https://blackhotelguide.com/location/puerto-rico/
7602a221-2ef3-514d-94ae-ab0d402b2217,Sekou Bi,Dakar,Senegal,Senegal,Boutique Stay,https://www.sarajabril.com/black-owned-hotels-rentals
76259c67-684f-50d0-bf7e-030844ba7a40,Caribbean Kitchen,London,United Kingdom,United Kingdom,Food,https://candaceabroad.com/black-owned-businesses-in-london/
76588aae-b512-5f96-8b04-905c61d27921,The Hub,Ottawa,Canada,Canada,Cafe / Marketplace,https://ottawatourism.ca/en/ottawa-insider/black-owned-businesses-to-visit-in-ottawa
7661fff7-117e-507e-b741-34b237efe42f,La Villa Boutique Hotel Accra,Accra,Ghana,Ghana,Boutique Hotel,https://www.sarajabril.com/black-owned-hotels-rentals
767686d8-0cc8-5a9c-bf11-ec901bfed4f0,Island Car Rentals,Canefield,Dominica,Dominica,Car Rental,https://www.caribbeangreenbook.com/businesses
7691cd6c-9063-5c04-92cf-c54afbd1d059,Thebe Magugu,Cape Town,South Africa,South Africa,Fashion / Retail,https://www.viator.com/en-GB/blog/Ice-Cream-Maker-Tapiwa-Guhzas-Guide-to-Black-Owned-Cape-Town/l98766
76b9bcd4-1e37-5733-9782-3729c9552ba8,Flaunt Boutique,Toronto,Canada,Canada,Beauty & Personal Care,https://www.destinationtoronto.com/leisure-blog/post/black-owned-businesses-toronto/
76c9e104-c8ef-5e3b-b614-e588cb1700ad,Buster Mantis,London / Deptford,United Kingdom,United Kingdom,Food,https://blackhotelguide.com/location/europe/
76d4081a-4654-54dc-ae54-d2ccda93a0df,Gojo Restaurang,Stockholm,Sweden,Sweden,Food,https://www.tripadvisor.com/Restaurants-g189852-c1-Stockholm.html
77077c54-26c1-5272-b2fd-2aada9133e23,Butterfly Beach Hotel,Oistins,Barbados,Barbados,Hotel,https://blackhotelguide.com/location/caribbean/
77101020-580c-5c23-8302-82879607c9f0,Tony Warner Black History Walks,London,United Kingdom,United Kingdom,Tour / Experience,https://candaceabroad.com/black-owned-businesses-in-london/
773856b3-bd23-5806-8919-29d5c7fa057b,Rockhouse Hotel & Spa,Negril,Jamaica,Jamaica,Hotel,https://stayblackexperience.com/
7786eab1-7426-5bc8-8b60-24999b8178a0,Dalmahoy Hotel & Country Club,Edinburgh Area,United Kingdom,United Kingdom,Hotel,https://blackhotelguide.com/location/europe/
77b7b65c-ddec-55bb-84e1-374ac006a040,The Soweto Hotel on Freedom Square,Johannesburg / Soweto,South Africa,South Africa,Hotel,https://blackhotelguide.com/location/africa/
77da5d0c-3d39-52d2-8752-de038be9c796,Brawta Jamaican Jerk Joint,Halifax,Canada,Canada,Food,https://discoverhalifaxns.com/things-to-do/shopping/11-incredible-black-owned-businesses-to-support-in-halifax/
7817155f-11d0-5e7f-91e3-f42de778da10,Worthing Court Apartment Hotel,Worthing,Barbados,Barbados,Aparthotel,https://blackhotelguide.com/location/caribbean/
7830e606-d981-5e94-b717-edcbe1954469,Yam CPH,Copenhagen,Denmark,Denmark,Food Business / Catering,https://www.scandinaviastandard.com/a-guide-to-black-owned-businesses-to-support-in-scandinavia/
786b45e5-9133-52ec-a262-31cb52d2d70c,Mesob Restaurant Oslo,Oslo,Norway,Norway,Food,https://www.tripadvisor.com/Restaurants-g190479-c1-Oslo_Eastern_Norway.html
78cb04b3-468f-5def-a431-75c4f2319068,La Résidence Dakar,Dakar,Senegal,Senegal,Hotel,https://www.sarajabril.com/black-owned-hotels-rentals
792bfdc1-04a2-5f65-8d63-69a9a63ef74b,M.I.O Prints,Dublin / Ireland,Ireland,Ireland,Shopping & Retail,https://travelnoire.com/black-owned-businesses-ireland
79bb57db-2608-5af1-8644-0e26becdae7a,Southern Palms Beach Club,St. Lawrence Gap,Barbados,Barbados,Hotel,https://blackhotelguide.com/location/caribbean/
7a01942e-5c2a-52cc-af1a-345defe7c052,Indie Roots,London,United Kingdom,United Kingdom,Food,https://www.blackeatsldn.com/directory/
7a07edef-2e88-54ef-a14f-84fe4ed89cbb,Waterkant,Amsterdam,Netherlands,Netherlands,Restaurant / Bar,https://www.lilywanderlust.com/blog/2020/10/black-owned-amsterdam-city-guide
7a2d19b2-c271-57e3-9f4a-f96445a1bb72,ATV Xperience Saint Lucia,Gros Islet,Saint Lucia,Saint Lucia,Adventure Tour,https://www.caribbeangreenbook.com/businesses
7a6699db-c39e-50a1-89df-45c515e2a781,Au petit Bamako,Paris,France,France,Food,https://www.google.com/maps/search/?api=1&query=Au+petit+Bamako+Paris
7a70e7e5-9281-53b5-b53b-ab68f8ba4cd0,Restaurant Djambala,Montréal,Canada,Canada,Food,https://www.google.com/search?q=Restaurant+Djambala+Montreal
7a778c3b-d444-5bdf-92c7-7d7866abeaa7,Makkha Health & Spa Bangkok Sukhumvit 24,Bangkok,Thailand,Thailand,Wellness,https://www.google.com/maps/search/?api=1&query=Makkha+Health+Spa+Sukhumvit+24
7a857803-14aa-5435-a4e5-036cb726a15a,OILDHANS Mobile Massage,Nassau,Bahamas,Bahamas,Mobile Spa,https://www.caribbeangreenbook.com/businesses
7aa518c1-ab54-53cc-af00-0f65bbbfaae4,Khwai Tented Camp,Khwai Community Concession,Botswana,Botswana,Safari Camp,https://travelnoire.com/travel-noire-awards-2026-black-owned-stays
7ab9b10a-fe27-5263-afd1-ec3b0df7d0ce,Mary’s Brigadeiro — Danforth Ave,Toronto,Canada,Canada,Bakery / Sweets,https://www.destinationtoronto.com/leisure-blog/post/black-owned-businesses-toronto/amp/
7adbe0fa-e26d-50d6-be87-598c706001da,Turtle Bay — Durham,Durham,United Kingdom,United Kingdom,Restaurant / Bar,https://candaceabroad.com/black-owned-businesses-in-london/
7aff7198-e0dc-5cbb-b60f-7c3ab1079de3,Parador Guánica 1929,Guánica,Puerto Rico,Puerto Rico,Hotel,https://blackhotelguide.com/location/puerto-rico/
7b19909e-7f19-51d2-ad85-54fbea14ffd4,Le Khelkom,Paris,France,France,Food,https://parisjetaime.com/eng/article/african-and-caribbean-cultures-what-to-do-in-paris-a1851
7b2f9827-6c98-583e-955b-0b32972c638b,Tapi Tapi,Cape Town,South Africa,South Africa,Dessert / Cafe,https://www.reddit.com/r/blacktravel/comments/1v20356/for_anyone_looking_to_support_blackowned/
7b57a0c3-734e-545d-8af0-505f1594ef4b,Health Filth,London,United Kingdom,United Kingdom,Wellness / Retail,https://trippin.world/guide/black-owned-businesses-in-london
7b8e2ae0-a545-5aa0-b6fc-aaf29f7067f1,Kids of the Diaspora,Vienna,Austria,Austria,Retail / Fashion / Cultural Brand,https://viennawurstelstand.com/article/the-black-owned-businesses-in-vienna-that-you-need-to-check-out-now/
7bb543eb-1227-5e2c-a6c4-ab2bd1964de2,Laurice Fox,Mexico City,Mexico,Mexico,Shopping & Retail,https://www.viator.com/blog/An-Insiders-Guide-to-Black-Owned-Mexico-City/l93820
7bbcd689-e448-544b-bd9f-c5e7769c1c01,Taste of Rwanda,Auckland,New Zealand,New Zealand,Food / Cafe,https://www.saucemag.co.nz/culture/black-owned-businesses-siposetu-duncan
7bcfe6d8-c35c-5592-a52c-48bafe02b5e7,Freedom Culinary Culture,Halifax Waterfront,Canada,Canada,Restaurant / Marketplace,https://discoverhalifaxns.com/things-to-do/shopping/11-incredible-black-owned-businesses-to-support-in-halifax/
7bd004f2-e0d0-512a-a012-b05630cb626b,Turtle Bay — Hammersmith,Hammersmith,United Kingdom,United Kingdom,Restaurant / Bar,https://candaceabroad.com/black-owned-businesses-in-london/
7bd2c15f-353e-5f0c-be40-bae5ddec6f8c,COCOS Hotel Antigua,Antigua,Antigua and Barbuda,Antigua and Barbuda,Resort,https://blackhotelguide.com/location/caribbean/
7be233d7-5e6d-5d46-813b-9a6c8fa3b69d,Boom J's Cuisine,Montréal,Canada,Canada,Food,https://www.mtlblog.com/montreal/some-of-montreals-black-owned-restaurants-that-you-can-order-from-right-now
7beec4ae-0ef8-546d-abde-503c20d04bba,Radisson Blu London Canary Wharf East,London / Canary Wharf,United Kingdom,United Kingdom,Hotel,https://blackhotelguide.com/location/europe/
7c027f89-f502-53f7-9363-770a87db7829,Flaava Flame Inc.,Edmonton South,Canada,Canada,Restaurant / Catering,https://bbedm.ca/
7c0f9c1b-093c-5926-a625-cf5025578426,Bubz's Kitchen,Manchester,United Kingdom,United Kingdom,Food / Catering,https://trippin.world/guide/black-owned-businesses-in-manchester
7c476dbd-d238-5c6c-9f20-28bf68d078bf,Trap Kitchen Manchester,Manchester,United Kingdom,United Kingdom,Food,https://trippin.world/guide/black-owned-businesses-in-manchester
7c4c701f-d528-5ebc-ad66-4b458f4a6593,Akwaaba Restaurant,Melbourne,Australia,Australia,Food,https://travelnoire.com/black-owned-restaurants-businesses-melbourne-australia
7c67d191-3bff-5fc5-b299-e6a00bdc3e82,BSMT 254,Toronto,Canada,Canada,Music Venue,https://www.irl.energy/city-guides/essential-black-owned-businesses-in-toronto-with-999adj
7ce229c5-3d17-5908-8656-09a88881e9ac,In futurum,Copenhagen,Denmark,Denmark,Professional Service,https://www.scandinaviastandard.com/a-guide-to-black-owned-businesses-to-support-in-scandinavia/
7d2e16ef-c97e-5069-8147-51d478e3dbdf,Emaye,Mexico City,Mexico,Mexico,Beauty & Personal Care,https://www.viator.com/blog/An-Insiders-Guide-to-Black-Owned-Mexico-City/l93820
7ded4eba-0d7b-5bd5-9f54-3b7a58efdf34,Mofon'go,Old San Juan,Puerto Rico,Puerto Rico,Food,https://www.touroldsanjuan.com/restaurants/
7dfcc5f3-e493-5c90-925d-c25a6c3fbdb3,The Virtue,Auckland,New Zealand,New Zealand,Shopping & Retail,https://www.saucemag.co.nz/culture/black-owned-businesses-siposetu-duncan
7e21f327-bc25-53f0-803d-99b07fe360a6,Gursha Ethiopian,Sydney,Australia,Australia,Food,https://trippin.world/guide/black-owned-businesses-in-sydney
7e4f5285-9ca6-5ea1-b8ea-b85dbe9ad2ad,Sofia's Place,Lisbon / São Bento,Portugal,Portugal,Food,https://www.viator.com/blog/An-Insiders-Guide-to-Black-Owned-Lisbon/l98119
7e845b40-0344-5aa3-89b9-eaf9f1195bdb,Ristorante Baobab Cucina Multietnica,Milan,Italy,Italy,Food,https://www.tripadvisor.com/Restaurants-g187849-c1-Milan_Lombardy.html
7eb5f0f8-2d5f-582b-af13-40caea5916d8,Eat GF Barbados,St. Michael,Barbados,Barbados,Restaurant / Food,https://www.caribbeangreenbook.com/businesses
7f67c176-e757-553f-b8ab-30f6410c7696,Somalisa Acacia,Hwange National Park,Zimbabwe,Zimbabwe,Safari Camp,https://travelnoire.com/travel-noire-awards-2026-black-owned-stays
7fecbd35-a7e8-54c0-9385-bfea0b09b580,Twenty one sound bar,Paris,France,France,Bar / Music Venue,https://parisjetaime.com/eng/article/african-and-caribbean-cultures-what-to-do-in-paris-a1851
8036b850-0a3c-5d9e-94cb-2332ce141b60,Smash Burger Co,London,United Kingdom,United Kingdom,Food,https://www.blackeatsldn.com/directory/
8068ab02-73a7-5a9b-a6e0-3991e7b66cba,Little Baobab,London,United Kingdom,United Kingdom,Restaurant / Cultural Venue,https://www.viator.com/en-GB/blog/Founder-of-Melanin-Travel-Vivienne-Dovis-Guide-to-Black-Owned-London/l98991
807c1cc8-3c75-50e4-baa2-5c045169c3d2,Coyaba Beach Resort,Grand Anse,Grenada,Grenada,Resort,https://blackhotelguide.com/location/caribbean/
80b9e8b8-9586-57e7-8700-431200cc2bad,Inspire and Serve,Jamaica,Jamaica,Jamaica,Voluntourism Experience,https://www.caribbeangreenbook.com/businesses
80f61a08-7dff-5062-b09b-ef8ae29d2469,Mona's Roti,Toronto,Canada,Canada,Food,https://www.destinationtoronto.com/leisure-blog/post/african-caribbean-restaurants-toronto/
80fc7b85-6c91-58a2-8f87-830ad9289bab,Carli's Fine Bistro & Piano,Old San Juan,Puerto Rico,Puerto Rico,Food,https://www.touroldsanjuan.com/restaurants/
8106c787-af1b-5933-9bcb-1d35b5d11ade,Injera - Eritrean & Ethiopian Restaurant,Oslo,Norway,Norway,Food,https://www.tripadvisor.com/Restaurants-g190479-c1-Oslo_Eastern_Norway.html
81123e37-d641-596d-8a6f-b3ed19e1940c,Kinya Lerrk,Melbourne,Australia,Australia,Retail / Art,https://travelnoire.com/black-owned-restaurants-businesses-melbourne-australia
81259789-222b-5399-9b3d-d65edd99b5dc,Fortaleza Suites Old San Juan,Old San Juan,Puerto Rico,Puerto Rico,Hotel,https://blackhotelguide.com/location/puerto-rico/
815f5d61-2273-5121-ac25-febfa8c6cf4f,Busua Beach Resort,Busua,Ghana,Ghana,Resort,https://www.sarajabril.com/black-owned-hotels-rentals
81779c99-8241-5669-bab1-bee32074490e,Taste of Africa Roma,Rome,Italy,Italy,Food,https://www.tripadvisor.com/Restaurants-g187791-c1-Rome_Lazio.html
819f8264-a8ec-520b-904e-666910a0a0c3,Sambuus Milano,Milan,Italy,Italy,Food,https://www.tripadvisor.com/Restaurants-g187849-c1-Milan_Lombardy.html
81a500ef-cb08-5536-a0f3-8b041cd718cb,Turtle Bay — Romford,Romford,United Kingdom,United Kingdom,Restaurant / Bar,https://candaceabroad.com/black-owned-businesses-in-london/
81ca6fdd-debe-5bf0-9f4c-ed7997f3e83d,Bar Bario,Amsterdam,Netherlands,Netherlands,Bar / Cultural Hub,https://www.lilywanderlust.com/blog/2020/10/black-owned-amsterdam-city-guide
81d1487d-b49f-56c7-80ed-c064c63677fb,Cabuloso Ateliê de Arte e Cultura,Salvador,Brazil,Brazil,Art Studio / Cultural,https://www.salvadordabahia.com/conheca-o-role-afro-uma-serie-de-11-roteiros-de-passeios-com-experiencias-afrocentradas-em-salvador/
81eff174-2ee9-5ef0-93bf-c1e630b39e3f,Healing Hands Massage,Rincón,Puerto Rico,Puerto Rico,Wellness,https://hereinpr.com/
82377b86-2611-550b-81d4-ed2e5f48f388,Mama Jackson’s,Paris,France,France,Food,https://lavielocale.com/blog/2020/6/5/local-guide-to-x-black-owned-businesses-to-support-in-paris
8280d7be-13ca-56f2-a0fa-5377e4c9a9fe,Reel Dreams Charters,Nassau,Bahamas,Bahamas,Boat Charter,https://www.caribbeangreenbook.com/businesses
82d77e9f-f763-5629-8b64-19f94d5a3f1e,Turtle Bay — Staines,Staines,United Kingdom,United Kingdom,Restaurant / Bar,https://candaceabroad.com/black-owned-businesses-in-london/
82dcbe6f-b5fb-5615-af63-05f22b6bcc54,Jakes Hotel Treasure Beach,Treasure Beach,Jamaica,Jamaica,Hotel,https://stayblackexperience.com/
836b0fa6-1ce0-5962-b0ea-faf3aba5e657,Turtle Bay — Camden,Camden,United Kingdom,United Kingdom,Restaurant / Bar,https://candaceabroad.com/black-owned-businesses-in-london/
83885818-759b-5802-9f97-cf10e4054a8e,Foursquare Rum Distillery R L Seale & Co Ltd.,St. Philip,Barbados,Barbados,Distillery / Experience,https://www.caribbeangreenbook.com/businesses
8393b51e-e47b-5311-9029-133eb3ee5127,PalmTuin,Amsterdam,Netherlands,Netherlands,Pop-up Restaurant,https://www.lilywanderlust.com/blog/2020/10/black-owned-amsterdam-city-guide
83a7de2d-7842-5f31-b22d-436f70829fb7,Turtle Bay — Milton Keynes,Milton Keynes,United Kingdom,United Kingdom,Restaurant / Bar,https://candaceabroad.com/black-owned-businesses-in-london/
83b1727e-c0ef-530d-bd12-5525660a648f,Isang's Hair & Body,Copenhagen,Denmark,Denmark,Hair / Beauty,https://trippin.world/guide/black-owned-businesses-in-copenhagen
83caecab-4f5b-5b4b-8641-2ea36a1c120c,Likkle More Jerk,Toronto,Canada,Canada,Food,https://www.destinationtoronto.com/leisure-blog/post/black-owned-businesses-toronto/
83d179b1-8b46-55c9-bf7d-9dd048e64c62,Dampha Kitchen,Vienna,Austria,Austria,Food,https://www.tripadvisor.com/Restaurants-g190454-c1-Vienna.html
83f29750-8fdd-5bef-bfaf-03883253f94d,Bona Fide Jamaica Accommodations Ltd.,Kingston / Islandwide,Jamaica,Jamaica,Villa Agency,https://www.caribbeangreenbook.com/businesses
843c6de4-4f48-55a0-abd3-a1c1f0cccd17,Sankofa African Restaurant,Melbourne,Australia,Australia,Food,https://travelnoire.com/black-owned-restaurants-businesses-melbourne-australia
8445f501-b6bb-5ea7-9605-3a80f63dfa4a,Warka,Barcelona,Spain,Spain,Restaurant / Cafe,https://www.google.com/search?q=Barcelona+African+Caribbean+Brazilian+Ethiopian+restaurants
84b8885f-3cd3-5fff-a68e-8c868ab53153,No Signal Radio,London,United Kingdom,United Kingdom,Media / Cultural Venue,https://candaceabroad.com/black-owned-businesses-in-london/
84e15e51-afe3-561a-ae7e-8bf39e7954e8,Marilyn's Place Deli & Bar,Old San Juan,Puerto Rico,Puerto Rico,Food,https://www.touroldsanjuan.com/restaurants/
84fe95dd-58bb-549f-880e-2e69c5193c66,Skate Kween Akademy,St. James,Barbados,Barbados,Experience / Sports,https://www.caribbeangreenbook.com/businesses
852235b8-4923-5827-b010-f38bb4626a50,Ethiopian Restaurant Vienna,Vienna 9th District,Austria,Austria,Food,https://viennawurstelstand.com/article/the-black-owned-businesses-in-vienna-that-you-need-to-check-out-now/
854aa706-e551-5473-b794-6cb79ce12b62,Awuwuan,Ottawa,Canada,Canada,Shopping & Retail,https://ottawa.citynews.ca/2020/06/12/black-owned-businesses-in-ottawa-you-can-support/
8565e203-ae26-5b3c-b1ae-ac114d76f60b,Staverton Park Hotel & Golf Club,Northamptonshire,United Kingdom,United Kingdom,Hotel / Golf,https://blackhotelguide.com/location/europe/
856bb1c6-a630-5e67-8193-31f0b790e82e,Simply Faded Barbershop,Manchester,United Kingdom,United Kingdom,Barbershop,https://trippin.world/guide/black-owned-businesses-in-manchester
86116617-bdb2-583f-8466-3a9778ec1cfe,Restaurant Tambarina 1,Lisbon,Portugal,Portugal,Food,https://www.tripadvisor.com/Restaurants-g189158-c1-Lisbon_Lisbon_District_Central_Portugal.html
86163db4-d3e9-5c5e-8832-497477661f69,Dudley's Coffee & Brunch,London,United Kingdom,United Kingdom,Food,https://www.blackeatsldn.com/directory/
86235823-c221-5366-8ba8-ac3c9641a020,Wanderlust Paris,Paris,France,France,Nightlife Venue,https://parisjetaime.com/eng/article/african-and-caribbean-cultures-what-to-do-in-paris-a1851
8693a72b-6aba-58f7-8cea-ac92bc88a522,The Turquoise Elephant,Christ Church,Barbados,Barbados,Spa / Wellness,https://www.caribbeangreenbook.com/businesses
86c64cbc-dae8-58a2-960d-d8a9fe0973a2,Papa Yoyo,Paris,France,France,Food,https://parisjetaime.com/eng/article/african-and-caribbean-cultures-what-to-do-in-paris-a1851
86ef1512-1a37-5355-94f8-a39578bb1f8b,Hot N Juicy Shrimp LDN,London,United Kingdom,United Kingdom,Food,https://www.blackeatsldn.com/directory/
872f4654-4ca5-5b98-a505-b3bba49912bc,Petit Dakar,Paris,France,France,Food,https://parisjetaime.com/eng/article/african-and-caribbean-cultures-what-to-do-in-paris-a1851
87b9a8d3-872a-5968-91a5-a50dcab65292,Just Grillin Seafood,Five Islands,Antigua and Barbuda,Antigua and Barbuda,Food,https://www.caribbeangreenbook.com/businesses
8835e60e-1e1e-5bef-8933-222803deca16,Cantinho Brasileiro,Barcelona,Spain,Spain,Restaurant / Bar,https://www.google.com/search?q=Barcelona+African+Caribbean+Brazilian+Ethiopian+restaurants
8836609c-34e4-52e8-8ec2-adb39a065acc,A Little Lagos,Sydney,Australia,Australia,Food,https://trippin.world/guide/black-owned-businesses-in-sydney
884df6dd-0a26-5ffe-8821-863912b68a72,La Créole,Paris,France,France,Food,https://parisjetaime.com/eng/article/african-and-caribbean-cultures-what-to-do-in-paris-a1851
884ec85c-28e2-50ab-a824-8754001921a5,Bluefields Bay Villas,Bluefields,Jamaica,Jamaica,Villas / Resort,https://stayblackexperience.com/
886c5ba6-bb17-5ea2-b9ca-770c8d8c5dd1,Fatima’s African Restaurant,Cape Town,South Africa,South Africa,Food,https://www.reddit.com/r/blacktravel/comments/1v20356/for_anyone_looking_to_support_blackowned/
88b2d503-4829-527f-9a6c-c0e31e8b2bd6,Vola Foods,Melbourne,Australia,Australia,Restaurant / Food,https://travelnoire.com/black-owned-restaurants-businesses-melbourne-australia
88d44ba5-a70a-51ff-bc30-f6accf1d5dd2,Guanabara,Barcelona,Spain,Spain,Food,https://www.google.com/search?q=Barcelona+African+Caribbean+Brazilian+Ethiopian+restaurants
89187625-758a-55a9-8b1a-fa15eb4dd0e1,Donde Magola,Cartagena,Colombia,Colombia,Food,https://www.caribbeangreenbook.com/businesses
89889c3d-66cf-5199-ba5a-3bbfe6f081cb,DB Pearlz Design,Halifax,Canada,Canada,Shopping & Retail,https://discoverhalifaxns.com/things-to-do/shopping/11-incredible-black-owned-businesses-to-support-in-halifax/
89bcc26b-4cb4-570f-888f-5e1735c6d301,Olinca Boutique Hotel,Puerto Viejo,Costa Rica,Costa Rica,Hotel,https://blackhotelguide.com/location/central-america/
89c8cf5c-a732-5777-8b8e-09b91bc3efc3,Nail Xperience,Paris,France,France,Nail Salon,https://lavielocale.com/blog/2020/6/5/local-guide-to-x-black-owned-businesses-to-support-in-paris
89d6bd36-bc81-567d-8874-7034ae102e15,Karibbean Kitchen,London,United Kingdom,United Kingdom,Food,https://www.blackeatsldn.com/directory/
8a270d55-5054-5dc3-bfc8-c5567ab14ce4,Restaurante Triana Tapas & Flamenco,Old San Juan,Puerto Rico,Puerto Rico,Food,https://www.touroldsanjuan.com/restaurants/
8a29cab7-3200-5cb4-a612-7fe9131569c1,Palmento Grove Eco Cultural & Fishing Lodge,Hopkins,Belize,Belize,Lodge,https://blackhotelguide.com/location/central-america/
8a2baf85-136f-5364-a55f-15a48b3f7d77,New Soul Food Le Maquis,Paris,France,France,Food,https://www.google.com/maps/search/?api=1&query=New+Soul+Food+Le+Maquis+Paris
8a7b351e-2592-5b9e-bc04-2f56e6c5d3c2,Hostelle Barcelona,Spain,Spain,Spain,Black-Owned Women-Centered Hostel,https://www.cntraveler.com/story/black-owned-hotels
8a860fa9-f0c5-5104-8b06-3f2d6e08f9f9,Calabash Baby,St. Thomas,U.S. Virgin Islands,U.S. Virgin Islands,Baby Gear Rental,https://www.caribbeangreenbook.com/businesses
8ae7d371-d264-5af9-9a15-7ca7e79b0229,Bananas&Breads,Berlin,Germany,Germany,Bakery / Food Business,https://trippin.world/guide/black-owned-businesses-in-berlin
8b0479ee-7588-544f-ad23-9bd0d98b654f,Middle Eight,London / Covent Garden,United Kingdom,United Kingdom,Hotel,https://blackhotelguide.com/location/europe/
8b1828c9-2575-55f4-9ee2-bc583090c3fc,Simz Exotic Food Surinaamse Specialiteiten,Amsterdam,Netherlands,Netherlands,Food,https://www.google.com/search?q=Simz+Exotic+Food+Amsterdam
8b6f3a5f-80bb-59a5-b015-9f37c1ae557f,Hop Beauty,Edmonton,Canada,Canada,Beauty & Personal Care,https://bbedm.ca/
8b72c7f3-84e8-5883-a770-12d7c7ff5d23,Calabash,Tokyo,Japan,Japan,Food,https://tabelog.com/en/tokyo/rstLst/RC0412/
8bbf7874-a18c-5dd7-a537-588d833e919a,Ankobra Beach Resort,Axim,Ghana,Ghana,Resort,https://www.sarajabril.com/black-owned-hotels-rentals
8bd98bf2-5130-5a1e-b390-05a01cbd7f11,Laika Zuri,Berlin,Germany,Germany,Hair / Beauty,https://trippin.world/guide/black-owned-businesses-in-berlin
8c076308-dbf4-5198-aef4-c4b5551e43ac,Laagha's Waffles,London,United Kingdom,United Kingdom,Food,https://www.blackeatsldn.com/directory/
8c3d7553-b5ec-5770-8e04-6b67e496fbca,Wavemaker Photography,Rodney Heights,Saint Lucia,Saint Lucia,Photography,https://www.caribbeangreenbook.com/businesses
8c5e483e-817b-5e78-ac7b-9992f925447d,Turtle Bay — Lincoln,Lincoln,United Kingdom,United Kingdom,Restaurant / Bar,https://candaceabroad.com/black-owned-businesses-in-london/
8c845a24-9351-5f8e-9e55-b2846d8fed7e,La Bellevilloise,Paris,France,France,Cultural Venue,https://parisjetaime.com/eng/article/african-and-caribbean-cultures-what-to-do-in-paris-a1851
8c8e8461-52c6-5e8b-9cf4-5b7f6121f219,Punta Borinquen Resort,Aguadilla,Puerto Rico,Puerto Rico,Resort,https://blackhotelguide.com/location/caribbean/
8ca3a450-5247-5262-880c-55c08ecba045,Dibi Paris,Paris,France,France,Food,https://parisjetaime.com/eng/article/african-and-caribbean-cultures-what-to-do-in-paris-a1851
8cacde7a-2f9e-5b77-92ac-c10d0006a850,Kanelle Patisserie,Melbourne,Australia,Australia,Bakery / Cafe,https://travelnoire.com/black-owned-restaurants-businesses-melbourne-australia
8ce93cb8-dc52-59d0-b8df-3995cf3f5b9f,Saint Cape Town,Cape Town,South Africa,South Africa,Nightlife Venue,https://www.reddit.com/r/blacktravel/comments/1v20356/for_anyone_looking_to_support_blackowned/
8d90f9d9-92d4-5da7-9763-93f26739613f,Oracles Organics,London,United Kingdom,United Kingdom,Shopping & Retail,https://www.blackeatsldn.com/directory/
8d9d73d2-644e-59f4-a7e7-61281fa583e4,Turtle Bay — Birmingham,Birmingham,United Kingdom,United Kingdom,Restaurant / Bar,https://candaceabroad.com/black-owned-businesses-in-london/
8e040099-591e-5304-a8ee-2bbc30621bb7,Brisket Bar LDN,London,United Kingdom,United Kingdom,Food,https://www.blackeatsldn.com/directory/
8e1e9992-c75c-57a7-bf53-b34f4ae18267,Saint Peter's Bay Luxury Resort and Residences,St. Peter,Barbados,Barbados,Resort,https://blackhotelguide.com/location/caribbean/
8e31aa92-9333-53e1-a83c-96476f471c84,Restaurant Akwaba,Montréal,Canada,Canada,Food,https://www.mtlblog.com/montreal/some-of-montreals-black-owned-restaurants-that-you-can-order-from-right-now
8ee12537-eba1-5d29-abd4-ca127fa50be4,Radisson Blu Hotel London Canary Wharf,London,United Kingdom,United Kingdom,Hotel,https://blackhotelguide.com/location/europe/
8f0283bd-ddc2-548f-8895-068ba2b66dcc,Hotel Sages,Indonesia,Indonesia,Indonesia,Black-Owned Boutique Hotel,https://travelnoire.com/travel-noire-awards-2026-black-owned-stays
8f061d39-0185-5062-86dc-6aa86df7c991,Deserted Cactus,London,United Kingdom,United Kingdom,Food,https://www.blackeatsldn.com/directory/
8f6524e9-1957-5623-95fc-d0c6de66a50e,Minikin Bake Box,Manchester,United Kingdom,United Kingdom,Bakery,https://trippin.world/guide/black-owned-businesses-in-manchester
8f86065b-7b8a-5752-9c69-aef3b845eaa2,Ristorante Sapori D'Africa,Rome,Italy,Italy,Food,https://www.tripadvisor.com/Restaurants-g187791-c1-Rome_Lazio.html
8f98e80c-ab64-5cb1-bdfd-c511675c60bd,La Haut Hotel,Soufrière,Saint Lucia,Saint Lucia,Hotel,https://www.caribbeangreenbook.com/businesses
8fd178a3-4d78-5458-bb6c-19410fcd446d,Mokili,Montréal,Canada,Canada,Food,https://www.blackfoodie.co/the-black-foodie-guide-to-montreal/
9001d5e3-d82a-5453-a1dd-45cfbfb05b64,Beaulave Townhomes,Gros Islet,Saint Lucia,Saint Lucia,Vacation Rental,https://www.caribbeangreenbook.com/businesses
9022ebbb-9372-58f6-a488-5b1c5dfdb829,Ristorante Eritrea E Etiope Pizzeria Abissinia,Milan,Italy,Italy,Food,https://www.tripadvisor.com/Restaurants-g187849-c1-Milan_Lombardy.html
902ec131-d625-5f94-aca2-a59a00c246a0,Mi Casa Bar i Restaurant,Barcelona,Spain,Spain,Food,https://www.google.com/search?q=Barcelona+African+Caribbean+Brazilian+Ethiopian+restaurants
90fa4d2b-aa5f-5d09-b88d-a716297f1954,Half Moon Jamaica,Montego Bay,Jamaica,Jamaica,Resort,https://stayblackexperience.com/
9165fdf3-8ebf-5750-a12e-1e4fce32eaf9,Ethiostar,Stockholm,Sweden,Sweden,Food,https://www.tripadvisor.com/Restaurants-g189852-c1-Stockholm.html
924326ab-1d7a-516d-af41-ae0ccb87358a,Parador Maunacaribe,Maunabo,Puerto Rico,Puerto Rico,Hotel,https://blackhotelguide.com/location/puerto-rico/
92490a52-a587-5054-a5ba-e6c8cdf96944,Khayelitshe House,Matobo Hills,Zimbabwe,Zimbabwe,Safari House,https://travelnoire.com/travel-noire-awards-2026-black-owned-stays
926590ae-f0ed-551a-a407-e6fc2096fe26,Le Petit Senegal,Milan,Italy,Italy,Food,https://www.tripadvisor.com/Restaurants-g187849-c1-Milan_Lombardy.html
92c9206c-bea5-530a-b2f7-1288b4e5634b,Only Jerkin’,London,United Kingdom,United Kingdom,Restaurant / Food Stall,https://candaceabroad.com/black-owned-businesses-in-london/
92e50495-50c2-55c2-a9b3-cb2cd0ecb2c8,DoubleTree by Hilton London ExCeL,London,United Kingdom,United Kingdom,Hotel,https://blackhotelguide.com/location/europe/
92e9652d-d289-5ff6-aaab-605499e4a379,Estrelar Sound,Toronto,Canada,Canada,Music Studio,https://www.irl.energy/city-guides/essential-black-owned-businesses-in-toronto-with-999adj
93f8ac9d-7ae9-5257-bd80-589a346eba0e,Ti Case Créole,Paris,France,France,Food,https://parisjetaime.com/eng/article/african-and-caribbean-cultures-what-to-do-in-paris-a1851
93ff9160-e57a-5434-90b7-2ce725023d82,Onomo Hotel Dakar,Dakar,Senegal,Senegal,Hotel,https://www.sarajabril.com/black-owned-hotels-rentals
940c9189-5d55-50e5-ada6-b2ba462c57b7,The Chops HQ,Edmonton North,Canada,Canada,Food / Catering,https://bbedm.ca/
94245ca2-eab3-57b5-bbe3-df33140af4c5,Le Saraba,Barcelona,Spain,Spain,Food,https://www.timeout.com/barcelona/restaurants/flavour-without-prejudice-in-black-owned-barcelona-restaurants
94acca25-613e-535b-bc03-2b09acbd9fee,SenaGambia,Berlin / Kreuzberg,Germany,Germany,Food,https://trippin.world/guide/floyd-lavine-s-black-owned-businesses-in-berlin
94ae1e6d-34b5-57b2-95fb-f77f72d46b04,Jamrock Treks,Discovery Bay,Jamaica,Jamaica,Walking Tour,https://www.caribbeangreenbook.com/businesses
94faf79c-49f9-528d-9278-8b81c21e1664,Addis Abeba,Barcelona,Spain,Spain,Food,https://www.google.com/search?q=Barcelona+African+Caribbean+Brazilian+Ethiopian+restaurants
9524c7ae-7ddf-5594-ad5e-757ab88b3b5a,Patta Amsterdam,Amsterdam,Netherlands,Netherlands,Fashion / Retail,https://trippin.world/guide/pattas-guide-to-black-owned-businesses-in-amsterdam
954a6ef0-7d40-5c55-bdca-f6b045b9249c,Golden Hill Parker Hotel,Elmina,Ghana,Ghana,Hotel,https://www.sarajabril.com/black-owned-hotels-rentals
95690565-f148-5d33-9f1f-101048f37e19,Dida Bar e Restaurante,Rio de Janeiro,Brazil,Brazil,Restaurant / Bar,https://travelnoire.com/black-owned-businesses-rio-carnival-brazil
958edf55-dff5-5c9a-b007-f2afd986993e,Waly Fay,Paris,France,France,Food,https://parisjetaime.com/eng/article/african-and-caribbean-cultures-what-to-do-in-paris-a1851
96665ecf-46e3-58be-ac25-18aaf5a5d6ad,Riad Majorelle Bistrot,Milan,Italy,Italy,Food,https://www.tripadvisor.com/Restaurants-g187849-c1-Milan_Lombardy.html
969ce075-c08a-5a96-b7b2-1424e2424eb5,SMOKINGS KITCHEN,London,United Kingdom,United Kingdom,Food,https://www.blackeatsldn.com/directory/
96bc4829-721c-54de-94e9-4ce46dee97ee,Coconut Grove Bridge House,Elmina,Ghana,Ghana,Hotel,https://www.sarajabril.com/black-owned-hotels-rentals
970ee606-4b48-5f8f-ae92-c7c7687363b2,Casa de Angola - Espaço Gastronómico e Cultural,Lisbon,Portugal,Portugal,Restaurant / Cultural Venue,https://www.tripadvisor.com/Restaurants-g189158-c1-Lisbon_Lisbon_District_Central_Portugal.html
97932565-ef5b-5483-a420-963acea05081,Solitude Day Spa and Salon,Virgin Gorda,British Virgin Islands,British Virgin Islands,Spa / Salon,https://www.caribbeangreenbook.com/businesses
97938393-c57a-5feb-be9c-8152f69f171f,Plant 42,Rome,Italy,Italy,Food,https://www.tripadvisor.com/Restaurants-g187791-c1-Rome_Lazio.html
97a7ea41-1601-5c43-ba11-4bdb3a6009b9,Carebear Heavenly Hands,St. James,Barbados,Barbados,Wellness / Care,https://www.caribbeangreenbook.com/businesses
97e183fd-bb68-535d-a131-f6d788ec13e6,A Taste of Jamaican Heaven Catering Services,Edmonton,Canada,Canada,Food / Catering,https://bbedm.ca/
97fa391f-08ab-5d4d-bd3b-f5960782cce7,805 Restaurants,London,United Kingdom,United Kingdom,Food,https://candaceabroad.com/black-owned-businesses-in-london/
982f435f-b146-542d-88b3-c91065ef9eca,Sasaa,Copenhagen,Denmark,Denmark,Food,https://www.tripadvisor.com/Restaurants-g189541-c1-Copenhagen_Zealand.html
9870b64b-432f-5dca-8507-65f72653170a,Bizz'art,Paris,France,France,Music Venue / Restaurant,https://parisjetaime.com/eng/article/african-and-caribbean-cultures-what-to-do-in-paris-a1851
988a708e-c000-50b8-9330-ebe704cb582a,Roger's Kitchen,London,United Kingdom,United Kingdom,Food,https://www.blackeatsldn.com/directory/
98beecf0-ae01-55e3-9bfb-6e9f4895ca91,Las Palmas,Old San Juan,Puerto Rico,Puerto Rico,Food,https://www.touroldsanjuan.com/restaurants/
98d5c45a-f227-5c0d-a4d8-0f09723385d7,The Moxy Hotel,English Harbour,Antigua and Barbuda,Antigua and Barbuda,Hotel,https://blackhotelguide.com/location/caribbean/
98e0e280-2789-5494-bab6-edcbcfb2f0d2,Acarajé da Dinha,Salvador / Rio Vermelho,Brazil,Brazil,Food / Market Stall,https://www.salvadordabahia.com/conheca-o-role-afro-uma-serie-de-11-roteiros-de-passeios-com-experiencias-afrocentradas-em-salvador/
990d0027-6f65-530a-9091-d1f7c8285132,Little Ethiopia Restaurant Bar,Tokyo,Japan,Japan,Food,https://tabelog.com/en/tokyo/rstLst/RC0412/
99749d4b-ea9c-5491-8ffa-8c8672e8f3f8,Ristorante Etiope Ed Eritreo MAKO,Rome,Italy,Italy,Food,https://www.tripadvisor.com/Restaurants-g187791-c1-Rome_Lazio.html
99c3a98f-f329-5284-8be7-2960425fbfa8,Sahara Roma,Rome,Italy,Italy,Food,https://www.tripadvisor.com/Restaurants-g187791-c1-Rome_Lazio.html
99df87bd-877f-50dd-98c8-b33652aa0be3,Keur,Paris,France,France,Retail / Home,https://lavielocale.com/blog/2020/6/5/local-guide-to-x-black-owned-businesses-to-support-in-paris
9a24e01e-6aa6-53f1-83b8-701fd18375c3,Mary’s Brigadeiro — Etobicoke Factory,Etobicoke,Canada,Canada,Bakery / Sweets,https://www.destinationtoronto.com/leisure-blog/post/black-owned-businesses-toronto/amp/
9a7f2f36-b772-5754-a31d-87b8c0b78421,Susie's Bakery & Coffee Bar,Kingston,Jamaica,Jamaica,Cafe / Bakery,https://www.vogue.com/article/marlon-james-guide-to-jamaica
9ad515c7-8275-5a92-bcce-8f4d4f89675b,Emanuel Bistro & Bar,Stockholm,Sweden,Sweden,Restaurant / Bar,https://www.tripadvisor.com/Restaurants-g189852-c1-Stockholm.html
9b1a0daf-b151-5b69-84a4-4315fdd0a5cd,Ménélik,Paris,France,France,Food,https://parisjetaime.com/eng/article/african-and-caribbean-cultures-what-to-do-in-paris-a1851
9b3618e7-92ef-57d2-ab70-429d3e818d39,Palm Bay Caribbean,London,United Kingdom,United Kingdom,Food,https://www.blackeatsldn.com/directory/
9b89e3a3-a186-5f92-a9c7-b952dadd4ecb,Patta,Amsterdam,Netherlands,Netherlands,Shopping & Retail,https://www.lilywanderlust.com/blog/2020/10/black-owned-amsterdam-city-guide
9b9b9620-f6a5-5391-a626-29cf1e095183,D’Afrique Restaurant & Bar,Ottawa / ByWard Market,Canada,Canada,Restaurant / Bar,https://ottawatourism.ca/en/ottawa-insider/black-owned-businesses-to-visit-in-ottawa
9ba88202-6fb9-507e-98dc-a3354bb3ec1a,Elite Evolution,London,United Kingdom,United Kingdom,Fitness / Wellness,https://trippin.world/guide/black-owned-businesses-in-london
9bcc1a9a-224a-581f-ba17-dde3b66d1b6a,TESFA,Montréal,Canada,Canada,Food,https://www.google.com/search?q=TESFA+Montreal+Papineau
9c2061af-fa13-5955-8ea7-9c6c71ae0be7,Tropical Paradise View,St. John's,Antigua and Barbuda,Antigua and Barbuda,Guesthouse,https://blackhotelguide.com/location/caribbean/
9c610b96-6acb-5db0-b163-8a7d24a238be,Terra Zen Centre,Amsterdam,Netherlands,Netherlands,Cafe / Restaurant,https://www.lilywanderlust.com/blog/2020/10/black-owned-amsterdam-city-guide
9ce64981-279a-56a3-8254-1c859faf16eb,Rum & Tickles,Lisbon,Portugal,Portugal,Dining Experience,https://blackinportugal.com/lisbons-black-owned-establishments-you-must-visit-part-1-support-black-owned-life-in-lisbon/
9ced912e-9bd3-5c6e-ac74-5578e820ea2b,Meme Bete,Castries,Saint Lucia,Saint Lucia,Fashion / Retail,https://www.caribbeangreenbook.com/businesses
9dd45056-9741-5fc1-bd6e-a40b23dfc852,A Fazenda,Barcelona,Spain,Spain,Food,https://www.google.com/search?q=Barcelona+African+Caribbean+Brazilian+Ethiopian+restaurants
9e28908d-0118-517b-8725-50970b473f95,Turtle Bay — Bath,Bath,United Kingdom,United Kingdom,Restaurant / Bar,https://candaceabroad.com/black-owned-businesses-in-london/
9e5c60a2-c083-52f4-a76e-9ba65220e0b9,Ristorante Senegalese Da Coumba,Rome,Italy,Italy,Food,https://www.tripadvisor.com/Restaurants-g187791-c1-Rome_Lazio.html
9ee18bc9-5039-5887-b5bf-ef60587f22e1,Turtle Bay — Ealing,Ealing,United Kingdom,United Kingdom,Restaurant / Bar,https://candaceabroad.com/black-owned-businesses-in-london/
9f0ac4a9-b993-5afe-b453-04586cac2865,Studio X Ottawa,Ottawa,Canada,Canada,Dance / Fitness Studio,https://ottawa.citynews.ca/2020/06/12/black-owned-businesses-in-ottawa-you-can-support/
9f98d95c-033b-52e2-bd15-723ea1005214,Kilograma,Rio de Janeiro,Brazil,Brazil,Food,https://travelnoire.com/black-owned-businesses-rio-carnival-brazil
9f9f9032-6521-5b7a-b691-0a90d17ad7d0,beautybyhareenhunter,Ocho Rios,Jamaica,Jamaica,Beauty / Makeup,https://www.caribbeangreenbook.com/businesses
9fcb1223-6d7a-557d-ab8a-92add938c376,Black Island Lifestyle,Grenada,Grenada,Grenada,Shopping & Retail,https://www.caribbeangreenbook.com/businesses
9fd48395-a4bc-518a-9ccc-f6ecf4c73a9d,Artesanato da Bahia,"Salvador, Bahia",Brazil,Brazil,Shop / Artisan,https://www.caribbeangreenbook.com/businesses
a026ee65-5543-5ea2-b86e-a725aaeaebc1,Ostra Cosa,Old San Juan,Puerto Rico,Puerto Rico,Food,https://www.touroldsanjuan.com/restaurants/
a02cc8eb-e819-57b7-b093-53adce60a616,Espaço Preto Fala de Amor,Salvador,Brazil,Brazil,Cafe / Cultural,https://www.salvadordabahia.com/conheca-o-role-afro-uma-serie-de-11-roteiros-de-passeios-com-experiencias-afrocentradas-em-salvador/
a0726857-751b-5ea0-a3de-cc7be01738e2,Soca House,Gros Islet,Saint Lucia,Saint Lucia,Guesthouse,https://blackhotelguide.com/location/caribbean/
a0ffa57c-8aca-5f09-b936-27a27649392a,HBA Studio Hair and Beauty Salon,Dublin,Ireland,Ireland,Hair / Beauty,https://travelnoire.com/5-black-owned-businesses-to-support-during-your-trip-to-dublin-ireland
a1161d7b-21ce-57f2-a37e-eb0f59c6927b,Ngumpie Weaving,Sydney,Australia,Australia,Art / Retail,https://trippin.world/guide/black-owned-businesses-in-sydney
a116eb46-d319-5e59-bfdf-ccafcce5c1de,Jarin Street,Sydney,Australia,Australia,Fashion / Retail,https://trippin.world/guide/black-owned-businesses-in-sydney
a1242d77-8096-5458-9006-3d704d3c05ee,Patta Running Team,Amsterdam,Netherlands,Netherlands,Community / Fitness,https://news.airbnb.com/wp-content/uploads/sites/4/2020/09/airbnb-black-weekenders-guide-Amsterdam.pdf
a12ada36-b73c-531b-9136-d53cf376b594,Afrik'N'Fusion Paris 20,Paris,France,France,Food,https://www.google.com/maps/search/?api=1&query=AfrikN+Fusion+Paris+20
a14788b9-6a1b-563f-a2da-f1a24a6f5374,Ambrosia,Old San Juan,Puerto Rico,Puerto Rico,Food,https://www.touroldsanjuan.com/restaurants/
a17633ef-c581-5372-8c3c-62ff92223dac,The Outcast,Bangkok,Thailand,Thailand,Hair / Beauty,https://theafrodao.com/best-barbershops-black-hair-salons-bangkok/
a1bd004b-cdfc-554a-8d42-b53102318919,Elephant Plains Lodge,Katunguru,Uganda,Uganda,Hotel / Resort / B&B,https://www.cntraveler.com/story/black-owned-hotels
a1be1e24-ffda-5396-9868-d3e10a99ce01,Plantain Kitchen,London,United Kingdom,United Kingdom,Food,https://candaceabroad.com/black-owned-businesses-in-london/
a1ebe36e-281a-535d-962d-8a761d6e743e,Tropico Créole,Montréal,Canada,Canada,Food,https://www.mtlblog.com/montreal/some-of-montreals-black-owned-restaurants-that-you-can-order-from-right-now
a22cf599-8f0a-5c11-8074-ae8b4666f109,Betah Beauty,Edmonton,Canada,Canada,Beauty & Personal Care,https://bbedm.ca/
a240ab50-36c4-50c6-aa51-24eefd60756c,Dibi,Paris,France,France,Food,https://parisjetaime.com/eng/article/african-and-caribbean-cultures-what-to-do-in-paris-a1851
a2786637-28a7-5ad4-9996-615576db20b9,O Nelson,Lisbon,Portugal,Portugal,Food,https://www.tripadvisor.com/Restaurants-g189158-c1-Lisbon_Lisbon_District_Central_Portugal.html
a28bdbf8-df5c-51a8-95e1-35ad51884a87,Axim Beach Hotel,Axim,Ghana,Ghana,Hotel,https://www.sarajabril.com/black-owned-hotels-rentals
a28f3659-758d-5c18-99e4-e94cdf04363b,So Thai Spa,Bangkok,Thailand,Thailand,Wellness,https://www.google.com/maps/search/?api=1&query=So+Thai+Spa+Bangkok
a387b091-b736-5d37-88a8-bce369468b3b,Nicole Pembrook,Paris,France,France,Hair / Beauty,https://lavielocale.com/blog/2020/6/5/local-guide-to-x-black-owned-businesses-to-support-in-paris
a3dd3548-d75f-5d5f-ae87-4dcb801b0052,Devon House Bakery,Kingston,Jamaica,Jamaica,Bakery,https://www.caribbeangreenbook.com/businesses
a3f673c2-0ff6-5840-8b73-418596e86386,Daily Paper Store Amsterdam,Amsterdam,Netherlands,Netherlands,Fashion / Retail,https://trippin.world/guide/pattas-guide-to-black-owned-businesses-in-amsterdam
a461a9ae-1c61-579b-a315-0336bd658f98,Longboys,London,United Kingdom,United Kingdom,Food,https://www.blackeatsldn.com/directory/
a481aa6f-20d6-59cc-8c8d-ff10f6d2f1d1,Sea Spray Cruises Ltd,Rodney Bay,Saint Lucia,Saint Lucia,Tour / Sailing,https://www.caribbeangreenbook.com/businesses
a498ead2-ad6e-546d-aee5-87045684672a,Half Moon Resort,Jamaica,Jamaica,Jamaica,Black-Owned Luxury Resort,https://travelnoire.com/travel-noire-awards-2026-black-owned-stays
a527aa7f-2d0a-5074-b92e-654da22719e8,TAiTU,Barcelona,Spain,Spain,Food,https://www.google.com/search?q=Barcelona+African+Caribbean+Brazilian+Ethiopian+restaurants
a53b2259-02ae-599d-bd75-416d818355c6,The Good Store,Edinburgh,United Kingdom,United Kingdom,Grocery / Retail,https://www.lgbthealth.org.uk/wp-content/uploads/2020/06/BLM-Resource-Guide.pdf
a54af1d0-a399-5367-b68d-5a8141c7b444,Cantinho do Aziz,Lisbon,Portugal,Portugal,Food,https://www.tripadvisor.com/Restaurants-g189158-c1-Lisbon_Lisbon_District_Central_Portugal.html
a54b50fa-c3a4-519e-8c59-f277bbcee18e,Juice Junkiez,London,United Kingdom,United Kingdom,Food,https://www.blackeatsldn.com/directory/
a57962ae-1a25-56c0-a4e0-a3f7c41e4fec,Turtle Bay — Cardiff,Cardiff,United Kingdom,United Kingdom,Restaurant / Bar,https://candaceabroad.com/black-owned-businesses-in-london/
a5b01ccf-34ec-5241-8b62-04a6497b072c,Spinach King Juicery,Cape Town,South Africa,South Africa,Cafe / Wellness,https://www.reddit.com/r/blacktravel/comments/1v20356/for_anyone_looking_to_support_blackowned/
a5bb8372-7483-5246-acaa-13424f6c7e6a,JJM Advokatfirma,Copenhagen,Denmark,Denmark,Professional Service,https://www.scandinaviastandard.com/a-guide-to-black-owned-businesses-to-support-in-scandinavia/
a5c232ca-e3bc-52a7-96d2-c81672f9432e,Rudie's Jerk Shack - Shoreditch,London,United Kingdom,United Kingdom,Food,https://www.blackeatsldn.com/directory/
a5cf71bf-037d-5355-98d1-070045122245,The Social Studio,Melbourne,Australia,Australia,Fashion / Social Enterprise,https://travelnoire.com/black-owned-restaurants-businesses-melbourne-australia
a5eb1f8e-7ce5-5c46-b702-2a9d697e3306,Black Bear Ice Cream,Halifax,Canada,Canada,Dessert / Food,https://discoverhalifaxns.com/things-to-do/shopping/11-incredible-black-owned-businesses-to-support-in-halifax/
a601bc9c-a0a4-5d25-95fc-54f7a6e97932,Pull Up Bar,Manchester,United Kingdom,United Kingdom,Restaurant / Bar,https://trippin.world/guide/black-owned-businesses-in-manchester
a65d8eef-d6e5-5c04-955a-ca5ded70441b,Didi Pa,Berlin,Germany,Germany,Food,https://trippin.world/guide/black-owned-businesses-in-berlin
a67577c4-3ee8-5e31-97f2-62064fbc6213,Ugood,Copenhagen,Denmark,Denmark,Food,https://www.tripadvisor.com/Restaurants-g189541-c1-Copenhagen_Zealand.html
a68eb259-ba88-52a4-93e6-bc5c2636b3a0,Cup of Té,Toronto,Canada,Canada,Shop,https://www.overheretoronto.com/black-owned-businesses-in-toronto-gta/
a6ec2cd7-ce07-53f9-bb72-1c058f6d463a,McChris Lounge,Cape Town,South Africa,South Africa,Restaurant / Lounge,https://www.reddit.com/r/blacktravel/comments/1v20356/for_anyone_looking_to_support_blackowned/
a6edf560-a03f-5cd0-9150-98f0b5fab130,Couples Tower Isle,Ocho Rios,Jamaica,Jamaica,Resort,https://blackhotelguide.com/location/jamaica/
a7927953-9488-54c3-b5b5-30331a9e2835,Get Glammed by Candace,Diego Martin,Trinidad and Tobago,Trinidad and Tobago,Beauty / Makeup,https://www.caribbeangreenbook.com/businesses
a792d148-bedc-5de0-94b0-cd17425d1a95,Limitless Concierge Service,Bridgetown,Barbados,Barbados,Concierge / Travel Planning,https://www.caribbeangreenbook.com/businesses
a7d6df14-a938-52ef-8142-f940a53e08c5,The Drey,London / Earl's Court,United Kingdom,United Kingdom,Boutique Hotel,https://blackhotelguide.com/location/europe/
a7f9d5d3-4192-54d0-b73b-ab0caa60c935,Habesha II,Copenhagen,Denmark,Denmark,Food,https://www.tripadvisor.com/Restaurants-g189541-c1-Copenhagen_Zealand.html
a8235133-6c85-5440-866b-c0890db3f815,Los Domirriqueños,Old San Juan,Puerto Rico,Puerto Rico,Food,https://www.touroldsanjuan.com/restaurants/
a8341261-85d9-56b8-a824-cb78e5c15f6e,Frejas's Mamma's Kök,Stockholm,Sweden,Sweden,Food,https://www.tripadvisor.com/Restaurants-g189852-c1-Stockholm.html
a8389289-6bd3-55c3-9b90-ad286f494836,Cafe de La Musique,Lisbon,Portugal,Portugal,Restaurant / Cafe,https://www.tripadvisor.com/Restaurants-g189158-c1-Lisbon_Lisbon_District_Central_Portugal.html
a84a0fbc-d69f-5e05-bbfc-0d4af18341d9,Belly Full,London,United Kingdom,United Kingdom,Food,https://trippin.world/guide/black-owned-businesses-in-london
a894a0e7-1687-59dc-ab4c-34fb2cae76ad,Rhythm Kitchen Stratford,London,United Kingdom,United Kingdom,Food,https://www.blackeatsldn.com/directory/
a8ab0e92-e40b-591e-859e-3116146dd82a,S Hotel Jamaica,Montego Bay,Jamaica,Jamaica,Hotel,https://stayblackexperience.com/
a8b0b3c8-018e-506b-b3f5-6cba97e0ba9b,Harbour View Boutique Hotel & Wellness Retreat,Belize,Belize,Belize,Hotel,https://blackhotelguide.com/location/central-america/
a8cc52ea-a18a-5dae-b916-1735621c5b23,Mango Bay Barbados,Holetown,Barbados,Barbados,Resort,https://blackhotelguide.com/location/caribbean/
a95a3c3e-3c9f-5370-a8a9-8f6253f332f9,Le Presine Volanti,Milan,Italy,Italy,Food,https://www.tripadvisor.com/Restaurants-g187849-c1-Milan_Lombardy.html
a973e900-5260-5fdd-b329-2d3eff24e9e6,Annys Hair & Beauty Salon,Edmonton South,Canada,Canada,Hair / Beauty / Wellness,https://bbedm.ca/
a982f237-459c-5d04-a000-8bf4697e161c,Casa da Morna & Semba,Lisbon,Portugal,Portugal,Restaurant / Music Venue,https://www.visitlisboa.com/en/lisbon-stories/17-lisbona-africana
a9bacc91-3780-55ae-a2e8-78bb6f644bdb,Henry's Records,Toronto / Scarborough,Canada,Canada,Record Store,https://www.irl.energy/city-guides/essential-black-owned-businesses-in-toronto-with-999adj
aa877058-7ab5-51e0-9bb8-2ff36db867e4,Jnane Tamsna,Morocco,Morocco,Morocco,Black Woman-Owned Boutique Hotel,https://blacktravelalliance.org/10-best-black-owned-hotels-resorts-around-the-world/
aad4297f-88c9-59ca-a4c8-e74acd44ba7c,RenewHair Products and More,Edmonton West,Canada,Canada,Hair / Beauty,https://bbedm.ca/
aafef2bb-1987-5dce-a3de-725903e385d6,Sumibu,Amsterdam,Netherlands,Netherlands,Retail / Design,https://trippin.world/guide/pattas-guide-to-black-owned-businesses-in-amsterdam
ab046ca3-5d34-5fa1-bce3-9ec2e1aa1e61,Beadhouse,Copenhagen,Denmark,Denmark,Shopping & Retail,https://trippin.world/guide/black-owned-businesses-in-copenhagen
ab3a85c1-6f36-5188-83c9-87da0ca56009,Restaurante Mae Preta,Lisbon,Portugal,Portugal,Food,https://www.tripadvisor.com/Restaurants-g189158-c1-Lisbon_Lisbon_District_Central_Portugal.html
ab3be135-2b75-5830-b3ed-5bf6ea1befff,Gunpowder House & Suites,English Harbour,Antigua and Barbuda,Antigua and Barbuda,Boutique Hotel,https://blackhotelguide.com/location/caribbean/
ab4414ec-b1d4-5486-b84d-bbaa9fe4d4f3,Habesha,Paris,France,France,Food,https://www.google.com/maps/search/?api=1&query=Habesha+Paris
ab49fdcf-8f38-562d-a100-4921b6bcdf3f,Galeto Sat's Botafogo,Rio de Janeiro,Brazil,Brazil,Food,https://travelnoire.com/black-owned-businesses-rio-carnival-brazil
ab6868fa-080e-5d11-b72b-243643a778cc,Mercado La Carreta,Old San Juan,Puerto Rico,Puerto Rico,Food,https://www.touroldsanjuan.com/restaurants/
ab784cb8-bdb0-5f9c-a3eb-8cfb8a1be67e,Adama Paris,Paris,France,France,Shopping & Retail,https://lavielocale.com/blog/2020/6/5/local-guide-to-x-black-owned-businesses-to-support-in-paris
ab95b9d3-f228-5f52-b7b4-abdff4468a55,Hacha Bar,London,United Kingdom,United Kingdom,Food,https://www.blackeatsldn.com/directory/
ac76a0a5-edfc-5df2-8188-1ac3c38d09d8,Eco Lifestyle & Lodge,Bathsheba,Barbados,Barbados,Eco Lodge,https://blackhotelguide.com/location/caribbean/
acb4da51-0ca0-5c5c-b4b1-f55979bca3ec,Hamanasi Adventure & Dive Resort,Hopkins,Belize,Belize,Resort,https://blackhotelguide.com/location/central-america/
acdcaafb-3c4a-54f3-aa68-680b9c2ed1f4,Turtle Bay — Salford Quays,Salford Quays,United Kingdom,United Kingdom,Restaurant / Bar,https://candaceabroad.com/black-owned-businesses-in-london/
ace47b04-46da-5140-9312-2c27422b8fe5,Trapfruits London,London,United Kingdom,United Kingdom,Food / Retail,https://trippin.world/guide/black-owned-businesses-in-london
ad6ed479-c07b-53e7-849f-8fbee65de260,Hamdi Restaurant Somali Cuisine,Toronto,ON,Canada,Food,https://blackhotelguide.com/location/canada/
ad701e0e-372c-532b-93fe-72c6d8b2e1ba,Supercute Brixton,London,United Kingdom,United Kingdom,Bar / Dance Venue,https://www.viator.com/en-GB/blog/Founder-of-Melanin-Travel-Vivienne-Dovis-Guide-to-Black-Owned-London/l98991
ad8b9972-b14f-59ad-9a2f-e758d8812fdd,Saint Jean,Amsterdam,Netherlands,Netherlands,Bakery / Cafe,https://www.lilywanderlust.com/blog/2020/10/black-owned-amsterdam-city-guide
adbab768-8147-564a-8f44-8c6376cb664a,Olympia Gallery,Kingston,Jamaica,Jamaica,Gallery,https://www.vogue.com/article/marlon-james-guide-to-jamaica
ae12ad08-21f2-50a2-a55b-d4d4b5c74dc3,Jamaica Pegasus Hotel,Kingston,Jamaica,Jamaica,Hotel,https://blackhotelguide.com/location/jamaica/
ae22bb3a-3a6f-538a-95bd-62266fd61dd4,Jamaica Lounge,Amsterdam,Netherlands,Netherlands,Bar / Restaurant,https://trippin.world/guide/pattas-guide-to-black-owned-businesses-in-amsterdam
ae503e52-7bce-56c4-9919-16292cd24bc1,Flavour Safari,Ireland / Markets,Ireland,Ireland,Food / Market Vendor,https://travelnoire.com/black-owned-businesses-ireland
ae863aac-f0b9-53b7-946e-f5e140ab850c,The Stuffed Avocado,Old San Juan,Puerto Rico,Puerto Rico,Food,https://www.touroldsanjuan.com/restaurants/
aed085b4-de11-55c3-bc17-0bf126d9f46d,Safari Kitchen Copenhagen,Copenhagen,Denmark,Denmark,Food,https://www.tripadvisor.com/Restaurants-g189541-c1-Copenhagen_Zealand.html
aee958c3-cdd9-5ee0-867e-251b7c69779c,iKhaya Lodge,Cape Town,South Africa,South Africa,Hotel / Resort / B&B,https://www.cntraveler.com/story/black-owned-hotels
aefa9bcc-5066-5149-9a55-f4f71e01db5a,Blissful Jamaica Journeys,Montego Bay / Islandwide,Jamaica,Jamaica,Travel Planning,https://www.caribbeangreenbook.com/businesses
af07906c-d9e5-5c32-8a2b-cbb28ac29ea2,Couples Negril,Negril,Jamaica,Jamaica,Resort,https://blackhotelguide.com/location/jamaica/
af6f0d8a-9b58-57f4-b4ac-22b367852cbb,JRK Bros @ Interludee,London,United Kingdom,United Kingdom,Food,https://www.blackeatsldn.com/directory/
afa10383-c998-5bcb-941c-5e5a02b68c9a,Curl Bar,Toronto,Canada,Canada,Salon,https://www.overheretoronto.com/black-owned-businesses-in-toronto-gta/
afb1cf9b-69ac-5ad1-b1e0-f393c449cd29,Sable & Minx,Auckland,New Zealand,New Zealand,Shopping & Retail,https://www.saucemag.co.nz/culture/black-owned-businesses-siposetu-duncan
b00b2cf4-340a-5f3a-999d-54ca51a0d952,House Of Habesha,Manchester / Salford,United Kingdom,United Kingdom,Food,https://www.designmynight.com/manchester/blog/black-owned-restaurants-bars-manchester
b0ee6951-c18d-505f-abd6-9908fcebf1ec,Ti Kaye Resort & Spa,Anse Cochon,Saint Lucia,Saint Lucia,Resort / Spa,https://blackhotelguide.com/location/caribbean/
b16f1020-778c-525e-8f5c-798fc030750d,Pier 3 Nordhavn,Copenhagen,Denmark,Denmark,Food Hall / Venue,https://www.tripadvisor.com/Restaurants-g189541-c1-Copenhagen_Zealand.html
b1e3c348-19da-5f56-a942-b7abac95668d,Restaurante Etíope Habesha,Madrid,Spain,Spain,Food,https://travelnoire.com/how-to-spend-48-hours-in-black-owned-madrid
b2021f5c-d949-5245-9029-e452288ae859,Beyond Care Living Inc.,Greater Edmonton,Canada,Canada,Home Care / Health,https://bbedm.ca/
b21f08a9-1e58-5c23-9545-61b19473205d,Chocos Corner,Vienna,Austria,Austria,Food,https://www.tripadvisor.com/Restaurants-g190454-c1-Vienna.html
b248d72c-065a-591b-aa56-733a06968141,Lovegift Vegan,London,United Kingdom,United Kingdom,Food,https://www.blackeatsldn.com/directory/
b275ca00-906d-5e31-a9e9-1498fc6d63c4,Radisson Blu London Leicester Square,London / Leicester Square,United Kingdom,United Kingdom,Hotel,https://blackhotelguide.com/location/europe/
b2cb3708-878c-536a-bce4-32f05c21410b,Ital Vital Herbs,London,United Kingdom,United Kingdom,Shopping & Retail,https://www.blackeatsldn.com/directory/
b2f24922-9cea-5490-bffc-29324a74755a,Mama Jacq's,London,United Kingdom,United Kingdom,Food,https://www.blackeatsldn.com/directory/
b3258030-be5d-5c7b-926c-25e6c0a58455,Restaurant Steve Anna,Montréal,Canada,Canada,Food,https://www.mtlblog.com/montreal/some-of-montreals-black-owned-restaurants-that-you-can-order-from-right-now
b366cbbb-0ad3-58f8-88c5-8ef10013e4ee,BMK Paris-Bamako,Paris,France,France,Food,https://www.google.com/maps/search/?api=1&query=BMK+Paris+Bamako
b400e360-b5f5-56af-8a15-feefa453d86f,Caricom London,London,United Kingdom,United Kingdom,Restaurant / Caribbean,https://trippin.world/guide/black-owned-businesses-in-london
b40d535a-06cb-5481-be16-d3537f5e271a,Superfly Records,Paris,France,France,Shop,https://parisjetaime.com/eng/article/african-and-caribbean-cultures-what-to-do-in-paris-a1851
b42f0deb-0fc2-5875-b4fb-7ab4eabcb1fd,Gozie Best African Hair Salon,Bangkok,Thailand,Thailand,Hair / Beauty,https://theafrodao.com/best-barbershops-black-hair-salons-bangkok/
b43459b9-1955-59b8-a735-ac77d6d50213,Jefjel Healing Food,Oslo,Norway,Norway,Food,https://www.tripadvisor.com/Restaurants-g190479-c1-Oslo_Eastern_Norway.html
b4d1d938-b4e0-597f-bf5e-ce79de6e41bf,Drums & Flats,London,United Kingdom,United Kingdom,Food,https://www.blackeatsldn.com/directory/
b4e5418d-5017-5003-8594-2b01b2ecbdcf,Mabu Mabu Catering,Melbourne,Australia,Australia,Catering / Food,https://travelnoire.com/black-owned-restaurants-businesses-melbourne-australia
b51086ae-9678-557d-9978-66ee53a28250,Eat of Eden Brixton,London,United Kingdom,United Kingdom,Food,https://www.blackeatsldn.com/directory/
b53814c2-6be8-589b-9ac3-01866d238138,Mary’s African Cuisine,Halifax,Canada,Canada,Food,https://discoverhalifaxns.com/things-to-do/shopping/11-incredible-black-owned-businesses-to-support-in-halifax/
b557cd28-3124-5771-958a-5553e79c8d0e,Season Zine,London,United Kingdom,United Kingdom,Media / Culture,https://trippin.world/guide/black-owned-businesses-in-london
b5da3834-0313-5936-9b18-75292d7d578f,Ibo,Lisbon,Portugal,Portugal,Food,https://www.visitlisboa.com/en/lisbon-stories/17-lisbona-africana
b681fff0-04ce-5a30-aa47-3a20330a9c3d,Turtle Bay — Leamington Spa,Leamington Spa,United Kingdom,United Kingdom,Restaurant / Bar,https://candaceabroad.com/black-owned-businesses-in-london/
b6e9a206-4cba-5511-99e2-795a78296a96,Placid Suites,San Juan,Puerto Rico,Puerto Rico,Guesthouse / Aparthotel,https://blackhotelguide.com/location/puerto-rico/
b7699b3e-c948-504c-b56b-7fad9c2ade12,Trefle Designs,"Road Town, Tortola",British Virgin Islands,British Virgin Islands,Fashion / Retail,https://www.caribbeangreenbook.com/businesses
b7cedf4e-3122-5944-9b80-8236e3990332,The London EDITION,London / Fitzrovia,United Kingdom,United Kingdom,Hotel,https://blackhotelguide.com/location/europe/
b81eb620-725d-517c-9b5d-0ee0b44f934a,Haus of Dizzy,Melbourne,Australia,Australia,Shopping & Retail,https://travelnoire.com/black-owned-restaurants-businesses-melbourne-australia
b8278f77-ff22-5d88-aab5-1cf2b0a58fe0,Jebena Stockholm,Stockholm,Sweden,Sweden,Food,https://www.tripadvisor.com/Restaurants-g189852-c1-Stockholm.html
b834c165-8f7f-5543-8ccf-0ee943b587ef,Adonai Foods,Melbourne,Australia,Australia,Restaurant / Food,https://travelnoire.com/black-owned-restaurants-businesses-melbourne-australia
b8893307-ed81-5695-bf13-5a921bdaa920,Stork Restaurant,London / Mayfair,United Kingdom,United Kingdom,Food,https://candaceabroad.com/black-owned-businesses-in-london/
b8da6bdf-ed99-57c2-847f-e65291a77a25,La Khaïma Cuisine Nomade,Montréal,Canada,Canada,Food,https://www.google.com/search?q=La+Khaima+Cuisine+Nomade+Montreal
b96a97eb-e230-5e6e-97c6-108961824739,Samfi Gardens,Soufrière,Saint Lucia,Saint Lucia,Aparthotel,https://blackhotelguide.com/location/caribbean/
b978101a-8a64-5e3c-9378-e60be52b59e0,Loja Assim do meu Jeito,Lisbon,Portugal,Portugal,Beauty & Personal Care,https://blackinportugal.com/lisbons-black-owned-establishments-you-must-visit-part-1-support-black-owned-life-in-lisbon/
b9ca738b-2e28-5005-81aa-6c407dda6f63,Konjo Ethiopian Restaurant,Melbourne,Australia,Australia,Food,https://travelnoire.com/black-owned-restaurants-businesses-melbourne-australia
ba13407a-9d88-506a-8ef5-00379f59352f,Mi Lamunchi Fresh Squeezed Lemonades,Savaneta,Aruba,Aruba,Food / Beverage,https://www.caribbeangreenbook.com/businesses
ba7ca9a1-cb53-5e39-9d84-d25fa0d9840e,Love Juicin,London,United Kingdom,United Kingdom,Food,https://www.blackeatsldn.com/directory/
ba7e5832-5aec-5039-bc1c-84c5b86916ac,Mövenpick Ambassador Hotel Accra - Local Context,Accra,Ghana,Ghana,Hotel,https://www.sarajabril.com/black-owned-hotels-rentals
ba8cd7e1-4ff6-51de-b16a-dac286830076,Matugga Distillers,Edinburgh area,United Kingdom,United Kingdom,Distillery / Experience,https://www.lgbthealth.org.uk/wp-content/uploads/2020/06/BLM-Resource-Guide.pdf
baaeae76-b10f-519d-829e-b8506f5ca6b2,Rich Mnisi,Cape Town,South Africa,South Africa,Fashion / Retail,https://www.viator.com/en-GB/blog/Ice-Cream-Maker-Tapiwa-Guhzas-Guide-to-Black-Owned-Cape-Town/l98766
bae0688a-ff43-5ede-a39f-75318a34db90,All Nations Vegan House,London,United Kingdom,United Kingdom,Food,https://www.blackeatsldn.com/directory/
baf56be7-dfda-5e39-979e-7b6030b85750,Kuti,Paris,France,France,Food,https://parisjetaime.com/eng/article/african-and-caribbean-cultures-what-to-do-in-paris-a1851
bb22ee8c-fbe3-58e5-a446-e47452e9353d,Auntie's Supply,Toronto,Canada,Canada,Retail / Food Market,https://www.destinationtoronto.com/leisure-blog/post/black-owned-businesses-toronto/
bb61b913-0370-5bfe-aff2-27bd76639faa,Skcookks,Toronto,Canada,Canada,Food,https://www.destinationtoronto.com/leisure-blog/post/african-caribbean-restaurants-toronto/
bb9a81d7-b283-5c66-9217-ebf762351189,Romeo's Bakery,London,United Kingdom,United Kingdom,Food,https://www.blackeatsldn.com/directory/
bba0c5bc-90ea-5808-8c3b-6d48096bc15d,Hidmona Eritrean & Ethiopian Restaurant,Copenhagen,Denmark,Denmark,Food,https://www.tripadvisor.com/Restaurants-g189541-c1-Copenhagen_Zealand.html
bc27e041-ddc3-56f1-808d-b5be7948f7b8,Heaven Coffee,Cape Town,South Africa,South Africa,Cafe,https://www.reddit.com/r/blacktravel/comments/1v20356/for_anyone_looking_to_support_blackowned/
bc43d93c-0ec8-59ac-9612-27b0c3bfa56c,Carribean Specialties Grocery Store,Montréal,Canada,Canada,Grocery / Bakery,https://www.google.com/search?q=Carribean+Specialties+Grocery+Store+Montreal
bc4bdd00-ce7b-5987-a392-6e4960ad588b,Eat of Eden Shepherd's Bush,London,United Kingdom,United Kingdom,Food,https://www.blackeatsldn.com/directory/
bc966c19-b7d3-5534-bc3d-7e05d29369f7,Ode Toronto,Toronto,Canada,Canada,Hotel,https://www.destinationtoronto.com/leisure-blog/post/black-owned-businesses-toronto/
bccf0712-2c95-5e98-9992-193614c10c8c,HaitiSurf Guesthouse,Cayes-Jacmel,Haiti,Haiti,Guesthouse,https://www.caribbeangreenbook.com/businesses
bcdaa73d-86c3-5498-8a14-7237d221361b,La Mallorca,Old San Juan,Puerto Rico,Puerto Rico,Food,https://www.touroldsanjuan.com/restaurants/
bcee00cf-a9ff-5c5c-8a76-59415cf9009a,restaurant Sao Cristovao,Lisbon,Portugal,Portugal,Restaurant / Bar,https://www.tripadvisor.com/Restaurants-g189158-c1-Lisbon_Lisbon_District_Central_Portugal.html
bd172ebc-c651-509e-b8c8-776daef9f0e8,Radisson Blu Hotel London Bloomsbury,London,United Kingdom,United Kingdom,Hotel,https://blackhotelguide.com/location/europe/
bd4c1c75-8017-5c4d-8d03-ea1e4c076bb9,Tribe,London,United Kingdom,United Kingdom,Food,https://www.blackeatsldn.com/directory/
bd5506c5-5bf2-5608-a983-322b6b6bc505,Nubian Skin,London,United Kingdom,United Kingdom,Fashion / Lingerie,https://candaceabroad.com/black-owned-businesses-in-london/
bdc4e949-c58c-5325-b91e-a04504f0d410,Bouclème,London,United Kingdom,United Kingdom,Beauty & Personal Care,https://candaceabroad.com/black-owned-businesses-in-london/
bde15bf0-68c5-59ad-acaa-2d193758a567,Red Sea Restaurant Vienna,Vienna,Austria,Austria,Food,https://www.tripadvisor.com/Restaurants-g190454-c1-Vienna.html
bde8bdc7-9c16-58bc-b904-1405bd788674,Nu's Cakes,Dublin,Ireland,Ireland,Bakery / Food Business,https://travelnoire.com/5-black-owned-businesses-to-support-during-your-trip-to-dublin-ireland
be42f77e-220f-543e-9735-54b461072e14,Abyssinia Restaurang,Stockholm,Sweden,Sweden,Food,https://www.tripadvisor.com/Restaurants-g189852-c1-Stockholm.html
be579eda-9222-582d-9b45-baca25590f5c,Marigot Beach Club & Dive Resort,Marigot Bay,Saint Lucia,Saint Lucia,Resort,https://blackhotelguide.com/location/caribbean/
bf2055e0-4621-5c1a-a29c-cb86aed281e6,Kaffa Coffee,London,United Kingdom,United Kingdom,Cafe,https://candaceabroad.com/black-owned-businesses-in-london/
bf773060-c7a4-59d7-a004-cf21ecc2e589,Chicken Kitchen Shepherd's Bush,London,United Kingdom,United Kingdom,Food,https://www.blackeatsldn.com/directory/
bfaf19c1-6c37-50c9-a462-cc68683ef90c,Four Flights Up,Ratho Mill,Saint Vincent and the Grenadines,Saint Vincent and the Grenadines,Food,https://www.caribbeangreenbook.com/businesses
c000002c-eb64-576b-99d6-2162f26c25a5,Mzansi Restaurant,Cape Town,South Africa,South Africa,Food,https://www.reddit.com/r/blacktravel/comments/1v20356/for_anyone_looking_to_support_blackowned/
c0045a93-3ed3-5ea1-9506-e3f4f957e5c0,The Royal Fruit,Rome,Italy,Italy,Cafe / Restaurant,https://www.tripadvisor.com/Restaurants-g187791-c1-Rome_Lazio.html
c011384b-083b-5684-893c-85cc6ef9d7b5,Hotel Casa Palopó,Lake Atitlán,Guatemala,Guatemala,Hotel,https://blackhotelguide.com/location/central-america/
c05434e9-f7fc-5ec9-bae3-5d8c9aeb972d,Picture Perfect Photography,Bridgetown,Barbados,Barbados,Photography,https://www.caribbeangreenbook.com/businesses
c06e154f-4203-54e0-baae-755430a1dc4b,Bianca Saunders,London,United Kingdom,United Kingdom,Fashion / Retail,https://trippin.world/guide/black-owned-businesses-in-london
c08b42ad-7bb0-5357-8fd7-aabd649e91bc,Destiny Country Lodge,White River / Mpumalanga,South Africa,South Africa,Lodge,https://blackhotelguide.com/location/africa/
c0998a0a-b959-5e38-bf3f-4930946a37b6,Cave Fit,Edinburgh,United Kingdom,United Kingdom,Fitness / Wellness,https://www.lgbthealth.org.uk/wp-content/uploads/2020/06/BLM-Resource-Guide.pdf
c099ff94-8f5e-51a5-b073-a98031dda09e,Triple T'z Eatery,Kingston,Jamaica,Jamaica,Food,https://www.vogue.com/article/marlon-james-guide-to-jamaica
c0e1f7e0-8658-51d0-8f89-1f3cbd2db5d0,Piklìz,Montréal,Canada,Canada,Food,https://www.google.com/search?q=Pikliz+Montreal
c0ebd4fd-69fb-55a5-8166-72d62f581119,WelcomeBlack,Cape Town / Southern Suburbs,South Africa,South Africa,Vintage / Retail,https://www.viator.com/en-GB/blog/Ice-Cream-Maker-Tapiwa-Guhzas-Guide-to-Black-Owned-Cape-Town/l98766
c0fd3007-922a-5905-892f-153e992f925d,Khwai Bush Camp,Khwai Community Concession,Botswana,Botswana,Safari Camp,https://travelnoire.com/travel-noire-awards-2026-black-owned-stays
c0ffd177-b4df-503d-af2c-ba1d0dc09107,Pureté Nature,London,United Kingdom,United Kingdom,Beauty & Personal Care,https://trippin.world/guide/black-owned-businesses-in-london
c1285fb5-ff2e-52fe-bc7a-8e2c913d24b0,Hair Palace Beauty Supply and Salon,Edmonton South,Canada,Canada,Hair / Beauty / Retail,https://bbedm.ca/
c18ff162-4d5f-5e82-9ab9-b7063e08f2eb,Movida Club,Paris,France,France,Nightlife Venue,https://parisjetaime.com/eng/article/african-and-caribbean-cultures-what-to-do-in-paris-a1851
c1a61355-00c0-5194-988f-f78a59a35491,Africano Restaurant Oslo,Oslo,Norway,Norway,Food,https://www.tripadvisor.com/Restaurants-g190479-c1-Oslo_Eastern_Norway.html
c1b3daef-1456-5cf8-9977-356dea96495e,Na Nang Club,Vienna 17th District,Austria,Austria,Nightlife Venue,https://viennawurstelstand.com/article/the-black-owned-businesses-in-vienna-that-you-need-to-check-out-now/
c1e0eaa6-823c-5823-b163-30f2220f29da,Beryl’s Pepper Pot,Toronto / GTA,Canada,Canada,Food,https://www.overheretoronto.com/black-owned-businesses-in-toronto-gta/
c1ea8f28-8f05-52be-aa64-f38af368cff2,Baccanalle,Ottawa,Canada,Canada,Restaurant / Catering,https://ottawatourism.ca/en/ottawa-insider/black-owned-businesses-to-visit-in-ottawa
c1effde3-efb5-54c0-bb90-506aa05ef705,Miss Likklemore's,Toronto,Canada,Canada,Food,https://www.destinationtoronto.com/leisure-blog/post/african-caribbean-restaurants-toronto/
c21c3960-b96f-521b-80f6-46e6c83a8e6a,Linyanti Ebony,Linyanti Wilderness,Botswana,Botswana,Safari Camp,https://travelnoire.com/travel-noire-awards-2026-black-owned-stays
c22d8deb-5bbd-5c52-993c-a53a644d7c95,Turtle Bay — Bristol Broad Quay,Bristol Broad Quay,United Kingdom,United Kingdom,Restaurant / Bar,https://candaceabroad.com/black-owned-businesses-in-london/
c22f7780-6c79-548b-a801-e546adb7c1ec,Meeting Point - Tanzanian East African Cuisine,Cape Town,South Africa,South Africa,Food,https://www.reddit.com/r/blacktravel/comments/1v20356/for_anyone_looking_to_support_blackowned/
c245bb80-261e-5426-8bf8-b8626b69acf5,Casa do Nando,Rio de Janeiro,Brazil,Brazil,Restaurant / Cultural,https://travelnoire.com/black-owned-businesses-rio-carnival-brazil
c28b27aa-d6dd-5680-89f9-79bc712b558d,Casa Noir,Cartagena / Getsemaní,Colombia,Colombia,Hotel / Resort / B&B,https://www.cntraveler.com/story/black-owned-hotels
c2c593b7-687f-59a4-8469-d89f3db6417f,GoJo Hornstull,Stockholm,Sweden,Sweden,Food,https://www.tripadvisor.com/Restaurants-g189852-c1-Stockholm.html
c2ccfcff-28d9-5ec7-9fd0-57169682b69f,Ristorante Eritrea,Rome,Italy,Italy,Food,https://www.tripadvisor.com/Restaurants-g187791-c1-Rome_Lazio.html
c2dc2900-24ed-588c-aa29-8b25caa39a3b,Cottons Camden,London / Camden,United Kingdom,United Kingdom,Food,https://candaceabroad.com/black-owned-businesses-in-london/
c3272567-4f52-5125-b67e-27bd7408cda1,Peckham Palms,London,United Kingdom,United Kingdom,Hair / Beauty / Cultural Hub,https://candaceabroad.com/black-owned-businesses-in-london/
c33c4089-7465-5e82-9451-49c805ca4ec0,La Sombrilla Rosa,Old San Juan,Puerto Rico,Puerto Rico,Food,https://www.touroldsanjuan.com/restaurants/
c33e1610-2bc0-5774-98cf-882e4fe35f80,Kamúy,Montréal,Canada,Canada,Food,https://www.blackfoodie.co/the-black-foodie-guide-to-montreal/
c3528c7b-8218-5427-bd4f-8edd027fbc6a,Roywoods — Square One,Mississauga,Canada,Canada,Food,https://www.destinationtoronto.com/leisure-blog/post/black-owned-businesses-toronto/amp/
c3ca2b4f-245b-5bf8-8234-cc7795d08a92,Chez Boudou,Paris,France,France,Food,https://www.google.com/maps/search/?api=1&query=Chez+Boudou+Paris
c40e8868-3434-5b94-9d7b-643351a47a44,Parador Villas Del Mar Hau,Isabela,Puerto Rico,Puerto Rico,Hotel,https://blackhotelguide.com/location/puerto-rico/
c49092d8-422b-5894-984b-a547f5b7cc19,Kiki African Hair,Bangkok,Thailand,Thailand,Hair / Beauty,https://theafrodao.com/best-barbershops-black-hair-salons-bangkok/
c4a504ea-7422-51b2-ab50-f213a38e7826,Ocean Two Resort & Residences,Dover,Barbados,Barbados,Resort,https://blackhotelguide.com/location/caribbean/
c4b6ff70-0f5a-5cb4-a452-84b4166f7aba,Smitty's Bar & Restaurant,Island Harbour,Anguilla,Anguilla,Food,https://www.caribbeangreenbook.com/businesses
c4bfeedf-1932-5e91-9c18-6d346fe743b7,Villa Vida,Vienna,Austria,Austria,Cafe / Community Space,https://viennawurstelstand.com/article/the-black-owned-businesses-in-vienna-that-you-need-to-check-out-now/
c505b152-b22e-5597-8aec-80068864c359,Leroy,London,United Kingdom,United Kingdom,Food,https://candaceabroad.com/black-owned-businesses-in-london/
c516decb-4600-5102-b24f-a3946c827df4,Tasty's Restaurant,Sandy Ground,Anguilla,Anguilla,Food,https://www.caribbeangreenbook.com/businesses
c596052d-f96d-58e7-9858-3a27928070ab,Langano,Berlin,Germany,Germany,Food,https://trippin.world/guide/floyd-lavine-s-black-owned-businesses-in-berlin
c599fd85-9d96-5eb2-bf3b-3a7fa063efbf,Laguna Lodge Eco-Resort & Nature Reserve,Lake Atitlán,Guatemala,Guatemala,Resort,https://blackhotelguide.com/location/central-america/
c59fde74-a3c8-595b-a10c-1711ff5be14d,Compagnie du Sénégal et de l'Afrique de l'Ouest (CSAO),Paris,France,France,Shop,https://parisjetaime.com/eng/article/african-and-caribbean-cultures-what-to-do-in-paris-a1851
c5eca2b6-3320-547c-8b97-6a31a95e7e81,Flourish Dental,Edmonton South,Canada,Canada,Dental / Health,https://bbedm.ca/
c6798d03-4f27-5692-a5ac-d08fc680ac7b,Pempamsie,London,United Kingdom,United Kingdom,Retail / Bookstore,https://candaceabroad.com/black-owned-businesses-in-london/
c69b3acb-c1a2-52b8-9640-be34513f33c3,Maison Chateau Rouge,Paris / Château Rouge,France,France,Shopping & Retail,https://lavielocale.com/blog/2020/6/5/local-guide-to-x-black-owned-businesses-to-support-in-paris
c6a94038-3e71-5f3d-9ef0-9c06485fd3bf,Cabaret Sauvage,Paris,France,France,Music Venue,https://parisjetaime.com/eng/article/african-and-caribbean-cultures-what-to-do-in-paris-a1851
c6b40997-1ad4-539f-a855-d878fb36aa49,The Works Café,London,United Kingdom,United Kingdom,Cafe,https://www.blackeatsldn.com/directory/
c6f5fbc7-378d-514a-8be2-4dfcdbadf691,Restaurante Anastacia,Lisbon,Portugal,Portugal,Food,https://www.tripadvisor.com/Restaurants-g189158-c1-Lisbon_Lisbon_District_Central_Portugal.html
c7276110-9c3a-5d31-a9f4-c2138d7e0010,Anguilla Great House Beach Resort,Rendezvous Bay,Anguilla,Anguilla,Resort,https://blackhotelguide.com/location/caribbean/
c7468a13-294b-5c79-9f5f-127db676cf74,Fenan Klein Afrika,Amsterdam / Oud-West,Netherlands,Netherlands,Food,https://www.google.com/search?q=Fenan+Klein+Afrika+Amsterdam
c7556ffd-f375-599a-be02-0ff44c27b649,Tessy’s Kitchen Edmonton,Edmonton North,Canada,Canada,Food,https://bbedm.ca/
c757f681-8679-51c1-8e4e-28656e0d4cc3,Prieta Perú,Lima / Jesús María,Peru,Peru,Hair / Beauty,https://www.viator.com/en-GB/blog/An-Insiders-Guide-to-Black-Owned-Lima-Peru/l93808
c770f352-e576-5393-bc05-5a2082036bfe,Genesis Restaurant,Old San Juan,Puerto Rico,Puerto Rico,Food,https://www.touroldsanjuan.com/restaurants/
c789a265-1f4d-5dc4-863c-5d2200024f28,La Pasa Gin Bar,Madrid,Spain,Spain,Bar / Restaurant,https://travelnoire.com/how-to-spend-48-hours-in-black-owned-madrid
c7946c1b-0301-59f5-ba3a-5ef36d47d024,Ebony & Ivory,Berlin,Germany,Germany,Hair / Beauty,https://trippin.world/guide/black-owned-businesses-in-berlin
c7dc484f-2eb0-5bee-90ad-615a97e22718,Tranquil Tours,Nevis,Saint Kitts and Nevis,Saint Kitts and Nevis,Tour / Transportation,https://www.caribbeangreenbook.com/businesses
c81f70a2-d3a4-5ead-aaf6-9163f6204546,El Meson Sandwiches,Old San Juan,Puerto Rico,Puerto Rico,Food,https://www.touroldsanjuan.com/restaurants/
c86cbb6a-0477-5182-a925-8340d764edb5,ConfidentGains,Copenhagen,Denmark,Denmark,Wellness Service,https://www.scandinaviastandard.com/a-guide-to-black-owned-businesses-to-support-in-scandinavia/
c86dd9b4-f916-5018-9be3-2e7adb48a071,Coloured Goodies,Amsterdam,Netherlands,Netherlands,Shopping & Retail,https://www.lilywanderlust.com/blog/2020/10/black-owned-amsterdam-city-guide
c87f9789-e42e-5534-841f-3da57fe27ed8,Sape Bar,Paris,France,France,Bar,https://parisjetaime.com/eng/article/african-and-caribbean-cultures-what-to-do-in-paris-a1851
c8a33562-7c29-519f-a64d-ef8bfcee5804,Roywoods — Bay St,Toronto,Canada,Canada,Food,https://www.destinationtoronto.com/leisure-blog/post/black-owned-businesses-toronto/amp/
c8db7d35-d700-5737-bb6f-9e5fd0387bd3,Rockley Hotel,Rockley,Barbados,Barbados,Boutique Hotel,https://blackhotelguide.com/location/caribbean/
c9e446fe-a71a-5afc-b8f0-897b1fd77595,The Watergate,London,United Kingdom,United Kingdom,Food,https://www.blackeatsldn.com/directory/
c9fe7e32-cb03-5ea6-ab47-1f6ae096c4dc,Ethanys,Rodney Bay,Saint Lucia,Saint Lucia,Jewelry / Retail,https://www.caribbeangreenbook.com/businesses
ca009c2e-2958-50c5-a3a7-f7e0af718370,Papa Aswa,Amsterdam,Netherlands,Netherlands,Food,https://www.google.com/search?q=Papa+Aswa+Amsterdam
ca4a8c5e-d6fb-5c29-942a-6d786fe2036a,Restaurante Imbondeiro,Lisbon,Portugal,Portugal,Food,https://www.tripadvisor.com/Restaurants-g189158-c1-Lisbon_Lisbon_District_Central_Portugal.html
ca98327a-f874-5180-810b-e61782309389,TO YOUR DESTINATION,Saint Lucia,Saint Lucia,Saint Lucia,Tour / Transfer,https://www.caribbeangreenbook.com/businesses
caa847ca-cd7b-5c62-a985-ff283036a7d9,Mpho's Kitchen,Auckland,New Zealand,New Zealand,Food / Catering,https://www.saucemag.co.nz/culture/black-owned-businesses-siposetu-duncan
caae233a-7742-5f9a-9a9e-11370f5f54a4,Keur Samba,Paris,France,France,"Arts, Culture & Entertainment",https://parisjetaime.com/eng/article/african-and-caribbean-cultures-what-to-do-in-paris-a1851
cabbb2f0-4b55-5fbe-ab17-f127297fedb9,Resto Bar 30 Juin,Montréal,Canada,Canada,Food,https://www.mtlblog.com/montreal/some-of-montreals-black-owned-restaurants-that-you-can-order-from-right-now
cae1e7c0-3a5e-5287-b268-b49e08c17712,Problematic Wear,Grand Anse,Grenada,Grenada,Fashion / Retail,https://www.caribbeangreenbook.com/businesses
caf09462-f14a-5e5b-894e-ef7b21a9f904,Turtle Bay - Brixton,London,United Kingdom,United Kingdom,Restaurant / Bar,https://candaceabroad.com/black-owned-businesses-in-london/
cb039b5b-9946-589e-89fa-1559681e3c49,Rabot Hotel from Hotel Chocolat,Soufrière,Saint Lucia,Saint Lucia,Boutique Hotel,https://blackhotelguide.com/location/caribbean/
cb5bca1f-c729-5419-93d7-006109bc9829,The Guardsman Hotel and Residences,London / Westminster,United Kingdom,United Kingdom,Hotel,https://blackhotelguide.com/location/europe/
cc2a2a35-0fdc-5fc8-9e64-8c58ad5679b7,Nyéléni Maison Sahel,Dakar,Senegal,Senegal,Guesthouse,https://www.sarajabril.com/black-owned-hotels-rentals
cc2b3fcc-69b4-545e-a626-cff663b10439,La Table Penja,Paris,France,France,Food,https://parisjetaime.com/eng/article/african-and-caribbean-cultures-what-to-do-in-paris-a1851
cc4731e8-321a-549d-90ee-55658ab32e4b,Aqla Street Food Medio-orientale,Rome,Italy,Italy,Food,https://www.tripadvisor.com/Restaurants-g187791-c1-Rome_Lazio.html
cc5021d6-e2dd-50d8-b2ad-216a664896ff,Two Sisters,Jamaica,Jamaica,Jamaica,Farm-to-Table Culinary Experience,https://travelnoire.com/travel-noire-awards-2026-restaurants-worth-the-trip
cc92fe7e-3a45-5dc8-a542-dbc6035ae6f1,Marché Méli-Mélo,Montréal,Canada,Canada,Grocery / Market,https://news.airbnb.com/wp-content/uploads/sites/4/2021/02/Montre%CC%81al_English.pdf
ccc9dfbc-6dd7-5ab4-a04c-398253a5392a,Pamela,Amsterdam,Netherlands,Netherlands,Bar / Cafe,https://www.lilywanderlust.com/blog/2020/10/black-owned-amsterdam-city-guide
cd18afa9-e75b-5f5d-b110-b0f720710889,Espelho d'Água,Lisbon,Portugal,Portugal,Food,https://www.visitlisboa.com/en/lisbon-stories/17-lisbona-africana
cd1c261c-2d84-583d-be68-36bf91002b3c,Pop's Place,Willemstad,Curaçao,Curaçao,Food,https://www.caribbeangreenbook.com/businesses
cd64fb33-6f2c-5030-9c56-571f0f98c83d,Kempinski Hotel Gold Coast City - Black Traveler Context,Accra,Ghana,Ghana,Hotel,https://www.sarajabril.com/black-owned-hotels-rentals
cd9cf5d8-bcbe-5775-9fd6-da6bc6c0cc0d,Le Virunga,Montréal,Canada,Canada,Food,https://www.google.com/search?q=Le+Virunga+Montreal
ce68e427-41d6-56ff-b83a-30f3a059d6bb,Tudy’s Kitchen,Amsterdam,Netherlands,Netherlands,Food Business,https://www.lilywanderlust.com/blog/2020/10/black-owned-amsterdam-city-guide
ce7fb12c-e2b1-5366-ac34-c230324e70e3,Rasta Pasta,Toronto,Canada,Canada,Food,https://www.overheretoronto.com/black-owned-businesses-in-toronto-gta/
cea60aa1-e383-5987-a8d8-da1422b2fdff,Turtle Bay — Chelmsford,Chelmsford,United Kingdom,United Kingdom,Restaurant / Bar,https://candaceabroad.com/black-owned-businesses-in-london/
cefbc170-703d-59be-a3e8-1b14267e2fe8,Tropical Joe's,Toronto,Canada,Canada,Food,https://www.destinationtoronto.com/leisure-blog/post/african-caribbean-restaurants-toronto/
cf37ba7a-c099-5ab5-a506-daccd6081c8c,Trade Winds Hotel Antigua,Dickenson Bay,Antigua and Barbuda,Antigua and Barbuda,Hotel,https://blackhotelguide.com/location/caribbean/
cf7f0f8a-990c-5f1b-b2e2-c6f158c6e0c1,Hostelle Amsterdam,Netherlands,Netherlands,Netherlands,Black-Owned Women-Centered Hostel,https://www.cntraveler.com/story/black-owned-hotels
cfbf9cd4-48e3-5fa8-90c8-36f51574913d,Big Town,London,United Kingdom,United Kingdom,Food,https://www.blackeatsldn.com/directory/
cfc3ddd4-7cfa-5786-805b-814e3e6f593d,Queen Lace Paris,Paris,France,France,Hair / Beauty,https://queenlaceparis.com/le-salon
cfcd9be5-4f8e-56c5-9cae-426018089d5b,My Umi - Gastronomia Etnica,Milan,Italy,Italy,Deli / Restaurant,https://www.tripadvisor.com/Restaurants-g187849-c1-Milan_Lombardy.html
cfdb4bab-a6ce-5a70-97ce-f5912ac74ee9,Blue Orchids Beach Hotel,Worthing,Barbados,Barbados,Hotel,https://blackhotelguide.com/location/caribbean/
d022dc4a-c55e-5425-9433-5305edf8ef0a,Curly Hair Designs,Ottawa,Canada,Canada,Hair / Beauty,https://ottawa.citynews.ca/2020/06/12/black-owned-businesses-in-ottawa-you-can-support/
d03258e6-617f-5a2f-80db-62186d32ff17,Alkaline Way,Manchester,United Kingdom,United Kingdom,Food,https://trippin.world/guide/black-owned-businesses-in-manchester
d044a392-bae4-5544-8665-7b3d98487651,Bouclème London,London / Fitzrovia,United Kingdom,United Kingdom,Beauty & Personal Care,https://candaceabroad.com/black-owned-businesses-in-london/
d06711b6-3bf1-58c5-9fe4-433903cddf06,Casa Porto,Rio de Janeiro,Brazil,Brazil,Bar / Cultural Venue,https://travelnoire.com/black-owned-businesses-rio-carnival-brazil
d0c88bac-7445-591e-85d2-9d48cb3441a6,Poppy Joy PomPoms,Winnipeg,Canada,Canada,Retail / Artisan,https://www.bestinwinnipeg.com/black-owned-businesses-winnipeg/
d12469fb-63c1-513f-96a0-44a7ae2ead7c,GOB Skincare,Copenhagen,Denmark,Denmark,Beauty & Personal Care,https://trippin.world/guide/black-owned-businesses-in-copenhagen
d1791a1e-5e26-5999-863d-58aa9dc0a69d,Groove Therapy,Sydney,Australia,Australia,Dance / Wellness,https://trippin.world/guide/black-owned-businesses-in-sydney
d19292ef-cc00-5035-ae36-4837c04812e8,Yaas Hotel Almadies,Dakar,Senegal,Senegal,Hotel,https://www.sarajabril.com/black-owned-hotels-rentals
d21c9e1f-60e3-5d49-9122-ddbc611ef1d4,Green Fig Resort & Spa,Soufrière,Saint Lucia,Saint Lucia,Resort / Spa,https://blackhotelguide.com/location/caribbean/
d251703a-abaa-5e4e-be86-2947b8b89171,Hamdi Restaurant,Toronto,Canada,Canada,Food,https://www.destinationtoronto.com/leisure-blog/post/african-caribbean-restaurants-toronto/
d268cfa2-ccde-55c0-be58-35941ab5354a,Watch My Wheels,London,United Kingdom,United Kingdom,Experience / Recreation,https://www.viator.com/en-GB/blog/Founder-of-Melanin-Travel-Vivienne-Dovis-Guide-to-Black-Owned-London/l98991
d294c91d-961e-5ea8-bb93-7cdd0275b2fe,DIZZIAK LONDON,London,United Kingdom,United Kingdom,Hair / Beauty,https://trippin.world/guide/black-owned-businesses-in-london
d2a75e56-5d13-5f91-86c5-061c352a720a,Nadine Wellness Aruba,Aruba,Aruba,Aruba,Wellness,https://www.caribbeangreenbook.com/businesses
d2ab61a0-4e09-5bc3-9736-30666acabf70,BlueMagic Car Rental,Sint Maarten,Sint Maarten,Sint Maarten,Car Rental,https://www.caribbeangreenbook.com/businesses
d2e230c4-90fa-5148-bbbf-6a6f14b36249,La Teranga Madrid,Madrid,Spain,Spain,Food,https://travelnoire.com/how-to-spend-48-hours-in-black-owned-madrid
d308f13d-5fb3-53c0-a7fe-046dde207aa1,Dodo Moves,Paris,France,France,Fitness / Experience,https://lavielocale.com/blog/2020/6/5/local-guide-to-x-black-owned-businesses-to-support-in-paris
d312d74b-b665-5cf3-b5da-ec994a8f41bd,Momo Pizza Ex-antonio e Mirella,Rome,Italy,Italy,Food,https://www.tripadvisor.com/Restaurants-g187791-c1-Rome_Lazio.html
d34cda50-dfa1-5fa6-8b3b-46ab0eacd50b,Radisson Blu Hotel London Euston Square,London,United Kingdom,United Kingdom,Hotel,https://blackhotelguide.com/location/europe/
d3d7e827-0722-512e-b7ee-c9795f93cc7d,Villa Kansha Wellness,Cole Bay,Sint Maarten,Sint Maarten,Villa / Wellness,https://www.caribbeangreenbook.com/businesses
d44d7059-4317-59ae-b7fd-d3373fe90a88,Habibi Tunisian Cuisine Experience,Rome,Italy,Italy,Food,https://www.tripadvisor.com/Restaurants-g187791-c1-Rome_Lazio.html
d471ec95-a9d8-5d1b-a5d8-2e282dd09bcb,Clued Up Coffee,London,United Kingdom,United Kingdom,Cafe,https://candaceabroad.com/black-owned-businesses-in-london/
d4821c3d-829c-544c-88e9-28eca2e69fa4,Open Sharaton,Copenhagen,Denmark,Denmark,Food,https://www.tripadvisor.com/Restaurants-g189541-c1-Copenhagen_Zealand.html
d4b3af41-660c-5821-a1e8-33dda9b70602,Maison Augustin Ly,Gorée Island,Senegal,Senegal,Guesthouse,https://www.sarajabril.com/black-owned-hotels-rentals
d4d3a858-c232-5c54-bc53-406b09fe9077,Self Identity,Manchester,United Kingdom,United Kingdom,Shopping & Retail,https://trippin.world/guide/black-owned-businesses-in-manchester
d528a88d-d020-59cd-8a7e-d76f7b6c8d42,Offbeat Travel,Santo Domingo,Dominican Republic,Dominican Republic,Tour / DMC,https://www.caribbeangreenbook.com/businesses
d57f349b-6b78-5701-a676-b712513ebbab,Arijiju House,Laikipia,Kenya,Kenya,Hotel / Resort / B&B,https://www.cntraveler.com/story/black-owned-hotels
d5a97e12-9627-5938-8c77-4bfc0831efa5,Mma's Kitchen,Auckland,New Zealand,New Zealand,Food / Catering,https://www.saucemag.co.nz/culture/black-owned-businesses-siposetu-duncan
d5e7a528-04c3-5e61-bd7a-86f7f46bd539,Classic Juice Co.,Toronto,Canada,Canada,Cafe,https://www.overheretoronto.com/black-owned-businesses-in-toronto-gta/
d5ec4dd5-d64c-5f76-a10b-f0fa5d28070c,Nyamaste,Grand Cayman,Cayman Islands,Cayman Islands,Private Chef,https://www.caribbeangreenbook.com/businesses
d609d3ea-6118-5dc1-abcf-5a089287ef10,Blank Brixton,London,United Kingdom,United Kingdom,Food,https://www.blackeatsldn.com/directory/
d62625ed-9fd0-59c6-9014-dc236e6af967,Fonda del Jibarito,Old San Juan,Puerto Rico,Puerto Rico,Food,https://www.touroldsanjuan.com/restaurants/
d65a3922-498c-5ce8-9517-ee8314a1b1a3,SugarKane Restaurant,Toronto,Canada,Canada,Food,https://www.overheretoronto.com/black-owned-businesses-in-toronto-gta/
d67d95f7-0f12-59fa-8cf4-5be32045faa4,El Campeón,Old San Juan,Puerto Rico,Puerto Rico,Food,https://www.touroldsanjuan.com/restaurants/
d6c0988c-fda0-5142-99c7-cc7a61db8b39,Mama Africa Stockholm,Stockholm,Sweden,Sweden,Food,https://www.tripadvisor.com/Restaurants-g189852-c1-Stockholm.html
d7079768-d579-5fc0-97dd-b09500cf3414,Primate Lodge Kibale,Kibale National Park,Uganda,Uganda,Hotel / Resort / B&B,https://www.cntraveler.com/story/black-owned-hotels
d722bed7-733d-5e2d-8252-622a4d676d47,Townhouse Boutique Hotel Cartagena,Cartagena,Colombia,Colombia,Boutique Hotel,https://blackhotelguide.com/location/south-america/
d75f1c57-0b01-505b-8507-b295b2b84449,Little Africa Paris,Paris / Château Rouge,France,France,Tour / Cultural Experience,https://lavielocale.com/blog/2020/6/5/local-guide-to-x-black-owned-businesses-to-support-in-paris
d8542134-7da6-5419-99a2-0ce030f7d02c,Le Caffé Créole,Paris,France,France,Food,https://lavielocale.com/blog/2020/6/5/local-guide-to-x-black-owned-businesses-to-support-in-paris
d874f555-b035-5abf-9a99-68da0d96b14d,Restaurant Kamúy,Montréal,Canada,Canada,Food,https://www.google.com/search?q=Restaurant+Kamuy+Montreal
d8869034-4339-58f9-8473-597bd09572c2,Africa Fusion,Madrid,Spain,Spain,Food,https://travelnoire.com/how-to-spend-48-hours-in-black-owned-madrid
d8f46c61-1ff4-5d59-9285-e346892d49c9,Baraka grocery-table by Anto Cocagne,Paris,France,France,Restaurant / Grocery,https://parisjetaime.com/eng/article/african-and-caribbean-cultures-what-to-do-in-paris-a1851
d94017f2-d42f-52f0-9f6f-26a211fc25f2,Sahara,Dublin,Ireland,Ireland,Shopping & Retail,https://travelnoire.com/5-black-owned-businesses-to-support-during-your-trip-to-dublin-ireland
d94bc58e-bfd0-54f2-ba33-ea288b56b5f1,Dunmore Rentals,Harbour Island,Bahamas,Bahamas,Golf Cart Rental,https://www.caribbeangreenbook.com/businesses
d9595d49-f365-573b-b155-0f4a007b1982,Jam Delish Islington,London,United Kingdom,United Kingdom,Food,https://www.google.com/search?q=Jam+Delish+Islington
d9b15c5a-8276-52e4-be43-784e0a796ba9,Jane Stitches,Edmonton North,Canada,Canada,Fashion / Hair,https://bbedm.ca/
d9c7a3e2-872c-5ffa-9b71-84a1965d9921,It'z A Wrap,Toronto,Canada,Canada,Food,https://www.destinationtoronto.com/leisure-blog/post/black-owned-businesses-toronto/
d9d7d674-b5b9-5d3d-a99e-cf61951e8e11,Tambarina 2,Lisbon,Portugal,Portugal,Food,https://www.tripadvisor.com/Restaurants-g189158-c1-Lisbon_Lisbon_District_Central_Portugal.html
d9dce580-0dfc-5567-823e-a24a39e96a4e,Wray & Nephew Rum Experience London,London,United Kingdom,United Kingdom,Experience / Spirits,https://candaceabroad.com/black-owned-businesses-in-london/
d9eff10b-f3f3-53d2-bebf-f3a414ae8294,Joosy Gastro,Barcelona,Spain,Spain,Food,https://www.google.com/search?q=Barcelona+African+Caribbean+Brazilian+Ethiopian+restaurants
d9f22b99-00a5-51e7-9540-3585f553f8d0,Plume Evasion,Caribbean Region,Anguilla,Anguilla,Tourism Agency,https://www.caribbeangreenbook.com/businesses
d9ffcc4f-e1a0-5be8-8aee-d88fe6bc2855,Exose At Home,Manchester,United Kingdom,United Kingdom,Food / Catering,https://trippin.world/guide/black-owned-businesses-in-manchester
da05966b-3c68-5f01-82df-082fb34e4ece,Savanah Restaurant,London,United Kingdom,United Kingdom,Food,https://www.blackeatsldn.com/directory/
da282cec-9302-5101-a748-a1fbe4d913d0,Shades,Paynes Bay,Barbados,Barbados,Apartments / Lodging,https://www.caribbeangreenbook.com/businesses
da572667-3072-547f-9bfb-faa95f0c6238,San Sebastian Bed & Breakfast,San Sebastián,Puerto Rico,Puerto Rico,Bed & Breakfast,https://blackhotelguide.com/location/puerto-rico/
da5c73ac-ff8e-5a10-9c03-6913296d69c0,Peckham Levels,London / Peckham,United Kingdom,United Kingdom,Creative Space,https://candaceabroad.com/black-owned-businesses-in-london/
dac63051-e1aa-568c-aaec-3aa387e26442,Atlantis Books and more,Paramaribo,Suriname,Suriname,Bookstore,https://www.caribbeangreenbook.com/businesses
daeee9bf-7ec2-5ab6-b2d0-15af9bd82135,African Kitchen,Amsterdam,Netherlands,Netherlands,Food,https://www.lilywanderlust.com/blog/2020/10/black-owned-amsterdam-city-guide
daf77e9c-ba4b-5fa4-9bbf-ed238c143659,Ocean West Boutique Hotel,Nassau,Bahamas,Bahamas,Boutique Hotel,https://blackhotelguide.com/location/caribbean/
db082fac-b2bc-590f-8a3f-8128e5e3a050,KIAS - Modern Brazilian Restaurant,Vienna,Austria,Austria,Food,https://www.tripadvisor.com/Restaurants-g190454-c1-Vienna.html
db4f1303-682c-55a0-9e45-e959c729f40e,Charlestina Beach Resort,Gomoa Fetteh,Ghana,Ghana,Resort,https://www.sarajabril.com/black-owned-hotels-rentals
db717d62-a682-5936-a4fb-7df60ff7b6ff,Yemaya's Vegan Corner,Amsterdam,Netherlands,Netherlands,Food,https://www.lilywanderlust.com/blog/2020/10/black-owned-amsterdam-city-guide
db7f0db9-3fc5-538b-bdf2-5c4285f585ac,Lancewell House Villa,St. Philip,Barbados,Barbados,Villa,https://blackhotelguide.com/location/caribbean/
dc062632-c562-5958-a008-9e97fa9ee081,O’maki,Paris,France,France,Food,https://travelnoire.com/spend-day-black-owned-paris
dc3266f1-e194-57f8-bc50-5945b80e2ecb,Lemon Beach Resort,Elmina,Ghana,Ghana,Resort,https://www.sarajabril.com/black-owned-hotels-rentals
dc3e6e5d-3f1f-5f0a-a80e-8771ec74f0cc,Saint Aymes,London,United Kingdom,United Kingdom,Cafe,https://candaceabroad.com/black-owned-businesses-in-london/
dc43f7b2-9544-5cee-a49b-eff3cd86630c,Little Good Harbour,Shermans,Barbados,Barbados,Boutique Hotel,https://blackhotelguide.com/location/caribbean/
dcb277bd-d580-523a-a702-e9f5b7935472,Villa Beach Cottages,Choc Bay,Saint Lucia,Saint Lucia,Villa / Hotel,https://blackhotelguide.com/location/caribbean/
dcbd2955-6f58-5098-b993-5704a59b31b6,Sizzle Stockholm,Stockholm,Sweden,Sweden,Food,https://www.tripadvisor.com/Restaurants-g189852-c1-Stockholm.html
dcd05166-4f90-5607-83b4-cb4b14c3a42e,Radisson Blu London Euston Square,London / Euston,United Kingdom,United Kingdom,Hotel,https://blackhotelguide.com/location/europe/
dd9f643d-5001-5910-a4c7-0442d9e46d9f,Sweet 1ne,London,United Kingdom,United Kingdom,Food,https://www.blackeatsldn.com/directory/
dde03ae6-ea98-5be9-977c-976a98f75286,Little Lagos,Melbourne,Australia,Australia,Food,https://travelnoire.com/black-owned-restaurants-businesses-melbourne-australia
dde2a653-5000-59e1-978c-fcb359c2aa44,African Market NZ,Auckland,New Zealand,New Zealand,Market / Retail,https://www.saucemag.co.nz/culture/black-owned-businesses-siposetu-duncan
dded664d-9836-5359-a0f4-550ee6f4a3f2,Zaina Lodge,Mole National Park,Ghana,Ghana,Hotel / Resort / B&B,https://www.cntraveler.com/story/black-owned-hotels
de43c705-8576-5b8f-9072-04130a078214,Gustamundo Bistrot Sede Cipro,Rome,Italy,Italy,Food,https://www.tripadvisor.com/Restaurants-g187791-c1-Rome_Lazio.html
dea24bc0-0adb-5518-855d-28a6d159c19b,Meeting Lounge Bar Milano,Milan,Italy,Italy,Bar / Restaurant,https://www.tripadvisor.com/Restaurants-g187849-c1-Milan_Lombardy.html
debb3943-fbc1-582a-a22c-dd367ca2b52e,Présence Africaine Bookshop,Paris,France,France,Bookstore,https://parisjetaime.com/eng/article/african-and-caribbean-cultures-what-to-do-in-paris-a1851
df20c522-7e7e-58fa-bdca-fb9b60179825,Habesha restaurant wien,Vienna,Austria,Austria,Food,https://www.tripadvisor.com/Restaurants-g190454-c1-Vienna.html
dfd3d913-c8a1-5e6c-97ea-c3d42676df4a,Chef T,Ottawa / Gatineau,Canada,Canada,Food / Catering,https://ottawa.citynews.ca/2020/06/12/black-owned-businesses-in-ottawa-you-can-support/
dfe6c3c3-0057-5c0f-b82d-56dd57d59147,Resto Palme,Montréal,Canada,Canada,Food,https://www.mtlblog.com/montreal/some-of-montreals-black-owned-restaurants-that-you-can-order-from-right-now
e04c2bd0-8872-5741-9744-68f5e6cb43e8,The RunAway,Jamaica,Jamaica,Jamaica,Stay / Black-Owned Villa,https://travelnoire.com/black-owned-hotels-stays-jamaica
e05f6081-aba5-5181-a6f9-fa1730b07693,Destiny Exclusive Hotel & Convention Centre - Middelburg,Middelburg / Mpumalanga,South Africa,South Africa,Hotel,https://blackhotelguide.com/location/africa/
e1557238-7e2d-5588-b653-3ddfebf2d4d6,Lisabon,Lisbon,Portugal,Portugal,Food,https://www.tripadvisor.com/Restaurants-g189158-c1-Lisbon_Lisbon_District_Central_Portugal.html
e1640a9c-d95b-50da-821c-043cebd460a3,Barber Shop | Barcelona Premium Afro,Barcelona,Spain,Spain,Hair / Beauty,https://www.google.com/search?q=Barcelona+African+Caribbean+Brazilian+Ethiopian+restaurants
e1979ebe-effc-5ebf-927d-d811ec7647ce,Raices Restaurant,Old San Juan,Puerto Rico,Puerto Rico,Food,https://www.touroldsanjuan.com/restaurants/
e19ec2f1-f901-5f4a-9a35-83151c5ce010,Présence Africaine,Paris,France,France,Bookstore,https://lavielocale.com/blog/2020/6/5/local-guide-to-x-black-owned-businesses-to-support-in-paris
e1a3da4a-d8de-5b8c-bbac-4957918af263,Duo London,London,United Kingdom,United Kingdom,Food,https://www.blackeatsldn.com/directory/
e1b43957-1c8f-5057-8265-0d9b6ecb92fa,Girl Meets Glass,Paris,France,France,Tour / Experience,https://lavielocale.com/blog/2020/6/5/local-guide-to-x-black-owned-businesses-to-support-in-paris
e217e821-eb73-5d28-bf7b-7ab2fe42a0c2,SHANDMAS,Montréal,Canada,Canada,Food,https://www.mtlblog.com/montreal/some-of-montreals-black-owned-restaurants-that-you-can-order-from-right-now
e286c5f2-5189-5010-bf89-c7bf49a7cbd8,Casa Mofongo,London,United Kingdom,United Kingdom,Food,https://www.blackeatsldn.com/directory/
e31b0ef8-546a-5510-aff1-d413c3d3bab2,Milano Kebab,Milan,Italy,Italy,Food,https://www.tripadvisor.com/Restaurants-g187849-c1-Milan_Lombardy.html
e33a3305-af2d-5804-956d-6540b9f32fb4,The Tin Humpy,Sydney,Australia,Australia,Cafe / Restaurant,https://trippin.world/guide/black-owned-businesses-in-sydney
e378a4a1-21f8-5d92-baad-72653e63bd48,Nô Bai,Lisbon,Portugal,Portugal,Restaurant / Cultural Venue,https://www.viator.com/blog/An-Insiders-Guide-to-Black-Owned-Lisbon/l98119
e387f5b2-e083-5b45-9879-83af527bb05d,The Ocean Inn Antigua,English Harbour,Antigua and Barbuda,Antigua and Barbuda,Inn,https://blackhotelguide.com/location/caribbean/
e3c4d7fb-4292-5374-b7d8-2b42e8a8435b,Ma’ed,Barcelona,Spain,Spain,Food,https://www.google.com/search?q=Barcelona+African+Caribbean+Brazilian+Ethiopian+restaurants
e4353668-845f-5f6b-9a1c-edd9dbee6424,The Cottage at Meads Bay,Meads Bay,Anguilla,Anguilla,Villa,https://www.caribbeangreenbook.com/businesses
e436efa6-4885-5f5e-9c69-c57a50b7dca8,Parador Villas Sotomayor,Adjuntas,Puerto Rico,Puerto Rico,Parador,https://blackhotelguide.com/location/caribbean/
e442496f-db19-5137-a3eb-c7c2aef9c6f5,Marina de Salinas Hotel Restaurant,Salinas,Puerto Rico,Puerto Rico,Hotel,https://blackhotelguide.com/location/puerto-rico/
e46a3762-da3c-50b0-818e-a6a4bdcb9419,Made in Congo,Copenhagen,Denmark,Denmark,Hair / Beauty / Retail,https://www.scandinaviastandard.com/a-guide-to-black-owned-businesses-to-support-in-scandinavia/
e470d561-7a80-5d5b-abd3-fff46a9aba9a,Marco’s African Place,Cape Town,South Africa,South Africa,Restaurant / Entertainment,https://www.reddit.com/r/blacktravel/comments/1v20356/for_anyone_looking_to_support_blackowned/
e499d318-e351-5b6b-a340-b376c319fb7f,Barefoot Adventures,Port of Spain / Islandwide,Trinidad and Tobago,Trinidad and Tobago,Tour / Lodging,https://www.caribbeangreenbook.com/businesses
e4a22aeb-f61b-540b-a6be-e86f3debdd71,Uncle John’s Bakery,London,United Kingdom,United Kingdom,Bakery,https://candaceabroad.com/black-owned-businesses-in-london/
e4afba20-f067-572f-944c-a146018f732c,Casa de Angola,Lisbon,Portugal,Portugal,Cultural Venue / Restaurant,https://www.visitlisboa.com/en/lisbon-stories/17-lisbona-africana
e5158b37-c8e5-5dce-931b-206e70512c72,Toukoul,Brussels,Belgium,Belgium,Restaurant / Cultural Venue,https://www.google.com/search?q=Toukoul+Brussels
e58f90a2-bac5-5bef-8abf-eac7288677dc,Afrikanista,Paris,France,France,Shop,https://parisjetaime.com/eng/article/african-and-caribbean-cultures-what-to-do-in-paris-a1851
e6697946-159e-5953-85d1-b07ad62c389c,Axé Home - Frente à Praça do Pelourinho,Salvador / Pelourinho,Brazil,Brazil,Guesthouse,https://blackhotelguide.com/location/south-america/
e6b8e967-bf46-5edf-9b49-be652401b8b8,DistancebyO,Vienna,Austria,Austria,Shopping & Retail,https://viennawurstelstand.com/article/the-black-owned-businesses-in-vienna-that-you-need-to-check-out-now/
e6ca4fca-0fb0-5b42-a427-6a8b6b0779f2,Flor da Laranja,Lisbon,Portugal,Portugal,Food,https://www.tripadvisor.com/Restaurants-g189158-c1-Lisbon_Lisbon_District_Central_Portugal.html
e6e60dbf-f662-5cef-bb1e-147b2a505746,La Maison Michelle Barbados,St. James,Barbados,Barbados,Villa / Boutique Stay,https://blackhotelguide.com/celebrating-black-owned-lodging-hotels-resorts-bbs/
e70cbba4-50d9-5026-8978-7ee4f9ef67ac,Branndadli Guest House,St. John's,Antigua and Barbuda,Antigua and Barbuda,Guesthouse,https://www.caribbeangreenbook.com/businesses
e70d434f-abc1-5088-b8d9-74fc02e3653c,Homage Tees,London,United Kingdom,United Kingdom,Fashion / Retail,https://trippin.world/guide/black-owned-businesses-in-london
e721205c-2fd0-533d-9473-fb1bd7bbbb82,Turtle Bay — Leeds,Leeds,United Kingdom,United Kingdom,Restaurant / Bar,https://candaceabroad.com/black-owned-businesses-in-london/
e7248500-8fd5-5571-8d2d-650b0f5f0e9e,"Harbor Club St. Lucia, Curio Collection",Rodney Bay,Saint Lucia,Saint Lucia,Hotel,https://blackhotelguide.com/location/caribbean/
e757de46-f53f-5dd2-9ad7-43ef7c0ee7c9,Roywoods — Union Station,Toronto,Canada,Canada,Food,https://www.destinationtoronto.com/leisure-blog/post/black-owned-businesses-toronto/amp/
e76047fc-9150-5e21-9103-badb4c7b920c,Eat of Eden,London,United Kingdom,United Kingdom,Food,https://www.viator.com/en-GB/blog/Founder-of-Melanin-Travel-Vivienne-Dovis-Guide-to-Black-Owned-London/l98991
e79d7dd8-06eb-5b25-be12-1efe4a81e641,O:live Boutique Hotel,Condado / San Juan,Puerto Rico,Puerto Rico,Hotel,https://blackhotelguide.com/location/puerto-rico/
e7ac8832-bd4f-5066-af05-09affccf3e63,Cuz's Fish Shack,Barbados,Barbados,Barbados,Restaurant / Local Food,https://www.cntraveler.com/story/eat-stay-play-barbados-black-history
e7d76fa7-c66f-5dff-84d9-ed42d4bda3d7,Nicey’s Food Mart - Scarborough,Scarborough,Canada,Canada,Grocery / Market,https://blackwallstreet.ca/black-owned-toronto-gta-businesses-to-visit/
e7ec4c86-19b3-58a2-aceb-017e4c754adc,Siposetu Studio,Auckland,New Zealand,New Zealand,Creative / Fashion,https://www.saucemag.co.nz/culture/black-owned-businesses-siposetu-duncan
e8167f90-7c8d-575e-a777-b6105cc25160,Annie's Place Amsterdam,Amsterdam,Netherlands,Netherlands,Restaurant / Food,https://trippin.world/guide/pattas-guide-to-black-owned-businesses-in-amsterdam
e81d120c-5fdf-5cf7-8759-6255203309fc,Onua Bakery,Ottawa,Canada,Canada,Bakery / Cafe,https://ottawatourism.ca/en/ottawa-insider/black-owned-businesses-to-visit-in-ottawa
e87d16f7-0144-5e95-966c-bfaaffafea80,Turtle Bay — Bournemouth,Bournemouth,United Kingdom,United Kingdom,Restaurant / Bar,https://candaceabroad.com/black-owned-businesses-in-london/
e88fd441-af80-5960-96fc-2ca8aa37a4ac,Ethiopian Restaurant - Cafe Lalibela,Vienna,Austria,Austria,Food,https://www.tripadvisor.com/Restaurants-g190454-c1-Vienna.html
e89603ab-819e-5412-b7b0-c593497614a3,Lancewell House,Barbados,Barbados,Barbados,Stay / Local Hospitality,https://www.cntraveler.com/story/eat-stay-play-barbados-black-history
e8a527ef-012e-5283-b1cd-b037bc93b990,Walnut Tree Farms,Arima,Trinidad and Tobago,Trinidad and Tobago,Farm / Experience,https://www.caribbeangreenbook.com/businesses
e8a9bf7c-731c-54d9-990f-f1623479e237,Puerto Criollo,Old San Juan,Puerto Rico,Puerto Rico,Food,https://blackhotelguide.com/location/puerto-rico/
e8edc3ef-be09-5ad1-bc78-e76199569fb6,Turtle Bay — Crawley,Crawley,United Kingdom,United Kingdom,Restaurant / Bar,https://candaceabroad.com/black-owned-businesses-in-london/
e9374fd6-0907-5a99-becb-273ff10668ce,Arte y Vida Gallery,Ponce,Puerto Rico,Puerto Rico,Gallery,https://hereinpr.com/
e93c98c1-d5ad-5192-a4e4-24df7aa784a9,Loja Negros Solidários,Salvador,Brazil,Brazil,Retail / Cultural,https://www.salvadordabahia.com/conheca-o-role-afro-uma-serie-de-11-roteiros-de-passeios-com-experiencias-afrocentradas-em-salvador/
e941c3ba-7eb0-5149-9681-31138c1dcf40,Studio Adija,Lisbon,Portugal,Portugal,Wellness / Fitness,https://blackinportugal.com/lisbons-black-owned-establishments-you-must-visit-part-1-support-black-owned-life-in-lisbon/
e9708d40-a708-5088-a14a-e6a8de256e4a,Akara Restaurant,London,United Kingdom,United Kingdom,Food,https://www.google.com/search?q=Akara+Restaurant+London+Borough+Yards
e997a3cd-3831-528d-b97f-a3075024cbe7,Maëva Botanic Atelier,Mexico City,Mexico,Mexico,Beauty & Personal Care,https://www.viator.com/blog/An-Insiders-Guide-to-Black-Owned-Mexico-City/l93820
ea1a8ee4-8653-5436-b3a6-5f0e219a67a8,Coconut Court Beach Hotel,Hastings,Barbados,Barbados,Hotel,https://blackhotelguide.com/location/caribbean/
ea28b55f-c60c-57af-b150-e428f1be9e70,Awakti,Amsterdam,Netherlands,Netherlands,Shopping & Retail,https://www.lilywanderlust.com/blog/2020/10/black-owned-amsterdam-city-guide
ea378b83-b01f-5e69-996b-37117024fd52,Ukhamba Beerworx,Cape Town,South Africa,South Africa,Brewery / Taproom,https://www.viator.com/en-GB/blog/Ice-Cream-Maker-Tapiwa-Guhzas-Guide-to-Black-Owned-Cape-Town/l98766
ea7fa40b-bf0f-512b-a792-da01e2b71f6e,Lozakasa Rentals,Christ Church,Barbados,Barbados,Car Rental,https://www.caribbeangreenbook.com/businesses
ea850c76-ae0f-5231-9eed-e8f14cd7491f,African Home Touch,Tokyo,Japan,Japan,Food,https://tabelog.com/en/tokyo/rstLst/RC0412/
ea8757b0-b062-5a6b-a401-aea9e8578e64,Mr Patty,Montréal,Canada,Canada,Restaurant / Takeaway,https://news.airbnb.com/wp-content/uploads/sites/4/2021/02/Montre%CC%81al_English.pdf
ea8c9d7e-b603-53fa-8980-4a90315d695b,Le Layon,Paris,France,France,Food,https://parisjetaime.com/eng/article/african-and-caribbean-cultures-what-to-do-in-paris-a1851
eaeda0b1-d45a-5345-a2be-ef60fdf978cb,Restaurante Zanzibar,Salvador,Brazil,Brazil,Food,https://www.salvadordabahia.com/conheca-o-role-afro-uma-serie-de-11-roteiros-de-passeios-com-experiencias-afrocentradas-em-salvador/
eafcb7b4-1374-5ac2-8ab8-1c1dc923cf46,La Haut Resort,Soufrière,Saint Lucia,Saint Lucia,Resort,https://blackhotelguide.com/location/caribbean/
eb115997-3294-567b-8b10-8575e7d0bff6,Queen Sheba,Tokyo,Japan,Japan,Food,https://tabelog.com/en/tokyo/rstLst/RC0412/
eb29151b-1ee9-51d4-9a7a-d68a7d60e939,Ma'ed Ethiopian Restaurant,Copenhagen,Denmark,Denmark,Food,https://trippin.world/guide/black-owned-businesses-in-copenhagen
eb8dae4c-53ff-545a-9130-177a9eddeb85,Turtle Bay — Chester,Chester,United Kingdom,United Kingdom,Restaurant / Bar,https://candaceabroad.com/black-owned-businesses-in-london/
ebb91e99-9ef7-5cc2-a0b4-bff15ef5447d,Taverna del Mossob,Rome,Italy,Italy,Food,https://www.tripadvisor.com/Restaurants-g187791-c1-Rome_Lazio.html
ebcf0cbe-a35a-5be8-a0d6-3343555197c5,Footnotes,St. John's / Redcliffe Quay,Antigua and Barbuda,Antigua and Barbuda,Fashion / Retail,https://www.caribbeangreenbook.com/businesses
ebe2f8f4-99ac-5998-adf1-9fecb2c28bc2,La Cantine de Belleville,Paris,France,France,Food,https://parisjetaime.com/eng/article/african-and-caribbean-cultures-what-to-do-in-paris-a1851
ec083230-b77a-5e25-859f-bd5bc852d551,Istar,Toronto,Canada,Canada,Food,https://www.destinationtoronto.com/leisure-blog/post/african-caribbean-restaurants-toronto/
ec498ab1-abc4-5b66-9bbe-c37a7252e0e3,Caribe @ Pop Brixton,London,United Kingdom,United Kingdom,Food,https://www.blackeatsldn.com/directory/
ec8c66dc-c404-5a02-a8d5-f8d5b941990a,Pequena Habana Restaurant Berlin,Berlin / Schöneberg,Germany,Germany,Food,https://www.google.com/search?q=Pequena+Habana+Restaurant+Berlin
ecce113c-e286-5ad1-8432-5680ea3a8c52,ALTAR Space,Stockholm,Sweden,Sweden,Wellness / Community,https://www.scandinaviastandard.com/a-guide-to-black-owned-businesses-to-support-in-scandinavia/
ed1a1885-911e-5b50-9d01-f3c1680bc448,Risto Marrakech,Rome,Italy,Italy,Food,https://www.tripadvisor.com/Restaurants-g187791-c1-Rome_Lazio.html
ed236f2b-5a70-5d33-b992-b1c130e0d760,Meraki Catering,Port of Spain,Trinidad and Tobago,Trinidad and Tobago,Catering,https://www.caribbeangreenbook.com/businesses
edaf99ba-3947-5180-be2b-6973c9e44f44,Bend Twist Bliss,Barbados,Barbados,Barbados,Wellness,https://www.caribbeangreenbook.com/businesses
edb566a5-caa9-5356-bf65-0b2f5a2d1ce8,Akins African Restaurant,Winnipeg,Canada,Canada,Food,https://www.bestinwinnipeg.com/black-owned-businesses-winnipeg/
edfa3b05-851c-5e62-af9c-1e4be0785add,Eclipse at Half Moon,Montego Bay,Jamaica,Jamaica,Hotel / Resort / B&B,https://www.cntraveler.com/story/black-owned-hotels
ee314cb0-008e-5c7d-8bcc-b09de9f98b18,The Blue House Boutique Bed & Breakfast,Jamaica,Jamaica,Jamaica,Hotel / Resort,https://blackhotelguide.com/location/jamaica/
ee562575-2bec-5b0f-ab8c-ebcc08277506,What's Your Flava,Manchester / Levenshulme,United Kingdom,United Kingdom,Food,https://www.designmynight.com/manchester/blog/black-owned-restaurants-bars-manchester
ee5eac73-bdaf-51e4-9837-c6ca811d0919,Therapy Restaurant,Cape Town,South Africa,South Africa,Food,https://www.reddit.com/r/blacktravel/comments/1v20356/for_anyone_looking_to_support_blackowned/
ee797866-2e2c-5e83-ab9a-d2a0ce09432e,Grace Bay Beach Ocean Villas - Gardenia Villa,Providenciales,Turks and Caicos Islands,Turks and Caicos Islands,Villa,https://blackhotelguide.com/location/caribbean/
ee822720-e5e9-5e80-a0de-da80770f4304,Sweet Bocas Panama,Bocas del Toro,Panama,Panama,Resort,https://blackhotelguide.com/location/south-america/
ee827d92-5e5b-5edf-b710-aec69461dfec,Prick LDN,London,United Kingdom,United Kingdom,Retail / Plants,https://trippin.world/guide/black-owned-businesses-in-london
ee991af5-5717-5c48-b663-e43a206cc2f0,Anointed Kitchen,Edmonton North,Canada,Canada,Food / Catering,https://bbedm.ca/
eeb5a615-d8ef-5cfd-8fa5-a88cb1ff3f88,Turtle Bay — Birmingham Brindleyplace,Birmingham Brindleyplace,United Kingdom,United Kingdom,Restaurant / Bar,https://candaceabroad.com/black-owned-businesses-in-london/
eecb1a68-7da1-5322-bcab-2a492361c63f,Afrik Cavour Kitchen,Rome,Italy,Italy,Food,https://www.tripadvisor.com/Restaurants-g187791-c1-Rome_Lazio.html
ef5753a1-e5e0-5636-8e88-3aa765267285,Rudie's Jerk Shack - Borough Market,London,United Kingdom,United Kingdom,Food,https://www.blackeatsldn.com/directory/
efa56409-8880-5213-97c9-5495bfafbf7a,Belmont Estate,St. Patrick,Grenada,Grenada,Estate / Experience,https://www.caribbeangreenbook.com/businesses
f009b92d-c8e7-58d3-af99-62ad93d84e4b,Polished Pix Productions,Antigua,Antigua and Barbuda,Antigua and Barbuda,Creative Service,https://www.caribbeangreenbook.com/businesses
f03859b7-a293-5bb8-ab00-c8b4c4fe66de,Somalisa Expeditions,Hwange National Park,Zimbabwe,Zimbabwe,Safari Camp,https://travelnoire.com/travel-noire-awards-2026-black-owned-stays
f05ca815-96ca-5b9a-965e-c475f532e584,Restaurant Mosob Copenhagen,Copenhagen,Denmark,Denmark,Food,https://www.tripadvisor.com/Restaurants-g189541-c1-Copenhagen_Zealand.html
f0a182d3-d1d1-5a3a-bd44-f7fed40a6ede,Jolly Beach Resort & Spa,Jolly Beach,Antigua and Barbuda,Antigua and Barbuda,Resort,https://blackhotelguide.com/location/caribbean/
f0b4d5ad-056f-5adc-ae72-afdc237368e7,Buriti - Sant Antoni,Barcelona,Spain,Spain,Food,https://www.google.com/search?q=Barcelona+African+Caribbean+Brazilian+Ethiopian+restaurants
f0e3350c-e48c-57d6-a3fe-a800865252cd,Lamantin Beach Resort,Saly,Senegal,Senegal,Resort,https://www.sarajabril.com/black-owned-hotels-rentals
f0fd3c87-6295-5179-baae-3f5d4a4b45c9,Yanibes Consulting,Stockholm,Sweden,Sweden,Professional Service,https://www.scandinaviastandard.com/a-guide-to-black-owned-businesses-to-support-in-scandinavia/
f199e1e7-972b-5f76-8937-7a4b0334042b,J’TM Resto Bar,Ottawa,Canada,Canada,Restaurant / Bar,https://ottawatourism.ca/en/ottawa-insider/black-owned-businesses-to-visit-in-ottawa
f1f3eb13-1221-572c-8b78-8fb9a3922bfa,The Atlantis Historic Inn,Bathsheba,Barbados,Barbados,Historic Inn,https://blackhotelguide.com/location/caribbean/
f200a6bb-07ba-552c-90d3-6ae7de409faa,Habesha Restaurante-Bar,Barcelona,Spain,Spain,Food,https://www.google.com/search?q=Barcelona+African+Caribbean+Brazilian+Ethiopian+restaurants
f30d1789-33a9-5793-898e-fa86ee6e89b2,Residence Inn by Marriott London Tower Bridge,London / Southwark,United Kingdom,United Kingdom,Hotel,https://blackhotelguide.com/location/europe/
f31abbef-8e21-5ebb-854d-0e4a70d84764,Woodbridge Bay Accomodations,Roseau,Dominica,Dominica,Vacation Rental,https://www.caribbeangreenbook.com/businesses
f3567573-57bc-56ba-a272-8b76f5f13fab,La Churuata,Barcelona,Spain,Spain,Food,https://www.google.com/search?q=Barcelona+African+Caribbean+Brazilian+Ethiopian+restaurants
f3d6c00c-40bc-546c-860d-1d22d1b61bd2,Wilks Bay Resort,Jamaica,Jamaica,Jamaica,Hotel / Resort,https://blackhotelguide.com/location/jamaica/
f43b7940-eab5-5109-a0ad-b42f90aed378,Sauti Systems,Sydney,Australia,Australia,Creative / Music,https://trippin.world/guide/black-owned-businesses-in-sydney
f4710d08-7fb7-5905-99a0-b762a95158c4,Barbara Mensah Beauty,Copenhagen,Denmark,Denmark,Beauty & Personal Care,https://www.scandinaviastandard.com/a-guide-to-black-owned-businesses-to-support-in-scandinavia/
f49ac1ef-17cc-59c1-8f57-e816b336c68d,GoldenEye,Oracabessa,Jamaica,Jamaica,Hotel / Resort,https://stayblackexperience.com/
f542218f-3716-51de-9a9e-45aa14d1256a,"Chi, The Spa at Shangri-La Bangkok",Bangkok,Thailand,Thailand,Wellness,https://www.google.com/maps/search/?api=1&query=Chi+Spa+Shangri-La+Bangkok
f55ad7dc-92fa-5bc1-a805-7c09d10c9525,Chadon Beni,Toronto,Canada,Canada,Food,https://www.destinationtoronto.com/leisure-blog/post/african-caribbean-restaurants-toronto/
f5c906ee-4fa0-5940-8cfd-97e78bf12be1,Atelier Code Noir,Amsterdam,Netherlands,Netherlands,Food Studio / Experience,https://www.lilywanderlust.com/blog/2020/10/black-owned-amsterdam-city-guide
f5ec88e4-73e0-585b-9f7d-a17d5abf9984,Allez,Saint Lucia,Saint Lucia,Saint Lucia,Automotive & Transportation,https://www.caribbeangreenbook.com/businesses
f6123a81-34ad-513b-8cd6-48f50efebf73,Meeting Point Cape Town,Cape Town,South Africa,South Africa,Food,https://www.reddit.com/r/blacktravel/comments/1v20356/for_anyone_looking_to_support_blackowned/
f62bc0ee-b86f-5e9c-97d9-fda6ba2000c1,Merkamo Ethiopian,London,United Kingdom,United Kingdom,Food,https://www.blackeatsldn.com/directory/
f6e37791-81e6-5560-a3f3-aa0944a7f794,Campement Emanaye,Cap Skirring,Senegal,Senegal,Eco Lodge,https://www.sarajabril.com/black-owned-hotels-rentals
f6e46e87-535e-53d0-83f9-9d7122b6b064,Dibi 221,Milan,Italy,Italy,Food,https://www.tripadvisor.com/Restaurants-g187849-c1-Milan_Lombardy.html
f6fae645-8514-5a18-9dad-7027edda6d73,PRIM BLACK,London,United Kingdom,United Kingdom,Books / Cultural Platform,https://trippin.world/guide/black-owned-businesses-in-london
f7242977-d522-5c89-8f6e-6055f59c47f4,Cafetería Los Yeyos,Old San Juan,Puerto Rico,Puerto Rico,Food,https://www.touroldsanjuan.com/restaurants/
f736fffa-7342-5f27-9919-bae1c90f9236,Meo's Colosseum,Amsterdam,Netherlands,Netherlands,Restaurant / Bar,https://www.google.com/search?q=Meos+Colosseum+Amsterdam
f7452d7f-498b-59f2-bcce-713c7284c7b2,Sakina M’sa,Paris,France,France,Shopping & Retail,https://lavielocale.com/blog/2020/6/5/local-guide-to-x-black-owned-businesses-to-support-in-paris
f7655cea-2dc6-5a6a-b161-c638cb168b96,Black Delicious Lab,Rome,Italy,Italy,Food,https://www.tripadvisor.com/Restaurants-g187791-c1-Rome_Lazio.html
f7861108-ec69-5bb6-8dfb-270297c2f116,Pahari,Cape Town,South Africa,South Africa,Food,https://www.reddit.com/r/blacktravel/comments/1v20356/for_anyone_looking_to_support_blackowned/
f7bdb5f2-dacf-55d3-962b-72c39dacd138,Addiction - Modern Street Food,Lisbon,Portugal,Portugal,Food,https://www.tripadvisor.com/Restaurants-g189158-c1-Lisbon_Lisbon_District_Central_Portugal.html
f7e38b9a-d90a-53fd-a046-e95f502a1073,Casa Sucre Boutique Hotel,Panama City / Casco Viejo,Panama,Panama,Hotel,https://blackhotelguide.com/location/south-america/
f7fc3643-ce0e-56f1-aede-73da593170be,Keur Saloum,Toubacouta,Senegal,Senegal,Lodge,https://www.sarajabril.com/black-owned-hotels-rentals
f838bb6e-7b21-5062-9d46-c00c7b8665cb,Caffé Créole,Paris,France,France,Food,https://parisjetaime.com/eng/article/african-and-caribbean-cultures-what-to-do-in-paris-a1851
f863cd3b-f897-5fea-98b6-99597b37acc5,Soenes Roti Bar & Grill,Amsterdam / Oud-West,Netherlands,Netherlands,Food,https://www.google.com/search?q=Soenes+Roti+Bar+Grill+Amsterdam
f87b99fb-b19f-56a4-ab19-840f72ebe9d1,Ixora Vacational Rental,Old Road Village,Antigua and Barbuda,Antigua and Barbuda,Vacation Rental,https://www.caribbeangreenbook.com/businesses
f8a1e59e-1db0-5fdc-831b-5d7ae3900106,Parce Que,Lisbon,Portugal,Portugal,Food,https://www.tripadvisor.com/Restaurants-g189158-c1-Lisbon_Lisbon_District_Central_Portugal.html
f8ae150d-a027-5aad-a5f4-1d405ff2ee28,Ahanta Eco Lodge,Busua / Ahanta,Ghana,Ghana,Eco Lodge,https://www.sarajabril.com/black-owned-hotels-rentals
f8e919f7-1483-5d05-8e99-9d4c67813ee3,Mariners Hotel,Villa / Kingstown,Saint Vincent and the Grenadines,Saint Vincent and the Grenadines,Hotel,https://blackhotelguide.com/location/caribbean/
f9131258-7741-52b0-a653-7703dddb84b1,Il Fondaco,Milan,Italy,Italy,Food,https://www.tripadvisor.com/Restaurants-g187849-c1-Milan_Lombardy.html
f928057a-6a38-5e2f-8140-89b7f9703833,Ga Food Nfusion,Paris,France,France,Food Experience / Catering,https://lavielocale.com/blog/2020/6/5/local-guide-to-x-black-owned-businesses-to-support-in-paris
f9d99d9c-2b37-5b4a-a63f-bc8f14988440,Marigot Palms Luxury Caribbean Apartment Suites,Marigot Bay,Saint Lucia,Saint Lucia,Apartments,https://blackhotelguide.com/location/caribbean/
fa0669db-5deb-529f-a9e5-059eb04fb3c2,325 F | Cuisine de Madagascar,Montréal,Canada,Canada,Food,https://www.google.com/search?q=325+F+Cuisine+de+Madagascar+Montreal
faa67c44-0f01-5c96-8241-9ba9e654f907,A & S Bakery,All Saints,Antigua and Barbuda,Antigua and Barbuda,Bakery,https://www.caribbeangreenbook.com/businesses
fac0533f-12e1-5fde-9feb-3bd40369c127,Ridge Royal Hotel,Cape Coast,Ghana,Ghana,Hotel,https://www.sarajabril.com/black-owned-hotels-rentals
fac26074-7ab7-532f-96c7-cde35cfa7e95,Casa Omolokum,Rio de Janeiro,Brazil,Brazil,Food,https://travelnoire.com/black-owned-businesses-rio-carnival-brazil
fb2b11d2-9fd4-5f37-8c60-059a2011f963,Coral Mist Beach Hotel,Worthing,Barbados,Barbados,Hotel,https://blackhotelguide.com/location/caribbean/
fb6522ea-9d46-572d-bbda-828537f5d5d3,Mrgda Vegano,Rome,Italy,Italy,Food,https://www.tripadvisor.com/Restaurants-g187791-c1-Rome_Lazio.html
fb817e7f-cea0-5764-bc6c-10561d9b1248,NJOKOBOK,Oslo,Norway,Norway,Food,https://www.tripadvisor.com/Restaurants-g190479-c1-Oslo_Eastern_Norway.html
fb831ebd-5726-54e1-9650-28ddbe66ab9b,Naija Wraps and Grill,Edmonton Downtown,Canada,Canada,Food,https://bbedm.ca/
fbdcc425-0b28-5cd5-bab1-5355fc53a465,The Station Bar,Barcelona,Spain,Spain,Bar / Cultural Venue,https://thegridbcn.com/
fbf69909-4b0a-5031-82a8-54e54dbdddad,Sabor d’Etiòpia,Barcelona,Spain,Spain,Food,https://www.google.com/search?q=Barcelona+African+Caribbean+Brazilian+Ethiopian+restaurants
fc1b95ed-85f0-54aa-9107-ba7a0d27df15,Afro-Canadian Fashion (Bags),Ottawa,Canada,Canada,Shopping & Retail,https://ottawa.citynews.ca/2020/06/12/black-owned-businesses-in-ottawa-you-can-support/
fc718b36-f922-5220-937c-9e4513070caa,Noels Car Rental,Nevis,Saint Kitts and Nevis,Saint Kitts and Nevis,Car Rental,https://www.caribbeangreenbook.com/businesses
fc7e12cb-64b5-5722-a17e-54490ce1a390,de Afrique,Tokyo,Japan,Japan,Food,https://tabelog.com/en/tokyo/rstLst/RC0412/
fc8778d0-376a-56c7-b091-6e3988a1e5dc,POSHH Collections,Valsayn,Trinidad and Tobago,Trinidad and Tobago,Fashion / Retail,https://www.caribbeangreenbook.com/businesses
fcd24170-bf0d-5efd-bbd7-7aab6319784c,Ristorante Africano Mamma Chef,Milan,Italy,Italy,Food,https://www.tripadvisor.com/Restaurants-g187849-c1-Milan_Lombardy.html
fdb7e6cc-9a48-56d9-b0b9-a3b0b64272a8,The Treats Club,London,United Kingdom,United Kingdom,Food,https://www.blackeatsldn.com/directory/
fdffc610-e99e-5704-9de9-d12c1f2a4d84,Dolores Del Dia Vintage & Modern,Amsterdam,Netherlands,Netherlands,Shopping & Retail,https://www.lilywanderlust.com/blog/2020/10/black-owned-amsterdam-city-guide
fe54323a-c549-5399-8be2-50bdb57ef92f,Auto Haven Rentals,St. Thomas,Barbados,Barbados,Car Rental,https://www.caribbeangreenbook.com/businesses
fe5bba0b-3ea1-5698-a2cc-aa86e9788d6c,The Abyssinian Restaurant,Melbourne / Kensington,Australia,Australia,Food,https://travelnoire.com/black-owned-restaurants-businesses-melbourne-australia
ff2bba82-19bf-5efb-9554-9f3a1eb244d5,Follow Austria,Vienna,Austria,Austria,Professional Service,https://viennawurstelstand.com/article/the-black-owned-businesses-in-vienna-that-you-need-to-check-out-now/
ff2eebaf-eb18-5db7-8c4f-59b55603dd28,Therapy Restaurant Cape Town,Cape Town,South Africa,South Africa,Food,https://www.reddit.com/r/blacktravel/comments/1v20356/for_anyone_looking_to_support_blackowned/
ff471fdd-7ccc-557a-a540-94c957be20ae,Baobab Food Court Copenhagen,Copenhagen,Denmark,Denmark,Food,https://www.tripadvisor.com/Restaurants-g189541-c1-Copenhagen_Zealand.html
ff71b948-54a6-5663-a682-62c57db5d711,La Rhumerie,Paris,France,France,Music Venue,https://parisjetaime.com/eng/article/african-and-caribbean-cultures-what-to-do-in-paris-a1851
ff9cdda7-6e77-57bf-8c61-8e80e30923ec,The Zanzibari,Zanzibar,Tanzania,Tanzania,Resort,https://blackhotelguide.com/location/africa/
