name,address,city,state,postal_code,country,category,subcategory,services_search_terms,description,website,instagram_url,facebook_url,tiktok_url,source_url,source_name,ownership_designations,ownership_evidence_url,notes,normalized_category,target_kind,review_status,review_gates,dedupe_key,source_file
Diamond Lux Haircare,"201 Beacon Parkway West, Suite 113",Birmingham,AL,35209,USA,beauty,braids and hair care,tree braids; hair care; braiding; book online; hairdresser tools,Birmingham hair-care and braid salon with online booking and a retail hairdresser-tools shop.,https://www.dluxhaircare.com/,https://www.instagram.com/braidsbylisatreebraids/,,,https://www.dluxhaircare.com/contact,Diamond Lux Haircare,,,Official contact page gives Birmingham address and Instagram.,Beauty & Personal Care,business,pending_review,geocode_before_public_pin;source_url_and_address_manual_confirmation_required,diamond lux haircare|201 beacon parkway west suite 113|birmingham|al,17.csv
Tracy's Treasure Daycare,1745 Pearson Ave.,Birmingham,AL,35211,USA,childcare,daycare and after-school care,infant care; toddler programs; early childhood education; after-school care; pickup; childcare subsidy,"DHR-licensed childcare provider enrolling ages 6 weeks to 12 years, with daycare, after-school care and pickup service.",https://www.tracysdaycare.com/,https://www.instagram.com/tracystreasuredaycare1/,https://www.facebook.com/tracystreasuredaycare,,https://www.tracysdaycare.com/,Tracy's Treasure Daycare,,,Official site states DHR licensing and gives West Birmingham address.,Children & Family,regulated_review,needs_research,geocode_before_public_pin;regulated_or_age_governed_service_review_required;source_url_and_address_manual_confirmation_required,tracy s treasure daycare|1745 pearson ave|birmingham|al,17.csv
Warren Averett,2500 Acton Road #200,Birmingham,AL,35243,USA,finance,accounting and advisory,audit; tax; accounting; advisory; valuation; CFO support; financial compliance,"Birmingham accounting and advisory office serving local businesses with audit, tax, accounting, corporate advisory and outsourced CFO services.",https://warrenaverett.com/offices/birmingham/,,,,https://warrenaverett.com/offices/birmingham/,Warren Averett,organized under two separately owned Alabama limited liability companies,https://warrenaverett.com/offices/birmingham/,Ownership wording is quoted from the official Birmingham office page; not an identity inference.,Financial & Business Services,regulated_review,needs_research,geocode_before_public_pin;ownership_evidence_manual_confirmation_required;regulated_or_age_governed_service_review_required;source_url_and_address_manual_confirmation_required,warren averett|2500 acton road 200|birmingham|al,17.csv
Eagle's Restaurant,2610 16th Street North,Birmingham,AL,35204,USA,food,soul food,soul food; farm-fresh vegetables; meats; dine-in; pickup,Family-owned Birmingham soul food restaurant operating since 1951; serves meats and vegetables for walk-in or online pickup.,https://eaglesrestaurant.com/,https://www.instagram.com/eaglesrestaurant/,https://www.facebook.com/eagles2610/,,https://eaglesrestaurant.com/location,Eagle's Restaurant,family-owned,https://eaglesrestaurant.com/,Official site states family-owned; location page gives exact address.,Food & Drink,business,needs_research,geocode_before_public_pin;ownership_evidence_manual_confirmation_required;source_url_and_address_manual_confirmation_required,eagle s restaurant|2610 16th street north|birmingham|al,17.csv
Tin Roof Birmingham,2709 7th Avenue S.,Birmingham,AL,35233,USA,nightlife,live music bar and restaurant,live music; DJs; bar; food; private parties; happy hour; game day,"Live-music bar and restaurant in Birmingham's Lakeview District with bands, DJs, food, drinks, private parties and late-night programming.",https://tinroofbirmingham.com/,,,,https://tinroofbirmingham.com/,Tin Roof Birmingham,,,"Official site lists address, hours, food, live music and events.",Food & Drink,business,pending_review,geocode_before_public_pin;source_url_and_address_manual_confirmation_required,tin roof birmingham|2709 7th avenue s|birmingham|al,17.csv
Christ Health,5720 First Avenue South,Birmingham,AL,35212,USA,health,community health center,pediatric medical; adult medical; dental; pharmacy; mental health; spiritual health,"Community healthcare ministry providing affordable medical, dental, pharmacy, mental-health and spiritual-health services, including care for patients with limited or no insurance.",https://christhealthcenter.org/,https://www.instagram.com/christhealthcenter/,https://www.facebook.com/ChristHealth,,https://christhealthcenter.org/,Christ Health,,,"Official site lists services, Birmingham address and patient access details.",Health & Wellness,regulated_review,needs_research,geocode_before_public_pin;regulated_or_age_governed_service_review_required;source_url_and_address_manual_confirmation_required,christ health|5720 first avenue south|birmingham|al,17.csv
Hardy Services,3801 2nd Avenue South,Birmingham,AL,35222,USA,home trades,HVAC and plumbing,heating and air conditioning; plumbing; controls; emergency plumbing; back-flow inspection,"Birmingham mechanical-services company offering HVAC, plumbing, controls and 24/7/365 plumbing emergency response.",https://hardyserv.com/,,,,https://hardyserv.com/,Hardy Services,,,Official site gives exact Birmingham address and service categories.,Home & Property Services,regulated_review,needs_research,geocode_before_public_pin;regulated_or_age_governed_service_review_required;source_url_and_address_manual_confirmation_required,hardy services|3801 2nd avenue south|birmingham|al,17.csv
Maxwell Tillman + Coleman,"1820 3rd Avenue North, STE 300",Birmingham,AL,35203,USA,law,trial and civil rights law,personal injury; civil rights; criminal defense; family law; civil litigation; employment matters,"Birmingham-based trial firm representing Alabama clients in personal injury, civil rights, criminal defense, family law and civil litigation matters.",https://www.mxlawfirm.com/,https://www.instagram.com/maxwellfirm,https://www.facebook.com/AlabamaRights,,https://www.mxlawfirm.com/,Maxwell Tillman + Coleman,,,Official site provides Birmingham office address and practice areas.,Legal & Government Services,regulated_review,needs_research,geocode_before_public_pin;regulated_or_age_governed_service_review_required;source_url_and_address_manual_confirmation_required,maxwell tillman coleman|1820 3rd avenue north ste 300|birmingham|al,17.csv
Alabama Booksmith,2626 19th Place South,Birmingham,AL,35209,USA,retail,independent bookstore,signed books; first editions; personalized copies; gift cards; book events,"Birmingham bookstore specializing in signed copies, first editions, personalized books and gift cards.",https://www.alabamabooksmith.com/,https://www.instagram.com/alabamabooksmith/,https://www.facebook.com/AlabamaBooksmith/,,https://www.alabamabooksmith.com/,The Alabama Booksmith,,,"Official website lists address, signed-book inventory and social links.",Shopping & Retail,business,pending_review,geocode_before_public_pin;source_url_and_address_manual_confirmation_required,alabama booksmith|2626 19th place south|birmingham|al,17.csv
The Summit,214 Summit Boulevard,Birmingham,AL,35243,USA,retail,shopping center,shopping; retail directory; store offers; events; gift and fashion shopping,"Birmingham shopping center with a store directory, retail offers, events and regular shopping hours.",https://thesummitbirmingham.com/,https://www.instagram.com/thesummitbirmingham/?hl=en,https://www.facebook.com/thesummitbham,,https://thesummitbirmingham.com/,The Summit,,,"Official site lists exact Birmingham address, directory and social links.",Shopping & Retail,business,pending_review,geocode_before_public_pin;source_url_and_address_manual_confirmation_required,the summit|214 summit boulevard|birmingham|al,17.csv
Nina Nicks Joseph Child Development Center,209 South Washington Avenue,Mobile,AL,36602,USA,childcare,child development center,childcare; early education; infants; toddlers; preschool; school-age care; after-school transportation; subsidy participants,Community-based nonprofit child development center serving ages six weeks through 12 years with research-based educational play and year-round care.,https://www.childdaycare.org/,,,,https://www.childdaycare.org/,Nina Nicks Joseph Child Development Center official website,Community-based nonprofit center,https://www.childdaycare.org/,Official site self-states community-based nonprofit status,Children & Family,regulated_review,needs_research,geocode_before_public_pin;ownership_evidence_manual_confirmation_required;regulated_or_age_governed_service_review_required;source_url_and_address_manual_confirmation_required,nina nicks joseph child development center|209 south washington avenue|mobile|al,45.csv
Dauphin's,107 St. Francis Street 34th Floor,Mobile,AL,36602,USA,food,casual fine dining,Southern Creole; Caribbean influences; jazz brunch; lunch; dinner; happy hour; reservations,Casual fine dining on the 34th floor of the Trustmark Building with Southern Creole cuisine and Caribbean hints plus Mobile Bay views.,https://www.godauphins.com/,https://www.instagram.com/godauphins,https://www.facebook.com/godauphins,,https://www.godauphins.com/,Dauphin's official website,,,Official site provides exact address menus hours and social links.,Food & Drink,business,pending_review,geocode_before_public_pin;source_url_and_address_manual_confirmation_required,dauphin s|107 st francis street 34th floor|mobile|al,45.csv
T.P. Crockmier's,250 Dauphin St,Mobile,AL,36602,USA,nightlife,bar and grill,Gulf Coast seafood; burgers; Southern comfort food; brunch; lunch; dinner; live music; private events; balcony dining,Downtown Mobile bar and grill serving seafood burgers Southern comfort food drinks and live music for more than 40 years.,https://tpcrockmiers.com/,https://instagram.com/tpcrockmiersal,https://facebook.com/tpcrockmiers,,https://tpcrockmiers.com/,T.P. Crockmier's official website,,,Official site lists Mobile address and Wednesday-Sunday operating hours; not treated as closed because only Monday-Tuesday are closed.,Food & Drink,business,pending_review,geocode_before_public_pin;source_url_and_address_manual_confirmation_required,t p crockmier s|250 dauphin st|mobile|al,45.csv
The Noble South,203 Dauphin St,Mobile,AL,36602,USA,food,farm-to-table restaurant,Southern farm-to-table; local seasonal ingredients; lunch; dinner; brunch; catering; private chef experiences,Southern farm-to-table kitchen working with local farms and offering an evolving seasonal menu,,,https://thenoblesouthrestaurant.com/,https://www.instagram.com/the_noble_south/,https://www.facebook.com/TheNobleSouthMobileAL,,https://thenoblesouthrestaurant.com/,,,Food & Drink,business,needs_research,geocode_before_public_pin;ownership_evidence_manual_confirmation_required;source_url_and_address_manual_confirmation_required,the noble south|203 dauphin st|mobile|al,45.csv
Daycool Heating & Air,7844 Bullitt Dr,Mobile,AL,36619,USA,home trades,HVAC contractor,AC repair; HVAC installation; duct cleaning; Aeroseal duct sealing; ductless mini-splits; attic insulation; indoor air quality; emergency service; financing,Licensed and insured Mobile-area HVAC contractor providing residential and commercial heating and air-conditioning service plus emergency response.,https://daycoolair.com/,,https://www.facebook.com/daycoolheatingandair,https://www.tiktok.com/@daycoolheatingandair,https://daycoolair.com/,Daycool Heating & Air official website,Family-owned since 2007,https://daycoolair.com/,Official site self-states family-owned,Home & Property Services,regulated_review,needs_research,geocode_before_public_pin;ownership_evidence_manual_confirmation_required;regulated_or_age_governed_service_review_required;source_url_and_address_manual_confirmation_required,daycool heating air|7844 bullitt dr|mobile|al,45.csv
Africa Town Freedom Tours,1019 Center Street,Mobile,AL,,USA,travel,heritage tours,guided tours; Africatown history; landmark tours; boat tours; Clotilda wreck experiences; reservations,Mobile tour guide offering guided experiences focused on Africatown landmarks and history; official page notes periodic boat tours to the Clotilda wreck.,,,https://www.facebook.com/p/Africa-Town-Freedom-Tours-100089956477763/,,https://www.facebook.com/p/Africa-Town-Freedom-Tours-100089956477763/,Africa Town Freedom Tours official Facebook page,,,Official Facebook page lists address,Travel & Hospitality,business,pending_review,geocode_before_public_pin;source_url_and_address_manual_confirmation_required,africa town freedom tours|1019 center street|mobile|al,45.csv
African Millennium Braids,4054 Norman Bridge Road,Montgomery,AL,36105,USA,beauty,braiding salon,hair braiding; braids; styles for men women and children; professional hairstyles,"Hair-braiding salon serving Metro Montgomery with professional styles for men, women, and children.",https://www.africanmilleniumbraids.com/,https://www.instagram.com/africanmillenniumbraids334/?hl=en,https://www.facebook.com/African-Millennium-Braids-452255835151674/,,https://www.africanmilleniumbraids.com/,African Millennium Braids,locally owned and operated,https://www.africanmilleniumbraids.com/,Official website explicitly says locally owned and operated and provides address.,Beauty & Personal Care,business,needs_research,geocode_before_public_pin;ownership_evidence_manual_confirmation_required;source_url_and_address_manual_confirmation_required,african millennium braids|4054 norman bridge road|montgomery|al,44.csv
Family Guidance Center of Alabama,2358 Fairlane Drive,Montgomery,AL,36116,USA,childcare,family and early-care services,child care resources; financial assistance; Head Start; early care training; parenting education; counseling,"Alabama family-services organization offering early-care training, child-care resources, family support, and counseling; Montgomery main address is publicly listed.",https://www.familyguidancecenter.org/,,,,https://www.familyguidancecenter.org/,Family Guidance Center of Alabama,,,Official website confirms family,Children & Family,regulated_review,needs_research,geocode_before_public_pin;regulated_or_age_governed_service_review_required;source_url_and_address_manual_confirmation_required,family guidance center of alabama|2358 fairlane drive|montgomery|al,44.csv
Central Restaurant,129 Coosa Street,Montgomery,AL,36104,USA,food,upscale casual restaurant,dinner; wood-fired dishes; Gulf seafood; local meats; private events; catering,Locally owned upscale-casual restaurant and event venue in downtown Montgomery highlighting local and seasonal ingredients.,https://central129coosa.com/,https://instagram.com/central129coosa,http://www.facebook.com/central129coosa,,https://central129coosa.com/,Central Restaurant,locally owned,https://central129coosa.com/,Official website states locally owned and provides Montgomery address.,Food & Drink,business,needs_research,geocode_before_public_pin;ownership_evidence_manual_confirmation_required;source_url_and_address_manual_confirmation_required,central restaurant|129 coosa street|montgomery|al,44.csv
Double Down Bistro,3416 Atlanta Hwy,Montgomery,AL,36109,USA,nightlife,bistro and bar,food; drinks; rhythm and blues; reservations; catering; private parties,"Montgomery bistro offering food, drinks, reservations, catering, and private events with a nightlife-oriented atmosphere.",https://doubledownbistro.com/,https://www.instagram.com/_doubledownbistro,https://www.facebook.com/111960631908782,,https://doubledownbistro.com/,Double Down Bistro,,,Official website lists hours,Food & Drink,business,pending_review,geocode_before_public_pin;source_url_and_address_manual_confirmation_required,double down bistro|3416 atlanta hwy|montgomery|al,44.csv
Perennial Restaurant,1914 Mulberry Street,Montgomery,AL,36106,USA,food,locally sourced restaurant,locally sourced food; dinner; conscious dining; community; small-scale farmers,"Restaurant focused on quality locally sourced food, community, and a conscious dining experience.",https://www.eatperennial.com/,https://www.instagram.com/eatperennial,https://www.facebook.com/eatperennial,,https://www.eatperennial.com/,Perennial Restaurant,,,Official website provides active hours and Montgomery address.,Food & Drink,business,pending_review,geocode_before_public_pin;source_url_and_address_manual_confirmation_required,perennial restaurant|1914 mulberry street|montgomery|al,44.csv
Baptist Medical Center South,2105 E South Blvd,Montgomery,AL,36116,USA,health,hospital and specialty care,emergency care; Level I trauma; cardiovascular; maternity; NICU; behavioral health; surgery; hospice,"492-bed acute-care hospital serving Central Alabama with emergency, trauma, specialty, maternity, behavioral-health, and surgical services.",https://www.baptistfirst.org/location/baptist-medical-center-south/,,,,https://www.baptistfirst.org/location/baptist-medical-center-south,Baptist Health,,,Official hospital location page provides address and active 24-hour status.,Health & Wellness,regulated_review,needs_research,geocode_before_public_pin;regulated_or_age_governed_service_review_required;source_url_and_address_manual_confirmation_required,baptist medical center south|2105 e south blvd|montgomery|al,44.csv
Central Alabama VA Medical Center-Montgomery,215 Perry Hill Road,Montgomery,AL,36109-3725,USA,health,veterans medical center,primary care; specialty care; mental health; cardiology; urology; dementia care; audiology; veteran transportation,"VA hospital providing primary and specialty health services, mental health care, cardiology, urology, dementia care, audiology, and veteran transportation support.",https://www.va.gov/central-alabama-health-care/locations/central-alabama-va-medical-center-montgomery/,,,,https://www.va.gov/central-alabama-health-care/locations/central-alabama-va-medical-center-montgomery/,U.S. Department of Veterans Affairs,,,Official .gov location page provides address and services.,Health & Wellness,regulated_review,needs_research,geocode_before_public_pin;regulated_or_age_governed_service_review_required;source_url_and_address_manual_confirmation_required,central alabama va medical center montgomery|215 perry hill road|montgomery|al,44.csv
Health Services Inc,1845 Cherry Street,Montgomery,AL,36107,USA,health,community health center,physical health; mental health; behavioral health; social services; primary care; OB/GYN; optometry; pediatrics; dentistry,"Patient-centered health system providing affordable comprehensive physical, behavioral, and social-health services; Montgomery address publicly listed by the organization.",https://www.healthservicesinc.org/,,,,https://www.healthservicesinc.org/,Health Services Inc,,,Official website confirms service categories; address from official-site search listing.,Health & Wellness,regulated_review,needs_research,geocode_before_public_pin;regulated_or_age_governed_service_review_required;source_url_and_address_manual_confirmation_required,health services inc|1845 cherry street|montgomery|al,44.csv
Oak Street Health Montgomery,3000 Rosa L. Parks Ave,Montgomery,AL,36105,USA,health,primary care clinic,primary care; chronic condition care; wellness; preventive care; immunizations; lab testing; Medicare,"Primary-care clinic welcoming new patients and coordinating preventive, chronic-condition, specialty, and social-service support for Medicare-eligible adults.",https://www.oakstreethealth.com/locations/montgomery-al/montgomery-doctors-office,https://www.instagram.com/oakstreethealth,https://www.facebook.com/OakStreetHealth,,https://www.oakstreethealth.com/locations/montgomery-al/montgomery-doctors-office,Oak Street Health,,,Official location page lists address,Health & Wellness,regulated_review,needs_research,geocode_before_public_pin;regulated_or_age_governed_service_review_required;source_url_and_address_manual_confirmation_required,oak street health montgomery|3000 rosa l parks ave|montgomery|al,44.csv
United Heating and Air Conditioning Inc,840 Roy Hodges Blvd,Montgomery,AL,36117,USA,home trades,HVAC plumbing and electrical,heating; air conditioning; HVAC installation; HVAC repair; plumbing; electrical; 24-hour emergency service,"Montgomery home-services contractor providing heating and air conditioning, plumbing, electrical work, and 24-hour emergency service.",https://unitedheating.net/,,https://www.facebook.com/UnitedHeatingAir/,,https://unitedheating.net/,United Heating and Air Conditioning Inc,,,Official website states more than 30 years serving Montgomery and lists office address and services.,Home & Property Services,regulated_review,needs_research,geocode_before_public_pin;regulated_or_age_governed_service_review_required;source_url_and_address_manual_confirmation_required,united heating and air conditioning inc|840 roy hodges blvd|montgomery|al,44.csv
Alabama Attorney General,501 Washington Avenue,Montgomery,AL,36104,USA,law,consumer and victim assistance,consumer complaints; victim assistance; legal opinions; law enforcement; state attorney general services,"State Attorney General office offering consumer complaint intake, victim assistance, legal opinions, and public legal resources.",https://www.alabamaag.gov/,,,,https://www.alabamaag.gov/,Office of the Alabama Attorney General,,,Official state website provides Montgomery address and public services.,Legal & Government Services,regulated_review,needs_research,geocode_before_public_pin;regulated_or_age_governed_service_review_required;source_url_and_address_manual_confirmation_required,alabama attorney general|501 washington avenue|montgomery|al,44.csv
Bradley Montgomery,445 Dexter Avenue Suite 9075,Montgomery,AL,36104,USA,law,business and litigation law,general litigation; commercial litigation; products liability; pharmaceutical litigation; class actions; governmental affairs; regulatory; public finance; employment litigation,"Montgomery law-firm office offering business legal solutions, litigation, governmental affairs, regulatory, public finance, and employment-law services.",https://www.bradley.com/locations/montgomery,https://www.instagram.com/bradleylaw/,https://www.facebook.com/officialbradleylaw/,,https://www.bradley.com/locations/montgomery,Bradley,,,Official office page provides address and detailed legal practice areas.,Legal & Government Services,regulated_review,needs_research,geocode_before_public_pin;regulated_or_age_governed_service_review_required;source_url_and_address_manual_confirmation_required,bradley montgomery|445 dexter avenue suite 9075|montgomery|al,44.csv
AAA - Alabama,6901 Vaughn Road,Montgomery,AL,36116,USA,travel,travel agency and roadside services,travel agency; travel services; trip planning; AAA membership; roadside assistance,AAA Alabama Montgomery location listed by the Montgomery Regional Chamber under Travel Agencies/Services.,http://www.aaa.com/,,,,https://www.montgomerychamber.com/list/member/aaa-alabama-11,Montgomery Regional Chamber of Commerce,,,Chamber listing provides Montgomery address and category; official business website linked from listing.,Travel & Hospitality,business,pending_review,geocode_before_public_pin;source_url_and_address_manual_confirmation_required,aaa alabama|6901 vaughn road|montgomery|al,44.csv
Quality Braids by Grace,10310 West Markham Street,Little Rock,AR,72205,USA,beauty,braiding,African hair braiding; knotless braids; box braids; cornrows; feed-in cornrows; specialty styles,"African hair braiding studio offering knotless and box braids, cornrows, feed-in cornrows, and specialty styles.",https://www.qualitybraidsbygrace.com/,https://www.instagram.com/qualitybraidsbygrace.ar,https://www.facebook.com/quality.braids.by.grace.ar,https://www.tiktok.com/@qualitybraidsbygracear,https://www.qualitybraidsbygrace.com/,Quality Braids by Grace,,,Official site lists Arkansas location and current hours.,Beauty & Personal Care,business,pending_review,geocode_before_public_pin;source_url_and_address_manual_confirmation_required,quality braids by grace|10310 west markham street|little rock|ar,48.csv
Community Bakery,1200 Main St,Little Rock,AR,72202,USA,food,bakery,fresh pastries; cakes; cookies; breads; sandwiches; coffee; catering,"Arkansas Food Hall of Fame bakery serving fresh-baked goods, coffee, sandwiches, custom cakes, and catering.",https://communitybakery.com/,,,,https://communitybakery.com/,Community Bakery,,,Official site lists active Downtown location and services.,Food & Drink,business,pending_review,geocode_before_public_pin;source_url_and_address_manual_confirmation_required,community bakery|1200 main st|little rock|ar,48.csv
Community Bakery,"11121 N Rodney Parham Road, Suite 14A",Little Rock,AR,72212,USA,food,bakery,fresh pastries; cakes; cookies; breads; sandwiches; coffee; catering,"Arkansas Food Hall of Fame bakery serving fresh-baked goods, coffee, sandwiches, custom cakes, and catering.",https://communitybakery.com/,https://www.instagram.com/communitybakerylr/,,,https://communitybakery.com/,Community Bakery,,,Official site lists active Rodney Parham location and services.,Food & Drink,business,pending_review,geocode_before_public_pin;source_url_and_address_manual_confirmation_required,community bakery|11121 n rodney parham road suite 14a|little rock|ar,48.csv
The Blue Cake Company,315 N. Bowman Rd.,Little Rock,AR,72211,USA,food,custom bakery,custom cakes; wedding cakes; signature cakes; petit fours; pies; coffee,"Family-owned bakery making scratch-made customized cakes and pies for weddings, birthdays, showers, graduations, and other occasions.",https://www.thebluecakecompany.com/,,https://www.facebook.com/bluecakeco/,,https://www.thebluecakecompany.com/,The Blue Cake Company,family-owned,https://www.thebluecakecompany.com/,Official site self-states family-owned; Bowman location accepts custom cake orders.,Food & Drink,business,needs_research,geocode_before_public_pin;ownership_evidence_manual_confirmation_required;source_url_and_address_manual_confirmation_required,the blue cake company|315 n bowman rd|little rock|ar,48.csv
The Blue Cake Company,6800 Cantrell Rd.,Little Rock,AR,72207,USA,food,bakery,petit fours; mini pies; cupcakes; cookies; signature cakes,"Family-owned bakery offering scratch-made desserts and same-day treats including petit fours, mini pies, cupcakes, cookies, and signature cakes.",https://www.thebluecakecompany.com/,,https://www.facebook.com/bluecakebowman/,,https://www.thebluecakecompany.com/,The Blue Cake Company,family-owned,https://www.thebluecakecompany.com/,Official site self-states family-owned; Cantrell location offers listed desserts.,Food & Drink,business,needs_research,geocode_before_public_pin;ownership_evidence_manual_confirmation_required;source_url_and_address_manual_confirmation_required,the blue cake company|6800 cantrell rd|little rock|ar,48.csv
The White Water Tavern,2500 West 7th Street,Little Rock,AR,72205,USA,nightlife,live music tavern,live music; concerts; karaoke; food; drinks; events; gift cards,"Legendary Little Rock tavern hosting live music, concerts, karaoke, food, drinks, and community events.",https://www.whitewatertavern.com/,https://www.instagram.com/whitewatertavern,https://www.facebook.com/The-White-Water-Tavern-308817294918,,https://www.whitewatertavern.com/,The White Water Tavern,,,"Official site lists active shows, hours, address, food, and gift cards.",Food & Drink,business,pending_review,geocode_before_public_pin;source_url_and_address_manual_confirmation_required,the white water tavern|2500 west 7th street|little rock|ar,48.csv
Divine Mercy Health Center,"6221 Colonel Glenn Rd., Suite B",Little Rock,AR,72204,USA,health,primary care clinic,primary care; behavioral health; direct care plan; walk-in appointments; bilingual care; care coordination,"Community medical nonprofit providing affordable primary care, integrated behavioral health, bilingual support, and charitable care.",https://divinemercyhealthcenter.org/clinic/,https://www.instagram.com/divinemercyhealthcenter/?hl=en,https://www.facebook.com/p/Divine-Mercy-Health-Center-100061056626380/,,https://divinemercyhealthcenter.org/clinic/,Divine Mercy Health Center,,,Official site identifies 501(c)(3) medical nonprofit; regulated clinic included because official source documents operating services.,Health & Wellness,regulated_review,needs_research,geocode_before_public_pin;regulated_or_age_governed_service_review_required;source_url_and_address_manual_confirmation_required,divine mercy health center|6221 colonel glenn rd suite b|little rock|ar,48.csv
"Big Rock Legacy Law Group, Attorneys & Counselors, PLC","425 W Capitol Ave, Ste. 3280",Little Rock,AR,72201,USA,law,estate/business/criminal law,estate planning; wills; trusts; probate; business formation; contracts; personal injury; criminal defense,"Little Rock law firm handling estate planning, business law, personal injury, and criminal defense matters.",https://brllg.com/,,https://www.facebook.com/brllgplc,,https://brllg.com/,"Big Rock Legacy Law Group, Attorneys & Counselors, PLC",,,Official site provides Little Rock address and service areas.,Legal & Government Services,regulated_review,needs_research,geocode_before_public_pin;regulated_or_age_governed_service_review_required;source_url_and_address_manual_confirmation_required,big rock legacy law group attorneys counselors plc|425 w capitol ave ste 3280|little rock|ar,48.csv
"Mays, Byrd & O'Guinn, PLLC","212 Center Street, Suite 700-A",Little Rock,AR,72201,USA,law,personal injury law,auto accidents; pedestrian accidents; dog bites; slip and fall; motorcycle accidents; medical malpractice; truck accidents; wrongful death,Personal injury law firm representing accident and negligence victims in Little Rock and Arkansas.,https://mbolawgroup.com/,https://www.instagram.com/mbolawgroup/,https://www.facebook.com/mbolawgroup,,https://mbolawgroup.com/,"Mays, Byrd & O'Guinn, PLLC",minority-owned,https://mbolawgroup.com/,Official site self-states “one of the largest minority-owned law firms in Arkansas.”,Legal & Government Services,regulated_review,needs_research,geocode_before_public_pin;ownership_evidence_manual_confirmation_required;regulated_or_age_governed_service_review_required;source_url_and_address_manual_confirmation_required,mays byrd o guinn pllc|212 center street suite 700 a|little rock|ar,48.csv
The Capital Hotel,111 West Markham Street,Little Rock,AR,72201,USA,travel,hotel and events,hotel accommodations; concierge; dining; bar and grill; meetings; weddings; airport transportation; fitness center,"Historic downtown Little Rock luxury hotel with accommodations, dining, concierge, event venues, and wedding services.",https://www.capitalhotel.com/,https://www.instagram.com/capitalhotellr/,https://www.facebook.com/theCapitalHotel/,,https://www.capitalhotel.com/,The Capital Hotel,,,"Official site structured data lists address, services, and active hotel operations.",Travel & Hospitality,business,pending_review,geocode_before_public_pin;source_url_and_address_manual_confirmation_required,the capital hotel|111 west markham street|little rock|ar,48.csv
Look Better Naked Spa,"620 W Adams St, inside University of S.A.Q.",Phoenix,AZ,85003,USA,beauty,spa and body care,spa; body care; skincare; inclusive wellness; esthetics,"Phoenix spa founded by Nadjege Casimir with an explicitly welcoming, inclusive approach to body confidence and care.",https://www.lookbetternakedspa.com/,,,,https://dtphx.org/post/black-owned-businesses-in-downtown-phoenix,Downtown Phoenix Inc.,Black-owned; founder/CEO Nadjege Casimir (source-backed),https://dtphx.org/post/black-owned-businesses-in-downtown-phoenix,"DTPHX names founder/CEO, address and official website.",Beauty & Personal Care,business,needs_research,geocode_before_public_pin;ownership_evidence_manual_confirmation_required;source_url_and_address_manual_confirmation_required,look better naked spa|620 w adams st inside university of s a q|phoenix|az,52.csv
Nail Snob Phx,400 N 2nd Ave,Phoenix,AZ,85003,USA,beauty,nail salon,natural nail extensions; gel manicures; dry pedicures; nail studio,"Creative studio salon specializing in natural nail extensions, gel manicures and dry pedicures.",https://www.nailsnobphx.com/,,,,https://dtphx.org/post/black-owned-businesses-in-downtown-phoenix,Downtown Phoenix Inc.,Black-owned (source-backed),https://dtphx.org/post/black-owned-businesses-in-downtown-phoenix,"DTPHX provides address, service description and official website.",Beauty & Personal Care,business,needs_research,geocode_before_public_pin;ownership_evidence_manual_confirmation_required;source_url_and_address_manual_confirmation_required,nail snob phx|400 n 2nd ave|phoenix|az,52.csv
Rhema Braiding,2647 W Glendale Ave,Phoenix,AZ,85051,USA,beauty,braiding salon,box braids; knotless braids; cornrows; twists; tribal braids; wig installs; kids styles; men styles,"Multi-braider Phoenix salon offering protective styles, wig installations and children’s and men’s braiding services.",https://rhema-braiding.squarespace.com/,https://www.instagram.com/rhema.braiding.o1,https://www.facebook.com/profile.php?id=100047276911434,https://www.tiktok.com/@rhemabraiding,https://rhema-braiding.squarespace.com/,Rhema Braiding official website,None stated,,"Official site lists Phoenix location, service menu and official social links; no hair-washing or color services.",Beauty & Personal Care,business,needs_research,geocode_before_public_pin;ownership_evidence_manual_confirmation_required;source_url_and_address_manual_confirmation_required,rhema braiding|2647 w glendale ave|phoenix|az,52.csv
Unity Braids and Beauty,1638 S 7th St,Phoenix,AZ,85034,USA,beauty,braiding and natural hair salon,box braids; knotless braids; cornrows; locs; twists; silk press; wig install; makeup; children's hairstyles,"Appointment-based Phoenix braiding and beauty salon offering extensive protective-style, natural-hair, makeup and nail/tattoo-related services.",https://unitybraidsandbeauty.acuityscheduling.com/,,,,https://unitybraidsandbeauty.acuityscheduling.com/,Unity Braids and Beauty official booking page,None stated,,Official booking page explicitly gives current Phoenix address and detailed service menu.,Beauty & Personal Care,business,needs_research,geocode_before_public_pin;ownership_evidence_manual_confirmation_required;source_url_and_address_manual_confirmation_required,unity braids and beauty|1638 s 7th st|phoenix|az,52.csv
American Child Care Centers - McDowell,5933 W McDowell Rd,Phoenix,AZ,85035,USA,childcare,daycare and early childhood education,infant care; toddler play group; preschool; pre-K; after-school care; AZ DES provider,"Phoenix childcare center offering infant, toddler, preschool/pre-K and other early-learning programs in a play-based environment.",https://www.americanchildcarecenters.net/childcare-mcdowell-5933-w-mcdowell-rd-phoenix-az-85035,https://www.instagram.com/americanchildcarecenters/,https://www.facebook.com/AmericanChildcareCenters/,,https://www.americanchildcarecenters.net/,American Child Care Centers official website,None stated,,"Official site lists exact Phoenix location, programs and states it is a certified AZ DES Child Care provider.",Children & Family,regulated_review,needs_research,geocode_before_public_pin;ownership_evidence_manual_confirmation_required;regulated_or_age_governed_service_review_required;source_url_and_address_manual_confirmation_required,american child care centers mcdowell|5933 w mcdowell rd|phoenix|az,52.csv
American Child Care Centers - Thomas,4715 W Thomas Rd,Phoenix,AZ,85031,USA,childcare,daycare and early childhood education,infant care; toddler play group; preschool; pre-K; after-school care; AZ DES provider,"Phoenix childcare center offering infant, toddler, preschool/pre-K and other early-learning programs in a play-based environment.",https://www.americanchildcarecenters.net/childcare-thomas-4715-w-thomas-rd-phoenix-az-85031,https://www.instagram.com/americanchildcarecenters/,https://www.facebook.com/AmericanChildcareCenters/,,https://www.americanchildcarecenters.net/,American Child Care Centers official website,None stated,,"Official site lists exact Phoenix location, programs and states it is a certified AZ DES Child Care provider.",Children & Family,regulated_review,needs_research,geocode_before_public_pin;ownership_evidence_manual_confirmation_required;regulated_or_age_governed_service_review_required;source_url_and_address_manual_confirmation_required,american child care centers thomas|4715 w thomas rd|phoenix|az,52.csv
A.M. Accounting Services LLC,11811 N Tatum Blvd Ste 3031,Phoenix,AZ,85028,USA,finance,accounting and tax services,tax preparation; business accounting; IRS issues; consulting; financial goals,"Phoenix accounting firm serving individuals, business owners, executives and independent professionals with tax, accounting and consulting services.",https://www.amaccountingservices.com/,,https://www.facebook.com/AM-Accounting-Services-LLC-206498636110142,,https://www.amaccountingservices.com/,A.M. Accounting Services official website,None stated,,"Official site lists Phoenix address, tax preparation, business/accounting, government-issue and consulting services.",Financial & Business Services,regulated_review,needs_research,geocode_before_public_pin;ownership_evidence_manual_confirmation_required;regulated_or_age_governed_service_review_required;source_url_and_address_manual_confirmation_required,a m accounting services llc|11811 n tatum blvd ste 3031|phoenix|az,52.csv
Afri-Soul Education Center,1021 E Washington St,Phoenix,AZ,85034,USA,finance,business incubator and entrepreneur support,small business incubation; coaching; classes; workshops; affordable office space; marketplace,"BIPOC-led small-business incubator offering coaching, classes, affordable spaces, marketplace and cultural programming.",https://afri-soul.com/,,,,https://dtphx.org/post/black-owned-businesses-in-downtown-phoenix,Downtown Phoenix Inc.,BIPOC-led (source-backed),https://dtphx.org/post/black-owned-businesses-in-downtown-phoenix,"DTPHX explicitly states BIPOC-led and lists services, address and official website.",Financial & Business Services,regulated_review,needs_research,geocode_before_public_pin;ownership_evidence_manual_confirmation_required;regulated_or_age_governed_service_review_required;source_url_and_address_manual_confirmation_required,afri soul education center|1021 e washington st|phoenix|az,52.csv
Big Bacon's,719 E Roosevelt St,Phoenix,AZ,85006,USA,food,soul food restaurant,Chicago soul food; fried chicken; jerk salmon; lamb chops; banana pudding; catering,Chicago-inspired home-cooked soul food restaurant with pickup ordering and catering in downtown Phoenix.,https://bigbacons.com/,,,,https://bigbacons.com/,Big Bacon's official website,Black-owned; family kitchen (source-backed),https://dtphx.org/post/black-owned-businesses-in-downtown-phoenix,"Official site lists Phoenix address, menu, hours, ordering and catering; DTPHX identifies owner Adriane Harris and Black-owned listing.",Food & Drink,business,needs_research,geocode_before_public_pin;ownership_evidence_manual_confirmation_required;source_url_and_address_manual_confirmation_required,big bacon s|719 e roosevelt st|phoenix|az,52.csv
Black Theatre Troupe,1333 E Washington St,Phoenix,AZ,85034,USA,nightlife,performing arts and theatre,theatre; live performances; cultural programming; tickets; donations,Long-running Eastlake Park performing-arts organization presenting live theatre and cultural programming.,https://www.blacktheatretroupe.org/,https://www.instagram.com/blacktheatretroupe/,,,https://dtphx.org/post/black-owned-businesses-in-downtown-phoenix,Downtown Phoenix Inc.,Black-led/community Black theatre (source-backed),https://dtphx.org/post/black-owned-businesses-in-downtown-phoenix,DTPHX describes its Black community history and provides official website/social and address.,Food & Drink,business,needs_research,geocode_before_public_pin;ownership_evidence_manual_confirmation_required;source_url_and_address_manual_confirmation_required,black theatre troupe|1333 e washington st|phoenix|az,52.csv
Chilte,765 Grand Ave,Phoenix,AZ,85007,USA,food,Mexican restaurant,Mexican food; global flavors; restaurant dining; catering,"Brick-and-mortar restaurant blending traditional Mexican flavors with global influences, founded by Lawrence Smith and Aseret Arroyo.",https://www.chiltephx.com/,,,,https://dtphx.org/post/black-owned-businesses-in-downtown-phoenix,Downtown Phoenix Inc.,Black-owned; founded by Lawrence Smith and Aseret Arroyo (source-backed),https://dtphx.org/post/black-owned-businesses-in-downtown-phoenix,"DTPHX provides founders, Phoenix address, description and official website.",Food & Drink,business,needs_research,geocode_before_public_pin;ownership_evidence_manual_confirmation_required;source_url_and_address_manual_confirmation_required,chilte|765 grand ave|phoenix|az,52.csv
Grassrootz Bookstore and Juice Bar,1145 E Washington St #200,Phoenix,AZ,85034,USA,retail,bookstore and juice bar,Black-authored books; bookstore; juice bar; coworking; community events,"Community bookstore focused on books by Black authors and the Black experience, with juice bar, coworking and event space.",https://grassrootzbookstore.com/,,,,https://dtphx.org/post/black-owned-businesses-in-downtown-phoenix,Downtown Phoenix Inc.,Black-owned (source-backed),https://dtphx.org/post/black-owned-businesses-in-downtown-phoenix,DTPHX states Ali Nervis opened the store and provides address and official website.,Food & Drink,business,needs_research,geocode_before_public_pin;ownership_evidence_manual_confirmation_required;source_url_and_address_manual_confirmation_required,grassrootz bookstore and juice bar|1145 e washington st 200|phoenix|az,52.csv
Latha Restaurant & Bar,628 E Adams St,Phoenix,AZ,85004,USA,food,African diaspora restaurant and bar,African food; Brazilian food; Caribbean food; Southern food; wine; beer; spirits,"Restaurant and bar celebrating flavors of Africa and the African diaspora, with locally and responsibly sourced ingredients.",https://lathaphx.com/,,,,https://dtphx.org/post/black-owned-businesses-in-downtown-phoenix,Downtown Phoenix Inc.,Black-owned (source-backed),https://dtphx.org/post/black-owned-businesses-in-downtown-phoenix,"DTPHX Black-Owned Businesses article provides address, description and official website link.",Food & Drink,business,needs_research,geocode_before_public_pin;ownership_evidence_manual_confirmation_required;source_url_and_address_manual_confirmation_required,latha restaurant bar|628 e adams st|phoenix|az,52.csv
Mrs. White's Golden Rule Cafe,808 E Jefferson St,Phoenix,AZ,85034,USA,food,Southern soul food restaurant,fried chicken; fried catfish; smothered pork chops; home-style sides; catering,Family-run Phoenix soul food institution serving classic Southern fried meals since 1964.,https://www.mrswhitescafe.com/,,,,https://www.mrswhitescafe.com/,Mrs. White's official website,Family-owned and operated (self-stated),https://www.mrswhitescafe.com/,Official site explicitly states family-run and family-owned/operated; address and open-seven-days status are listed.,Food & Drink,business,needs_research,geocode_before_public_pin;ownership_evidence_manual_confirmation_required;source_url_and_address_manual_confirmation_required,mrs white s golden rule cafe|808 e jefferson st|phoenix|az,52.csv
Stadium Sports Bar & Lounge,50 W Jefferson St,Phoenix,AZ,85003,USA,nightlife,sports bar and lounge,sports bar; tailgate experience; entertainment; drinks; community events,"CityScape sports bar and lounge focused on sports viewing, entertainment and an inviting community atmosphere.",https://stadiumphx.com/,,,,https://dtphx.org/post/black-owned-businesses-in-downtown-phoenix,Downtown Phoenix Inc.,Black-owned; owner Que Quinn (source-backed),https://dtphx.org/post/black-owned-businesses-in-downtown-phoenix,DTPHX identifies owner Que Quinn and provides address and official website.,Food & Drink,business,needs_research,geocode_before_public_pin;ownership_evidence_manual_confirmation_required;source_url_and_address_manual_confirmation_required,stadium sports bar lounge|50 w jefferson st|phoenix|az,52.csv
Sweet Crimes Candy Vault,114 W Adams St Suite C-106,Phoenix,AZ,85003,USA,food,dessert and candy shop,ice cream; candy; sundaes; nostalgic candy; comfort desserts,"Micro ice-cream shop, candy store and dessert spot mash-up offering sundaes, classic candy and comfort desserts.",https://www.sweetcrimescandyvaultphx.com/,,,,https://dtphx.org/post/black-owned-businesses-in-downtown-phoenix,Downtown Phoenix Inc.,Black-owned; jointly operated by Andy Milsap and Grace Foster (source-backed),https://dtphx.org/post/black-owned-businesses-in-downtown-phoenix,"DTPHX provides address, official website and named operators.",Food & Drink,business,needs_research,geocode_before_public_pin;ownership_evidence_manual_confirmation_required;source_url_and_address_manual_confirmation_required,sweet crimes candy vault|114 w adams st suite c 106|phoenix|az,52.csv
Tipsy Scoop Phoenix Barlour,355 N Central Ave Suite 102,Phoenix,AZ,85004,USA,food,ice cream and dessert bar,boozy ice cream; ice cream; dessert; barlour,Phoenix dessert bar serving Tipsy Scoop products; DTPHX identifies local mother-daughter franchise owners.,https://tipsyscoop.com/,,,,https://dtphx.org/post/black-owned-businesses-in-downtown-phoenix,Downtown Phoenix Inc.,Black-owned/franchise owned by Tamika Wooten and Dominika Cheatham (source-backed),https://dtphx.org/post/black-owned-businesses-in-downtown-phoenix,DTPHX explicitly identifies the mother-daughter owners and provides address and official brand site.,Food & Drink,business,needs_research,geocode_before_public_pin;ownership_evidence_manual_confirmation_required;source_url_and_address_manual_confirmation_required,tipsy scoop phoenix barlour|355 n central ave suite 102|phoenix|az,52.csv
Stardust & Sage,610 E Roosevelt St Unit 136,Phoenix,AZ,85004,USA,retail,crystal and spiritual wellness shop,crystals; oracle readings; divination; guided meditation; sound baths; herbal baths; remedies,"Roosevelt Row crystal and spiritual-wellness shop offering readings, meditation, sound baths, herbal baths and related products.",https://stardustandsage.com/,,,,https://dtphx.org/post/black-owned-businesses-in-downtown-phoenix,Downtown Phoenix Inc.,Black-owned (source-backed),https://dtphx.org/post/black-owned-businesses-in-downtown-phoenix,DTPHX identifies the shop as owned by Havana and provides address and official website.,Health & Wellness,business,needs_research,geocode_before_public_pin;ownership_evidence_manual_confirmation_required;source_url_and_address_manual_confirmation_required,stardust sage|610 e roosevelt st unit 136|phoenix|az,52.csv
Andy's Shoe Shine,114 W Adams St,Phoenix,AZ,85003,USA,home trades,shoe repair and care,shoe shine; stiletto repair; shoe resoling; shoe repair,"Downtown shoe-care business offering shining, repairs and resoling.",https://www.andysshoeshine.com/,,,,https://dtphx.org/post/black-owned-businesses-in-downtown-phoenix,Downtown Phoenix Inc.,Black-owned; operated by Andy and Grace (source-backed),https://dtphx.org/post/black-owned-businesses-in-downtown-phoenix,DTPHX states the business has operated downtown for 20 years and names Andy and Grace.,Home & Property Services,regulated_review,needs_research,geocode_before_public_pin;ownership_evidence_manual_confirmation_required;regulated_or_age_governed_service_review_required;source_url_and_address_manual_confirmation_required,andy s shoe shine|114 w adams st|phoenix|az,52.csv
Howard Air & Plumbing,13235 N Cave Creek Rd,Phoenix,AZ,85022,USA,home trades,HVAC and plumbing,HVAC repair; heating; plumbing; air quality; insulation; duct cleaning; maintenance,"Phoenix HVAC and plumbing company providing repair, maintenance, air quality, insulation and duct-cleaning services.",https://howardair.com/,https://www.instagram.com/howard_air/,https://www.facebook.com/howardair,,https://howardair.com/,Howard Air & Plumbing official website,None stated,,"Official site states Phoenix address in search listing, service categories, NATE-certified technicians and Arizona ROC licensing badge; verify address before publication.",Home & Property Services,regulated_review,needs_research,geocode_before_public_pin;ownership_evidence_manual_confirmation_required;regulated_or_age_governed_service_review_required;source_url_and_address_manual_confirmation_required,howard air plumbing|13235 n cave creek rd|phoenix|az,52.csv
Way Cool Plumbing & Air,2328 E Van Buren St Suite 121,Phoenix,AZ,85006,USA,home trades,"HVAC, plumbing and home performance",AC repair; HVAC replacement; tune-ups; plumbing; water heaters; repipes; energy audits; insulation,"Phoenix-grown family business providing HVAC, plumbing, home-performance audits and maintenance; official site lists Arizona ROC licenses.",https://www.callwaycool.com/,https://www.instagram.com/callwaycool/,https://www.facebook.com/p/Way-Cool-Plumbing-Air-61560574541945/,https://www.tiktok.com/@callwaycool,https://www.callwaycool.com/,Way Cool Plumbing & Air official website,"Family-owned and operated; licensed, bonded and insured (self-stated)",https://www.callwaycool.com/,"Official site states family-owned since 1982, Phoenix address, services and AZ ROC #337360 plus additional ROC numbers.",Home & Property Services,regulated_review,needs_research,geocode_before_public_pin;ownership_evidence_manual_confirmation_required;regulated_or_age_governed_service_review_required;source_url_and_address_manual_confirmation_required,way cool plumbing air|2328 e van buren st suite 121|phoenix|az,52.csv
Law Offices of William D. Black,20 E Thomas Rd Ste 2200,Phoenix,AZ,85012,USA,law,civil litigation and business law,business formation; commercial litigation; mediation; probate disputes; medical malpractice; personal injury; wrongful death,"Boutique Phoenix law firm handling business, civil litigation, probate, medical malpractice and personal injury matters.",https://www.billblacklawfirm.com/,,https://www.facebook.com/WilliamDBlackLaw,,https://www.billblacklawfirm.com/,Law Offices of William D. Black official website,Founder/lead attorney William D. Black (self-stated),https://www.billblacklawfirm.com/,"Official site lists Phoenix office address, practice areas and identifies William D. Black as founder and lead attorney.",Legal & Government Services,regulated_review,needs_research,geocode_before_public_pin;ownership_evidence_manual_confirmation_required;regulated_or_age_governed_service_review_required;source_url_and_address_manual_confirmation_required,law offices of william d black|20 e thomas rd ste 2200|phoenix|az,52.csv
Archwood Exchange & Buy Black Marketplace,1401 E Van Buren St,Phoenix,AZ,85006,USA,retail,community marketplace,Buy Black marketplace; local art; jewelry; clothing; beauty products; food; vendor events,"Local collective and marketplace supporting Phoenix-based Black businesses with rotating art, apparel, beauty, food and other vendors.",https://archwoodexchange.myshopify.com/,,,,https://dtphx.org/post/black-owned-businesses-in-downtown-phoenix,Downtown Phoenix Inc.,Black-owned marketplace (source-backed),https://dtphx.org/post/black-owned-businesses-in-downtown-phoenix,"DTPHX describes the collective, marketplace mission, address and official website.",Shopping & Retail,business,needs_research,geocode_before_public_pin;ownership_evidence_manual_confirmation_required;source_url_and_address_manual_confirmation_required,archwood exchange buy black marketplace|1401 e van buren st|phoenix|az,52.csv
Straw & Wool,610 E Roosevelt St Unit 144,Phoenix,AZ,85004,USA,retail,hat shop,hats; classic hats; fashion accessories; apparel,Phoenix hat shop established in 2020 offering classic hats and style-focused retail.,https://strawandwool.com/,,,,https://dtphx.org/post/black-owned-businesses-in-downtown-phoenix,Downtown Phoenix Inc.,Black-owned (source-backed),https://dtphx.org/post/black-owned-businesses-in-downtown-phoenix,"DTPHX provides Phoenix address, description and official website link.",Shopping & Retail,business,needs_research,geocode_before_public_pin;ownership_evidence_manual_confirmation_required;source_url_and_address_manual_confirmation_required,straw wool|610 e roosevelt st unit 144|phoenix|az,52.csv
Milly's Fab Hair Braiding Salon,2914 East 22nd Street,Tucson,AZ,85713,USA,beauty,braiding salon,women's braids; men's braids; kids braids; dreadlocs; twists; alopecia coverup; detangling; wigs; sew-ins,Tucson hair-braiding salon offering protective styling natural hair care loc maintenance braids twists kids styles alopecia coverup detangling and wig or sew-in services.,https://www.millysfab.com/,https://www.instagram.com/millysfabtucsonbraids/,https://web.facebook.com/milly.s.fab,https://www.tiktok.com/@millys.fab,https://www.millysfab.com/,Milly's Fab official website,,,Official site lists Tucson address services daily hours and social links; no ownership designation inferred.,Beauty & Personal Care,business,pending_review,geocode_before_public_pin;source_url_and_address_manual_confirmation_required,milly s fab hair braiding salon|2914 east 22nd street|tucson|az,53.csv
The Sandbox Early Childhood Learning Center,2701 N Swan Rd,Tucson,AZ,85712,USA,childcare,early childhood learning center,early childhood education; preschool; child care; enrollment; child-initiated learning,Early childhood learning center established in 1980 with child-initiated hands-on discovery activities qualified staff and enrollment information.,https://sandboxtucson.com/,,https://www.facebook.com/The-Sandbox-Tucson-781553391887300/,,https://sandboxtucson.com/,The Sandbox official website,,,Official site lists Tucson address center programs and enrollment; regulated childcare record retained because source is the provider's official site.,Children & Family,regulated_review,needs_research,geocode_before_public_pin;regulated_or_age_governed_service_review_required;source_url_and_address_manual_confirmation_required,the sandbox early childhood learning center|2701 n swan rd|tucson|az,53.csv
TCI Wealth Advisors Tucson,4011 E Sunrise Dr,Tucson,AZ,85718,USA,finance,wealth management and financial planning,financial planning; investment strategy; retirement planning; tax planning; cash flow strategy; estate planning; financial education,Registered investment advisory firm with a Tucson office providing wealth management financial planning investment strategy retirement tax cash-flow and estate-planning guidance.,https://tciwealth.com/locations/tucson/,https://www.instagram.com/tciwealthadvisors/,https://www.facebook.com/TCIWealthAdvisors,,https://tciwealth.com/locations/tucson/,TCI Wealth Advisors official Tucson location page,,,Official site lists Tucson address services and local community sponsorships; no ownership designation inferred.,Financial & Business Services,regulated_review,needs_research,geocode_before_public_pin;regulated_or_age_governed_service_review_required;source_url_and_address_manual_confirmation_required,tci wealth advisors tucson|4011 e sunrise dr|tucson|az,53.csv
Dedicated Gluten Free Bakery,4500 E Speedway Blvd Suite 41,Tucson,AZ,85712,USA,food,bakery cafe,gluten-free bakery; breakfast; lunch; coffee; cakes; cupcakes; catering; special orders,Family-owned and operated gluten-free bakery and cafe serving scratch-baked breads pastries cakes and treats plus breakfast lunch coffee catering and custom orders.,https://www.dedicatedgf.com/,https://www.instagram.com/dedicatedgf/,https://www.facebook.com/dedicatedGF/,http://tiktok.com/@dedicatedgf,https://www.dedicatedgf.com/,Dedicated Gluten Free Bakery official website,family-owned and operated,https://www.dedicatedgf.com/,Official site lists Tucson address hours services and ownership statement; currently open Wed-Sat.,Food & Drink,business,needs_research,geocode_before_public_pin;ownership_evidence_manual_confirmation_required;source_url_and_address_manual_confirmation_required,dedicated gluten free bakery|4500 e speedway blvd suite 41|tucson|az,53.csv
Janet & Ray's,5443 E 22nd St,Tucson,AZ,85711,USA,food,Caribbean restaurant,Caribbean food; jerk chicken; oxtails; curry goat; seafood; homemade desserts; dine-in; takeout; delivery,Woman-owned locally owned Tucson restaurant serving scratch-made Caribbean fusion and comfort food including jerk chicken oxtails curry goat seafood desserts coffee and tea.,https://janetandrays.com/,https://www.instagram.com/janetandrays/,https://www.facebook.com/profile.php?id=100066717601357,,https://janetandrays.com/,Janet & Ray's official website,woman-owned; locally owned,https://janetandrays.com/,Official site explicitly states woman-owned and locally owned and lists Tucson address ordering options and hours; open Fri-Sun and closed Mon-Thu.,Food & Drink,business,needs_research,geocode_before_public_pin;ownership_evidence_manual_confirmation_required;source_url_and_address_manual_confirmation_required,janet ray s|5443 e 22nd st|tucson|az,53.csv
Owl's Club,236 S Scott Ave,Tucson,AZ,85701,USA,nightlife,craft cocktail bar,craft cocktails; neighborhood bar; drinks; events; nightlife,Neighborhood craft cocktail bar in Tucson's Armory Park neighborhood with a published drink list events and evening hours.,https://www.owlsclubwest.com/,https://www.instagram.com/owlsclubwest/,https://www.facebook.com/owlclubwest/,,https://www.owlsclubwest.com/,Owl's Club official website,,,Official site lists Tucson address evening hours drinks and events; no ownership designation inferred.,Food & Drink,business,pending_review,geocode_before_public_pin;source_url_and_address_manual_confirmation_required,owl s club|236 s scott ave|tucson|az,53.csv
United Community Health Center at Three Points,15921 W Ajo Way,Tucson,AZ,85735,USA,health,community health center,primary care; illness and injury care; chronic conditions; immunizations; health maintenance; behavioral health,Community health center providing primary care for all ages and programs including routine care chronic-condition care immunizations and behavioral health.,https://uchcaz.org/,,,,https://uchcaz.org/,United Community Health Center official website,,,Official site lists the Tucson Three Points location and health services; no ownership designation inferred.,Health & Wellness,regulated_review,needs_research,geocode_before_public_pin;regulated_or_age_governed_service_review_required;source_url_and_address_manual_confirmation_required,united community health center at three points|15921 w ajo way|tucson|az,53.csv
Pride Heating Cooling Plumbing and Electrical,19 W Ventura St,Tucson,AZ,85705,USA,home trades,HVAC plumbing and electrical,AC repair; furnace repair; cooling; heating; plumbing; electrical; generators; free estimates,Local Tucson home-services company offering HVAC cooling and heating plumbing electrical generator work and free estimates; site states service since 2010.,https://prideoftucson.com/,https://www.instagram.com/prideoftucson/,https://www.facebook.com/PrideMechanical,https://www.youtube.com/@PrideOfTucson/shorts,https://prideoftucson.com/,Pride of Tucson official website,,,Official site lists Tucson address service areas and ROC license numbers 356279 356280 356281; second Tucson address also appears but this record uses Ventura St.,Home & Property Services,regulated_review,needs_research,geocode_before_public_pin;regulated_or_age_governed_service_review_required;source_url_and_address_manual_confirmation_required,pride heating cooling plumbing and electrical|19 w ventura st|tucson|az,53.csv
Moore Law Firm,4578 Camp Lowell Drive,Tucson,AZ,85712,USA,law,personal injury and immigration law,personal injury; car accidents; wrongful death; immigration; criminal defense; probate; estate planning; malpractice,Tucson law firm serving Southern Arizona for more than 50 years with personal injury immigration probate estate planning and related legal services.,https://www.moorelawfirmaz.com/,https://www.instagram.com/moorelawfirmaz,https://www.facebook.com/MooreLawFirmAZ/,,https://www.moorelawfirmaz.com/,Moore Law Firm official website,,,Official site lists central Tucson address practice areas and attorney services; legal provider identity is source-backed.,Legal & Government Services,regulated_review,needs_research,geocode_before_public_pin;regulated_or_age_governed_service_review_required;source_url_and_address_manual_confirmation_required,moore law firm|4578 camp lowell drive|tucson|az,53.csv
Bon Voyage Travel,1640 East River Road Suite 115,Tucson,AZ,85718,USA,travel,travel agency,cruise planning; river cruises; land tours; hotels; vacation planning; travel advisors,Arizona travel agency since 1976 offering advisor-led vacation planning for cruises river journeys land tours hotels and global travel.,https://bvtravel.com/,,,,https://bvtravel.com/,Bon Voyage Travel official website,,,Official site lists Tucson location address and travel offerings; no ownership designation inferred.,Travel & Hospitality,business,pending_review,geocode_before_public_pin;source_url_and_address_manual_confirmation_required,bon voyage travel|1640 east river road suite 115|tucson|az,53.csv
Angel Braids,2602 S Hill St,Los Angeles,CA,90007,United States,beauty,braiding,hair braiding; braid bar; adult braids; kids braids; creative designs,Professional braiding service and braid bar offering styles for adults and children; official site identifies Ngopang Nadege as founder.,https://www.angelbraidshop.com/about,,,,https://www.angelbraidshop.com/about,Angel Braids official website,Founder: Ngopang Nadege,https://www.angelbraidshop.com/about,Official site also lists a second Los Angeles location at 1080 S La Cienega Suite 305; this row uses the DTLA address.,Beauty & Personal Care,business,needs_research,geocode_before_public_pin;ownership_evidence_manual_confirmation_required;source_url_and_address_manual_confirmation_required,angel braids|2602 s hill st|los angeles|ca,05.csv
Ira C. Massey Child Care Center,5001 Obama Boulevard,Los Angeles,CA,90016,United States,childcare,preschool,licensed preschool; full-day care; ages 2-6; STEAM; Creative Curriculum; meals; subsidies,"City Recreation and Parks state-licensed preschool currently open weekdays, offering full-day care for ages 2–6, STEAM activities, meals and subsidy options.",https://recreation.parks.lacity.gov/childcare,,,https://www.instagram.com/lacityparks/,https://www.facebook.com/LACityParks/,https://recreation.parks.lacity.gov/childcare,City of Los Angeles Department of Recreation and Parks,,https://recreation.parks.lacity.gov/childcare,Children & Family,regulated_review,needs_research,geocode_before_public_pin;ownership_evidence_manual_confirmation_required;regulated_or_age_governed_service_review_required;source_url_and_address_manual_confirmation_required,ira c massey child care center|5001 obama boulevard|los angeles|ca,05.csv
Jim Gilliam Child Care Center,4000 S La Brea Ave,Los Angeles,CA,90008,United States,childcare,preschool,licensed preschool; full-day care; ages 2-6; STEAM; Creative Curriculum; meals; subsidies,"City Recreation and Parks state-licensed preschool currently open weekdays, offering full-day care for ages 2–6, STEAM activities, meals and subsidy options.",https://recreation.parks.lacity.gov/childcare,,,https://www.instagram.com/lacityparks/,https://www.facebook.com/LACityParks/,https://recreation.parks.lacity.gov/childcare,City of Los Angeles Department of Recreation and Parks,,https://recreation.parks.lacity.gov/childcare,Children & Family,regulated_review,needs_research,geocode_before_public_pin;ownership_evidence_manual_confirmation_required;regulated_or_age_governed_service_review_required;source_url_and_address_manual_confirmation_required,jim gilliam child care center|4000 s la brea ave|los angeles|ca,05.csv
Ralph M. Parsons Preschool,841 Martin Luther King Blvd,Los Angeles,CA,90037,United States,childcare,preschool,licensed preschool; full-day care; ages 2-6; STEAM; Creative Curriculum; meals; subsidies,"City Recreation and Parks state-licensed preschool currently open weekdays, offering full-day care for ages 2–6, STEAM activities, meals and subsidy options.",https://recreation.parks.lacity.gov/childcare,,,https://www.instagram.com/lacityparks/,https://www.facebook.com/LACityParks/,https://recreation.parks.lacity.gov/childcare,City of Los Angeles Department of Recreation and Parks,,https://recreation.parks.lacity.gov/childcare,Children & Family,regulated_review,needs_research,geocode_before_public_pin;ownership_evidence_manual_confirmation_required;regulated_or_age_governed_service_review_required;source_url_and_address_manual_confirmation_required,ralph m parsons preschool|841 martin luther king blvd|los angeles|ca,05.csv
Los Angeles Federal Credit Union - LA Mall Branch,201 N Los Angeles St Space 201,Los Angeles,CA,90012,United States,finance,credit union,member banking; loans; online payments; ATM; shared branches; financial services,"Credit union branch serving the greater Los Angeles area; LAFCU lists eight branches, shared branches and CO-OP ATMs.",https://www.lafcu.org/,https://www.instagram.com/LAFCU,https://www.facebook.com/LAFCUfanpage,https://www.tiktok.com/@lafcu,https://www.lafcu.org/branches-atms,Los Angeles Federal Credit Union official website,,,Official branch page lists this Downtown LA location and hours; main site identifies financing and member services.,Financial & Business Services,regulated_review,needs_research,geocode_before_public_pin;regulated_or_age_governed_service_review_required;source_url_and_address_manual_confirmation_required,los angeles federal credit union la mall branch|201 n los angeles st space 201|los angeles|ca,05.csv
Catch One,4067 West Pico Boulevard,Los Angeles,CA,90019,United States,nightlife,nightclub and concert venue,nightlife; concerts; dance parties; live events; private events; event hosting,"Los Angeles nightlife and concert destination with five rooms and recurring live music, dance and themed events.",https://catch.one/,https://www.instagram.com/catchonela/?hl=en,https://www.facebook.com/catchonela,https://www.tiktok.com/@catchonela?is_from_webapp=1&sender_device=pc,https://catch.one/,Catch One official website,,,Official site shows upcoming events and current venue address.,Food & Drink,business,pending_review,geocode_before_public_pin;source_url_and_address_manual_confirmation_required,catch one|4067 west pico boulevard|los angeles|ca,05.csv
CO Store - Los Angeles,622 N Western Avenue,Los Angeles,CA,90004,United States,retail,clothing and accessories,apparel; accessories; flagship store; membership; shopping,CO's Los Angeles flagship store offering the brand's apparel and accessories with in-person shopping and membership program.,https://co-collections.com/pages/store,https://www.instagram.com/co/,,,https://co-collections.com/pages/store,CO official store page,,,Official store page lists current address and hours.,Shopping & Retail,business,pending_review,geocode_before_public_pin;source_url_and_address_manual_confirmation_required,co store los angeles|622 n western avenue|los angeles|ca,05.csv
Adom Hair Braiding and Weaving,314 17th St.,Oakland,CA,94607,USA,beauty,hair braiding,West African braiding; weaving; twists; singles; cornrows; silky dreads; tree braids; Senegalese twists,"Professional West African hair-braiding salon serving men and women with braiding, weaving, twists, singles, cornrows, dreads, and Senegalese twists.",https://adomhairbraiding.com/,,,,https://adomhairbraiding.com/,Adom Hair Braiding official website,owner (Yaa),https://adomhairbraiding.com/,Official site states in a customer testimonial that Yaa is the braider and owner; address and services are on site.,Beauty & Personal Care,business,needs_research,geocode_before_public_pin;ownership_evidence_manual_confirmation_required;source_url_and_address_manual_confirmation_required,adom hair braiding and weaving|314 17th st|oakland|ca,11.csv
BANANAS,5232 Claremont Ave.,Oakland,CA,94618,USA,childcare,child care referrals and family resources,child care referrals; subsidy help; parent education; playgroups; provider training; professional development; family resources,"Oakland nonprofit partnering with families and child-care providers through referrals, subsidy guidance, parent education, playgroups, and provider trainings for children prenatal to age 8.",https://bananasbunch.org/,https://www.instagram.com/BananasBunch/,https://www.facebook.com/BananasBunch/,,https://bananasbunch.org/,BANANAS official website,nonprofit,https://bananasbunch.org/,"This is a referral/resource organization, not a daycare; official site lists three Oakland offices and Oakland service area.",Children & Family,regulated_review,needs_research,geocode_before_public_pin;ownership_evidence_manual_confirmation_required;regulated_or_age_governed_service_review_required;source_url_and_address_manual_confirmation_required,bananas|5232 claremont ave|oakland|ca,11.csv
Almond and Oak,3311 Grand Avenue,Oakland,CA,94610,USA,food,American restaurant,scratch cooking; locally sourced ingredients; brunch; dinner; full bar; private events; reservations,"Oakland restaurant founded by Chef Rico, offering scratch cooking with locally sourced ingredients, brunch, dinner, a full bar, and private events.",https://almondandoak.com/,https://www.instagram.com/almondandoakland,https://www.facebook.com/114039073649231,,https://almondandoak.com/,Almond and Oak official website,,,Official site identifies Chef Rico as founder and lists Oakland address and current hours.,Food & Drink,business,pending_review,geocode_before_public_pin;source_url_and_address_manual_confirmation_required,almond and oak|3311 grand avenue|oakland|ca,11.csv
Bocanova Oakland,1111 Broadway,Oakland,CA,94607,USA,food,restaurant,lunch; dinner; happy hour; private dining,"Oakland restaurant presenting a community-oriented dining experience; its official site uses the phrase “Nourishing the community” and lists lunch, dinner, and happy hour.",https://www.bocanovaoakland.com/,https://www.instagram.com/bocanovaoakland/,,,https://www.bocanovaoakland.com/,Bocanova Oakland official website,,,Official site lists current Oakland address and hours.,Food & Drink,business,pending_review,geocode_before_public_pin;source_url_and_address_manual_confirmation_required,bocanova oakland|1111 broadway|oakland|ca,11.csv
Parche Contemporary Colombian,2295 Broadway,Oakland,CA,94612,USA,food,Colombian restaurant,Colombian cuisine; lunch; dinner; happy hour; cocktails; group dining; private dining; catering/events,"Contemporary Colombian restaurant in Oakland highlighting bold Colombian flavors, culture, and community, with lunch, dinner, happy hour, and group dining.",https://www.parcheoak.com/,,,,https://www.parcheoak.com/,Parche official website,,,"Official site lists current address, hours, menus, reservations, and group dining.",Food & Drink,business,pending_review,geocode_before_public_pin;source_url_and_address_manual_confirmation_required,parche contemporary colombian|2295 broadway|oakland|ca,11.csv
Portal Oakland,1611 2nd Avenue,Oakland,CA,94606,USA,nightlife,restaurant and events,Afghan food; Lebanese food; Belizean food; brunch; dinner; wine; beer; trivia; comedy; private events,"Lake Merritt restaurant serving Afghan, Lebanese, and Belizean flavors with brunch, dinner, drinks, weekly trivia and comedy, and private events.",https://portaloakland.com/,,,,https://portaloakland.com/,Portal Oakland official website,,,"Official site lists address, phone, menus, events, and hours.",Food & Drink,business,pending_review,geocode_before_public_pin;source_url_and_address_manual_confirmation_required,portal oakland|1611 2nd avenue|oakland|ca,11.csv
Project Open Hand – Oakland,1921 San Pablo Avenue,Oakland,CA,94612,USA,food,community nutrition nonprofit,nutritious meals; meal delivery; community nutrition; food support; volunteer; referrals,"Community nutrition nonprofit providing nutritious meals to sick and vulnerable neighbors in San Francisco and Oakland, with client referrals and volunteer opportunities.",https://www.openhand.org/,https://instagram.com/projectopenhand/,https://www.facebook.com/ProjectOpenHand,,https://www.openhand.org/,Project Open Hand official website,nonprofit,https://www.openhand.org/,Official site lists Oakland office and explicitly describes meal and community nutrition work.,Food & Drink,business,needs_research,geocode_before_public_pin;ownership_evidence_manual_confirmation_required;source_url_and_address_manual_confirmation_required,project open hand oakland|1921 san pablo avenue|oakland|ca,11.csv
Baywell Health,700 Adeline Street,Oakland,CA,94607,USA,health,family health center,gynecology; reproductive health; adult medicine; pediatrics; optometry; behavioral health; oral health; pharmacy; assisted treatment; sliding scale,"Joint Commission-certified, patient-centered Oakland health center offering integrated family care, social services, and sliding-scale payment; official site says it has served the Bay’s African American community since 1967.",https://baywellhealth.org/,https://www.instagram.com/baywellhealthcommunity/,https://www.facebook.com/BaywellHealthCommunity/,,https://baywellhealth.org/,Baywell Health official website,,,"Official site lists Oakland main location, services, hours, and payment access.",Health & Wellness,regulated_review,needs_research,geocode_before_public_pin;regulated_or_age_governed_service_review_required;source_url_and_address_manual_confirmation_required,baywell health|700 adeline street|oakland|ca,11.csv
LifeLong Medical Care – Downtown Oakland Health Center,616 16th Street,Oakland,CA,94612,USA,health,community health center,adult/internal medicine; family medicine; behavioral health; counseling; psychiatry; recovery support; HIV treatment and prevention; podiatry; social services,"Nonprofit community health center providing medical, dental, behavioral-health, enrollment, and social-service resources regardless of ability to pay.",https://lifelongmedical.org/locations/downtown-oakland-health-center/,https://www.instagram.com/lifelongmedicalcare/,https://www.facebook.com/LifeLongMedicalCare,,https://lifelongmedical.org/locations/downtown-oakland-health-center/,LifeLong Medical Care official location page,nonprofit community health center,https://lifelongmedical.org/locations/downtown-oakland-health-center/,"Official source explicitly identifies nonprofit status and lists location services, payment options, and hours.",Health & Wellness,regulated_review,needs_research,geocode_before_public_pin;ownership_evidence_manual_confirmation_required;regulated_or_age_governed_service_review_required;source_url_and_address_manual_confirmation_required,lifelong medical care downtown oakland health center|616 16th street|oakland|ca,11.csv
Harry Clark Plumbing and Heating Inc.,3040 Broadway,Oakland,CA,94611,USA,home trades,HVAC and plumbing,heating; air conditioning; HVAC; plumbing; sewer service; home comfort repair,"Long-running Oakland neighborhood company providing HVAC, heating, air-conditioning, plumbing, and sewer services; official history documents local operation and California licensed plumbing-contractor history.",https://hcplumbing.com/,,,,https://hcplumbing.com/,Harry Clark official website,,,Official site lists Oakland addresses for HVAC and plumbing divisions and describes services; no current identity inferred.,Home & Property Services,regulated_review,needs_research,geocode_before_public_pin;regulated_or_age_governed_service_review_required;source_url_and_address_manual_confirmation_required,harry clark plumbing and heating inc|3040 broadway|oakland|ca,11.csv
Legal Services for Children,870 Market Street Suite 356,San Francisco,CA,94102,US,law,children's legal services,foster care advocacy; guardianship; immigration; education rights; legal aid,Nonprofit legal organization defending the rights of children and youth in crisis and providing legal and social-work services.,https://lsc-sf.org/,https://www.instagram.com/lsc.sf/,https://www.facebook.com/legalservicesforchildren/,,https://lsc-sf.org/,Legal Services for Children — official website,Nonprofit,https://lsc-sf.org/,Address,Legal & Government Services,regulated_review,needs_research,geocode_before_public_pin;ownership_evidence_manual_confirmation_required;regulated_or_age_governed_service_review_required;source_url_and_address_manual_confirmation_required,legal services for children|870 market street suite 356|san francisco|ca,56.csv
San Francisco Travel,One Post Street Suite 2700,San Francisco,CA,94104,US,travel,visitor information,visitor information; trip planning; attractions; events; neighborhoods,Official San Francisco visitor-information organization providing trip planning,,,,https://www.sftravel.com/,https://www.instagram.com/onlyinsf/,https://www.facebook.com/onlyinSF/,https://www.tiktok.com/@onlyinsf,https://www.sftravel.com/,San Francisco Travel — official visitor information,Travel & Hospitality,business,needs_research,geocode_before_public_pin;ownership_evidence_manual_confirmation_required;source_url_and_address_manual_confirmation_required,san francisco travel|one post street suite 2700|san francisco|ca,56.csv
Dove African Hair Braiding,5154 Sherman St,Denver,CO,80216,USA,beauty,African hair braiding salon,box braids; micro braids; kinky braids; invisible braids; cornrows; weaves; crochet hair; twists; extensions; knotless braids,"Denver hair salon specializing in African braiding styles, weaves, crochet hair and extensions.",https://www.denverbraids.com/,https://www.instagram.com/doveafricanhair/,https://www.facebook.com/DoveAfricanHairBraidingCO/,,https://www.denverbraids.com/,Dove African Hair Braiding official website,,,"Official site lists Denver location, services, hours and contact details.",Beauty & Personal Care,business,pending_review,geocode_before_public_pin;source_url_and_address_manual_confirmation_required,dove african hair braiding|5154 sherman st|denver|co,22.csv
Fisher Early Learning Center,1899 E. Evans Ave.,Denver,CO,80208,USA,childcare,early learning center,infant care; toddler care; preschool; PreK; early childhood education; inclusive learning; family partnerships,"Early learning center serving infants through PreK with research-based early childhood education and a nurturing, inclusive environment.",https://morgridge.du.edu/fisher,https://www.instagram.com/fisherearlylearningcenter/,https://www.facebook.com/search/top?q=fisher%20early%20learning%20center,,https://morgridge.du.edu/fisher,Fisher Early Learning Center official University of Denver page,,,"Official University of Denver page lists Denver address, hours and age range; licensing status not asserted on source page.",Children & Family,regulated_review,needs_research,geocode_before_public_pin;regulated_or_age_governed_service_review_required;source_url_and_address_manual_confirmation_required,fisher early learning center|1899 e evans ave|denver|co,22.csv
"Park Hill Financial Planning & Investment Management, LLC",2995 Holly St.,Denver,CO,80207,USA,finance,financial planning and investment management,financial planning; wealth management; investment management; tax planning; retirement income; estate-plan coordination; equity compensation,"Fee-only financial planning and investment management firm serving families in Denver’s Park Hill, Central Park and surrounding communities.",https://www.parkhillfp.com/,,,,https://www.parkhillfp.com/,Park Hill Financial Planning official website,registered investment adviser in Colorado; fiduciary; independent,https://www.parkhillfp.com/,Official site states fiduciary/independent positioning and Colorado investment-adviser registration; regulated service included only with source-backed registration.,Financial & Business Services,regulated_review,needs_research,geocode_before_public_pin;ownership_evidence_manual_confirmation_required;regulated_or_age_governed_service_review_required;source_url_and_address_manual_confirmation_required,park hill financial planning investment management llc|2995 holly st|denver|co,22.csv
Cake Crumbs Bakery & Cafe,2216 Kearney Street,Denver,CO,80207,USA,food,bakery and cafe,fresh-baked pastries; custom cakes; coffee; breakfast; catering; private parties; online ordering,"Park Hill neighborhood bakery and cafe offering pastries, custom cakes, cafe food, drinks, catering and private parties.",https://cake-crumbs.com/,https://www.instagram.com/cakecrumbsdenver,https://www.facebook.com/105411902597636,,https://cake-crumbs.com/,Cake Crumbs Bakery & Cafe official website,,,"Official site provides Denver address, daily hours, menu/order and catering information.",Food & Drink,business,pending_review,geocode_before_public_pin;source_url_and_address_manual_confirmation_required,cake crumbs bakery cafe|2216 kearney street|denver|co,22.csv
Jaguar Room,1941 Market St,Denver,CO,80202,USA,nightlife,dance club and nightclub,dance club; nightclub; private events; weddings; corporate events; birthdays,"Denver dance club and nightclub offering private event hosting for weddings, corporate events, birthdays and gatherings.",https://www.jaguarroomdenver.com/,https://instagram.com/jaguarroomdenver,,,https://www.jaguarroomdenver.com/,Jaguar Room official website,,,Official site lists Denver address and private-event services.,Food & Drink,business,pending_review,geocode_before_public_pin;source_url_and_address_manual_confirmation_required,jaguar room|1941 market st|denver|co,22.csv
The Church Nightclub,1160 Lincoln St,Denver,CO,80203,USA,nightlife,dance club and nightclub,electronic dance music; nightlife; tickets; bottle service; VIP; venue rental; private events,"Denver nightclub and special-events venue with multiple dance floors, electronic music events, bottle service and venue rental.",https://churchnightclubco.com/,https://www.instagram.com/churchnightclub/,https://www.facebook.com/TheChurchNightclub/,https://www.tiktok.com/@churchnightclub,https://churchnightclubco.com/,The Church Nightclub official website,,,"Official site lists current events, Denver address and nightlife services.",Food & Drink,business,pending_review,geocode_before_public_pin;source_url_and_address_manual_confirmation_required,the church nightclub|1160 lincoln st|denver|co,22.csv
Welton Street Cafe,2883 Welton Street,Denver,CO,80205,USA,food,soul food restaurant,Southern style cooking; Caribbean twist; brunch; lunch; dinner; dine-in; carryout; catering; online ordering,"Historic Five Points neighborhood gathering spot serving homestyle Southern cooking with a Caribbean twist, plus brunch, carryout and catering.",https://weltonstreetcafe.com/,https://www.instagram.com/weltonstcafe,https://www.facebook.com/Welton-Street-Cafe-275511383975/,,https://weltonstreetcafe.com/,Welton Street Cafe official website,family-owned,https://weltonstreetcafe.com/,"Official site states it is a historic, family-owned soul food staple in the Denver community.",Food & Drink,business,needs_research,geocode_before_public_pin;ownership_evidence_manual_confirmation_required;source_url_and_address_manual_confirmation_required,welton street cafe|2883 welton street|denver|co,22.csv
Denver Health Bernard F. Gipson Sr. Eastside Family Health Center,501 28th Street,Denver,CO,80205,USA,health,family health center,primary care; family medicine; community health center; appointments; pharmacy,Denver Health primary care community health center location serving the Eastside neighborhood.,https://www.denverhealth.org/locations/denver/bernard-f-gipson-sr-eastside-family-health-center-gipson-eastside-community-health-center,https://www.instagram.com/denverhealthmedical,https://www.facebook.com/DenverHealthMedical/,,https://www.denverhealth.org/services/primary-care/primary-care-clinic-locations,Denver Health official clinic locations page,,,Official Denver Health page lists this Denver address and appointment/clinic contacts.,Health & Wellness,regulated_review,needs_research,geocode_before_public_pin;regulated_or_age_governed_service_review_required;source_url_and_address_manual_confirmation_required,denver health bernard f gipson sr eastside family health center|501 28th street|denver|co,22.csv
Tepeyac Community Health Center,2101 E. 48th Ave,Denver,CO,80216,USA,health,community health center,primary care; pediatric care; dental care; pharmacy; lab and imaging; pregnancy and women’s health; behavioral health; health education; sliding fee,"Nonprofit community health center providing affordable, accessible integrated care and wraparound services for Denver residents.",https://www.tepeyachealth.org/,https://www.instagram.com/tepeyachealth/,https://www.facebook.com/TepeyacHealth,,https://www.tepeyachealth.org/,Tepeyac Community Health Center official website,non-profit community health center,https://www.tepeyachealth.org/,"Official site explicitly states nonprofit status and lists services, address and insurance/sliding-fee information.",Health & Wellness,regulated_review,needs_research,geocode_before_public_pin;ownership_evidence_manual_confirmation_required;regulated_or_age_governed_service_review_required;source_url_and_address_manual_confirmation_required,tepeyac community health center|2101 e 48th ave|denver|co,22.csv
Russell Comfort Solutions,5555 W 51st Ave,Denver,CO,80212,USA,home trades,HVAC contractor,furnace repair; furnace installation; AC repair; AC installation; heat pumps; boiler service; maintenance; ductwork; indoor air quality; emergency HVAC,"Denver HVAC contractor providing repair, installation and maintenance with flat-rate pricing and emergency service.",https://www.russellcomfort.com/,https://www.instagram.com/russellcomfortsolutions,https://www.facebook.com/profile.php?id=61573512367885,,https://www.russellcomfort.com/,Russell Comfort Solutions official website,locally owned and operated; licensed; insured; EPA-certified,https://www.russellcomfort.com/,"Official site explicitly states local ownership and lists Colorado licensing, insurance and EPA certification.",Home & Property Services,regulated_review,needs_research,geocode_before_public_pin;ownership_evidence_manual_confirmation_required;regulated_or_age_governed_service_review_required;source_url_and_address_manual_confirmation_required,russell comfort solutions|5555 w 51st ave|denver|co,22.csv
Davis Graham,"3400 Walnut Street, Suite 700",Denver,CO,80205,USA,law,business law firm,corporate finance; governance; mergers and acquisitions; natural resources; environmental law; real estate; technology; property rights; complex litigation,"Rocky Mountain business law firm providing strategic counsel across corporate, finance, governance, real estate, technology and litigation matters.",https://davisgraham.com/,,,,https://davisgraham.com/,Davis Graham official website,,,Official site lists Denver office and practice areas.,Legal & Government Services,regulated_review,needs_research,geocode_before_public_pin;regulated_or_age_governed_service_review_required;source_url_and_address_manual_confirmation_required,davis graham|3400 walnut street suite 700|denver|co,22.csv
Wish Boutique,5014 E Hampden Ave,Denver,CO,80222,USA,retail,women’s clothing boutique,women’s clothing; accessories; seasonal arrivals; gift cards; in-store shopping,"Locally owned Denver women’s boutique carrying curated clothing and accessories, with gift cards and in-store shopping.",https://wishboutiquedenver.com/,https://www.instagram.com/wishboutiquedenver/,https://www.facebook.com/WishBoutiqueDenver,,https://wishboutiquedenver.com/,Wish Boutique official website,locally owned; small business,https://wishboutiquedenver.com/,Official site states locally owned since 2003 and provides Denver address.,Shopping & Retail,business,needs_research,geocode_before_public_pin;ownership_evidence_manual_confirmation_required;source_url_and_address_manual_confirmation_required,wish boutique|5014 e hampden ave|denver|co,22.csv
DC9,1940 9th St NW,Washington,DC,20001,USA,nightlife,music venue and nightclub,live music; concerts; dance parties; karaoke; watch parties; bar,DC9 is a 9th Street music venue,,,,https://dc9.club/,https://www.instagram.com/dc9club,https://www.facebook.com/dc9club,https://www.tiktok.com/@dc9club,https://dc9.club/,DC9,Food & Drink,business,needs_research,geocode_before_public_pin;ownership_evidence_manual_confirmation_required;source_url_and_address_manual_confirmation_required,dc9|1940 9th st nw|washington|dc,04.csv
Shop Made in DC - Georgetown,1304 Wisconsin Avenue NW,Washington,DC,20007,USA,retail,local maker marketplace,DC-made products; apparel; art; furniture; jewelry; home decor; stationery; classes; gift boxes,Retail initiative dedicated to DC makers and artists,,https://www.shopmadeindc.com/,https://www.instagram.com/shopmadeindc,https://www.facebook.com/shopmadeindc,https://www.tiktok.com/@shopmadeindc,https://www.shopmadeindc.com/,Shop Made in DC,,,Shopping & Retail,business,needs_research,geocode_before_public_pin;ownership_evidence_manual_confirmation_required;source_url_and_address_manual_confirmation_required,shop made in dc georgetown|1304 wisconsin avenue nw|washington|dc,04.csv
Custom Tours of DC,1030 15th Street NW #212,Washington,DC,20005,USA,travel,private guided tours,private tours; custom itineraries; walking tours; corporate outings; student groups; transportation; attraction tickets,Local Washington DC tour company arranging private custom itineraries,,,,https://customtoursofdc.com/,https://www.instagram.com/customtoursdc/,https://www.facebook.com/CustomToursDC,,,https://customtoursofdc.com/,Travel & Hospitality,business,pending_review,geocode_before_public_pin;source_url_and_address_manual_confirmation_required,custom tours of dc|1030 15th street nw 212|washington|dc,04.csv
1 Foxy Lady Catering,1837 N. Pearl Street,Jacksonville,FL,32206,USA,food,catering,catering; event food; soul food,Catering business serving Jacksonville.,https://1foxyladycafe.com/,,,,https://www.visitjacksonville.com/blog/black-owned-jacksonville-restaurants/,Visit Jacksonville,Black-owned (source-backed),https://www.visitjacksonville.com/blog/black-owned-jacksonville-restaurants/,Official tourism directory listing; verify hours before visiting.,Food & Drink,business,needs_research,geocode_before_public_pin;ownership_evidence_manual_confirmation_required;source_url_and_address_manual_confirmation_required,1 foxy lady catering|1837 n pearl street|jacksonville|fl,37.csv
Annie Lee’s Bakery & Diner,203 W 48th St Suite 4 & 5,Jacksonville,FL,32208,USA,food,bakery and diner,bakery; breakfast; lunch; desserts,Bakery and diner in Jacksonville.,https://annieleesbakeryanddiners.com/,,,,https://www.visitjacksonville.com/blog/black-owned-jacksonville-restaurants/,Visit Jacksonville,Black-owned (source-backed),https://www.visitjacksonville.com/blog/black-owned-jacksonville-restaurants/,Official tourism directory listing; verify hours before visiting.,Food & Drink,business,needs_research,geocode_before_public_pin;ownership_evidence_manual_confirmation_required;source_url_and_address_manual_confirmation_required,annie lee s bakery diner|203 w 48th st suite 4 5|jacksonville|fl,37.csv
Annie Ru’s Carryout and Catering,2851 Edgewood Ave N,Jacksonville,FL,32254,USA,food,carryout and catering,carryout; catering; prepared meals,Carryout and catering business.,https://www.instagram.com/annie_rus/?hl=en,https://www.instagram.com/annie_rus/?hl=en,,,https://www.visitjacksonville.com/blog/black-owned-jacksonville-restaurants/,Visit Jacksonville,Black-owned (source-backed),https://www.visitjacksonville.com/blog/black-owned-jacksonville-restaurants/,Official tourism directory listing; verify hours before visiting.,Food & Drink,business,needs_research,geocode_before_public_pin;ownership_evidence_manual_confirmation_required;source_url_and_address_manual_confirmation_required,annie ru s carryout and catering|2851 edgewood ave n|jacksonville|fl,37.csv
Arble Baking Company,"6765 Dunn Avenue, Suite 327",Jacksonville,FL,32219,USA,food,"bakery, cafe and catering",cookies; cakes; cupcakes; pies; sandwiches; lunch; catering; food truck,"Scratch-made desserts, café lunches and catering from a family baking tradition.",https://arblebaking.com/,https://www.instagram.com/arblebakingco/,https://www.facebook.com/arblebakingco/,,https://www.visitjacksonville.com/blog/black-owned-jacksonville-restaurants/,Visit Jacksonville,Black family-owned,https://arblebaking.com/,Business website states Black family-owned and gives current address/hours.,Food & Drink,business,needs_research,geocode_before_public_pin;ownership_evidence_manual_confirmation_required;source_url_and_address_manual_confirmation_required,arble baking company|6765 dunn avenue suite 327|jacksonville|fl,37.csv
Balla’s Caribbean Restaurant,1410 Palmdale St,Jacksonville,FL,32208,USA,food,Caribbean restaurant,Caribbean food; Jamaican food; takeout,Caribbean restaurant in Jacksonville.,https://www.facebook.com/Ballascaribbeanrestaurant/?_rdr,,https://www.facebook.com/Ballascaribbeanrestaurant/?_rdr,,https://www.visitjacksonville.com/blog/black-owned-jacksonville-restaurants/,Visit Jacksonville,Black-owned (source-backed),https://www.visitjacksonville.com/blog/black-owned-jacksonville-restaurants/,Official tourism directory listing; verify hours before visiting.,Food & Drink,business,needs_research,geocode_before_public_pin;ownership_evidence_manual_confirmation_required;source_url_and_address_manual_confirmation_required,balla s caribbean restaurant|1410 palmdale st|jacksonville|fl,37.csv
Beignets Caribbean Café,4770 Barnes Rd,Jacksonville,FL,32207,USA,food,Caribbean cafe,beignets; Caribbean food; cafe,Caribbean café and restaurant.,https://www.beignetscaribbeanrestaurant.com/,,,,https://www.visitjacksonville.com/blog/black-owned-jacksonville-restaurants/,Visit Jacksonville,Black-owned (source-backed),https://www.visitjacksonville.com/blog/black-owned-jacksonville-restaurants/,Official tourism directory listing; verify hours before visiting.,Food & Drink,business,needs_research,geocode_before_public_pin;ownership_evidence_manual_confirmation_required;source_url_and_address_manual_confirmation_required,beignets caribbean caf|4770 barnes rd|jacksonville|fl,37.csv
Best Taste Jamaican and American Restaurant,1268 Edgewood Ave W,Jacksonville,FL,32208,USA,food,Jamaican and American restaurant,Jamaican food; American food; takeout,Jamaican and American restaurant.,https://www.facebook.com/besttastefood/,,https://www.facebook.com/besttastefood/,,https://www.visitjacksonville.com/blog/black-owned-jacksonville-restaurants/,Visit Jacksonville,Black-owned (source-backed),https://www.visitjacksonville.com/blog/black-owned-jacksonville-restaurants/,Official tourism directory listing; verify hours before visiting.,Food & Drink,business,needs_research,geocode_before_public_pin;ownership_evidence_manual_confirmation_required;source_url_and_address_manual_confirmation_required,best taste jamaican and american restaurant|1268 edgewood ave w|jacksonville|fl,37.csv
Blu Diner,5868 Norwood Ave,Jacksonville,FL,32208,USA,food,diner,breakfast; lunch; diner; comfort food,Neighborhood diner in Jacksonville.,https://blu-diner.menustic.com/,,,,https://www.visitjacksonville.com/blog/black-owned-jacksonville-restaurants/,Visit Jacksonville,Black-owned (source-backed),https://www.visitjacksonville.com/blog/black-owned-jacksonville-restaurants/,Official tourism directory listing; verify hours before visiting.,Food & Drink,business,needs_research,geocode_before_public_pin;ownership_evidence_manual_confirmation_required;source_url_and_address_manual_confirmation_required,blu diner|5868 norwood ave|jacksonville|fl,37.csv
Café Resistance,5007 Soutel Dr,Jacksonville,FL,32208,USA,food,cafe,coffee; cafe; breakfast; lunch,Café serving Jacksonville community.,https://caferesistance.com/,,,,https://www.visitjacksonville.com/blog/black-owned-jacksonville-restaurants/,Visit Jacksonville,Black-owned (source-backed),https://www.visitjacksonville.com/blog/black-owned-jacksonville-restaurants/,Official tourism directory listing; verify hours before visiting.,Food & Drink,business,needs_research,geocode_before_public_pin;ownership_evidence_manual_confirmation_required;source_url_and_address_manual_confirmation_required,caf resistance|5007 soutel dr|jacksonville|fl,37.csv
Caribbean Paradise,900 Dunn Ave Suite 14,Jacksonville,FL,32218,USA,food,Caribbean restaurant,Caribbean cuisine; takeout; restaurant,Caribbean restaurant in Jacksonville.,http://caribbeanparadisejax.com/,,,,https://www.visitjacksonville.com/blog/black-owned-jacksonville-restaurants/,Visit Jacksonville,Black-owned (source-backed),https://www.visitjacksonville.com/blog/black-owned-jacksonville-restaurants/,Official tourism directory listing; verify hours before visiting.,Food & Drink,business,needs_research,geocode_before_public_pin;ownership_evidence_manual_confirmation_required;source_url_and_address_manual_confirmation_required,caribbean paradise|900 dunn ave suite 14|jacksonville|fl,37.csv
Caribbean Sunrise Bakery and Restaurant,4106 N Main St,Jacksonville,FL,32206,USA,food,bakery and restaurant,bakery; Caribbean food; restaurant; takeout,Caribbean bakery and restaurant.,http://www.caribbeansunrisebakery.com,,,,https://www.visitjacksonville.com/blog/black-owned-jacksonville-restaurants/,Visit Jacksonville,Black-owned (source-backed),https://www.visitjacksonville.com/blog/black-owned-jacksonville-restaurants/,Official tourism directory listing; verify hours before visiting.,Food & Drink,business,needs_research,geocode_before_public_pin;ownership_evidence_manual_confirmation_required;source_url_and_address_manual_confirmation_required,caribbean sunrise bakery and restaurant|4106 n main st|jacksonville|fl,37.csv
Celestia’s Coastal Cuisine,6765 Dunn Ave,Jacksonville,FL,32219,USA,food,coastal cuisine,seafood; coastal cuisine; takeout,Coastal cuisine restaurant in Jacksonville.,https://celestiascoastalcuisine.com/#,,,,https://www.visitjacksonville.com/blog/black-owned-jacksonville-restaurants/,Visit Jacksonville,Black-owned (source-backed),https://www.visitjacksonville.com/blog/black-owned-jacksonville-restaurants/,Official tourism directory listing; verify hours before visiting.,Food & Drink,business,needs_research,geocode_before_public_pin;ownership_evidence_manual_confirmation_required;source_url_and_address_manual_confirmation_required,celestia s coastal cuisine|6765 dunn ave|jacksonville|fl,37.csv
Cool Moose Café,2708 Park St,Jacksonville,FL,32205,USA,food,cafe,coffee; cafe; breakfast; lunch,Café in Jacksonville’s Park Street area.,http://www.coolmoosecafe.net/,,,,https://www.visitjacksonville.com/blog/black-owned-jacksonville-restaurants/,Visit Jacksonville,Black-owned (source-backed),https://www.visitjacksonville.com/blog/black-owned-jacksonville-restaurants/,Official tourism directory listing; verify hours before visiting.,Food & Drink,business,needs_research,geocode_before_public_pin;ownership_evidence_manual_confirmation_required;source_url_and_address_manual_confirmation_required,cool moose caf|2708 park st|jacksonville|fl,37.csv
Crabgod,"1303 North Main St, Unit 113",Jacksonville,FL,32206,USA,food,seafood restaurant,crab; seafood; shellfish; takeout,Seafood restaurant specializing in crab and related dishes.,https://www.crabgodfl.com/home.htm,,,,https://www.visitjacksonville.com/blog/black-owned-jacksonville-restaurants/,Visit Jacksonville,Black-owned (source-backed),https://www.visitjacksonville.com/blog/black-owned-jacksonville-restaurants/,Official tourism directory listing; verify hours before visiting.,Food & Drink,business,needs_research,geocode_before_public_pin;ownership_evidence_manual_confirmation_required;source_url_and_address_manual_confirmation_required,crabgod|1303 north main st unit 113|jacksonville|fl,37.csv
De Real Ting Café,128 W Adams St,Jacksonville,FL,32202,USA,food,Caribbean cafe,Caribbean food; cafe; lunch; takeout,Caribbean café in Downtown Jacksonville.,https://downtownjacksonville.org/poi/de-real-ting-cafe/,,,,https://www.visitjacksonville.com/blog/black-owned-jacksonville-restaurants/,Visit Jacksonville,Black-owned (source-backed),https://www.visitjacksonville.com/blog/black-owned-jacksonville-restaurants/,Official tourism directory listing; verify hours before visiting.,Food & Drink,business,needs_research,geocode_before_public_pin;ownership_evidence_manual_confirmation_required;source_url_and_address_manual_confirmation_required,de real ting caf|128 w adams st|jacksonville|fl,37.csv
"D’bo’s Daiquiris, Wings, & Seafood",901 King St,Jacksonville,FL,32204,USA,food,wings and seafood restaurant,daiquiris; wings; seafood; takeout,"Restaurant serving daiquiris, wings and seafood.",https://dboswings.com/jacksonville/,,,,https://www.visitjacksonville.com/blog/black-owned-jacksonville-restaurants/,Visit Jacksonville,Black-owned (source-backed),https://www.visitjacksonville.com/blog/black-owned-jacksonville-restaurants/,Official tourism directory listing; verify hours before visiting.,Food & Drink,business,needs_research,geocode_before_public_pin;ownership_evidence_manual_confirmation_required;source_url_and_address_manual_confirmation_required,d bo s daiquiris wings seafood|901 king st|jacksonville|fl,37.csv
El Mofongo,6011 103rd St #11,Jacksonville,FL,32210,USA,food,Puerto Rican restaurant,mofongo; Puerto Rican food; Caribbean food; takeout,Puerto Rican and Caribbean restaurant.,https://elmofongojacksonville.com/,,,,https://www.visitjacksonville.com/blog/black-owned-jacksonville-restaurants/,Visit Jacksonville,Black-owned (source-backed),https://www.visitjacksonville.com/blog/black-owned-jacksonville-restaurants/,Official tourism directory listing; verify hours before visiting.,Food & Drink,business,needs_research,geocode_before_public_pin;ownership_evidence_manual_confirmation_required;source_url_and_address_manual_confirmation_required,el mofongo|6011 103rd st 11|jacksonville|fl,37.csv
Eva’s Jamaican Kitchen,14333 Beach Blvd #22,Jacksonville,FL,32250,USA,food,Jamaican restaurant,Jamaican cuisine; Caribbean food; takeout,Jamaican kitchen serving the Jacksonville area; listed at a Jacksonville postal address.,https://www.evasjamaicankitchen.com/#/,,,,https://www.visitjacksonville.com/blog/black-owned-jacksonville-restaurants/,Visit Jacksonville,Black-owned (source-backed),https://www.visitjacksonville.com/blog/black-owned-jacksonville-restaurants/,Official tourism listing; address is Jacksonville postal city per source.,Food & Drink,business,needs_research,geocode_before_public_pin;ownership_evidence_manual_confirmation_required;source_url_and_address_manual_confirmation_required,eva s jamaican kitchen|14333 beach blvd 22|jacksonville|fl,37.csv
Hip Hop Fish and Chicken,6610 N Main St,Jacksonville,FL,32208,USA,food,fish and chicken restaurant,fried fish; chicken; seafood; takeout,Fish and chicken restaurant.,https://hiphopjax.com/?utm_source=google,,,,https://www.visitjacksonville.com/blog/black-owned-jacksonville-restaurants/,Visit Jacksonville,Black-owned (source-backed),https://www.visitjacksonville.com/blog/black-owned-jacksonville-restaurants/,Official tourism directory listing; verify hours before visiting.,Food & Drink,business,needs_research,geocode_before_public_pin;ownership_evidence_manual_confirmation_required;source_url_and_address_manual_confirmation_required,hip hop fish and chicken|6610 n main st|jacksonville|fl,37.csv
Honie Bee’s,8020 Moncrief Dinsmore Rd,Jacksonville,FL,32219,USA,food,bakery and sweets,desserts; baked goods; sweets,Dessert and sweets business in Jacksonville.,https://honieb.com/,,,,https://www.visitjacksonville.com/blog/black-owned-jacksonville-restaurants/,Visit Jacksonville,Black-owned (source-backed),https://www.visitjacksonville.com/blog/black-owned-jacksonville-restaurants/,Official tourism directory listing; verify hours before visiting.,Food & Drink,business,needs_research,geocode_before_public_pin;ownership_evidence_manual_confirmation_required;source_url_and_address_manual_confirmation_required,honie bee s|8020 moncrief dinsmore rd|jacksonville|fl,37.csv
Mixed Fillings Pie Shop,440 W Adams St,Jacksonville,FL,32202,USA,food,pie shop,pies; desserts; bakery; custom pies,Pie shop in Downtown Jacksonville.,https://www.mixedfillingspieshop.com/,,,,https://www.visitjacksonville.com/blog/black-owned-jacksonville-restaurants/,Visit Jacksonville,Black-owned (source-backed),https://www.visitjacksonville.com/blog/black-owned-jacksonville-restaurants/,Official tourism directory listing; verify hours before visiting.,Food & Drink,business,needs_research,geocode_before_public_pin;ownership_evidence_manual_confirmation_required;source_url_and_address_manual_confirmation_required,mixed fillings pie shop|440 w adams st|jacksonville|fl,37.csv
Pepper Pot Restaurant,4233 Brentwood Ave,Jacksonville,FL,32206,USA,food,Caribbean restaurant,Caribbean cuisine; Jamaican food; restaurant,Caribbean restaurant in Jacksonville.,http://www.pepperpotincjax.com,,,,https://www.visitjacksonville.com/blog/black-owned-jacksonville-restaurants/,Visit Jacksonville,Black-owned (source-backed),https://www.visitjacksonville.com/blog/black-owned-jacksonville-restaurants/,Official tourism directory listing; verify hours before visiting.,Food & Drink,business,needs_research,geocode_before_public_pin;ownership_evidence_manual_confirmation_required;source_url_and_address_manual_confirmation_required,pepper pot restaurant|4233 brentwood ave|jacksonville|fl,37.csv
Potter’s House Soul Food Bistro — Westside,"5310 Lenox Ave, Suite 1",Jacksonville,FL,32205,USA,food,soul food restaurant,soul food; Southern food; catering; takeout,Soul food bistro with a Jacksonville Westside location.,https://www.thesoulfoodbistro.com/,,,,https://www.visitjacksonville.com/blog/black-owned-jacksonville-restaurants/,Visit Jacksonville,Black-owned (source-backed),https://www.visitjacksonville.com/blog/black-owned-jacksonville-restaurants/,Official tourism directory listing; verify hours before visiting.,Food & Drink,business,needs_research,geocode_before_public_pin;ownership_evidence_manual_confirmation_required;source_url_and_address_manual_confirmation_required,potter s house soul food bistro westside|5310 lenox ave suite 1|jacksonville|fl,37.csv
Social House Coffee,4204 Herschel St,Jacksonville,FL,32210,USA,food,coffee shop,coffee; espresso; cafe; pastries,Coffee shop in Jacksonville.,https://socialhouse.co/,,,,https://www.visitjacksonville.com/blog/black-owned-jacksonville-restaurants/,Visit Jacksonville,Black-owned (source-backed),https://www.visitjacksonville.com/blog/black-owned-jacksonville-restaurants/,Official tourism directory listing; verify hours before visiting.,Food & Drink,business,needs_research,geocode_before_public_pin;ownership_evidence_manual_confirmation_required;source_url_and_address_manual_confirmation_required,social house coffee|4204 herschel st|jacksonville|fl,37.csv
Springfield Scoops,1807 N Main St,Jacksonville,FL,32206,USA,food,ice cream shop,ice cream; frozen desserts; treats,Ice cream shop in Springfield.,https://www.facebook.com/SpringfieldScoopsJax/,,https://www.facebook.com/SpringfieldScoopsJax/,,https://www.visitjacksonville.com/blog/black-owned-jacksonville-restaurants/,Visit Jacksonville,Black-owned (source-backed),https://www.visitjacksonville.com/blog/black-owned-jacksonville-restaurants/,Official tourism directory listing; verify hours before visiting.,Food & Drink,business,needs_research,geocode_before_public_pin;ownership_evidence_manual_confirmation_required;source_url_and_address_manual_confirmation_required,springfield scoops|1807 n main st|jacksonville|fl,37.csv
The Sweet Spot & Urban Lounge,157 E 8th St #118,Jacksonville,FL,32206,USA,nightlife,lounge,desserts; lounge; nightlife; events,Urban lounge and sweets destination in Jacksonville.,https://www.facebook.com/sweetspoturbanlounge/,,https://www.facebook.com/sweetspoturbanlounge/,,https://www.visitjacksonville.com/blog/black-owned-jacksonville-restaurants/,Visit Jacksonville,Black-owned (source-backed),https://www.visitjacksonville.com/blog/black-owned-jacksonville-restaurants/,Official tourism directory listing; verify hours before visiting.,Food & Drink,business,needs_research,geocode_before_public_pin;ownership_evidence_manual_confirmation_required;source_url_and_address_manual_confirmation_required,the sweet spot urban lounge|157 e 8th st 118|jacksonville|fl,37.csv
Durkeeville & Co.,1801 N. Myrtle Ave,Jacksonville,FL,32209,USA,retail,community retail,local goods; community shop; neighborhood retail,Neighborhood business in Jacksonville’s Durkeeville community.,https://www.facebook.com/durkeeville1801/,,https://www.facebook.com/durkeeville1801/,,https://www.visitjacksonville.com/blog/black-owned-jacksonville-restaurants/,Visit Jacksonville,Black-owned (source-backed),https://www.visitjacksonville.com/blog/black-owned-jacksonville-restaurants/,Official tourism directory listing; verify hours before visiting.,Shopping & Retail,business,needs_research,geocode_before_public_pin;ownership_evidence_manual_confirmation_required;source_url_and_address_manual_confirmation_required,durkeeville co|1801 n myrtle ave|jacksonville|fl,37.csv
Eaton Park Day Care,490 N.E. 61 Street,Miami,FL,33137,USA,childcare,city child learning center,"infant care, preschool, early learning, social development, outdoor learning, subsidized childcare","City of Miami Child Learning Center offering affordable, high-quality daycare for infants and children through age five, with early learning and garden-based programming.",https://www.miami.gov/My-Government/Departments/Human-Services/Child-Learning-Centers-Daycare,,https://www.facebook.com/CityofMiamiCLC/,https://www.instagram.com/cityofmiamiclc/,https://www.miami.gov/My-Government/Departments/Human-Services/Child-Learning-Centers-Daycare,City of Miami official daycare page,,,Official page says state approved and lists hours/contact.,Children & Family,regulated_review,needs_research,geocode_before_public_pin;regulated_or_age_governed_service_review_required;source_url_and_address_manual_confirmation_required,eaton park day care|490 n e 61 street|miami|fl,19.csv
Lemon City Day Care,27 N.E. 58 Street,Miami,FL,33137,USA,childcare,city child learning center,"infant care, preschool, early learning, social development, outdoor learning, subsidized childcare","City of Miami Child Learning Center offering affordable, high-quality daycare for infants and children through age five, with early learning and garden-based programming.",https://www.miami.gov/My-Government/Departments/Human-Services/Child-Learning-Centers-Daycare,,https://www.facebook.com/CityofMiamiCLC/,https://www.instagram.com/cityofmiamiclc/,https://www.miami.gov/My-Government/Departments/Human-Services/Child-Learning-Centers-Daycare,City of Miami official daycare page,,,Official page says state approved and lists hours/contact.,Children & Family,regulated_review,needs_research,geocode_before_public_pin;regulated_or_age_governed_service_review_required;source_url_and_address_manual_confirmation_required,lemon city day care|27 n e 58 street|miami|fl,19.csv
Miami Children’s Museum Early Childhood Institute,980 MacArthur Causeway,Miami,FL,33132,USA,childcare,preschool,"licensed child care, preschool, early childhood education, enrichment",Early Childhood Institute preschool program at Miami Children’s Museum; official page describes it as a licensed child care program.,https://www.miamichildrensmuseum.org/preschool,,,,https://www.miamichildrensmuseum.org/preschool,Miami Children’s Museum official preschool page,,,Official search result identifies licensed child care and Miami address; verify current enrollment directly.,Children & Family,regulated_review,needs_research,geocode_before_public_pin;regulated_or_age_governed_service_review_required;source_url_and_address_manual_confirmation_required,miami children s museum early childhood institute|980 macarthur causeway|miami|fl,19.csv
Moore Park Day Care,765 N.W. 36 Street,Miami,FL,33127,USA,childcare,city child learning center,"infant care, preschool, early learning, social development, outdoor learning, subsidized childcare","City of Miami Child Learning Center offering affordable, high-quality daycare for infants and children through age five, with early learning and garden-based programming.",https://www.miami.gov/My-Government/Departments/Human-Services/Child-Learning-Centers-Daycare,,https://www.facebook.com/CityofMiamiCLC/,https://www.instagram.com/cityofmiamiclc/,https://www.miami.gov/My-Government/Departments/Human-Services/Child-Learning-Centers-Daycare,City of Miami official daycare page,,,Official page says state approved and lists hours/contact.,Children & Family,regulated_review,needs_research,geocode_before_public_pin;regulated_or_age_governed_service_review_required;source_url_and_address_manual_confirmation_required,moore park day care|765 n w 36 street|miami|fl,19.csv
Club Space,34 NE 11 St,Miami,FL,33132,USA,nightlife,electronic music venue,"electronic music, dancefloor, DJs, late-night kitchen, cocktails, coffee, yoga, events","Miami dancefloor community and electronic-music venue with DJs, late-night kitchen, drinks and a weekly community yoga session.",https://www.clubspace.com/,https://www.instagram.com/spacemiami,https://www.facebook.com/ClubSpace,https://www.tiktok.com/@clubspacemiami,https://www.clubspace.com/,Club Space official website,,,,Food & Drink,business,pending_review,geocode_before_public_pin;source_url_and_address_manual_confirmation_required,club space|34 ne 11 st|miami|fl,19.csv
E11EVEN Miami,29 NE 11th Street,Miami,FL,33132,USA,nightlife,24-hour ultraclub,"nightclub, DJs, live performers, food and drinks, VIP rooms, private events, catering, rooftop restaurant","Official site describes a 24-hour downtown Miami entertainment venue with nightclub, DJs, food and drinks, VIP rooms, private events and catering.",https://www.11miami.com/,https://www.instagram.com/11miami/,https://www.facebook.com/11Miami,https://www.tiktok.com/@11miami,https://www.11miami.com/,E11EVEN Miami official website,,,21+ venue per official FAQ.,Food & Drink,business,pending_review,geocode_before_public_pin;source_url_and_address_manual_confirmation_required,e11even miami|29 ne 11th street|miami|fl,19.csv
Red Rooster Overtown,920 NW 2nd Ave,Miami,FL,33136,USA,food,restaurant,"southern food, brunch, dinner, happy hour, group dining",Official restaurant site identifies Red Rooster Overtown as an American restaurant in Miami and provides reservations.,https://www.redroosterovertown.com/,,,,https://www.redroosterovertown.com/,Red Rooster Overtown official website,,,Address corroborated by official-site search result; no ownership designation inferred.,Food & Drink,business,pending_review,geocode_before_public_pin;source_url_and_address_manual_confirmation_required,red rooster overtown|920 nw 2nd ave|miami|fl,19.csv
Sunny Bliss Plumbing & Air,20257 NE 15th Ct,Miami,FL,33179,USA,home trades,plumbing and HVAC,"plumbing repair, AC repair, AC installation, drain cleaning, sewer repair, water filtration, emergency service","Family-run Miami-Dade plumbing and air company offering same-day licensed plumbing, HVAC, drain/sewer and water-filtration services.",https://sunnybliss.com/,https://www.instagram.com/sunnybliss_plumbing_air/,https://www.facebook.com/sunnyblissplumbingandair/,https://youtube.com/@sunnyblissplumbingandair,https://sunnybliss.com/,Sunny Bliss Plumbing & Air official website,,,Official site states Florida plumbing and AC license numbers CFC1433145 and CAC1823405.,Home & Property Services,regulated_review,needs_research,geocode_before_public_pin;regulated_or_age_governed_service_review_required;source_url_and_address_manual_confirmation_required,sunny bliss plumbing air|20257 ne 15th ct|miami|fl,19.csv
"GrayRobinson, P.A. – Miami Law Office","333 SE 2nd Avenue, Suite 3200",Miami,FL,33131,USA,law,law firm,"attorneys, legal services, lobbying, regulatory, business law","Official office page identifies its Miami law office and describes legal, lobbying and regulatory capabilities and community commitment.",https://www.gray-robinson.com/offices/miami-fl,,https://facebook.com/GrayRobinsonLaw,,https://www.gray-robinson.com/offices/miami-fl,GrayRobinson official office page,,,Regulated legal service; official site identifies attorneys and office.,Legal & Government Services,regulated_review,needs_research,geocode_before_public_pin;regulated_or_age_governed_service_review_required;source_url_and_address_manual_confirmation_required,grayrobinson p a miami law office|333 se 2nd avenue suite 3200|miami|fl,19.csv
Legal Services of Greater Miami,"4343 West Flagler Street, Suite 100",Miami,FL,33134,USA,law,civil legal aid,"free civil legal services, low-income clients, legal aid, intake, Spanish, Haitian Creole",Community legal-services nonprofit providing free civil legal services to low-income communities in Miami-Dade and Monroe Counties.,https://www.legalservicesmiami.org/,https://www.instagram.com/_legalservices_/,https://www.facebook.com/legalservicesmiami/,,https://www.legalservicesmiami.org/,Legal Services of Greater Miami official website,,,,Legal & Government Services,regulated_review,needs_research,geocode_before_public_pin;regulated_or_age_governed_service_review_required;source_url_and_address_manual_confirmation_required,legal services of greater miami|4343 west flagler street suite 100|miami|fl,19.csv
Educe Salon,1901 East Colonial Drive,Orlando,FL,32803,USA,beauty,hair salon,haircuts; balayage; color; extensions; smoothing treatments; blowouts; deep conditioning; scalp care,"Orlando hair salon founded in 2012 offering customized cuts, color, extensions, smoothing, blowouts, and treatments.",https://www.educesalon.com/,,,,https://www.educesalon.com/,Educe Salon official website,,,"Official site lists Orlando address, founder/CEO names, service menu, phone, and parking information.",Beauty & Personal Care,business,pending_review,geocode_before_public_pin;source_url_and_address_manual_confirmation_required,educe salon|1901 east colonial drive|orlando|fl,36.csv
Enhance Braiding Salon,101 Gatlin Avenue Suites 116 and 111,Orlando,FL,32806,USA,beauty,braiding salon,box braids; tribal braids; twists; crochets; boho/Bora Bora braids; touch-ups; natural styles; hair coloring; waxing,"Full-service hair salon focused on protective styles and braiding, with additional coloring and waxing services.",https://enhancebraidingsalon.com/,https://www.instagram.com/enhance_braiding/,,https://www.tiktok.com/@enhancebraidingsalon,https://enhancebraidingsalon.com/,Enhance Braiding Salon official website,,,"Official site gives Orlando salon-suite address, service list, booking link, and social links.",Beauty & Personal Care,business,pending_review,geocode_before_public_pin;source_url_and_address_manual_confirmation_required,enhance braiding salon|101 gatlin avenue suites 116 and 111|orlando|fl,36.csv
KC Beauty Lounge,4234 W Plaza Drive,Orlando,FL,32816,USA,beauty,full-service salon,haircuts; color; braids; manicures; pedicures; gel; acrylic; sugaring; waxing; facials; brows; lashes,"East Orlando full-service salon offering hair, nails, hair removal, facials, brows, and lashes under one roof.",https://www.kcbeauty.us/,https://www.instagram.com/kcbeauty_lounge/,https://www.facebook.com/p/KC-Beauty-Lounge-61561992331912/,https://www.tiktok.com/@kcbeauty_lounge,https://www.kcbeauty.us/,KC Beauty Lounge official website,,,"Official site lists address, open-seven-days claim, detailed services, booking, and social links.",Beauty & Personal Care,business,pending_review,geocode_before_public_pin;source_url_and_address_manual_confirmation_required,kc beauty lounge|4234 w plaza drive|orlando|fl,36.csv
"4C Community Coordinated Care for Children, Inc.",3500 W. Colonial Drive,Orlando,FL,32808,USA,childcare,early childhood and family resource agency,Early Head Start; Head Start preschool; child development; neighborhood family centers; child-care training; competency exams; child-care food program,"Community family-resource agency providing early childhood education, Head Start, child development, provider training, and family support services.",https://4cflorida.org/,https://www.instagram.com/4cflorida/,https://www.facebook.com/pages/4C-Florida-Community-Coordinated-Care-for-Children/187189081303399,,https://4cflorida.org/,4C official website,,,Official site lists Orlando headquarters and describes programs; nonprofit/community agency rather than a conventional private business.,Children & Family,regulated_review,needs_research,geocode_before_public_pin;regulated_or_age_governed_service_review_required;source_url_and_address_manual_confirmation_required,4c community coordinated care for children inc|3500 w colonial drive|orlando|fl,36.csv
FL Bakery,1654 N Semoran Blvd,Orlando,FL,32807,USA,food,bakery and Puerto Rican restaurant,Puerto Rican bakery; restaurant; event catering; Boricua flavors,Puerto Rican bakery/restaurant with an Orlando location and party catering promoted on its official locations page.,https://flbakery.com/,https://www.instagram.com/flbakeryrestaurant/,https://www.facebook.com/FLBakeryRestaurant,https://www.tiktok.com/@flbakery,https://flbakery.com/en/locations/,FL Bakery official locations page,,,"Official page lists Orlando address, social links, ordering, and daily hours.",Food & Drink,business,pending_review,geocode_before_public_pin;source_url_and_address_manual_confirmation_required,fl bakery|1654 n semoran blvd|orlando|fl,36.csv
Nikki's Place Southern Restaurant,742 Carter Street,Orlando,FL,32805,USA,food,southern restaurant,Southern comfort food; dine-in; catering; takeout,"Orlando family-table restaurant serving Southern comfort food and catering, with a stated legacy since 1952.",https://nikkisplace.net/,,,,https://nikkisplace.net/,Nikki's Place Southern Restaurant,,,"Official site lists address, menu/order, catering, and hours; source page showed temporarily closed at fetch time but says opens Thursday, so verify current hours before visit.",Food & Drink,business,pending_review,geocode_before_public_pin;source_url_and_address_manual_confirmation_required,nikki s place southern restaurant|742 carter street|orlando|fl,36.csv
"English Air, LLC",37 Drennen Rd,Orlando,FL,32806,USA,home trades,HVAC contractor,air-conditioning repair; AC installation; tune-ups; heat pumps; ductless mini-splits; thermostats; air duct cleaning; ductwork; filtration; commercial HVAC,"Locally owned and operated Orlando HVAC company serving residential and commercial customers with cooling, heating, and indoor-air-quality services.",https://www.englishairinc.com/,https://instagram.com/englishairinc,https://facebook.com/5starserviceeverytime,https://youtube.com/@englishairinc,https://www.englishairinc.com/,English Air official website,Family-owned and operated,https://www.englishairinc.com/,Official site explicitly says family-owned and operated since 1998 and lists Florida HVAC license CMC 1249480.,Home & Property Services,regulated_review,needs_research,geocode_before_public_pin;ownership_evidence_manual_confirmation_required;regulated_or_age_governed_service_review_required;source_url_and_address_manual_confirmation_required,english air llc|37 drennen rd|orlando|fl,36.csv
"Liberate Legal, PLLC",1238 E Concord Street,Orlando,FL,32803,USA,law,criminal defense and civil litigation,criminal defense; DUI; domestic violence; criminal traffic; drug crimes; theft; assault and battery; gun offenses; personal injury; landlord-tenant; evictions,"Orlando law firm providing founder-led representation in criminal defense, personal injury, and landlord-tenant/eviction matters.",https://liberatelegal.com/about-us,https://www.instagram.com/liberatelegal,https://www.facebook.com/profile.php?id=61579595206088,https://www.tiktok.com/@liberatelegal,https://liberatelegal.com/about-us,Liberate Legal official About Us page,Black-owned; women-owned; women-led,https://liberatelegal.com/about-us,Official site explicitly self-states Black-owned and women-owned/women-led; address is by appointment only.,Legal & Government Services,regulated_review,needs_research,geocode_before_public_pin;ownership_evidence_manual_confirmation_required;regulated_or_age_governed_service_review_required;source_url_and_address_manual_confirmation_required,liberate legal pllc|1238 e concord street|orlando|fl,36.csv
The Portico,1001 N Florida Avenue,Tampa,FL,,USA,community,cafe and gathering space,cafe; coworking; meeting rooms; event venue; homeless initiatives; job training; employment; housing,"Community gathering place with a social-enterprise cafe, coworking and meeting spaces, event venue, homeless initiatives, and job training/employment support for people transitioning from homelessness, addiction or incarceration.",https://theportico.org/,https://www.instagram.com/theporticotampa/?hl=en,https://www.facebook.com/ThePorticoTampa/,,https://theportico.org/,The Portico official website,,,Official site lists Tampa address and community/social-enterprise services; no postal code shown.,Beauty & Personal Care,business,pending_review,geocode_before_public_pin;source_url_and_address_manual_confirmation_required,the portico|1001 n florida avenue|tampa|fl,35.csv
The Learning Experience New Tampa,20780 Trout Creek Drive,Tampa,FL,33647,USA,childcare,daycare and preschool,infant daycare; toddler care; preschool; pre-K; kindergarten readiness; school-age program; early education,"Early education and childcare center serving children from 6 weeks to 6 years with infant, toddler, preschool, pre-K and kindergarten-readiness programs; school-age program also offered.",https://thelearningexperience.com/centers/new-tampa/,https://instagram.com/tlenewtampa,https://www.facebook.com/TheLearningExperienceNewTampa/,,https://thelearningexperience.com/centers/new-tampa/,The Learning Experience New Tampa official center page,,,Official page lists Tampa address,Children & Family,regulated_review,needs_research,geocode_before_public_pin;regulated_or_age_governed_service_review_required;source_url_and_address_manual_confirmation_required,the learning experience new tampa|20780 trout creek drive|tampa|fl,35.csv
Florida Financial Advisors,6550 W Hillsborough Avenue Suite 130,Tampa,FL,33634,USA,finance,financial planning and wealth management,financial planning; wealth management; retirement planning; investment advisory; tax strategies; insurance strategies; estate planning; business owner services,"Tampa financial advisory firm offering financial planning, wealth management, investment advisory, retirement planning, tax and insurance strategies, estate planning and business-owner services.",https://www.floridafa.com/,,https://www.facebook.com/floridafas/,,https://www.floridafa.com/contact-tampa-st-pete-fl-office.24.htm,Florida Financial Advisors official website,,,Official page identifies Tampa headquarters address and licensed financial-advisor/wealth-management services; regulated provider details are disclosed on the official site.,Financial & Business Services,regulated_review,needs_research,geocode_before_public_pin;regulated_or_age_governed_service_review_required;source_url_and_address_manual_confirmation_required,florida financial advisors|6550 w hillsborough avenue suite 130|tampa|fl,35.csv
7th + Grove,1930 E 7th Avenue,Tampa,FL,33605,USA,nightlife,restaurant and lounge,southern food; Guyanese-inspired meals; cocktails; reservations; live music; private parties; catering,"Adult-friendly Ybor City restaurant and lounge offering Southern and Guyanese-inspired food, cocktails, live music, reservations, private parties and catering.",https://7thandgrove.com/,,,,https://7thandgrove.com/,7th + Grove official website,,,Official site lists Tampa location,Food & Drink,business,pending_review,geocode_before_public_pin;source_url_and_address_manual_confirmation_required,7th grove|1930 e 7th avenue|tampa|fl,35.csv
Blue Flame Tampa,1524 E Fowler Ave,Tampa,FL,33612,USA,food,southern soul food,soul food; southern cuisine; takeout; delivery; catering,"Southern soul-food restaurant serving from-scratch cuisine including oxtails, seafood pasta, turkey, chicken and chitterlings; offers takeout, delivery and catering.",https://www.blueflametampa.com/,https://www.instagram.com/blueflametampa/,,,https://www.blueflametampa.com/,Blue Flame Tampa official website,,,Official site lists Tampa address and Wed-Sun operating hours.,Food & Drink,business,pending_review,geocode_before_public_pin;source_url_and_address_manual_confirmation_required,blue flame tampa|1524 e fowler ave|tampa|fl,35.csv
Faith Cafe,1340 N Clearview Avenue,Tampa,FL,33607,USA,food,community soup kitchen,free meals; soup kitchen; clothing; necessities; showers; community resources,"Tampa nonprofit soup kitchen providing free meals seven days a week, plus clothing and necessities on select days, showers and resource referrals.",https://www.faithcafetampa.org/,,,,https://www.faithcafetampa.org/,Faith Cafe official website,,,Official site identifies organization as a 501(c)(3) and lists address,Food & Drink,business,pending_review,geocode_before_public_pin;source_url_and_address_manual_confirmation_required,faith cafe|1340 n clearview avenue|tampa|fl,35.csv
CAN Community Health - Tampa,4729 N Habana Avenue,Tampa,FL,33614,USA,health,community health clinic,primary care; HIV/AIDS care; hepatitis C; STD services; PrEP; patient care coordinator,"Tampa community health location providing primary care, HIV/AIDS care, hepatitis C care, STD services, PrEP and patient-care coordination.",https://www.cancommunityhealth.org/tampa/,,,,https://www.cancommunityhealth.org/tampa/,CAN Community Health official website,,,Official location page lists Tampa address and services. Instagram/TikTok not identified on official page.,Health & Wellness,regulated_review,needs_research,geocode_before_public_pin;regulated_or_age_governed_service_review_required;source_url_and_address_manual_confirmation_required,can community health tampa|4729 n habana avenue|tampa|fl,35.csv
Air Masters of Tampa Bay,4830 N Florida Avenue,Tampa,FL,33603,USA,home trades,HVAC,AC repair; HVAC installation; heating; maintenance; emergency HVAC; duct cleaning; indoor air quality; commercial HVAC; financing,"Family-owned Tampa HVAC company serving residential and commercial customers with AC repair, installation, maintenance, heating, emergency service, duct cleaning and indoor-air-quality solutions.",https://www.airmasters.net/,,https://www.facebook.com/AirMasterofTampaBay,,https://www.airmasters.net/,Air Masters of Tampa Bay official website,family-owned,https://www.airmasters.net/,Official site states family owned,Home & Property Services,regulated_review,needs_research,geocode_before_public_pin;ownership_evidence_manual_confirmation_required;regulated_or_age_governed_service_review_required;source_url_and_address_manual_confirmation_required,air masters of tampa bay|4830 n florida avenue|tampa|fl,35.csv
Law Office of Eric T. Taylor P.A.,2102 W Cass Street,Tampa,FL,33606,USA,law,personal injury and criminal defense,personal injury; wrongful death; auto accidents; premises liability; eminent domain; criminal defense; DUI; free consultation,"Tampa law office handling personal injury, wrongful death, vehicle accidents, premises liability, eminent domain and criminal defense matters; offers consultations.",https://www.erictaylor.org/,,,,https://www.erictaylor.org/attorney-profile.php,Law Office of Eric T. Taylor official website,Black-owned law firm,https://www.erictaylor.org/attorney-profile.php,Attorney profile explicitly states Eric Taylor became one of the few Black attorneys in the United States to own his own law firm; official contact address corroborated by site search/contact page.,Legal & Government Services,regulated_review,needs_research,geocode_before_public_pin;ownership_evidence_manual_confirmation_required;regulated_or_age_governed_service_review_required;source_url_and_address_manual_confirmation_required,law office of eric t taylor p a|2102 w cass street|tampa|fl,35.csv
DONMENOW,1211 E Kennedy Blvd Retail 140,Tampa,FL,33602,USA,retail,women's boutique,women's apparel; accessories; jewelry; Tampa merchandise; online shopping; events,"Downtown Tampa boutique offering women's apparel, accessories and jewelry, with online shopping and community-oriented in-store events.",https://www.donmenow.com/,https://www.instagram.com/donmenow/,https://www.facebook.com/donmenow/,,https://www.donmenow.com/,DONMENOW official website,,,Official site lists Channel District Tampa address and active social links; site includes current store/event posts.,Shopping & Retail,business,pending_review,geocode_before_public_pin;source_url_and_address_manual_confirmation_required,donmenow|1211 e kennedy blvd retail 140|tampa|fl,35.csv
Swella Braid Bar - Atlanta,"480 John Wesley Dobbs Ave. NE, Suite 130/140",Atlanta,GA,30312,USA,beauty,braiding salon,"knotless box braids, boho braids, cornrows, Fulani braids, tribal styles, touch-up, takedown, scalp cleanse, blowout","Atlanta braid bar specializing in knotless box braids and protective hair care, with hair included and touch-up/takedown services.",https://www.swellabeauty.com/atlanta,https://www.instagram.com/swellabeauty/,,,https://www.swellabeauty.com/atlanta,Swella Beauty official website,,,Official location page confirms open hours and listed services.,Beauty & Personal Care,business,pending_review,geocode_before_public_pin;source_url_and_address_manual_confirmation_required,swella braid bar atlanta|480 john wesley dobbs ave ne suite 130 140|atlanta|ga,18.csv
Our House - Atlanta Campus,173 Boulevard Northeast,Atlanta,GA,30312,USA,childcare,early childhood education,"early childhood education, ages 6 weeks to 5 years, research-based curriculum, free meals, family support, health and development, enrichment","Nationally accredited and state quality-rated early childhood education campus serving children six weeks to five years, with meals, family support, and onsite health/development services.",https://ourhousega.org/childcare/,https://www.instagram.com/ourhousega/?hl=en,https://www.facebook.com/OurHouseGa/,,https://ourhousega.org/childcare/,Our House official website,,,Official page lists this Atlanta campus and program details.,Children & Family,regulated_review,needs_research,geocode_before_public_pin;regulated_or_age_governed_service_review_required;source_url_and_address_manual_confirmation_required,our house atlanta campus|173 boulevard northeast|atlanta|ga,18.csv
Our House - Central Campus,201 Washington St. SW,Atlanta,GA,30303,USA,childcare,early childhood education,"early childhood education, ages 6 weeks to 5 years, research-based curriculum, free meals, family support, health and development, enrichment","Downtown Atlanta early childhood education site of Our House’s accredited, quality-rated program for children six weeks to five years.",https://ourhousega.org/childcare/,https://www.instagram.com/ourhousega/?hl=en,https://www.facebook.com/OurHouseGa/,,https://ourhousega.org/childcare/,Our House official website,,,Official page lists the Central (Downtown) Atlanta campus.,Children & Family,regulated_review,needs_research,geocode_before_public_pin;regulated_or_age_governed_service_review_required;source_url_and_address_manual_confirmation_required,our house central campus|201 washington st sw|atlanta|ga,18.csv
Credit Union of Atlanta,670 Metropolitan Parkway SW,Atlanta,GA,30310,USA,finance,credit union and financial education,"auto loans, home equity loans, HELOC, personal loans, digital banking, checking, direct deposit, financial literacy, small business support","Atlanta credit union offering consumer lending, digital banking, checking, surcharge-free ATM access, financial education, and community development support.",https://www.cuatlanta.org/,https://www.instagram.com/thecreditunionofatlanta/,https://www.facebook.com/TheCUAtlanta/?ref=bookmarks,,https://www.cuatlanta.org/,Credit Union of Atlanta official website,,,Official site confirms the Atlanta branch address and services; federally insured by NCUA.,Financial & Business Services,regulated_review,needs_research,geocode_before_public_pin;regulated_or_age_governed_service_review_required;source_url_and_address_manual_confirmation_required,credit union of atlanta|670 metropolitan parkway sw|atlanta|ga,18.csv
Miss Conduck,357 Edgewood Ave SE,Atlanta,GA,30312,USA,food,Caribbean restaurant and catering,"Caribbean food, Trinidadian, Jamaican, corporate catering, event catering, private events, group dining, delivery, vegan, gluten-free","Caribbean fusion destination offering Trinidadian- and Jamaican-rooted menus, group dining, catering, private events, and delivery.",https://missconduck.com/,https://www.instagram.com/missconduckatl/?hl=en,https://www.facebook.com/profile.php?id=61558503398430,,https://missconduck.com/,Miss Conduck official website,,,Official site identifies the business as led by a mother-daughter duo; no identity-based ownership designation inferred.,Food & Drink,business,pending_review,geocode_before_public_pin;source_url_and_address_manual_confirmation_required,miss conduck|357 edgewood ave se|atlanta|ga,18.csv
Southern Queenz,1648 Memorial Drive Southeast,Atlanta,GA,30317,USA,food,"restaurant, brunch, dinner, catering","brunch, dinner, comfort food, soul food, reservations, private parties, catering","East Atlanta eatery serving brunch and dinner all day, with reservations, private parties, and catering.",https://southern-queenz.com/,https://www.instagram.com/southernqueenz_,https://www.facebook.com/105364315138712,,https://southern-queenz.com/,Southern Queenz official website,Black-owned,https://southern-queenz.com/,Official site explicitly says “black owned eatery” and describes a community goal.,Food & Drink,business,needs_research,geocode_before_public_pin;ownership_evidence_manual_confirmation_required;source_url_and_address_manual_confirmation_required,southern queenz|1648 memorial drive southeast|atlanta|ga,18.csv
HEALing Community Health - Abernathy Dental Office,1188 Ralph David Abernathy,Atlanta,GA,30310,USA,health,dental clinic,"dental health, comprehensive dental care, community health, affordable care",Dental clinic location of HEALing Community Health in Atlanta; the official site marks the dental clinic as open.,https://healatlanta.org/,https://www.instagram.com/healingcommunityhealth,https://www.facebook.com/HealingCommunityHealth,,https://healatlanta.org/,HEALing Community Health official website,,,Official site explicitly marks this dental clinic NOW OPEN.,Health & Wellness,regulated_review,needs_research,geocode_before_public_pin;regulated_or_age_governed_service_review_required;source_url_and_address_manual_confirmation_required,healing community health abernathy dental office|1188 ralph david abernathy|atlanta|ga,18.csv
HEALing Community Health - Hollis Innovation Academy,225 James P Brawley Dr,Atlanta,GA,30314,USA,health,community health clinic,"adult health, dental health, women’s health, children’s health, behavioral health, primary care","Atlanta community health clinic location inside Hollis Innovation Academy, part of HEALing Community Health’s multi-service care network.",https://healatlanta.org/,https://www.instagram.com/healingcommunityhealth,https://www.facebook.com/HealingCommunityHealth,,https://healatlanta.org/,HEALing Community Health official website,,,Official site lists this Atlanta location; service terms are drawn from the organization’s services page.,Health & Wellness,regulated_review,needs_research,geocode_before_public_pin;regulated_or_age_governed_service_review_required;source_url_and_address_manual_confirmation_required,healing community health hollis innovation academy|225 james p brawley dr|atlanta|ga,18.csv
HEALing Community Health - Main Site,"3915 Cascade Rd, Suites T-90 and T-115",Atlanta,GA,30331,USA,health,federally qualified community health center,"adult health, dental health, women’s health, children’s health, behavioral health, primary care, affordable healthcare","Federally qualified health center serving families and individuals with adult, dental, women’s, children’s, behavioral, and additional health services.",https://healatlanta.org/,https://www.instagram.com/healingcommunityhealth,https://www.facebook.com/HealingCommunityHealth,,https://healatlanta.org/,HEALing Community Health official website,,,"Official site confirms FQHC status, services, and Atlanta location.",Health & Wellness,regulated_review,needs_research,geocode_before_public_pin;regulated_or_age_governed_service_review_required;source_url_and_address_manual_confirmation_required,healing community health main site|3915 cascade rd suites t 90 and t 115|atlanta|ga,18.csv
Thomas Kennedy Sampson & Tompkins LLP (TKST Law),3355 E Main St,Atlanta,GA,30337,USA,law,corporate litigation and defense,"corporate defense, civil litigation, employment and labor defense, product liability, securities and shareholder litigation, class action defense, white collar investigations","Atlanta law firm providing corporate defense, litigation, employment, product-liability, securities, class-action, and white-collar investigation services.",https://tkstlaw.com/,,,,https://tkstlaw.com/,TKST Law official website,Oldest Black-owned law firm in Atlanta,https://tkstlaw.com/,Ownership designation is stated explicitly on the official website; address and practice areas are also listed there.,Legal & Government Services,regulated_review,needs_research,geocode_before_public_pin;ownership_evidence_manual_confirmation_required;regulated_or_age_governed_service_review_required;source_url_and_address_manual_confirmation_required,thomas kennedy sampson tompkins llp tkst law|3355 e main st|atlanta|ga,18.csv
ELEGANCE African Hair Braiding,11402 Abercorn St,Savannah,GA,31419,United States,beauty,braiding salon,African hair braiding; hair weaving; extensions; box braids; lemonade braids; faux locs; cornrows; Senegalese twists; goddess braids; touch-up; take-down,"Professional African hair-braiding and weave salon offering braids, extensions, locs, touch-ups and take-down services.",https://eleganceafricanhairbraids.com/,,,,https://eleganceafricanhairbraids.com/,ELEGANCE African Hair Braiding official website,,,Official site lists Savannah location and detailed service menu.,Beauty & Personal Care,business,pending_review,geocode_before_public_pin;source_url_and_address_manual_confirmation_required,elegance african hair braiding|11402 abercorn st|savannah|ga,43.csv
Kicklighter Academy,7219 Seawright Drive,Savannah,GA,31406,United States,childcare,preschool and special-needs childcare,state-licensed childcare; preschool; infants; toddlers; school-age; disability-inclusive education; before/after school; meals,State-licensed preschool and childcare facility providing care and education for children with and without developmental or physical disabilities; parent organization is a 501(c) nonprofit.,http://krcacademy.org/,,https://www.facebook.com/KicklighterAcademy,,http://krcacademy.org/,Kicklighter Resource Center official website,501(c) nonprofit organization,http://krcacademy.org/,Official site states 501(c) nonprofit status and exact Savannah address.,Children & Family,regulated_review,needs_research,geocode_before_public_pin;ownership_evidence_manual_confirmation_required;regulated_or_age_governed_service_review_required;source_url_and_address_manual_confirmation_required,kicklighter academy|7219 seawright drive|savannah|ga,43.csv
The Children's House Child Development Center,600 East 71 Street,Savannah,GA,31405,United States,childcare,early education center,childcare; early education; infants; toddlers; preschool; Georgia Pre-K; ages 6 weeks to 5 years; family support,"Three-Star Quality Rated early education and childcare program serving St. Joseph's/Candler employees and the general public, from infants through pre-kindergarten.",https://www.sjchs.org/the-children%27s-house,,,,https://www.sjchs.org/the-children%27s-house,St. Joseph's/Candler official website,,,Official source states it serves the general public and lists exact campus address.,Children & Family,regulated_review,needs_research,geocode_before_public_pin;regulated_or_age_governed_service_review_required;source_url_and_address_manual_confirmation_required,the children s house child development center|600 east 71 street|savannah|ga,43.csv
Raymond James Savannah Branch,530 Stephenson Ave Ste 100,Savannah,GA,31405,United States,finance,financial advisory and wealth management,financial planning; investment advice; retirement planning; college tuition planning; legacy planning; wealth management,"Savannah financial-advisor branch offering financial planning, investment advice and wealth-management support for personal, retirement, education and legacy goals.",https://www.raymondjames.com/savannah-branch/,,,,https://www.raymondjames.com/savannah-branch/,Raymond James official branch website,,,Official source lists exact Savannah address and advisory services; registration caveat applies by jurisdiction.,Financial & Business Services,regulated_review,needs_research,geocode_before_public_pin;regulated_or_age_governed_service_review_required;source_url_and_address_manual_confirmation_required,raymond james savannah branch|530 stephenson ave ste 100|savannah|ga,43.csv
Congress Street Social Club,411 W Congress St,Savannah,GA,31401,United States,nightlife,bar and live music venue,bar; cocktails; local beer; bourbon; live music; late-night grill food; catering; private parties; games; happy hour,"Independent concert venue and bar with live music, late-night grill food, cocktails, bourbon, patio, catering and private-party space.",https://congressstreetsocialclub.com/,https://www.instagram.com/socialclubcongress,https://www.facebook.com/195091127183177,,https://congressstreetsocialclub.com/,Congress Street Social Club official website,,,"Official site lists exact address, hours, live music, food, drinks, events and social links.",Food & Drink,business,pending_review,geocode_before_public_pin;source_url_and_address_manual_confirmation_required,congress street social club|411 w congress st|savannah|ga,43.csv
Fire Street Food,13 E Perry St,Savannah,GA,31401,United States,food,Asian street food restaurant,Thai plates; sushi; burgers; takeout; delivery; counter service; gift cards,"Counter-service diner near Chippewa Square serving Thai plates, sushi, burgers and other street food, with takeout and delivery.",https://www.firestreetfood.com/,https://www.instagram.com/firestreetfoodsavannah/,https://www.facebook.com/firestreetfoodsavannah,,https://www.firestreetfood.com/,Fire Street Food official website,,,"Official site lists exact address, menu categories, hours and ordering links.",Food & Drink,business,pending_review,geocode_before_public_pin;source_url_and_address_manual_confirmation_required,fire street food|13 e perry st|savannah|ga,43.csv
Vic's On the River,26 E Bay Street,Savannah,GA,31401,United States,food,Southern restaurant,Southern cuisine; local seafood; lunch; dinner; private events; coffee bar; happy hour,"Contemporary Southern restaurant in a historic cotton warehouse with local seafood, lunch, dinner, private events and river views.",https://vicsontheriver.com/,https://instagram.com/vicsontheriverga,https://facebook.com/VicsOnTheRiverGA,,https://vicsontheriver.com/,Vic's On the River official website,,,Official site lists Savannah address and operating hours.,Food & Drink,business,pending_review,geocode_before_public_pin;source_url_and_address_manual_confirmation_required,vic s on the river|26 e bay street|savannah|ga,43.csv
McDevitt Air,600 W. 51st Street,Savannah,GA,31405,United States,home trades,HVAC contractor,air conditioning repair; heating repair; HVAC maintenance; system replacement; installation; indoor air quality; heat pumps; 24/7 emergency service,"Savannah HVAC contractor providing AC, heating, heat-pump, indoor-air-quality, installation, maintenance and emergency services since 1979.",https://mcdevittair.com/,,,,https://mcdevittair.com/,McDevitt Air official website,Family-owned and operated,https://mcdevittair.com/,"Official site states family-owned and operated, NATE-certified technicians, Carrier authorized dealer and Georgia license CN208520.",Home & Property Services,regulated_review,needs_research,geocode_before_public_pin;ownership_evidence_manual_confirmation_required;regulated_or_age_governed_service_review_required;source_url_and_address_manual_confirmation_required,mcdevitt air|600 w 51st street|savannah|ga,43.csv
Oliver Maner LLP,218 West State Street,Savannah,GA,31401,United States,law,full-service law firm,legal services; litigation; transactional law; local law; state law; federal law; business law; individual representation,Full-service Savannah law firm with multiple practice areas and litigation and transactional capabilities; the firm also describes community service activity.,https://olivermaner.com/,,https://www.facebook.com/OliverManerLLP,,https://olivermaner.com/,Oliver Maner official website,,,Official site lists exact address and legal practice description.,Legal & Government Services,regulated_review,needs_research,geocode_before_public_pin;regulated_or_age_governed_service_review_required;source_url_and_address_manual_confirmation_required,oliver maner llp|218 west state street|savannah|ga,43.csv
"Harper Boutique, Inc",118 Bull Street,Savannah,GA,31401,United States,retail,women's clothing boutique,women's clothing; dresses; tops; bottoms; shoes; accessories; new arrivals; sale,"Locally owned women's boutique in historic downtown Savannah offering curated clothing, shoes and accessories.",https://harpersavannah.com/,https://www.instagram.com/harperboutique/,https://www.facebook.com/Harpersavannah,,https://harpersavannah.com/,Harper Boutique official website,Locally owned; founded by Leah Riffle and Thu Tran,https://harpersavannah.com/,Official site explicitly states locally owned and names founders; exact storefront address listed.,Shopping & Retail,business,needs_research,geocode_before_public_pin;ownership_evidence_manual_confirmation_required;source_url_and_address_manual_confirmation_required,harper boutique inc|118 bull street|savannah|ga,43.csv
Four Seasons Travel,3 Skidaway Village Walk # C,Savannah,GA,31411,United States,travel,luxury travel agency,luxury cruises; safaris; beach getaways; adventure travel; wellness travel; group travel; solo travel; personalized itineraries; Virtuoso,"Savannah travel agency creating personalized itineraries across cruises, safaris, wellness, adventure, group and solo travel; a Virtuoso member.",https://www.fourseasonstrvl.com/,https://www.instagram.com/fourseasonstravel_/,https://www.facebook.com/FourSeasonsTravelSavannah,,https://www.fourseasonstrvl.com/,Four Seasons Travel official website,Owned by Rebecca Player,https://www.fourseasonstrvl.com/,Official site states Rebecca Player purchased the agency in 2024 and is its owner; exact office address listed.,Travel & Hospitality,business,needs_research,geocode_before_public_pin;ownership_evidence_manual_confirmation_required;source_url_and_address_manual_confirmation_required,four seasons travel|3 skidaway village walk c|savannah|ga,43.csv
Old Savannah Tours,217 W. Boundary Street,Savannah,GA,31401,United States,travel,historic sightseeing tours,75-minute narrated trolley tour; historic sightseeing; local guides; private tours; group transportation; hotel shuttle; ADA accessibility,"Local-guided, fully narrated 75-minute trolley history tour beginning at the Welcome Center, with private tours, group transportation and shuttle service.",https://www.oldsavannahtours.com/,,,,https://www.oldsavannahtours.com/,Old Savannah Tours official website,,,"Official site lists exact departure address, daily operation, tour details and accessibility information.",Travel & Hospitality,business,pending_review,geocode_before_public_pin;source_url_and_address_manual_confirmation_required,old savannah tours|217 w boundary street|savannah|ga,43.csv
Brandy's Braiding Bar and Beauty Supply,4800 W Fulton St,Chicago,IL,60644,USA,beauty,braiding salon and beauty supply,braids; weaves; locs; natural hair; Fulani twists; walk-ins; beauty supply,"Chicago braiding bar and beauty supply with a team of braiders, walk-ins, advance booking, and braid services.",https://www.brandysbraidingbar.com/,https://www.instagram.com/brandysbraidingbar/?hl=en,https://www.facebook.com/p/Brandys-Braiding-Bar-61559229233977/,,https://www.brandysbraidingbar.com/,Brandy's Braiding Bar official website,,,,Beauty & Personal Care,business,pending_review,geocode_before_public_pin;source_url_and_address_manual_confirmation_required,brandy s braiding bar and beauty supply|4800 w fulton st|chicago|il,06.csv
Southern Chicago,2000 S Wabash Ave,Chicago,IL,60616,USA,food,American restaurant,steaks; chops; brunch; dine-in; catering; private events; reservations,"South Loop American restaurant serving steaks, chops, and brunch, with catering and private-event hosting.",https://www.southernchicagorestaurant.com/,https://www.instagram.com/thesouthernchicago/,https://www.facebook.com/share/1C1BUs2jDc/?mibextid=wwXIfr,,https://www.southernchicagorestaurant.com/location/southern-chicago/,Southern Chicago official website,,,,Food & Drink,business,pending_review,geocode_before_public_pin;source_url_and_address_manual_confirmation_required,southern chicago|2000 s wabash ave|chicago|il,06.csv
Virtue Restaurant,1462 E 53rd St,Chicago,IL,60615,USA,food,Southern American restaurant,dine-in; dinner; bar; private events; seated dinner; receptions,"Hyde Park Southern American restaurant focused on hospitality, heritage techniques, dinner, and event hosting.",https://www.virtuerestaurant.com/,https://www.instagram.com/virtuerestaurantchi/?hl=en,https://www.facebook.com/virtuerestaurant/,,https://www.virtuerestaurant.com/location/virtue-restaurant/,Virtue Restaurant official website,Owner and Chef: Erick Williams,https://www.virtuerestaurant.com/location/virtue-restaurant/,Ownership designation included exactly as stated on official About Us section; address and active hours verified on official location page.,Food & Drink,business,needs_research,geocode_before_public_pin;ownership_evidence_manual_confirmation_required;source_url_and_address_manual_confirmation_required,virtue restaurant|1462 e 53rd st|chicago|il,06.csv
CommunityHealth,2611 W Chicago Ave,Chicago,IL,60622,USA,health,free community health clinic,primary care; medical care; free clinic; patient eligibility; gynecology; pharmacy; appointments,"Community clinic providing quality medical care and patient resources, with multiple Chicago locations and appointment access.",https://communityhealth.org/,https://www.instagram.com/communityhealthchicago/,https://www.facebook.com/CommunityHealthChicago/,https://www.tiktok.com/@communityhealthchicago,https://communityhealth.org/,CommunityHealth official website,,,,Health & Wellness,regulated_review,needs_research,geocode_before_public_pin;regulated_or_age_governed_service_review_required;source_url_and_address_manual_confirmation_required,communityhealth|2611 w chicago ave|chicago|il,06.csv
Four Seasons Heating Air Conditioning Plumbing & Electric,5701 W 73 St,Chicago,IL,60638,USA,home trades,HVAC plumbing electrical contractor,heating; cooling; HVAC repair; plumbing; electrical; sewer; duct cleaning; generators; 24/7 emergency service,"Chicago HVAC contractor offering 24/7 heating, cooling, plumbing, electrical, sewer, duct-cleaning, and generator services.",https://www.fourseasonsheatingcooling.com/,https://instagram.com/fourseasonshvac/,https://www.facebook.com/FourSeasonsHVAC,,https://www.fourseasonsheatingcooling.com/,Four Seasons official website,,,,Home & Property Services,regulated_review,needs_research,geocode_before_public_pin;regulated_or_age_governed_service_review_required;source_url_and_address_manual_confirmation_required,four seasons heating air conditioning plumbing electric|5701 w 73 st|chicago|il,06.csv
Hennessy & Roach P.C.,70 W Madison St Ste 1100,Chicago,IL,60602,USA,law,defense law firm,workers compensation; auto; trucking; construction; general liability; labor employment; insurance coverage,Chicago-headquartered Midwest defense law firm serving clients across workers' compensation and civil litigation practice areas.,https://hennessyroach.com/,https://www.linkedin.com/company/hennessy-&-roach,,,https://hennessyroach.com/,Hennessy & Roach official website,,,,Legal & Government Services,regulated_review,needs_research,geocode_before_public_pin;regulated_or_age_governed_service_review_required;source_url_and_address_manual_confirmation_required,hennessy roach p c|70 w madison st ste 1100|chicago|il,06.csv
The Silver Room,1506 E 53rd St,Chicago,IL,60615,USA,retail,jewelry fashion and culture shop,jewelry; apparel; gifts; art; cultural goods; in-store shopping,"Hyde Park retail destination where art, culture, commerce, and community intersect, offering jewelry, apparel, and related goods.",https://www.thesilverroom.com/,https://www.instagram.com/thesilverroom/,https://www.facebook.com/thesilverroom/,,https://www.instagram.com/thesilverroom/,The Silver Room official Instagram,,,,Shopping & Retail,business,pending_review,geocode_before_public_pin;source_url_and_address_manual_confirmation_required,the silver room|1506 e 53rd st|chicago|il,06.csv
Windy City Travel,1357 North Wells St,Chicago,IL,60610,USA,travel,travel agency,vacations; destination weddings; honeymoons; cruises; escorted tours; group travel; corporate retreats; hotels; airfare,"Chicago travel agency serving travelers since 1981 with vacation, cruise, group, wedding, corporate, and destination-planning services.",https://windycitytravel.com/,https://www.instagram.com/windycitytravel/,https://www.facebook.com/windycitytravel/,,https://windycitytravel.com/,Windy City Travel official website,,,,Travel & Hospitality,business,pending_review,geocode_before_public_pin;source_url_and_address_manual_confirmation_required,windy city travel|1357 north wells st|chicago|il,06.csv
Afro Chic Braids Salon and Boutique,7405 N. Shadeland Ave.,Indianapolis,IN,46250,USA,beauty,braiding salon,boho braids; box braids; cornrows; crochet braids; faux locs; feed-in braids; Fulani braids; Ghana braids; kinky twists; knotless braids; lemonade braids,Braiding salon and boutique with more than 20 years of braiding experience and a wide range of protective styles.,https://afrochicbraids.com/,https://www.instagram.com/afrochic_braids/,https://www.facebook.com/people/Afro-Chic-Braids/61561301582756/,https://www.tiktok.com/@kankouelegance,https://afrochicbraids.com/,Afro Chic Braids official website,,,"Official site lists address, booking and active social links.",Beauty & Personal Care,business,pending_review,geocode_before_public_pin;source_url_and_address_manual_confirmation_required,afro chic braids salon and boutique|7405 n shadeland ave|indianapolis|in,30.csv
Iesha Hair Braiding,7063 Michigan Rd,Indianapolis,IN,46268,USA,beauty,hair braiding and natural hair salon,hair braiding; hair twists; cornrows; dreadlocks; knotless braids; crochet hair; natural hair,"Family-oriented Indianapolis salon offering professional braiding, twists, locs and natural-hair services.",https://hairservicesindianapolis.com/,https://www.instagram.com/iesha_hairbraiding,https://www.facebook.com/Iesha-Hair-Braiding-1018815418309376,,https://hairservicesindianapolis.com/,Iesha Hair Braiding official website,,,"Official site lists address, services and hours; Sunday closed.",Beauty & Personal Care,business,pending_review,geocode_before_public_pin;source_url_and_address_manual_confirmation_required,iesha hair braiding|7063 michigan rd|indianapolis|in,30.csv
J’s African Hair Braiding & Boutique,11135 Pendleton Pike #200,Indianapolis,IN,46236,USA,beauty,African hair braiding and boutique,professional African hair braiding; wigs; essential oils; black soap; shea butter; accessories; sunglasses; makeup,"Indianapolis African hair-braiding salon and boutique offering professional braiding, wigs and beauty/accessory products.",https://jsboutiqueandbraidsindy.com/,,,,https://jsboutiqueandbraidsindy.com/,J’s African Hair Braiding & Boutique official website,,,"Official site lists address, hours and services.",Beauty & Personal Care,business,pending_review,geocode_before_public_pin;source_url_and_address_manual_confirmation_required,j s african hair braiding boutique|11135 pendleton pike 200|indianapolis|in,30.csv
Children’s Village Childcare Center,5555 Galeao Ct.,Indianapolis,IN,46241,USA,childcare,childcare center,safe nurturing childcare; early learning; play-based learning; preschool; child development,"Childcare center partnering with parents to provide a safe, nurturing environment where children learn through purposeful play.",https://childrensvillagekids.org/,,,,https://childrensvillagekids.org/,Children’s Village official website,,,Official site lists current contact details and childcare services.,Children & Family,regulated_review,needs_research,geocode_before_public_pin;regulated_or_age_governed_service_review_required;source_url_and_address_manual_confirmation_required,children s village childcare center|5555 galeao ct|indianapolis|in,30.csv
New Beginnings,2132 West Michigan Street,Indianapolis,IN,46222,USA,childcare,preschool and after-school programs,preschool; prekindergarten; kindergarten; after-school; summer program; age-appropriate curriculum; child development,"Early learning center providing preschool, prekindergarten, kindergarten, after-school and summer programming with developmentally appropriate activities.",https://newbeginningskids.org/,,,,https://newbeginningskids.org/,New Beginnings official website,,,"Official site lists weekday hours, enrollment contact and programs.",Children & Family,regulated_review,needs_research,geocode_before_public_pin;regulated_or_age_governed_service_review_required;source_url_and_address_manual_confirmation_required,new beginnings|2132 west michigan street|indianapolis|in,30.csv
The Block Bistro and Grill,115 W Market St,Indianapolis,IN,46204,USA,food,restaurant,classic American cuisine; urban twist; lunch; dinner; patio; private lounge; online ordering,"Downtown bistro and grill in the historic William H. Block Building, offering classic American cuisine with an urban twist, dine-in, events and online ordering.",https://www.theblockbistro.com/,https://www.instagram.com/blockbistro/,https://www.facebook.com/theblockbistro,,https://www.theblockbistro.com/,The Block Bistro official website,,,Official site lists current hours and address.,Food & Drink,business,pending_review,geocode_before_public_pin;source_url_and_address_manual_confirmation_required,the block bistro and grill|115 w market st|indianapolis|in,30.csv
The Slippery Noodle Inn,372 South Meridian Street,Indianapolis,IN,46225,USA,nightlife,bar and live music venue,bar; live blues music; food menu; catering; private parties; events,"Historic bar and blues venue, described by its official site as Indiana’s oldest continually operated bar in its original building; also offers food, catering and events.",https://slipperynoodle.com/,https://www.instagram.com/slipperynoodleindy/,https://www.facebook.com/49395984334,,https://slipperynoodle.com/,The Slippery Noodle official website,,,"Official site shows active hours, menu and events.",Food & Drink,business,pending_review,geocode_before_public_pin;source_url_and_address_manual_confirmation_required,the slippery noodle inn|372 south meridian street|indianapolis|in,30.csv
Jane Pauley Community Health Center – ROCK Community Center,5817 E 32nd St.,Indianapolis,IN,46218,USA,health,community health center,primary care; behavioral and mental health; dental; pediatrics; OB/GYN; pharmacy; sliding fee scale; insurance enrollment,"Federally Qualified Community Health Center offering primary, behavioral, dental, pediatric and women’s health services, pharmacy and support regardless of insurance or ability to pay.",https://janepauleychc.org/,,,,https://janepauleychc.org/locations/,Jane Pauley Community Health Center official locations page,,,Specific Indianapolis location verified on official locations page.,Health & Wellness,regulated_review,needs_research,geocode_before_public_pin;regulated_or_age_governed_service_review_required;source_url_and_address_manual_confirmation_required,jane pauley community health center rock community center|5817 e 32nd st|indianapolis|in,30.csv
Peterman Brothers,677 Commerce Pkwy W Drive,Indianapolis,IN,46143,USA,home trades,"HVAC, plumbing, drains and electrical",HVAC; heating; cooling; A/C repair; A/C installation; plumbing inspection; plumbing repair; water heater repair; drain clearing; hydro-jetting; electrical repair; generator installation; lighting installation,"Family-owned and operated home-services company serving the Indianapolis area with HVAC, plumbing, drain and electrical services.",https://petermanhvac.com/,https://www.instagram.com/thepetermanbros/,https://www.facebook.com/PetermanBros,https://www.tiktok.com/@petermanbros,https://petermanhvac.com/,Peterman Brothers official website,family-owned and operated,https://petermanhvac.com/,Official site self-states family-owned and operated and lists Indiana contractor credentials.,Home & Property Services,regulated_review,needs_research,geocode_before_public_pin;ownership_evidence_manual_confirmation_required;regulated_or_age_governed_service_review_required;source_url_and_address_manual_confirmation_required,peterman brothers|677 commerce pkwy w drive|indianapolis|in,30.csv
The Law Office of Deidra N. Haynes LLC,"9785 Crosspoint Blvd, Suite 104",Indianapolis,IN,46256,USA,law,family and personal injury law,family law; adoption; child custody; child support; divorce; fathers rights; guardianship; paternity; prenups; personal injury; car accidents; nursing home abuse,Indianapolis law office focused on compassionate family-law representation and personal-injury matters.,https://www.dnhlawllc.com/,,https://www.facebook.com/AttorneyDeidraHaynes/,,https://www.dnhlawllc.com/,The Law Office of Deidra N. Haynes official website,,,Official site identifies Deidra N. Haynes as CEO and lists office address and practice areas; no inferred demographic designation.,Legal & Government Services,regulated_review,needs_research,geocode_before_public_pin;regulated_or_age_governed_service_review_required;source_url_and_address_manual_confirmation_required,the law office of deidra n haynes llc|9785 crosspoint blvd suite 104|indianapolis|in,30.csv
The Nice Law Firm,1311 W 96th St Suite 200,Indianapolis,IN,46260,USA,law,general practice law firm,business law; child custody; criminal law; divorce; DUI/OWI; estate planning; family law; litigation; malpractice; personal injury; real estate law,"Indiana law firm serving individuals and small businesses across practice areas including family, criminal, personal injury, estate and real-estate law.",https://nicelawfirm.com/,https://www.instagram.com/the_nicelawfirm/,https://www.facebook.com/thenicelawfirm,,https://nicelawfirm.com/,The Nice Law Firm official website,,,"Official site lists Indianapolis office, hours and practice areas.",Legal & Government Services,regulated_review,needs_research,geocode_before_public_pin;regulated_or_age_governed_service_review_required;source_url_and_address_manual_confirmation_required,the nice law firm|1311 w 96th st suite 200|indianapolis|in,30.csv
Ambassadair Travel,"9011 North Meridian Street, Suite 100",Indianapolis,IN,46260,USA,travel,group travel and tours,group travel; vacations; cruises; day trips; tours; international travel; departures from Indianapolis; trip planning,"Travel company offering escorted group trips, vacations, cruises, day trips and tours departing from Indianapolis.",https://ambassadair.com/welcome/,https://www.instagram.com/ambassadairtravel,https://www.facebook.com/Ambassadair/,,https://ambassadair.com/welcome/,Ambassadair official website,family-owned,https://ambassadair.com/welcome/,Family-owned designation is explicitly self-stated on the official homepage.,Travel & Hospitality,business,needs_research,geocode_before_public_pin;ownership_evidence_manual_confirmation_required;source_url_and_address_manual_confirmation_required,ambassadair travel|9011 north meridian street suite 100|indianapolis|in,30.csv
Dynaproduction HAIR BRAIDING,4632 Dixie Highway,Louisville,KY,40216,USA,beauty,braiding salon,hair braiding; professional braids; pain-free braids; braiding academy; appointments,"Louisville hair-braiding salon advertising professional, fast, pain-free braids plus a hair-braiding academy and business consulting.",https://www.dynaproduction.com/,https://instagram.com/dynaproduction_hair_braiding,https://www.facebook.com/dynaproduction,,https://www.dynaproduction.com/,Dynaproduction official website,,,Official site lists salon address and appointment services.,Beauty & Personal Care,business,pending_review,geocode_before_public_pin;source_url_and_address_manual_confirmation_required,dynaproduction hair braiding|4632 dixie highway|louisville|ky,34.csv
Learn & Grow Childcare Center,4014 Bardstown Rd,Louisville,KY,40218,USA,childcare,licensed childcare center,infant care; toddler care; preschool; school-age care; before and after school; meals; enrollment,"State-licensed childcare center with infant, toddler, preschool, and school-age programs, safety protocols, meals, and weekday enrollment.",https://learnandgrowchildcarecenter.org/,,https://www.facebook.com/learnandgrowdaycarecenter,,https://learnandgrowchildcarecenter.org/,Learn & Grow official website,,,Official site explicitly states state licensed and provides address,Children & Family,regulated_review,needs_research,geocode_before_public_pin;regulated_or_age_governed_service_review_required;source_url_and_address_manual_confirmation_required,learn grow childcare center|4014 bardstown rd|louisville|ky,34.csv
Daddy Vic's Southern & Soul Food,4404 Dixie Highway,Louisville,KY,40216,USA,food,soul food restaurant,Southern comfort food; soul food; fried chicken; catfish; catering; reservations; private parties; pickup/delivery,"Family-tradition Southern and soul-food restaurant offering dine-in, pickup/delivery, catering, reservations, and group celebrations.",https://daddyvicssoulfood.com/,https://www.instagram.com/moniqueandclarence,https://www.facebook.com/116336466949832,,https://daddyvicssoulfood.com/,Daddy Vic's official website,,,Official site lists current hours,Food & Drink,business,pending_review,geocode_before_public_pin;source_url_and_address_manual_confirmation_required,daddy vic s southern soul food|4404 dixie highway|louisville|ky,34.csv
Dasha Barbours Southern Bistro,217 East Main Street,Louisville,KY,40202,USA,food,Southern restaurant,Southern food; soul food; dine-in; takeout; catering; private parties; fried chicken; shrimp and grits,"Louisville-rooted Southern bistro serving made-from-scratch comfort food, takeout, catering, reservations, and private events.",https://dbsbistro.com/,,https://www.facebook.com/723880340969000,,https://dbsbistro.com/,Dasha Barbours official website,,,Official site lists active hours,Food & Drink,business,pending_review,geocode_before_public_pin;source_url_and_address_manual_confirmation_required,dasha barbours southern bistro|217 east main street|louisville|ky,34.csv
Mag Bar,1398 South 2nd Street,Louisville,KY,40208,USA,nightlife,bar and live music venue,bar; drinks; live music; concerts; karaoke; vinyl night; merchandise; events,"Established Louisville bar and live-music venue offering drinks, concerts, karaoke, vinyl nights, events, and merchandise.",https://magbarlouisville.com/,https://www.instagram.com/magbarlouisville,https://www.facebook.com/129740297064154,,https://magbarlouisville.com/,Mag Bar official website,,,Official site lists current events,Food & Drink,business,pending_review,geocode_before_public_pin;source_url_and_address_manual_confirmation_required,mag bar|1398 south 2nd street|louisville|ky,34.csv
The Bakery at Sullivan,3100 Bardstown Rd,Louisville,KY,40205,USA,food,bakery cafe,fresh bread; pastries; sandwiches; coffee; breakfast; online ordering,"Chef-crafted bakery at Sullivan University serving daily-made breads, pastries, breakfast bites, sandwiches, sweets, and coffee while training future bakers.",https://www.thebakeryatsullivan.com/,https://www.instagram.com/thebakery.sullivanuniversity/,https://www.facebook.com/thebakery.sullivanuniversity/,,https://www.thebakeryatsullivan.com/,The Bakery at Sullivan official website,,,Official site lists active hours,Food & Drink,business,pending_review,geocode_before_public_pin;source_url_and_address_manual_confirmation_required,the bakery at sullivan|3100 bardstown rd|louisville|ky,34.csv
Family Health Centers,2215 Portland Ave.,Louisville,KY,40212,USA,health,community health center,adult primary care; women's health; pediatrics; dental; counseling; immediate care; pharmacy; affordable care,"Community health center welcoming patients of all ages and offering affordable primary care, women's health, pediatrics, dental, counseling, immediate care, pharmacy, and more.",https://www.fhclouisville.org/,https://www.instagram.com/fhclouisville/,https://www.facebook.com/fhclouisville,,https://www.fhclouisville.org/locations/,Family Health Centers official locations page,,,Official location page lists Portland address and active service filters; organization says everyone is welcome.,Health & Wellness,regulated_review,needs_research,geocode_before_public_pin;regulated_or_age_governed_service_review_required;source_url_and_address_manual_confirmation_required,family health centers|2215 portland ave|louisville|ky,34.csv
"John Waters Heating, Cooling & Electric",2315 Watterson Trail,Louisville,KY,40299,USA,home trades,HVAC and electrical,heating; cooling; air conditioning; furnace repair; HVAC installation; electrical; indoor air quality; emergency service; generators,"Full-service heating, cooling, HVAC, electrical, indoor-air-quality, and emergency-service contractor serving Louisville and Kentuckiana.",https://www.jwaters.com/,,https://www.facebook.com/John-Waters-Inc-Heating-Cooling-and-Electric-921964837878163/,,https://www.jwaters.com/,John Waters official website,,,"Official site lists Louisville address, services, 24-hour emergency service, and electrical/HVAC licenses.",Home & Property Services,regulated_review,needs_research,geocode_before_public_pin;regulated_or_age_governed_service_review_required;source_url_and_address_manual_confirmation_required,john waters heating cooling electric|2315 watterson trail|louisville|ky,34.csv
Surprise Lily,1386 Bardstown Road,Louisville,KY,40204,USA,retail,women's boutique,women's clothing; accessories; jewelry; gifts; bath and body; seasonal color analysis; in-store pickup,"Louisville Highlands boutique selling women's clothing, accessories, jewelry, gifts, bath and body products, and seasonal collections.",https://shopsurpriselily.com/,https://www.instagram.com/surpriselilyboutique/,https://www.facebook.com/profile.php?id=100090431376267,https://www.tiktok.com/@surpriselilyboutique?lang=en,https://shopsurpriselily.com/,Surprise Lily official website,,,Official site lists Louisville storefront,Shopping & Retail,business,pending_review,geocode_before_public_pin;source_url_and_address_manual_confirmation_required,surprise lily|1386 bardstown road|louisville|ky,34.csv
Twisted Stylez Urban Beauty Salon,1956 Dallas Dr.,Baton Rouge,LA,70806,United States,beauty,locs and braids salon,"locs, braids, styling, urban beauty salon","Baton Rouge urban beauty salon specializing in locs, braids, and styling.",https://www.twistedstylez.com/,,https://www.facebook.com/Twistedstylez777/,,https://www.twistedstylez.com/,Twisted Stylez official website,,,Official site provides address and appointment phone.,Beauty & Personal Care,business,pending_review,geocode_before_public_pin;source_url_and_address_manual_confirmation_required,twisted stylez urban beauty salon|1956 dallas dr|baton rouge|la,46.csv
Vanessa’s African Hair Braiding,2110 O’Neal Lane,Baton Rouge,LA,70816,United States,beauty,hair braiding and loc maintenance,"cornrows, box braids, Senegalese twists, crochet, goddess braids, micro-braids, Fulani styles, weaves, loc maintenance, kids braiding","Appointment-based Baton Rouge braid shop offering protective braiding, extensions/weaves, loc maintenance, natural hair care, and children’s braiding.",https://vanessasafricanhairbraiding.com/,,https://www.facebook.com/p/Vanessas-african-hair-braiding-100082982424593/,,https://vanessasafricanhairbraiding.com/,Vanessa’s African Hair Braiding official website,family-owned,https://vanessasafricanhairbraiding.com/,Site states family-owned salon and identifies Vanessa as founder/stylist.,Beauty & Personal Care,business,needs_research,geocode_before_public_pin;ownership_evidence_manual_confirmation_required;source_url_and_address_manual_confirmation_required,vanessa s african hair braiding|2110 o neal lane|baton rouge|la,46.csv
Unique Care Learning Center LLC,420 N Acadian Thruway,Baton Rouge,LA,70806,United States,childcare,day care and early learning,"licensed day care, educational activities, child care, safe learning environment",Licensed Baton Rouge day care center offering fun and educational activities in a safe environment for children.,https://www.uniquecarelearningcenterllc.com/,,,,https://www.uniquecarelearningcenterllc.com/,Unique Care Learning Center LLC official website,,,Official site explicitly states licensed day care; open Monday–Friday 6:30am–6pm.,Children & Family,regulated_review,needs_research,geocode_before_public_pin;regulated_or_age_governed_service_review_required;source_url_and_address_manual_confirmation_required,unique care learning center llc|420 n acadian thruway|baton rouge|la,46.csv
L’Auberge Casino Hotel Baton Rouge,777 L'Auberge Avenue,Baton Rouge,LA,70820,United States,nightlife,"casino hotel, dining and entertainment","casino, sportsbook, entertainment, dining, hotel accommodations, events","Baton Rouge casino hotel offering gaming, sportsbook, entertainment, dining, accommodations, and loyalty benefits.",https://www.lbatonrouge.com/,,,,https://www.lbatonrouge.com/,L’Auberge Casino Hotel Baton Rouge official website,,,Official site lists address and gaming/hospitality services; regulated gaming venue.,Food & Drink,business,pending_review,geocode_before_public_pin;source_url_and_address_manual_confirmation_required,l auberge casino hotel baton rouge|777 l auberge avenue|baton rouge|la,46.csv
Tre's Street Kitchen,201 Community College Drive,Baton Rouge,LA,70806,United States,food,restaurant and catering,"Midwestern cuisine, Southern soul, burgers, Cajun Alfredo, event catering, delivery, food truck, meal services, BBQ sauce","Award-winning Baton Rouge-headquartered food service company serving campus dining, event and corporate/government meals, mobile/disaster-relief catering, and retail BBQ sauce.",https://www.tresstreetkitchen.com/,https://www.instagram.com/tresstreetkitchen/?hl=en,https://www.facebook.com/Tresstreetkitchen/,,https://www.tresstreetkitchen.com/,Tre's Street Kitchen official website,,,Official site lists BRCC location; hours Monday–Thursday 8am–2pm.,Food & Drink,business,pending_review,geocode_before_public_pin;source_url_and_address_manual_confirmation_required,tre s street kitchen|201 community college drive|baton rouge|la,46.csv
Open Health Care Clinic,9516 Airline Hwy,Baton Rouge,LA,70815,United States,health,community health clinic,"adult primary care, pediatric primary care, dental care, behavioral health, gynecologic care, sexual wellness, diabetes management, podiatry, social services, PrEP","Federally Qualified Health Center offering affordable medical, dental, and behavioral healthcare regardless of insurance or income, with primary and specialized care.",https://www.ohcc.org/,http://instagram.com/openhealth,http://www.facebook.com/OpenHealthCareClinic,,https://www.ohcc.org/,Open Health Care Clinic official website,Federally Qualified Health Center (FQHC),https://www.ohcc.org/,Site states community mission and sliding fee scale; regulated healthcare provider.,Health & Wellness,regulated_review,needs_research,geocode_before_public_pin;ownership_evidence_manual_confirmation_required;regulated_or_age_governed_service_review_required;source_url_and_address_manual_confirmation_required,open health care clinic|9516 airline hwy|baton rouge|la,46.csv
AccuTemp,2027 N Harco Dr,Baton Rouge,LA,70815,United States,home trades,"HVAC, electrical, plumbing and drains","air conditioning repair, heating repair, HVAC maintenance, electrical repairs, wiring, generators, plumbing, drain cleaning, sewer and water lines","Residential and commercial HVAC, electrical, plumbing, generator, and drain-services company serving Baton Rouge and surrounding Louisiana communities.",https://www.accutempbr.com/,https://www.instagram.com/accutempbr/?hl=en,https://www.facebook.com/AccuTempBR/,,https://www.accutempbr.com/,AccuTemp official website,,,Official site lists Baton Rouge Harco location and Louisiana plumbing licenses #LMP 15803 and #LMNGF 15915.,Home & Property Services,regulated_review,needs_research,geocode_before_public_pin;regulated_or_age_governed_service_review_required;source_url_and_address_manual_confirmation_required,accutemp|2027 n harco dr|baton rouge|la,46.csv
"Southern Air Heating, Cooling & Plumbing",11999 Industriplex Blvd,Baton Rouge,LA,70809,United States,home trades,"HVAC, plumbing and electrical","AC installation, AC repair, AC maintenance, indoor air quality, heater maintenance, furnace repair, plumbing, drain cleaning, electrical repairs, generators","Baton Rouge home-services company providing air conditioning, heating, plumbing, and electrical services, including repairs, maintenance, installations, and generators.",https://www.southernairbr.com/locations/baton-rouge-la-home-services/,https://www.instagram.com/southernair_batonrouge,https://www.facebook.com/SouthernAirBatonRouge/,,https://www.southernairbr.com/locations/baton-rouge-la-home-services/,Southern Air official Baton Rouge location page,,,Official page states licensed technicians and lists HVAC/electrical license 67907 and plumbing license LMP15365.,Home & Property Services,regulated_review,needs_research,geocode_before_public_pin;regulated_or_age_governed_service_review_required;source_url_and_address_manual_confirmation_required,southern air heating cooling plumbing|11999 industriplex blvd|baton rouge|la,46.csv
August Baton Rouge,7425 Corporate Blvd #835,Baton Rouge,LA,70809,United States,retail,women’s clothing boutique,"women’s clothing, dresses, jumpsuits, tops, blouses, bottoms, shoes, accessories, special occasion fashion","High-quality, timeless women’s clothing boutique with an in-person Baton Rouge storefront and online shopping.",https://augustbatonrouge.com/,https://www.instagram.com/augustbatonrouge/,https://www.facebook.com/profile.php?id=100064125091760,,https://augustbatonrouge.com/,August Baton Rouge official website,,,Official site states 25 years of styling and lists storefront hours Monday–Saturday 10am–6pm.,Shopping & Retail,business,pending_review,geocode_before_public_pin;source_url_and_address_manual_confirmation_required,august baton rouge|7425 corporate blvd 835|baton rouge|la,46.csv
Love Boutique Baton Rouge,7474 Corporate Blvd Ste 301,Baton Rouge,LA,70809,United States,retail,women’s clothing boutique,"women’s clothing, dresses, tops, blouses, denim, bottoms, jumpsuits, outerwear, shoes, accessories","Contemporary women’s clothing boutique offering fashion-forward clothing, shoes, and accessories in-store and online.",https://www.lovebatonrouge.com/,https://www.instagram.com/lovebatonrouge/?hl=en,https://www.facebook.com/p/Love-Boutique-100083448533177/,,https://www.lovebatonrouge.com/,Love Boutique Baton Rouge official website,,,Official site lists storefront and Monday–Saturday 10am–6pm hours.,Shopping & Retail,business,pending_review,geocode_before_public_pin;source_url_and_address_manual_confirmation_required,love boutique baton rouge|7474 corporate blvd ste 301|baton rouge|la,46.csv
NOLABRAIDER Natural Hair Salon,"1995 Gentilly Blvd, Suite 200",New Orleans,LA,70119,USA,beauty,natural hair and braiding,box braids; knotless braids; Fulani braids; cornrows; crochet; loc extensions; loc retwist; protective styles; consultations,"Natural hair and braiding salon offering protective styles, loc services, consultations, and multiple stylists at its New Orleans location.",https://nolabraider.com/,https://www.instagram.com/nolabraider,https://www.facebook.com/1441299246137475,https://www.tiktok.com/@nolabraider,https://nolabraider.com/,NOLABRAIDER official website,Owner: Amber Ward,https://nolabraider.com/,Official site self-states Amber Ward is owner and gives New Orleans location.,Beauty & Personal Care,business,needs_research,geocode_before_public_pin;ownership_evidence_manual_confirmation_required;source_url_and_address_manual_confirmation_required,nolabraider natural hair salon|1995 gentilly blvd suite 200|new orleans|la,08.csv
The Love Center Day Care Learning Center Academy,2733 Bienville St,New Orleans,LA,70119,USA,childcare,licensed daycare and early learning,24-hour daycare; infant care; toddler care; preschool; early learning; ages 6 weeks to 12 years,"Louisiana-licensed Class A childcare and learning center offering flexible 24-hour care, infant and toddler programs, and early learning for children from 6 weeks through 12 years.",http://www.lovecenterchildcare.com/,https://www.instagram.com/24hourlovecenter/,https://www.facebook.com/24hourlovecenter,,http://www.lovecenterchildcare.com/,The Love Center official website,,,Official site states Class A center licensed by State of Louisiana; address appears in official site contact/footer pages.,Children & Family,regulated_review,needs_research,geocode_before_public_pin;regulated_or_age_governed_service_review_required;source_url_and_address_manual_confirmation_required,the love center day care learning center academy|2733 bienville st|new orleans|la,08.csv
Dooky Chase's Restaurant,2301 Orleans Avenue,New Orleans,LA,70119,USA,food,Creole restaurant,authentic Creole cuisine; lunch; dinner; reservations; private parties; catering,"Historic Treme family restaurant serving authentic Creole cuisine, lunch and dinner, reservations, and private parties.",https://www.dookychaserestaurants.com/,https://www.instagram.com/dookychaserestaurant/,https://www.facebook.com/Dookychaserestaurant/,,https://www.dookychaserestaurants.com/,Dooky Chase's official website,Family owned and operated,https://www.dookychaserestaurants.com/,Official site explicitly states restaurant remains family owned and operated and lists address/hours.,Food & Drink,business,needs_research,geocode_before_public_pin;ownership_evidence_manual_confirmation_required;source_url_and_address_manual_confirmation_required,dooky chase s restaurant|2301 orleans avenue|new orleans|la,08.csv
Element79 NOLA,1359 St. Bernard Avenue,New Orleans,LA,70116,USA,nightlife,lounge and cocktails,upscale lounge; cocktails; happy hour; DJs; hip-hop; house music; VIP booths; nightlife,"Upscale New Orleans lounge offering curated cocktails, happy hour, DJs, and VIP experiences Thursday through Saturday.",https://element79nola.com/,https://www.instagram.com/element79nola/,https://www.facebook.com/profile.php?id=61574969596295,,https://element79nola.com/,Element79 NOLA official website,,,"Official site lists New Orleans address, hours, and nightlife services.",Food & Drink,business,pending_review,geocode_before_public_pin;source_url_and_address_manual_confirmation_required,element79 nola|1359 st bernard avenue|new orleans|la,08.csv
Heard Dat Kitchen,2520 Felicity St,New Orleans,LA,70113,USA,food,restaurant,New Orleans cuisine; Cajun; Creole; seafood; catering; outdoor dining; delivery,"Neighborhood restaurant serving New Orleans comfort food and local cuisine, with reservations, catering, outdoor seating, and delivery.",https://www.hearddatkitchen.com/,https://www.instagram.com/_hearddat_/,https://www.facebook.com/profile.php?id=100063583208190,,https://www.hearddatkitchen.com/,Heard Dat Kitchen official website,,,Official site states Chef Jeffery Heard founded the restaurant in 2015 and lists current hours/address.,Food & Drink,business,pending_review,geocode_before_public_pin;source_url_and_address_manual_confirmation_required,heard dat kitchen|2520 felicity st|new orleans|la,08.csv
DePaul Community Health Center - Central City,"1300 Oretha Castle Haley Blvd, Suite B",New Orleans,LA,70113,USA,health,community health center,primary care; preventive care; pediatric; dental; behavioral health; eye care; pharmacy; OB-GYN; telehealth; Medicaid enrollment,"Community health center providing primary and preventive care plus dental, behavioral health, pharmacy, pediatric, OB-GYN, and other services.",https://www.depaulcommunityhealthcenters.org/,https://www.instagram.com/depaulcommunityhealthcenters/,https://www.facebook.com/DePaulCommunityHealthCenters,,https://www.depaulcommunityhealthcenters.org/,DePaul Community Health Centers official website,,,Official location directory lists Central City address and services; organization says it serves communities.,Health & Wellness,regulated_review,needs_research,geocode_before_public_pin;regulated_or_age_governed_service_review_required;source_url_and_address_manual_confirmation_required,depaul community health center central city|1300 oretha castle haley blvd suite b|new orleans|la,08.csv
South Broad Community Health Center,3300 South Broad St,New Orleans,LA,70125,USA,health,federally qualified community health center,adult primary care; pediatrics; immunizations; maternal childcare; LGBTQ+ care; HIV/STI testing; behavioral health; medication-assisted treatment; health coaching,"Central New Orleans community clinic serving underserved and uninsured residents with primary, pediatric, behavioral, maternal, and preventive care on a sliding fee scale.",https://accesshealthla.org/location/south-broad-new-orleans/,https://www.instagram.com/accesshealthla/,https://www.facebook.com/AccessHealthLA/,,https://accesshealthla.org/location/south-broad-new-orleans/,Access Health Louisiana official clinic page,,,Official page states clinic never turns patients away for inability to pay and lists address/services.,Health & Wellness,regulated_review,needs_research,geocode_before_public_pin;regulated_or_age_governed_service_review_required;source_url_and_address_manual_confirmation_required,south broad community health center|3300 south broad st|new orleans|la,08.csv
The Bizer Law Firm,3319 St. Claude Avenue,New Orleans,LA,70117,USA,law,civil rights and personal injury,civil rights; ADA litigation; disability access; Fair Housing Act; personal injury; insurance claims; ASL interpreters,"Civil-rights law firm focused on access for people with disabilities and minority groups, also handling personal injury and insurance cases.",https://www.bizerlaw.com/,,https://www.facebook.com/BizerandDeReus/,,https://www.bizerlaw.com/,The Bizer Law Firm official website,,,Official site states firm was founded in New Orleans in 2008 and lists Louisiana-admitted attorney Andrew Bizer.,Legal & Government Services,regulated_review,needs_research,geocode_before_public_pin;regulated_or_age_governed_service_review_required;source_url_and_address_manual_confirmation_required,the bizer law firm|3319 st claude avenue|new orleans|la,08.csv
The Good Shop New Orleans,1114 Josephine Street,New Orleans,LA,70130,USA,retail,ethical gifts and local makers,ethical gifts; local makers; eco-friendly products; locally made goods; books; clothing; candles; gift cards,"Collaborative local shop featuring ethical gifts and products by local makers, including goods that support community and environmental causes.",https://thegoodshopnola.square.site/,https://www.instagram.com/_thegoodshop_/,https://www.facebook.com/thegoodshopneworleans/,,https://thegoodshopnola.square.site/,The Good Shop official online store,,,"Official store lists physical address, hours, local makers, and donations to social/environmental causes.",Shopping & Retail,business,pending_review,geocode_before_public_pin;source_url_and_address_manual_confirmation_required,the good shop new orleans|1114 josephine street|new orleans|la,08.csv
Beautiful People Hair Salon,4438 Youree Dr Unit C,Shreveport,LA,71105,USA,beauty,hair salon,hair color; haircuts; curly cuts; highlights; creative color; dreadlocks; extensions; appointments,"Welcoming salon offering hair color, haircuts and curly cuts, highlights and creative color, dreadlocks and extensions.",https://www.beautifulpeoplehairsalon.com/,https://www.instagram.com/beautifulpeoplehairsalon/,https://www.facebook.com/beautifulpeoplehairsalon/,,https://www.beautifulpeoplehairsalon.com/,Beautiful People Hair Salon,,,"Official site lists address, booking, services and social accounts.",Beauty & Personal Care,business,pending_review,geocode_before_public_pin;source_url_and_address_manual_confirmation_required,beautiful people hair salon|4438 youree dr unit c|shreveport|la,47.csv
Joseph Guin Barber,6018 Line Avenue,Shreveport,LA,71106,USA,beauty,barber,haircuts; grooming; toddler first cuts; event grooming; personal style; appointments,"Barbershop providing grooming and haircut services, including first cuts, event grooming and style refreshes.",https://www.josephguinbarber.com/,https://www.facebook.com/JosephGuinBarber/,,,https://www.josephguinbarber.com/,Joseph Guin Barber,,,"Official site lists Shreveport address, hours and services.",Beauty & Personal Care,business,pending_review,geocode_before_public_pin;source_url_and_address_manual_confirmation_required,joseph guin barber|6018 line avenue|shreveport|la,47.csv
Hodges & Wreyford LLC,920 Pierremont Dr. Ste 407,Shreveport,LA,71106,USA,finance,accounting and tax planning,tax planning; tax returns; deductions; IRS recordkeeping; withholding review; retirement contributions; tax-exempt income; consultations,"Accounting firm helping clients with tax planning, returns, recordkeeping, withholding, retirement contributions and tax strategies.",https://www.hfwcpa.com/taxplanning.php,,https://www.facebook.com/profile.php?id=61551327165754,,https://www.hfwcpa.com/taxplanning.php,Hodges & Wreyford LLC,,,Official site lists Shreveport office and detailed tax-planning services.,Financial & Business Services,regulated_review,needs_research,geocode_before_public_pin;regulated_or_age_governed_service_review_required;source_url_and_address_manual_confirmation_required,hodges wreyford llc|920 pierremont dr ste 407|shreveport|la,47.csv
WESLA Federal Credit Union,8650 Fern Avenue,Shreveport,LA,71105,USA,finance,credit union,member banking; mortgages; home loans; credit cards; lines of credit; personal loans; auto loans; mobile banking,"Community-rooted federal credit union offering member banking, mortgages, home loans, credit cards, personal loans, auto loans and mobile account access.",https://www.wesla.org/,,,,https://www.wesla.org/,WESLA Federal Credit Union,,,Official site lists Shreveport Auto Mall branch and products; no ownership identity inferred.,Financial & Business Services,regulated_review,needs_research,geocode_before_public_pin;regulated_or_age_governed_service_review_required;source_url_and_address_manual_confirmation_required,wesla federal credit union|8650 fern avenue|shreveport|la,47.csv
Bear's on Fairfield,1401 Fairfield Ave,Shreveport,LA,71101,USA,nightlife,neighborhood bar and live music venue,live music; karaoke; trivia; bingo; full bar; food; happy hour; private events,"Neighborhood bar with live music, karaoke, trivia, bingo, full bar service, food, late hours and private event hosting.",https://www.bearsfairfield.com/,https://instagram.com/bearsshreveport/,https://facebook.com/BearsShreveport/,,https://www.bearsfairfield.com/,Bear's on Fairfield,,,"Official site lists address, services, weekly events and social links.",Food & Drink,business,pending_review,geocode_before_public_pin;source_url_and_address_manual_confirmation_required,bear s on fairfield|1401 fairfield ave|shreveport|la,47.csv
Central Station,1025 Marshall St,Shreveport,LA,71101,USA,nightlife,alternative lifestyle bar and nightclub,nightclub; country bar; disco bar; lounge; event space; dancing; inclusive nightlife,"Alternative lifestyle bar and nightclub with country bar, disco bar, lounge and 1025 Show Bar event space; welcomes all individuals.",https://www.centralstationshreveport.com/,,https://www.facebook.com/CentralStationShreveport/,,https://www.centralstationshreveport.com/,Central Station,,,"Official site lists address, nightlife formats, operating hours and Facebook.",Food & Drink,business,pending_review,geocode_before_public_pin;source_url_and_address_manual_confirmation_required,central station|1025 marshall st|shreveport|la,47.csv
Fat Calf Brasserie,3030 Creswell Avenue,Shreveport,LA,71104,USA,food,French-Southern restaurant,French-inspired cuisine; Gulf South fare; craft cocktails; wine; catering; private events; chef's table,"Neighborhood restaurant serving French-inspired Southern fare with Gulf South influence, craft cocktails, wine, catering and private events.",https://www.fatcalfbrasserie.com/,https://instagram.com/fatcalfbrasserie/?hl=en,https://facebook.com/fatcalf318,,https://www.fatcalfbrasserie.com/,Fat Calf Brasserie,,,Official site states it is open Tue-Sat and gives Shreveport location.,Food & Drink,business,pending_review,geocode_before_public_pin;source_url_and_address_manual_confirmation_required,fat calf brasserie|3030 creswell avenue|shreveport|la,47.csv
Jan's River Restaurant,7675 W 70th Street,Shreveport,LA,71129,USA,food,seafood and homestyle restaurant,catfish; seafood platters; shrimp; chicken; steak; sandwiches; salads; kids menu; dine-in; carryout,"Local restaurant serving farm-raised catfish, seafood platters, shrimp, chicken, steak, homestyle food, dine-in and carryout.",https://www.janscatfish.com/,https://www.facebook.com/JansRiverRestaurant,,,https://www.janscatfish.com/,Jan's River Restaurant,,,Official site says serving since 1984 and lists current hours.,Food & Drink,business,pending_review,geocode_before_public_pin;source_url_and_address_manual_confirmation_required,jan s river restaurant|7675 w 70th street|shreveport|la,47.csv
Caddo Parish Health Unit,1035 Creswell Avenue,Shreveport,LA,71101,USA,health,public health unit,public health services; parish health unit; health department; appointments,Louisiana Department of Health parish health unit serving Shreveport residents.,https://ldh.la.gov/directory/caddo-parish-health-unit,,,,https://ldh.la.gov/directory/caddo-parish-health-unit,Louisiana Department of Health,,,Official state directory lists physical address and phone.,Health & Wellness,regulated_review,needs_research,geocode_before_public_pin;regulated_or_age_governed_service_review_required;source_url_and_address_manual_confirmation_required,caddo parish health unit|1035 creswell avenue|shreveport|la,47.csv
MLK Health Center & Pharmacy,865 Olive Street,Shreveport,LA,71104,USA,health,community health center and pharmacy,free healthcare; primary care; pharmacy; lab work; specialty care; diabetes education; nutrition counseling; women's health; mammograms,"Community health center providing no-cost primary care, pharmacy, lab work, specialty care, diabetes education, nutrition counseling and women's health services to uninsured and underinsured adults.",https://mlkhealth.org/,https://www.instagram.com/mlkhealthcenterpharmacy/,https://www.facebook.com/mlkhealth/,,https://mlkhealth.org/,MLK Health Center & Pharmacy,,,"Official site provides services, eligibility context, address and social links.",Health & Wellness,regulated_review,needs_research,geocode_before_public_pin;regulated_or_age_governed_service_review_required;source_url_and_address_manual_confirmation_required,mlk health center pharmacy|865 olive street|shreveport|la,47.csv
Mechanical Concepts,935 West 70th St.,Shreveport,LA,71106,USA,home trades,commercial and industrial HVAC,HVAC equipment; heating; ventilation; air conditioning; BAS/controls; service; parts; startup; maintenance; repair; warranty support,"Commercial and industrial HVAC representative providing equipment, BAS/controls, service, parts, startup, maintenance and repair.",https://www.mechanicalconceptsllc.com/,https://www.instagram.com/mechanicalconceptsllc,https://www.facebook.com/mechanicalconceptsllc/,,https://www.mechanicalconceptsllc.com/,Mechanical Concepts,,,"Official site lists Shreveport office, HVAC services and social links.",Home & Property Services,regulated_review,needs_research,geocode_before_public_pin;regulated_or_age_governed_service_review_required;source_url_and_address_manual_confirmation_required,mechanical concepts|935 west 70th st|shreveport|la,47.csv
"Mayer, Smith & Roberts, L.L.P.",8570 Business Park Drive Suite 200,Shreveport,LA,71105,USA,law,law firm,personal injury defense; insurance defense; professional liability defense; medical malpractice defense; commercial litigation; estate planning; wills,"Established Shreveport law firm representing individuals and businesses in defense litigation, commercial litigation and estate planning.",https://www.msrlaw.com/,,,,https://www.msrlaw.com/,"Mayer, Smith & Roberts, L.L.P.",,,Official site states attorneys serving Shreveport since 1929 and lists practice areas.,Legal & Government Services,regulated_review,needs_research,geocode_before_public_pin;regulated_or_age_governed_service_review_required;source_url_and_address_manual_confirmation_required,mayer smith roberts l l p|8570 business park drive suite 200|shreveport|la,47.csv
M. Boutique,"855 Pierremont Rd., Ste 128",Shreveport,LA,71106,USA,retail,women's lifestyle and fashion boutique,women's apparel; shoes; books; candles; accessories; décor; online shopping,"Lifestyle and fashion boutique offering women's apparel, shoes, books, candles, accessories, décor and online shopping.",https://www.mshreveport.com/,https://www.instagram.com/mshreveport/,https://www.facebook.com/mshreveport/,,https://www.visitshreveportbossier.org/listing/m-boutique/2351/,Visit Shreveport-Bossier,,,"Official destination listing supplies address, description and social link; listing links to boutique website.",Shopping & Retail,business,pending_review,geocode_before_public_pin;source_url_and_address_manual_confirmation_required,m boutique|855 pierremont rd ste 128|shreveport|la,47.csv
Visit Shreveport-Bossier,629 Spring St.,Shreveport,LA,71101,USA,travel,destination marketing and visitor services,visitor information; travel planning; visitor guide; maps; directions; recommendations; tourism; conventions; sports; film; festivals; events,"Official destination marketing organization offering visitor information, guides, maps, directions, recommendations and tourism, convention, sports, film and festival development.",https://www.visitshreveportbossier.org/,https://www.instagram.com/visitshreveportbossier/,https://www.facebook.com/VisitShreveportBossier,https://www.tiktok.com/@visitshreveportbossier,https://www.visitshreveportbossier.org/about-us/,Visit Shreveport-Bossier,,,Official site lists visitor center address and community-serving travel services.,Travel & Hospitality,business,pending_review,geocode_before_public_pin;source_url_and_address_manual_confirmation_required,visit shreveport bossier|629 spring st|shreveport|la,47.csv
Old Major,900 S. Carey Street,Baltimore,MD,21223,USA,nightlife,bar and event space,"tropical cocktails, small plates, full bar, live music, film screenings, art exhibits, karaoke, community events","Southwest Baltimore event space and bar specializing in tropical cocktails and small plates, with arts-focused events and a stated commitment to giving back to its neighborhood.",http://oldmajorbaltimore.com/,https://instagram.com/oldmajorbmore,https://www.facebook.com/OldMajorBaltimore,,http://oldmajorbaltimore.com/,Old Major official website,,,Official site states weekly youth nonprofit sponsorship and Thursday food giveaway.,Beauty & Personal Care,business,pending_review,geocode_before_public_pin;source_url_and_address_manual_confirmation_required,old major|900 s carey street|baltimore|md,09.csv
Oyin Handmade,"1812 Greenmount Ave., Suite 101",Baltimore,MD,21202,USA,beauty,natural hair and body care,"textured hair care, body care, natural ingredients, local pickup, hair products",Baltimore-made hair and body care brand for highly textured and melanin-rich customers; official site offers local order pickup at its Baltimore factory/showroom.,https://oyinhandmade.com/,https://instagram.com/oyinhandmade,https://www.facebook.com/oyinhandmade,https://www.tiktok.com/@oyinhandmade,https://oyinhandmade.com/pages/in-store-pickup,Oyin Handmade official website,,,Factory order pickup only; no inferred ownership designation.,Beauty & Personal Care,business,pending_review,geocode_before_public_pin;source_url_and_address_manual_confirmation_required,oyin handmade|1812 greenmount ave suite 101|baltimore|md,09.csv
Crust by Mack,"201 E Pratt St, 2nd Floor, Harbor Place Pratt St Pavilion",Baltimore,MD,21202,USA,food,bakery and catering,"pies, tarts, pastries, crab pies, sweet potato hand pies, catering","Baltimore bakery offering sweet and savory pies, tarts and pastries; official site lists its Downtown Baltimore location and appointment-based service.",https://www.crustbymack.com/,,,,https://www.crustbymack.com/,Crust by Mack official website,,,Official site says hours are by appointment only; acceptable as a local catering/bakery lead.,Food & Drink,business,pending_review,geocode_before_public_pin;source_url_and_address_manual_confirmation_required,crust by mack|201 e pratt st 2nd floor harbor place pratt st pavilion|baltimore|md,09.csv
Dear Charles,3215 N Charles Street,Baltimore,MD,21218,USA,food,neighborhood tavern,"American food, Mid-Atlantic menu, beverage program, brunch, reservations",Charles Village neighborhood tavern with elevated familiar Mid-Atlantic menu items and a beverage program; official site says it serves as a place for community gatherings.,https://www.dearcharles.com/,https://www.instagram.com/dearcharlesbaltimore/,https://www.facebook.com/dearcharlesbaltimore/,,https://www.dearcharles.com/,Dear Charles official website,,,"Address appears in official-site search listing; official page confirms concept, food and social links.",Food & Drink,business,pending_review,geocode_before_public_pin;source_url_and_address_manual_confirmation_required,dear charles|3215 n charles street|baltimore|md,09.csv
Mera Kitchen Collective,1301 North Calvert Street,Baltimore,MD,21202,USA,food,restaurant and bar,"lunch, dinner, brunch, happy hour, take-out, catering, community events","Baltimore-based worker cooperative serving story-worthy food from chefs from around the world; offers dine-in, take-out, bar service, catering and community events.",https://www.mera.kitchen/,https://instagram.com/merakitchencollective,https://www.facebook.com/merakitchencollective/,,https://www.mera.kitchen/,Mera Kitchen Collective official website,worker cooperative; collective,https://www.mera.kitchen/,Official site states restaurant is open and describes cooperative model and community meal work.,Food & Drink,business,needs_research,geocode_before_public_pin;ownership_evidence_manual_confirmation_required;source_url_and_address_manual_confirmation_required,mera kitchen collective|1301 north calvert street|baltimore|md,09.csv
Taharka Brothers Ice Cream,301 W 29th St,Baltimore,MD,21211,USA,food,ice cream shop,"small-batch ice cream, scoop shop, home delivery, events, corporate gifting","Baltimore-made small-batch ice cream company with a Baltimore scoop shop, delivery, event service and corporate gifting; official site describes a social mission employing young adults from Baltimore neighborhoods.",https://taharkabrothers.com/,http://instagram.com/taharkabros,https://www.facebook.com/TaharkaBros,,https://taharkabrothers.com/,Taharka Brothers official website,,,R. House scoop shop location selected; official site lists additional Baltimore locations.,Food & Drink,business,pending_review,geocode_before_public_pin;source_url_and_address_manual_confirmation_required,taharka brothers ice cream|301 w 29th st|baltimore|md,09.csv
Total Health Care South Baltimore Health Center,3540 South Hanover Street,Baltimore,MD,21225,USA,health,federally qualified health center,"adult primary care, pediatrics, women’s health, men’s health, dental, immediate care, behavioral health, pharmacy, substance use treatment","Federally Qualified Health Center serving Greater Baltimore communities with primary and pediatric care, dental, behavioral health, pharmacy and other support services regardless of ability to pay.",https://totalhealthcare.org/,,,,https://totalhealthcare.org/,Total Health Care official website,Federally Qualified Health Center; nonprofit health center designation not separately inferred,https://totalhealthcare.org/,Official site identifies FQHC status and South Baltimore address.,Health & Wellness,regulated_review,needs_research,geocode_before_public_pin;ownership_evidence_manual_confirmation_required;regulated_or_age_governed_service_review_required;source_url_and_address_manual_confirmation_required,total health care south baltimore health center|3540 south hanover street|baltimore|md,09.csv
KSM Candle Co.,"3600 Clipper Mill Rd, Suite 123",Baltimore,MD,21211,USA,retail,candles and home fragrance,"soy candles, room spray, incense, diffusers, candle-making workshop, craft kits","Baltimore shop selling soy candles, room sprays, incense and diffusers, with candle-making workshops and creative DIY kits.",https://www.ksmcandleco.net/,https://instagram.com/ksmcandleco,https://www.facebook.com/ksmcandleco,,https://www.ksmcandleco.net/,KSM Candle Co. official website,,,Official site lists weekend store hours and workshop booking.,Home & Property Services,business,pending_review,geocode_before_public_pin;source_url_and_address_manual_confirmation_required,ksm candle co|3600 clipper mill rd suite 123|baltimore|md,09.csv
Three Sixty,2915 O’Donnell St #2,Baltimore,MD,21224,USA,retail,women’s fashion boutique,"women’s clothing, dresses, tops, jeans, handbags, accessories, gift cards","Curated women’s fashion boutique offering apparel, accessories and new collections in-store and online.",https://storethreesixty.com/,https://www.instagram.com/store_threesixty/,,https://www.tiktok.com/@storethreesixty,https://storethreesixty.com/,Three Sixty official website,Latina-owned,https://storethreesixty.com/,Ownership is explicitly self-stated on official homepage.,Shopping & Retail,business,needs_research,geocode_before_public_pin;ownership_evidence_manual_confirmation_required;source_url_and_address_manual_confirmation_required,three sixty|2915 o donnell st 2|baltimore|md,09.csv
Textures by Nefertiti,6525 Woodward Ave,Detroit,MI,48202,USA,beauty,natural hair and spa,braids; locs; twists; cuts; natural hair care; reiki; yoga; meditation; energy balancing,Natural hair salon and spa combining hair care with reiki yoga energy balancing and meditation,https://www.texturesbynef.com/,,https://www.instagram.com/texturesbynefertiti/,,https://www.citybirddetroit.com/blogs/news/black-owned-businesses-collection-1,City Bird Detroit,Black-owned,https://www.citybirddetroit.com/blogs/news/black-owned-businesses-collection-1,City Bird identifies the collection as Black-owned and names owner Nefertiti Harris.,Beauty & Personal Care,business,needs_research,geocode_before_public_pin;ownership_evidence_manual_confirmation_required;source_url_and_address_manual_confirmation_required,textures by nefertiti|6525 woodward ave|detroit|mi,10.csv
Baobab Fare,6568 Woodward Ave Suite 100,Detroit,MI,48202,USA,food,restaurant,East African food; Burundian cuisine; market; meals,East African-inspired restaurant and market founded by Hamissi Mamba and Nadia Nijimbere,https://www.baobabfare.com/,,https://www.instagram.com/baobabfare/,,https://www.citybirddetroit.com/blogs/news/black-owned-businesses-collection-1,City Bird Detroit,Black-owned,https://www.citybirddetroit.com/blogs/news/black-owned-businesses-collection-1,City Bird describes the husband-and-wife founders as immigrants from Burundi and identifies the collection as Black-owned.,Food & Drink,business,needs_research,geocode_before_public_pin;ownership_evidence_manual_confirmation_required;source_url_and_address_manual_confirmation_required,baobab fare|6568 woodward ave suite 100|detroit|mi,10.csv
Garden Theater,3929 Woodward Ave,Detroit,MI,48201,USA,nightlife,entertainment venue,concerts; weddings; parties; corporate events; film premieres; sporting events,Historic renovated venue for concerts weddings parties premieres and other events,https://www.thegardendetroit.com/,,https://www.instagram.com/gardentheaterdetroit/,,https://www.citybirddetroit.com/blogs/news/black-owned-businesses-collection-1,City Bird Detroit,Black-owned,https://www.citybirddetroit.com/blogs/news/black-owned-businesses-collection-1,City Bird identifies the collection as Black-owned and names developers George Stewart and Michael Byrd.,Food & Drink,business,needs_research,geocode_before_public_pin;ownership_evidence_manual_confirmation_required;source_url_and_address_manual_confirmation_required,garden theater|3929 woodward ave|detroit|mi,10.csv
Ima Midtown,4870 Cass Ave,Detroit,MI,48201,USA,food,restaurant,ramen; pho; Japanese noodles; rice bowls; vegan options; spirits,Japanese-style noodles pho ramen and rice bowls from chef and owner Mike Ransom,https://imanoodles.com/,,https://www.instagram.com/imanoodles/,,https://www.citybirddetroit.com/blogs/news/black-owned-businesses-collection-1,City Bird Detroit,Black-owned,https://www.citybirddetroit.com/blogs/news/black-owned-businesses-collection-1,City Bird identifies the collection as Black-owned and names chef-owner Mike Ransom.,Food & Drink,business,needs_research,geocode_before_public_pin;ownership_evidence_manual_confirmation_required;source_url_and_address_manual_confirmation_required,ima midtown|4870 cass ave|detroit|mi,10.csv
Shell Shock'd Tacos,418 W Willis St,Detroit,MI,48201,USA,food,restaurant,tacos; Latin-inspired street food; birria nachos; wings; krunch wraps,Detroit-founded eatery serving Latin-inspired street foods including tacos wings and birria nachos,https://www.shellshockdtacos.com/,,https://www.instagram.com/shellshockdtacos/,,https://www.citybirddetroit.com/blogs/news/black-owned-businesses-collection-1,City Bird Detroit,Black-owned,https://www.citybirddetroit.com/blogs/news/black-owned-businesses-collection-1,City Bird identifies the collection as Black-owned and names founders Cedric Andrews and Margo Moon.,Food & Drink,business,needs_research,geocode_before_public_pin;ownership_evidence_manual_confirmation_required;source_url_and_address_manual_confirmation_required,shell shock d tacos|418 w willis st|detroit|mi,10.csv
SuperCrisp,4830 Cass Ave Suite C,Detroit,MI,48201,USA,food,fast casual,Japanese-inspired fast food; karaage chicken; tofu sandwiches; fusion food,Casual eatery serving Japanese-inspired fast food and fusion comfort food,https://www.supercrisp.com/,,https://www.instagram.com/eatsupercrisp/,,https://www.citybirddetroit.com/blogs/news/black-owned-businesses-collection-1,City Bird Detroit,Black-owned,https://www.citybirddetroit.com/blogs/news/black-owned-businesses-collection-1,City Bird identifies the collection as Black-owned and links it to chef Mike Ransom.,Food & Drink,business,needs_research,geocode_before_public_pin;ownership_evidence_manual_confirmation_required;source_url_and_address_manual_confirmation_required,supercrisp|4830 cass ave suite c|detroit|mi,10.csv
The Block,3919 Woodward Ave,Detroit,MI,48201,USA,food,gastropub,global-inspired dishes; contemporary flavors; restaurant; bar,Family restaurant and destination gastropub with global-inspired dishes,https://www.theblockdet.com/,,https://www.instagram.com/theblockdetroit/,,https://www.citybirddetroit.com/blogs/news/black-owned-businesses-collection-1,City Bird Detroit,Black-owned,https://www.citybirddetroit.com/blogs/news/black-owned-businesses-collection-1,City Bird identifies the collection as Black-owned and names co-owner Stephanie Byrd.,Food & Drink,business,needs_research,geocode_before_public_pin;ownership_evidence_manual_confirmation_required;source_url_and_address_manual_confirmation_required,the block|3919 woodward ave|detroit|mi,10.csv
The Griot,66 E Forest Ave,Detroit,MI,48201,USA,nightlife,music lounge,vinyl; listening lounge; cocktails; bar; live music; chef pop-ups,Intimate listening lounge and bar with vinyl music cocktails and local-chef pop-ups,http://www.griotdetroit.com/story,,https://www.instagram.com/griotmusiclounge/,,https://www.citybirddetroit.com/blogs/news/black-owned-businesses-collection-1,City Bird Detroit,Black-owned,https://www.citybirddetroit.com/blogs/news/black-owned-businesses-collection-1,City Bird identifies the collection as Black-owned and names founders Karen Addison Scott Boswell and Jonathan Taylor.,Food & Drink,business,needs_research,geocode_before_public_pin;ownership_evidence_manual_confirmation_required;source_url_and_address_manual_confirmation_required,the griot|66 e forest ave|detroit|mi,10.csv
The Kitchen by Cooking With Que,6529 Woodward Ave Suite A,Detroit,MI,48202,USA,food,culinary education,demonstration kitchen; shared culinary space; cooking classes; tastings; meals,Demonstration kitchen and shared culinary space offering meals tastings and cooking demonstrations/classes,https://www.thekitchenbycwq.com/,,https://www.instagram.com/thekitchenbycwq/,,https://www.citybirddetroit.com/blogs/news/black-owned-businesses-collection-1,City Bird Detroit,Black-owned,https://www.citybirddetroit.com/blogs/news/black-owned-businesses-collection-1,City Bird identifies the collection as Black-owned and names founder Quiana Que Broden.,Food & Drink,business,needs_research,geocode_before_public_pin;ownership_evidence_manual_confirmation_required;source_url_and_address_manual_confirmation_required,the kitchen by cooking with que|6529 woodward ave suite a|detroit|mi,10.csv
Art Loft,4160 Cass Ave,Detroit,MI,48201,USA,retail,boutique,clothing; accessories; jewelry; shoes; kitchenware; linens; housewares,Quirky boutique curating clothing accessories housewares and goods from local and international artists,https://artloftdetroit.com/,,https://www.instagram.com/artloftdetroit/,,https://www.citybirddetroit.com/blogs/news/black-owned-businesses-collection-1,City Bird Detroit,Black-owned,https://www.citybirddetroit.com/blogs/news/black-owned-businesses-collection-1,City Bird identifies it as Black-owned and names owner Rachael Adadevoh-Woods.,Shopping & Retail,business,needs_research,geocode_before_public_pin;ownership_evidence_manual_confirmation_required;source_url_and_address_manual_confirmation_required,art loft|4160 cass ave|detroit|mi,10.csv
Bleu Bowtique,4159 Cass Ave,Detroit,MI,48201,USA,retail,accessories,bow ties; neck ties; cuff links; pocket squares; lapel pins; custom services,Menswear accessories shop offering upscale neckwear and bespoke custom services,https://bleubowtique.com/,,https://www.instagram.com/bleubowtique/,,https://www.citybirddetroit.com/blogs/news/black-owned-businesses-collection-1,City Bird Detroit,Black-owned,https://www.citybirddetroit.com/blogs/news/black-owned-businesses-collection-1,City Bird identifies it as Black-owned and names founder Ne'Gyle Beaman.,Shopping & Retail,business,needs_research,geocode_before_public_pin;ownership_evidence_manual_confirmation_required;source_url_and_address_manual_confirmation_required,bleu bowtique|4159 cass ave|detroit|mi,10.csv
Flo Boutique,404 W Willis St,Detroit,MI,48201,USA,retail,boutique,men's clothing; women's clothing; accessories; apparel,Eclectic Midtown boutique specializing in men's and women's clothing and accessories,https://floboutiquedetroit.com/,,https://www.instagram.com/floboutique/,,https://www.citybirddetroit.com/blogs/news/black-owned-businesses-collection-1,City Bird Detroit,Black-owned,https://www.citybirddetroit.com/blogs/news/black-owned-businesses-collection-1,City Bird identifies it as Black-owned and names owner Felicia Williams-Patrick.,Shopping & Retail,business,needs_research,geocode_before_public_pin;ownership_evidence_manual_confirmation_required;source_url_and_address_manual_confirmation_required,flo boutique|404 w willis st|detroit|mi,10.csv
K. Walker Collective,4161 Cass Ave,Detroit,MI,48201,USA,retail,clothing,business casual; high streetwear; comfort wear; accessories; menswear,Luxury clothing and accessory storefront serving professionals and creatives,https://www.kwalker.co/,,https://www.instagram.com/thekwalkerstore/,,https://www.citybirddetroit.com/blogs/news/black-owned-businesses-collection-1,City Bird Detroit,Black-owned,https://www.citybirddetroit.com/blogs/news/black-owned-businesses-collection-1,City Bird identifies the collection as Black-owned and names founder Ken Walker.,Shopping & Retail,business,needs_research,geocode_before_public_pin;ownership_evidence_manual_confirmation_required;source_url_and_address_manual_confirmation_required,k walker collective|4161 cass ave|detroit|mi,10.csv
Mature,3011 W Grand Blvd Suite 116,Detroit,MI,48202,USA,retail,menswear,menswear; accessories; styling; wedding consultations; travel wear; nightlife wear,Lifestyle clothier specializing in timeless menswear accessories custom styling and wedding consultations,https://www.maturelook.com/,,https://www.instagram.com/maturelook/,,https://www.citybirddetroit.com/blogs/news/black-owned-businesses-collection-1,City Bird Detroit,Black-owned,https://www.citybirddetroit.com/blogs/news/black-owned-businesses-collection-1,City Bird identifies the collection as Black-owned and names brothers Darryl and DeKoven Humes.,Shopping & Retail,business,needs_research,geocode_before_public_pin;ownership_evidence_manual_confirmation_required;source_url_and_address_manual_confirmation_required,mature|3011 w grand blvd suite 116|detroit|mi,10.csv
N'Namdi Center for Contemporary Art,52 E Forest Ave,Detroit,MI,48201,USA,retail,art gallery,contemporary art; abstract art; African American art; exhibitions; education,Contemporary art center showcasing national and emerging local artists with an African American art collection,http://nnamdicenter.org/,,https://www.instagram.com/nnamdicenter/,,https://www.citybirddetroit.com/blogs/news/black-owned-businesses-collection-1,City Bird Detroit,Black-owned,https://www.citybirddetroit.com/blogs/news/black-owned-businesses-collection-1,City Bird identifies the collection as Black-owned and names founder George N'Namdi.,Shopping & Retail,business,needs_research,geocode_before_public_pin;ownership_evidence_manual_confirmation_required;source_url_and_address_manual_confirmation_required,n namdi center for contemporary art|52 e forest ave|detroit|mi,10.csv
Source Booksellers,4240 Cass Ave Suite 105,Detroit,MI,48201,USA,retail,bookstore,books; fiction; nonfiction; history; culture; metaphysics; readings; book signings,Neighborhood bookstore curating books and lifestyle items with readings signings and literary events,http://www.sourcebooksellers.com/,,https://www.instagram.com/sourcebooksellers/,,https://www.citybirddetroit.com/blogs/news/black-owned-businesses-collection-1,City Bird Detroit,Black-owned,https://www.citybirddetroit.com/blogs/news/black-owned-businesses-collection-1,City Bird identifies the collection as Black-owned and names proprietor Janet Webster Jones.,Shopping & Retail,business,needs_research,geocode_before_public_pin;ownership_evidence_manual_confirmation_required;source_url_and_address_manual_confirmation_required,source booksellers|4240 cass ave suite 105|detroit|mi,10.csv
YMCA Early Childhood Learning Center at the University of Minnesota,326 16th Ave SE,Minneapolis,MN,55455,USA,childcare,early childhood learning center,full-day childcare; infant care; toddler care; preschool; pre-kindergarten; scholarships; STEM; playground,"YMCA early-childhood center offering full-day care and education for infants, toddlers, preschoolers, and pre-kindergarten children, with enrichment and need-based scholarships.",https://www.ymcanorth.org/eclc/locations/ymca-early-childhood-learning-center,,,,https://www.ymcanorth.org/eclc/locations/ymca-early-childhood-learning-center,YMCA of the North official website,,,"Official page lists Minneapolis address, hours, age ranges, and services.",Children & Family,regulated_review,needs_research,geocode_before_public_pin;regulated_or_age_governed_service_review_required;source_url_and_address_manual_confirmation_required,ymca early childhood learning center at the university of minnesota|326 16th ave se|minneapolis|mn,25.csv
Northwestern Mutual Minneapolis Office,"225 S 6th St, Suite 4500",Minneapolis,MN,55402,USA,finance,financial planning and investment advisory office,financial planning; investment management; retirement planning; insurance; wealth management,Minneapolis financial-advisor office providing financial-planning and wealth-management services through Northwestern Mutual advisors.,https://www.northwesternmutual.com/office/mn/minneapolis/20692005/,,,,https://www.northwesternmutual.com/office/mn/minneapolis/20692005/,Northwestern Mutual official website,,,Verify advisor credentials and services directly; source lists office address and phone.,Financial & Business Services,regulated_review,needs_research,geocode_before_public_pin;regulated_or_age_governed_service_review_required;source_url_and_address_manual_confirmation_required,northwestern mutual minneapolis office|225 s 6th st suite 4500|minneapolis|mn,25.csv
331 Club,331 13th Ave NE,Minneapolis,MN,,USA,nightlife,live music club and bar,live music; bar; pizza; events; private bookings; happy hour,"Northeast Minneapolis live-music club and bar with recurring shows, events, pizza, happy hour, and private booking contact.",https://331club.com/,https://www.instagram.com/331_club,https://www.facebook.com/331-Club-33006587705/,,https://331club.com/,331 Club official website,,,"Official site lists address, hours, menu, events, and social links. Postal code not stated on official page.",Food & Drink,business,pending_review,geocode_before_public_pin;source_url_and_address_manual_confirmation_required,331 club|331 13th ave ne|minneapolis|mn,25.csv
First Avenue,701 First Avenue North,Minneapolis,MN,55403-1327,USA,nightlife,independent live music club,live music; concerts; entertainment; venue tours; private events; ticketing,"Historic Minneapolis music club and entertainment venue hosting concerts, venue tours, and private events.",https://first-avenue.com/,http://instagram.com/firstavenue,http://facebook.com/firstavenue,,https://first-avenue.com/venue/first-avenue/,First Avenue official website,Independently owned and operated club,https://first-avenue.com/venue/first-avenue/,Official venue page explicitly describes First Avenue as independently owned and operated.,Food & Drink,business,needs_research,geocode_before_public_pin;ownership_evidence_manual_confirmation_required;source_url_and_address_manual_confirmation_required,first avenue|701 first avenue north|minneapolis|mn,25.csv
Lions Den Cafe,2010 Fremont Ave N,Minneapolis,MN,55411,USA,food,soul food restaurant,soul food; dine-in; online ordering; delivery,"Soul food cafe serving hearty meals with dine-in, online ordering, delivery, and a community-oriented welcoming vibe.",https://lionsdensoulfood.com/,,,,https://lionsdensoulfood.com/,Lions Den Cafe official website,,,Official site says located at this Minneapolis address and offers delivery; verify current opening hours before visit.,Food & Drink,business,pending_review,geocode_before_public_pin;source_url_and_address_manual_confirmation_required,lions den cafe|2010 fremont ave n|minneapolis|mn,25.csv
Relish,700 Central Ave NE,Minneapolis,MN,55414,USA,food,"coffee shop, restaurant and bar",coffee; breakfast; brunch; lunch; dinner; full bar; reservations; pickup,"Northeast Minneapolis coffee shop, restaurant, and bar offering coffee, all-day brunch, breakfast, lunch, dinner, daily specials, reservations, and pickup.",https://relishmpls.com/,https://www.instagram.com/relishmpls/,,,https://relishmpls.com/,Relish official website,,,,Food & Drink,business,pending_review,geocode_before_public_pin;source_url_and_address_manual_confirmation_required,relish|700 central ave ne|minneapolis|mn,25.csv
Union Rooftop,731 Hennepin Avenue,Minneapolis,MN,55403,USA,food,"rooftop kitchen, bar and grill",scratch American cooking; cocktails; beer; wine; brunch; private parties; late night,"Rooftop kitchen, bar, and grill with scratch American cooking, cocktails, beer and wine, brunch, late-night hours, and private-party options.",https://unionmpls.com/,https://www.instagram.com/unionrooftop/,https://www.facebook.com/268936349878973,,https://unionmpls.com/,Union Rooftop official website,,,"Official site lists current dinner, brunch, and late-night hours.",Food & Drink,business,pending_review,geocode_before_public_pin;source_url_and_address_manual_confirmation_required,union rooftop|731 hennepin avenue|minneapolis|mn,25.csv
Community-University Health Care Center (CUHCC),2001 Bloomington Avenue S,Minneapolis,MN,55404,USA,health,community clinic,medical care; dental care; mental health; pediatrics; legal services; care coordination,"Community clinic welcoming patients of every age and background, with medical, dental, mental-health, pediatric, legal, and care-coordination services.",https://cuhcc.umn.edu/,,,,https://cuhcc.umn.edu/,Community-University Health Care Center official website,,,Official University of Minnesota site lists address and walk-in/in-person care.,Health & Wellness,regulated_review,needs_research,geocode_before_public_pin;regulated_or_age_governed_service_review_required;source_url_and_address_manual_confirmation_required,community university health care center cuhcc|2001 bloomington avenue s|minneapolis|mn,25.csv
Native American Community Clinic,1213 E Franklin Avenue,Minneapolis,MN,55404,USA,health,community health center,medical care; dental care; behavioral health; substance use; traditional healing; culturally grounded care,"Community health center promoting health and wellness of mind, body, and spirit for Native American families; offers medical, dental, behavioral health, substance use, and traditional healing services.",https://nacc-healthcare.org/,https://www.instagram.com/nacc_healthcare/,http://www.facebook.com/NativeAmericanCommunityClinic,,https://nacc-healthcare.org/,Native American Community Clinic official website,FTCA deemed community health center,https://nacc-healthcare.org/,"Official site announces new clinic opening September 15, 2026 and lists this address; confirm location during transition.",Health & Wellness,regulated_review,needs_research,geocode_before_public_pin;ownership_evidence_manual_confirmation_required;regulated_or_age_governed_service_review_required;source_url_and_address_manual_confirmation_required,native american community clinic|1213 e franklin avenue|minneapolis|mn,25.csv
Neighborhood HealthSource,2301 Central Avenue NE,Minneapolis,MN,55418,USA,health,federally qualified health center,primary medical care; behavioral health; substance abuse treatment; community health; sliding-fee care,"Federally qualified health center providing affordable primary medical, behavioral health, substance-abuse, and community-health services.",https://neighborhoodhealthsource.org/,https://www.instagram.com/nhsmpls/,https://www.facebook.com/NeighborhoodHealthSource/?ref=bookmarks,,https://neighborhoodhealthsource.org/,Neighborhood HealthSource official website,Federally qualified health center; FTCA and FSHCAA deemed health center,https://neighborhoodhealthsource.org/,Record uses the official Central Clinic Minneapolis location; organization also lists other locations.,Health & Wellness,regulated_review,needs_research,geocode_before_public_pin;ownership_evidence_manual_confirmation_required;regulated_or_age_governed_service_review_required;source_url_and_address_manual_confirmation_required,neighborhood healthsource|2301 central avenue ne|minneapolis|mn,25.csv
Southside Community Health Services,1000 E Lake Street,Minneapolis,MN,55407,USA,health,federally qualified community health center,medical; oral health; behavioral health; vision; primary care; sliding-fee care,"Community health center serving South Minneapolis with medical, oral health, behavioral health, vision, and insurance-enrollment services.",https://www.southsidechs.org/,,https://www.facebook.com/southsidecchs,,https://www.southsidechs.org/,Southside Community Health Services official website,501(c)(3) nonprofit; federally qualified health center (FQHC); FTCA deemed facility,https://www.southsidechs.org/,Official site says the former 35th Street clinic is permanently closed; current East Lake location used.,Health & Wellness,regulated_review,needs_research,geocode_before_public_pin;ownership_evidence_manual_confirmation_required;regulated_or_age_governed_service_review_required;source_url_and_address_manual_confirmation_required,southside community health services|1000 e lake street|minneapolis|mn,25.csv
"Fredrikson & Byron, P.A.","60 South Sixth Street, Suite 1500",Minneapolis,MN,55402-4400,USA,law,full-service law firm,banking law; corporate law; employment; healthcare; IP; litigation; real estate; securities; tax; estate planning; family law; immigration,"Downtown Minneapolis law firm serving businesses, entrepreneurs, agencies, families, and individuals across corporate, employment, healthcare, litigation, real estate, tax, estate-planning, family, and immigration matters.",https://www.fredlaw.com/contact-minneapolis,,,,https://www.fredlaw.com/contact-minneapolis,Fredrikson & Byron official website,,,,Legal & Government Services,regulated_review,needs_research,geocode_before_public_pin;regulated_or_age_governed_service_review_required;source_url_and_address_manual_confirmation_required,fredrikson byron p a|60 south sixth street suite 1500|minneapolis|mn,25.csv
Meet Minneapolis Visitor Center,"505 Nicollet Mall, Suite 100",Minneapolis,MN,55402,USA,travel,destination visitor center,visitor information; Minneapolis trip planning; local attractions; tourism resources,"Official destination visitor center providing Minneapolis visitor information, trip-planning help, and tourism resources.",https://www.minneapolis.org/visitor-information/,,,,https://www.minneapolis.org/visitor-information/,Meet Minneapolis official website,,,"Included as a local, in-city travel-discovery service rather than a travel agency.",Travel & Hospitality,business,pending_review,geocode_before_public_pin;source_url_and_address_manual_confirmation_required,meet minneapolis visitor center|505 nicollet mall suite 100|minneapolis|mn,25.csv
Bare Essentials Childcare,3200 Wayne Avenue,Kansas City,MO,64109,USA,childcare,Early childhood center,infant care; toddler care; preschool; kindergarten; before and after school; full-time; part-time; extended care; 24-hour care; meals,"Missouri-accredited childcare provider offering infant through kindergarten programs, flexible schedules, before/after school care, and extended or 24-hour care.",https://www.bareessentialschildcare.org/,https://www.instagram.com/bare_essentials_childcare,https://www.facebook.com/BareEssentialsCC/,,https://www.bareessentialschildcare.org/,Bare Essentials official website,,,Official site states Missouri Accredited Childcare Provider and lists the KCMO address.,Children & Family,regulated_review,needs_research,geocode_before_public_pin;regulated_or_age_governed_service_review_required;source_url_and_address_manual_confirmation_required,bare essentials childcare|3200 wayne avenue|kansas city|mo,31.csv
KD Academy Early Learning Center LLC,2141 Prospect Avenue,Kansas City,MO,64127,USA,childcare,Early learning center,infant care; toddler care; two-year-old care; early learning; nutrition; 24-hour facility,"Early learning center offering infant, toddler, and two-year-old care with educational, emotional, and nutrition-focused programming; site says facility is open 24 hours.",https://www.kdacademykc.com/,https://www.instagram.com/thekdacademykc/,https://www.facebook.com/KDAcademyKC,,https://www.kdacademykc.com/,KD Academy official website,,,"Official site lists exact Kansas City, Missouri address and childcare programs.",Children & Family,regulated_review,needs_research,geocode_before_public_pin;regulated_or_age_governed_service_review_required;source_url_and_address_manual_confirmation_required,kd academy early learning center llc|2141 prospect avenue|kansas city|mo,31.csv
Central Bank of Kansas City,2301 Independence Ave,Kansas City,MO,64124,USA,finance,Community development banking,personal banking; business banking; commercial loans; deposits; community development loans; affordable housing finance; CDFI,"FDIC-insured community development bank offering personal and business banking, commercial lending, affordable-housing finance, and neighborhood investment.",https://www.centralbankkc.com/,,,,https://www.centralbankkc.com/,Central Bank of Kansas City official website,,,Official site describes it as a certified CDFI headquartered in Kansas City; street address is the bank's listed local campus/address.,Financial & Business Services,regulated_review,needs_research,geocode_before_public_pin;regulated_or_age_governed_service_review_required;source_url_and_address_manual_confirmation_required,central bank of kansas city|2301 independence ave|kansas city|mo,31.csv
Blue Nile Cafe,20 E 5th Street STE 102,Kansas City,MO,64106,USA,food,Ethiopian restaurant,Ethiopian food; doro watt; tibbs watt; sambusa; vegan options; dine-in; takeout; delivery; catering; reservations,"Authentic Ethiopian restaurant offering traditional dishes, dine-in, takeout, delivery, reservations, and catering.",https://www.bluenilekc.com/,https://www.instagram.com/bluenilecafe/,https://www.facebook.com/bluenilecafe,,https://www.bluenilekc.com/,Blue Nile Cafe official website,Black-owned,https://www.visitkc.com/support-black-owned-kc-businesses/,Visit KC explicitly includes Blue Nile Cafe among KC Black-owned businesses.,Food & Drink,business,needs_research,geocode_before_public_pin;ownership_evidence_manual_confirmation_required;source_url_and_address_manual_confirmation_required,blue nile cafe|20 e 5th street ste 102|kansas city|mo,31.csv
Crave Noir,4244 Indiana Ave,Kansas City,MO,64130,USA,food,Soul food restaurant,soul food; fried fish; chicken; mac and cheese; yams; dine-in; takeout,"Soulful food restaurant focused on flavorful, premium-ingredient comfort-food dishes.",https://cravenoir.com/,https://www.instagram.com/cravenoir/,https://www.facebook.com/profile.php?id=61582808665522,https://www.tiktok.com/@cravenoir,https://cravenoir.com/,Crave Noir official website,Black-owned,https://www.kcblackowned.org/food,KC Black Owned directory categorizes Crave Noir in its Black-owned food directory.,Food & Drink,business,needs_research,geocode_before_public_pin;ownership_evidence_manual_confirmation_required;source_url_and_address_manual_confirmation_required,crave noir|4244 indiana ave|kansas city|mo,31.csv
Fannie's West African Cuisine,4105 Troost Avenue,Kansas City,MO,64110,USA,food,West African restaurant,West African cuisine; suya; traditional food; scratch cooking; dine-in; lunch; dinner; reservations,"West African restaurant serving handcrafted traditional food made from fresh ingredients, with lunch and dinner service.",https://www.fanniescuisine.com/,,,,https://www.fanniescuisine.com/,Fannie's official website,Black-owned,https://www.visitkc.com/support-black-owned-kc-businesses/,Visit KC explicitly includes Fannie's African Cuisine among KC Black-owned businesses.,Food & Drink,business,needs_research,geocode_before_public_pin;ownership_evidence_manual_confirmation_required;source_url_and_address_manual_confirmation_required,fannie s west african cuisine|4105 troost avenue|kansas city|mo,31.csv
Island Spice,10 W 39th St,Kansas City,MO,64111,USA,food,Caribbean restaurant,Caribbean food; Jamaican; jerk chicken; oxtails; curried shrimp; seafood; carryout; delivery; vegetarian options,"Casual Caribbean restaurant offering Jamaican-inspired dishes, seafood, curry, wings, vegetarian options, carryout, and delivery.",https://www.islandspicekc.com/,,,,https://www.islandspicekc.com/,Island Spice official website,Black-owned,https://www.visitkc.com/support-black-owned-kc-businesses/,Visit KC explicitly includes Island Spice among KC Black-owned businesses.,Food & Drink,business,needs_research,geocode_before_public_pin;ownership_evidence_manual_confirmation_required;source_url_and_address_manual_confirmation_required,island spice|10 w 39th st|kansas city|mo,31.csv
Niecie's Restaurant,6441 Troost Avenue,Kansas City,MO,64131,USA,food,Soul food restaurant,soul food; breakfast; lunch; dinner; dine-in; carryout; catering,"Long-running Kansas City soul food restaurant offering breakfast, lunch, dinner, dine-in, carryout, and catering.",https://www.nieciesrestaurant.com/,https://www.instagram.com/nieciesrestaurant/,https://www.facebook.com/NieciesSoulFood/,,https://www.nieciesrestaurant.com/,Niecie's official website,Black-owned,https://www.kcblackowned.org/food,KC Black Owned directory categorizes Niecie's in its Black-owned food directory.,Food & Drink,business,needs_research,geocode_before_public_pin;ownership_evidence_manual_confirmation_required;source_url_and_address_manual_confirmation_required,niecie s restaurant|6441 troost avenue|kansas city|mo,31.csv
Noir KC,106 W. 11th St,Kansas City,MO,64105,USA,nightlife,Cocktail lounge,cocktail lounge; craft cocktails; mocktails; spirits; memberships; private events; reservations,"Downtown cocktail lounge offering curated cocktails, mocktails, spirits, member experiences, and private events.",https://noirkc.com/,,,,https://noirkc.com/,Noir KC official website,,,"Official site lists current member-only access, hours, private events, and exact KCMO address.",Food & Drink,business,pending_review,geocode_before_public_pin;source_url_and_address_manual_confirmation_required,noir kc|106 w 11th st|kansas city|mo,31.csv
Ruby Jean's Juicery,3000 Troost Ave,Kansas City,MO,64109,USA,food,Juice and wellness drinks,cold-pressed juice; organic produce; cleanse; juice delivery; sugar-free; GMO-free; gluten-free,"Kansas City juicery making cold-pressed juices from fresh fruits and vegetables, with cleanse pickup and shipping options.",https://rubyjeansjuicery.com/,https://instagram.com/rubyjeansjuicery,https://www.facebook.com/rubyjeansjuicery,,https://rubyjeansjuicery.com/,Ruby Jean's official website,Black-owned,https://www.visitkc.com/support-black-owned-kc-businesses/,Visit KC explicitly describes Ruby Jean's as a local Black-owned business recommendation; official site lists this KCMO location.,Food & Drink,business,needs_research,geocode_before_public_pin;ownership_evidence_manual_confirmation_required;source_url_and_address_manual_confirmation_required,ruby jean s juicery|3000 troost ave|kansas city|mo,31.csv
Samuel U. Rodgers Health Center,825 Euclid Ave,Kansas City,MO,64124,USA,health,Community health center,medical care; behavioral health; dental; pharmacy; pediatrics; podiatry; WIC; mammography; women's health; affordable care,"Federally qualified community health center providing affordable whole-person medical, behavioral, dental, pharmacy, pediatric, women's health, and support services.",https://samrodgers.org/,https://www.instagram.com/samrodgerskc/,https://www.facebook.com/SamRodgersKC/,,https://samrodgers.org/,Samuel U. Rodgers official website,,,Official site lists Downtown Campus address and extensive current services.,Health & Wellness,regulated_review,needs_research,geocode_before_public_pin;regulated_or_age_governed_service_review_required;source_url_and_address_manual_confirmation_required,samuel u rodgers health center|825 euclid ave|kansas city|mo,31.csv
Canady Law Firm,420 Nichols Rd Second Floor,Kansas City,MO,64112,USA,law,Personal injury and family law,personal injury; medical negligence; wrongful death; employment discrimination; civil rights; family law; real estate; business transactions; free consultation,"Licensed Missouri law firm providing personal injury, discrimination, family law, real estate, and business-transaction representation.",http://www.canadylawkc.com/,https://www.instagram.com/Canady4KC/,https://www.facebook.com/Canady4KC/,,http://www.canadylawkc.com/,Canady Law Firm official website,,,Official site states Alissia Canady is licensed in Missouri; no ownership identity inferred.,Legal & Government Services,regulated_review,needs_research,geocode_before_public_pin;regulated_or_age_governed_service_review_required;source_url_and_address_manual_confirmation_required,canady law firm|420 nichols rd second floor|kansas city|mo,31.csv
Willa's Books & Vinyl,5547 Troost,Kansas City,MO,64110,USA,retail,Books and records,used books; rare books; African-American books; first editions; vintage jazz and blues vinyl; magazines; online ordering,"Independent bookstore and record shop specializing in used and rare African-American books, first editions, vintage vinyl, and magazines.",https://www.willasbookskc.com/,,https://www.facebook.com/willasbooks/,,https://www.willasbookskc.com/,Willa's Books & Vinyl official website,,,Official site lists current hours and exact KCMO address.,Shopping & Retail,business,pending_review,geocode_before_public_pin;source_url_and_address_manual_confirmation_required,willa s books vinyl|5547 troost|kansas city|mo,31.csv
Urban League Head Start Headquarters,2900 Pershall Rd,St. Louis,MO,63136,USA,childcare,Head Start and Early Head Start,"early childhood education, child development, school readiness, health and dental exams, nutrition, developmental screenings, family support","Locally operated federally funded early-childhood program serving low-income children and families ages 6 weeks to 5 years, with education and comprehensive family supports.",https://www.ulstl.com/head-start.html,,,,https://www.ulstl.com/head-start.html,Urban League of Metropolitan St. Louis official website,,,Official site lists headquarters address and program services.,Children & Family,regulated_review,needs_research,geocode_before_public_pin;regulated_or_age_governed_service_review_required;source_url_and_address_manual_confirmation_required,urban league head start headquarters|2900 pershall rd|st louis|mo,32.csv
St. Louis Community Credit Union - Midtown,3651 Forest Park Ave,St. Louis,MO,63108,USA,finance,credit union,"credit union, branch banking, member financial services, ATM, shared branches",Community credit union with accessible branches serving St. Louis city residents and surrounding communities.,https://www.stlouiscommunity.com/,https://www.instagram.com/stlouiscommunitycu/,https://www.facebook.com/stlouiscommunitycreditunion,,https://www.stlouiscommunity.com/about-us/locations,St. Louis Community Credit Union official website,,,Official locations page lists 3651 Forest Park Ave and 14 locations.,Financial & Business Services,regulated_review,needs_research,geocode_before_public_pin;regulated_or_age_governed_service_review_required;source_url_and_address_manual_confirmation_required,st louis community credit union midtown|3651 forest park ave|st louis|mo,32.csv
8th St.,1535 S. 8th St.,St. Louis,MO,63104,USA,food,soul food restaurant and bar,"soul food, wings, burgers, hot dogs, pizza, cheesesteaks, drinks, private events, carry-out, pickup","Soulard restaurant and bar offering St. Louis-inspired comfort food, drinks, R&B, sports viewing, carry-out and private event reservations.",https://www.8thst.net/,,,,https://www.8thst.net/,8th St. official website,,,Official site states Tuesday-Sunday operations and lists address.,Food & Drink,business,pending_review,geocode_before_public_pin;source_url_and_address_manual_confirmation_required,8th st|1535 s 8th st|st louis|mo,32.csv
Ballpark Village St. Louis,601 Clark Avenue,St. Louis,MO,63102,USA,nightlife,"dining, entertainment and events destination","dining, sports, live music, nightlife, bars, private events, parties, VIP tables, retail","Downtown dining and entertainment destination bringing together sports, live performances, restaurants, bars, nightlife, shops and private events.",https://stlballparkvillage.com/,https://www.instagram.com/bpvstl/,https://www.facebook.com/STLBallParkVillage,,https://stlballparkvillage.com/,Ballpark Village official website,,,"Official site describes dining, sports, entertainment, nightlife and events; address is the published venue address.",Food & Drink,business,pending_review,geocode_before_public_pin;source_url_and_address_manual_confirmation_required,ballpark village st louis|601 clark avenue|st louis|mo,32.csv
Europe Night Club,710 N 15th Street,St. Louis,MO,63103,USA,nightlife,nightclub and music venue,"nightclub, EDM, live music, bottle service, group reservations, nightlife","18+ nightlife destination with music programming, sound and lighting systems, bottle service and group reservations.",https://www.europenightclub.com/,,https://www.facebook.com/europeniteclub/,,https://www.europenightclub.com/,Europe Night Club official website,,,Official site lists Friday-Saturday hours and 18+/21+ entry/drinking rules.,Food & Drink,business,pending_review,geocode_before_public_pin;source_url_and_address_manual_confirmation_required,europe night club|710 n 15th street|st louis|mo,32.csv
Your Place Diner,5510 Virginia Ave,St. Louis,MO,63111,USA,food,soul food diner,"soul food, dine-in, takeout, online ordering, local ingredients","Family-owned and operated St. Louis restaurant specializing in soul food, with dine-in and takeout.",https://yourplacestlcom.godaddysites.com/,,,,https://yourplacestlcom.godaddysites.com/,Your Place Diner official website,family-owned and operated,https://yourplacestlcom.godaddysites.com/,Ownership wording is self-stated on official site.,Food & Drink,business,needs_research,geocode_before_public_pin;ownership_evidence_manual_confirmation_required;source_url_and_address_manual_confirmation_required,your place diner|5510 virginia ave|st louis|mo,32.csv
Affinia Healthcare - Biddle Street,1717 Biddle Street,St. Louis,MO,63106,USA,health,community health center,"family medicine, pediatrics, adult medicine, OB/GYN, vaccines, urgent care, behavioral health, pharmacy, dental, audiology","Community health center providing comprehensive medical, dental, behavioral health, pharmacy and related services, including sliding-fee access.",https://affiniahealthcare.org/,https://www.instagram.com/affinia_healthcare/,https://www.facebook.com/affiniahealthcare,,https://affiniahealthcare.org/,Affinia Healthcare official website,,,Official site identifies Biddle Street at 1717 Biddle Street and says it has six locations.,Health & Wellness,regulated_review,needs_research,geocode_before_public_pin;regulated_or_age_governed_service_review_required;source_url_and_address_manual_confirmation_required,affinia healthcare biddle street|1717 biddle street|st louis|mo,32.csv
"STL Law Group, LLC","7800 Forsyth Blvd, Suite 600",St. Louis,MO,63105,USA,law,full-service law firm,"family law, divorce, personal injury, criminal defense, business law, corporate litigation, bullying cases, free consultation","Full-service law firm serving St. Louis with family, injury, criminal-defense and business-law representation.",https://www.stllawgroup.com/,,https://www.facebook.com/STL-Law-Group-LLC-102939840566399,,https://www.stllawgroup.com/,STL Law Group official website,,,"Official site lists attorneys, practice areas, address and free consultation.",Legal & Government Services,regulated_review,needs_research,geocode_before_public_pin;regulated_or_age_governed_service_review_required;source_url_and_address_manual_confirmation_required,stl law group llc|7800 forsyth blvd suite 600|st louis|mo,32.csv
STL Style / Stylehouse,3159 Cherokee St,St. Louis,MO,63118,USA,retail,local apparel and gift boutique,"St. Louis apparel, tees, flags, stickers, books, gifts, custom merchandise, local products","Cherokee Street retail and custom-merchandise shop creating St. Louis-themed apparel, gifts and civic products; also offers custom design and production.",https://www.stl-style.com/,https://www.instagram.com/stlstylehouse/,https://www.facebook.com/STyLehouseSTL/,https://www.tiktok.com/@stlstyle,https://www.stl-style.com/,STL Style official website,co-creators; twin brothers Jeff Vines and Randy Vines,https://www.stl-style.com/,Ownership description is self-stated on official site; site says home base on Cherokee Street for more than 13 years.,Shopping & Retail,business,needs_research,geocode_before_public_pin;ownership_evidence_manual_confirmation_required;source_url_and_address_manual_confirmation_required,stl style stylehouse|3159 cherokee st|st louis|mo,32.csv
African Queen of Braids,4516 Office Park Dr,Jackson,MS,39206,USA,beauty,African hair braiding salon,African braiding; all types of braids; hair salon; online booking,"Professional African braiders offering all types of braids, with online booking and a Jackson salon address.",,,https://www.facebook.com/Africanqueenofbraids/,,https://www.facebook.com/Africanqueenofbraids/,African Queen of Braids official Facebook page,,,"Official Facebook About section states services, address and online booking.",Beauty & Personal Care,business,pending_review,geocode_before_public_pin;source_url_and_address_manual_confirmation_required,african queen of braids|4516 office park dr|jackson|ms,14.csv
4th Avenue Lounge,209 S. Lamar Street,Jackson,MS,39201,USA,nightlife,Cocktail lounge,cocktail lounge; drinks; food; events; nightlife,"Hybrid cocktail lounge in downtown Jackson, listed by Visit Jackson with an official business website.",https://www.4thavenuejxn.com/,,,,https://www.visitjackson.com/directory/4th-avenue-lounge-restaurant/,Visit Jackson official tourism directory,,,Directory provides Jackson address and official website.,Food & Drink,business,pending_review,geocode_before_public_pin;source_url_and_address_manual_confirmation_required,4th avenue lounge|209 s lamar street|jackson|ms,14.csv
Boondocks BBQ,"904 B E Fortification Street, B",Jackson,MS,39202,USA,food,Barbecue restaurant,BBQ; brisket; ribs; smoked meats; takeout,"Barbecue shop in Belhaven, listed by Visit Jackson with an official Instagram presence.",,https://www.instagram.com/boondocksjxn/,,,https://www.visitjackson.com/directory/boondocks-bbq/,Visit Jackson official tourism directory,,,Official tourism listing provides Jackson address and official Instagram.,Food & Drink,business,pending_review,geocode_before_public_pin;source_url_and_address_manual_confirmation_required,boondocks bbq|904 b e fortification street b|jackson|ms,14.csv
Bully’s Restaurant,3118 Livingston Road,Jackson,MS,39213,USA,food,Meat-and-three soul food restaurant,soul food; meat and three; Southern food; lunch,James Beard Award-winning meat-and-three restaurant serving Southern comfort food.,,,https://www.facebook.com/Bullys-Restaurant-121341084545979/,,https://www.visitjackson.com/directory/bullys-restaurant/,Visit Jackson official tourism directory,,,Directory provides active Jackson address and official Facebook link.,Food & Drink,business,pending_review,geocode_before_public_pin;source_url_and_address_manual_confirmation_required,bully s restaurant|3118 livingston road|jackson|ms,14.csv
Campbell’s Bakery,3013 North State Street,Jackson,MS,39216,USA,food,Bakery,baked goods; iced tea cake; ice cream; macarons; pastries,"Historic Jackson bakery known for iced tea cake, ice cream and La Brioche macarons.",http://www.campbellsbakery.ms/,,,,https://www.visitjackson.com/directory/campbells-bakery/,Visit Jackson official tourism directory,,,Directory provides Jackson address and official website.,Food & Drink,business,pending_review,geocode_before_public_pin;source_url_and_address_manual_confirmation_required,campbell s bakery|3013 north state street|jackson|ms,14.csv
Fertile Ground Beer Co.,800 Manship Street,Jackson,MS,39202,USA,nightlife,Local brewery,craft beer; brewery; taproom; local beer,"Local brewery at Belhaven Town Center, serving craft beer in a community gathering setting.",https://fertilegroundbeer.com,,,,https://www.visitjackson.com/directory/fertile-ground-beer-co/,Visit Jackson official tourism directory,,,Directory provides Jackson address and official website.,Food & Drink,business,pending_review,geocode_before_public_pin;source_url_and_address_manual_confirmation_required,fertile ground beer co|800 manship street|jackson|ms,14.csv
Hal & Mal’s,200 Commerce St B,Jackson,MS,39201,USA,food,Southern/Cajun restaurant,Southern food; Cajun dishes; brunch; lunch; dinner; takeout; delivery; catering; live music,"Southern and Cajun restaurant offering lunch, dinner, weekend brunch, takeout/delivery, event catering and live local music.",https://halandmals.com/,,,,https://halandmals.com/,Hal & Mal’s official website,,,Official site lists Jackson address and current hours.,Food & Drink,business,pending_review,geocode_before_public_pin;source_url_and_address_manual_confirmation_required,hal mal s|200 commerce st b|jackson|ms,14.csv
Highball Lanes,3019 North State Street,Jackson,MS,39216,USA,nightlife,Bowling and entertainment venue,bowling; food; drinks; entertainment; parties,"Eat, drink and play entertainment destination with bowling and group-friendly activities.",http://highballlanes.com/,,,,https://www.visitjackson.com/directory/highball-lanes/,Visit Jackson official tourism directory,,,Directory provides Jackson address and official website.,Food & Drink,business,pending_review,geocode_before_public_pin;source_url_and_address_manual_confirmation_required,highball lanes|3019 north state street|jackson|ms,14.csv
Johnny T’s Bistro & Blues,538 North Farish Street,Jackson,MS,39202,USA,food,Bistro/live music venue,bistro; American cuisine; live blues; dinner; events,Bistro and blues venue offering modern cuisine alongside live music in Jackson’s Farish Street district.,https://johnnytsbistroandblues.com,,,,https://www.visitjackson.com/directory/johnny-ts-bistro-blues/,Visit Jackson official tourism directory,,,Directory provides Jackson address and official website.,Food & Drink,business,pending_review,geocode_before_public_pin;source_url_and_address_manual_confirmation_required,johnny t s bistro blues|538 north farish street|jackson|ms,14.csv
Saltine,622 Duling Ave. Ste. 201,Jackson,MS,39216,USA,food,Oyster bar/seafood restaurant,oysters; seafood; Southern cuisine; craft cocktails; happy hour; private dining,"Modern oyster bar and restaurant featuring Southern cuisine, fresh seafood, craft cocktails, daily happy hour and private dining.",https://jackson.saltinerestaurant.com/,https://www.instagram.com/saltinerestaurant/,https://www.facebook.com/SaltineRestaurant/,,https://jackson.saltinerestaurant.com/,Saltine official website,employee-owned,https://jackson.saltinerestaurant.com/,Official site explicitly states “4Top Hospitality An employee-owned company.”,Food & Drink,business,needs_research,geocode_before_public_pin;ownership_evidence_manual_confirmation_required;source_url_and_address_manual_confirmation_required,saltine|622 duling ave ste 201|jackson|ms,14.csv
The Apothecary at Brent’s Drugs,655 Duling Ave.,Jackson,MS,39216,USA,nightlife,Speakeasy bar,cocktails; speakeasy; bar; nightlife,Speakeasy-style bar listed in Jackson’s Fondren area.,https://www.apothecaryjackson.com/,,,,https://www.visitjackson.com/directory/the-apothecary-at-brents-drugs/,Visit Jackson official tourism directory,,,Directory provides Jackson address and official website.,Food & Drink,business,pending_review,geocode_before_public_pin;source_url_and_address_manual_confirmation_required,the apothecary at brent s drugs|655 duling ave|jackson|ms,14.csv
The Bean,2914 N. State St,Jackson,MS,39216,USA,food,Coffeehouse/cafe,coffee; breakfast; cafe; community space,Coffeehouse and café described by the official Jackson tourism directory as a community-oriented local café.,https://thebeanjackson.com/,,,,https://www.visitjackson.com/directory/the-bean/,Visit Jackson official tourism directory,,,Directory lists active Jackson address and official website.,Food & Drink,business,pending_review,geocode_before_public_pin;source_url_and_address_manual_confirmation_required,the bean|2914 n state st|jackson|ms,14.csv
Walker's Drive In,3016 North State Street,Jackson,MS,39216,USA,food,Southern fine dining restaurant,American restaurant; Southern-inspired food; reservations; catering; private parties,"Southern-inspired American restaurant with dining, reservations, event catering and private-party service.",https://walkersdrivein.com/,https://www.instagram.com/walkersdrivein,https://www.facebook.com/walkersdrivein,,https://walkersdrivein.com/,Walker’s Drive In official website,,,Official site lists Jackson location and active reservation/catering pages.,Food & Drink,business,pending_review,geocode_before_public_pin;source_url_and_address_manual_confirmation_required,walker s drive in|3016 north state street|jackson|ms,14.csv
Nandy’s Candy,1220 E Northside Drive #380,Jackson,MS,39211,USA,retail,Candy and chocolate shop,handcrafted chocolates; candy; gifts; sweets,Jackson confectionery offering handcrafted chocolates and sweets since 1980.,http://www.nandyscandy.com/,,,,https://www.visitjackson.com/directory/nandys-candy/,Visit Jackson official tourism directory,,,Directory provides Jackson address and official website.,Shopping & Retail,business,pending_review,geocode_before_public_pin;source_url_and_address_manual_confirmation_required,nandy s candy|1220 e northside drive 380|jackson|ms,14.csv
Old Capitol Inn,226 North State Street (Exit 9AB),Jackson,MS,39201,USA,travel,Boutique hotel,hotel; lodging; downtown stay; accommodations; events,"Downtown boutique hotel with a Southern lunch spot, listed by Visit Jackson as a Jackson lodging option.",http://www.oldcapitolinn.com,,,,https://www.visitjackson.com/directory/old-capitol-inn-restaurant/,Visit Jackson official tourism directory,,,Directory provides Jackson address and official website.,Travel & Hospitality,business,pending_review,geocode_before_public_pin;source_url_and_address_manual_confirmation_required,old capitol inn|226 north state street exit 9ab|jackson|ms,14.csv
Swella Braid Bar - Charlotte,"4044 Connection Point Blvd, Suite C",Charlotte,NC,28212,USA,beauty,braid salon,"knotless box braids, boho braids, cornrows, Fulani/tribal styles, touch-up, takedown, scalp cleanse, blowout","East Charlotte braid bar specializing in knotless, cornrow, Fulani/tribal, and protective styles, with touch-up and takedown services.",https://www.swellabeauty.com/charlotte,https://www.instagram.com/swellabeauty/,,,https://www.swellabeauty.com/charlotte,Swella Braid Bar official website,,,"Official location page lists Charlotte address, hours, services, and booking information.",Beauty & Personal Care,business,pending_review,geocode_before_public_pin;source_url_and_address_manual_confirmation_required,swella braid bar charlotte|4044 connection point blvd suite c|charlotte|nc,16.csv
Top African Hair Braiding,3720 N Tryon Street STE 111,Charlotte,NC,28206,USA,beauty,African hair braiding,"African hair braiding, braids, walk-ins, appointments","Charlotte hair-braiding salon offering walk-ins and appointments, with a gallery and braiding services.",https://www.topafricanhairbraiding.com/,https://www.instagram.com/tophairbraiding/,https://www.facebook.com/TopAfricanHairBraiding/,https://www.tiktok.com/@topafricanhair,https://www.topafricanhairbraiding.com/,Top African Hair Braiding official website,,,"Official site lists Charlotte location, address, hours, and social links.",Beauty & Personal Care,business,pending_review,geocode_before_public_pin;source_url_and_address_manual_confirmation_required,top african hair braiding|3720 n tryon street ste 111|charlotte|nc,16.csv
Early Learning Center Preschool,4304 S Tryon St,Charlotte,NC,,USA,childcare,preschool / child care center,"child care, preschool, educational curriculum, full-time care, part-time care, play-based activities","Preschool and childcare program with age-appropriate curriculum, trained staff, educational activities, and full- or part-time care.",https://www.earlylearningcenternc.com/,,,,https://www.earlylearningcenternc.com/,Early Learning Center Preschool official website,,,"Official site lists Charlotte address, weekday hours, and childcare offerings; postal code not stated on source.",Children & Family,regulated_review,needs_research,geocode_before_public_pin;regulated_or_age_governed_service_review_required;source_url_and_address_manual_confirmation_required,early learning center preschool|4304 s tryon st|charlotte|nc,16.csv
Wealth Enhancement - Charlotte,"4521 Sharon Road, Suite 400",Charlotte,NC,28211,USA,finance,financial advisory / wealth management,"investment management, financial planning, retirement income planning, estate planning, tax strategies, risk management, insurance","Charlotte financial-advisory office providing investment management, financial planning, retirement, estate, tax, risk-management, and insurance services.",https://www.wealthenhancement.com/location/charlotte-nc,,https://www.facebook.com/wealthenhancement/,,https://www.wealthenhancement.com/location/charlotte-nc,Wealth Enhancement official Charlotte location page,,,"Official location page lists Charlotte office, services, hours, and states advisors are licensed fiduciaries.",Financial & Business Services,regulated_review,needs_research,geocode_before_public_pin;regulated_or_age_governed_service_review_required;source_url_and_address_manual_confirmation_required,wealth enhancement charlotte|4521 sharon road suite 400|charlotte|nc,16.csv
Don's Restaurant,321 N Caldwell St,Charlotte,NC,28202,USA,food,fine dining / Southern restaurant,"Southern cuisine, brunch, dinner, craft cocktails, private events","Award-winning Southern cuisine with brunch, fine dining, craft cocktails, and private dining events in Uptown Charlotte.",https://donscharlotte.com/,https://www.instagram.com/donsclt/,https://facebook.com,,https://donscharlotte.com/,Don's Restaurant official website,Black-owned,https://donscharlotte.com/,Official site explicitly describes the business as Black-owned; site lists Charlotte address and current hours.,Food & Drink,business,needs_research,geocode_before_public_pin;ownership_evidence_manual_confirmation_required;source_url_and_address_manual_confirmation_required,don s restaurant|321 n caldwell st|charlotte|nc,16.csv
"Travis Crawford Heating, Cooling, Plumbing & Electrical",7706 Pence Road,Charlotte,NC,28215,USA,home trades/HVAC,"HVAC, plumbing and electrical","heating, air conditioning, HVAC repair, HVAC installation, HVAC maintenance, plumbing, electrical, emergency service","Charlotte home-service company offering residential heating, cooling, plumbing, and electrical services, including repairs, installation, maintenance, and emergency service.",https://traviscrawfordhvac.com/,https://www.instagram.com/traviscrawfordhvacandplumbing/,https://www.facebook.com/tchvac/,,https://traviscrawfordhvac.com/,Travis Crawford official website,,,Official site lists Charlotte address and service offerings; regulated HVAC/electrical/plumbing claims are presented by the business itself and site links to BBB.,Home & Property Services,regulated_review,needs_research,geocode_before_public_pin;regulated_or_age_governed_service_review_required;source_url_and_address_manual_confirmation_required,travis crawford heating cooling plumbing electrical|7706 pence road|charlotte|nc,16.csv
Gardner Skelton,3746 N Davidson Street,Charlotte,NC,28205,USA,law,business law firm,"employment law, healthcare law, business litigation, corporate counsel, appellate law, construction law, tax law","Charlotte-based law firm serving businesses, nonprofits, and independent medical practices across employment, healthcare, litigation, corporate, construction, appellate, and tax matters.",https://www.gardnerskelton.com/,,,,https://www.gardnerskelton.com/,Gardner Skelton official website,,,Official site lists Charlotte office address and practice areas.,Legal & Government Services,regulated_review,needs_research,geocode_before_public_pin;regulated_or_age_governed_service_review_required;source_url_and_address_manual_confirmation_required,gardner skelton|3746 n davidson street|charlotte|nc,16.csv
Cloche Coffee,721 Broad St.,Durham,NC,27705,USA,food,coffee shop and community space,coffee; pastry; food; plants; patio; live music; yoga; workshops; events; space rental,"Coffee shop and community gathering space across from Duke’s East Campus, serving coffee, food, pastry and hosting patio events, live music, classes, and gatherings.",https://www.clochecoffee.com/,,,,https://www.clochecoffee.com/,Cloche Coffee,,,"Official site lists address, hours, offerings, and community events.",Beauty & Personal Care,business,pending_review,geocode_before_public_pin;source_url_and_address_manual_confirmation_required,cloche coffee|721 broad st|durham|nc,39.csv
Durham Health & Wellness,3326 Durham Chapel Hill Blvd. B110,Durham,NC,27707,USA,health,integrative health and aesthetics,medical services; injectables; fillers; RF microneedling; PRP; facials; chemical peels; waxing; lashes,"Health and wellness practice offering medical services and integrative aesthetics, including injectables, facials, peels, microneedling, waxing, and lashes.",https://durhamhealthandwellness.com/,https://www.instagram.com/durhamhandw/,https://www.facebook.com/durhamhealthandwellness/,,https://durhamhealthandwellness.com/,Durham Health & Wellness,,,"Official site lists address, services, and social links.",Beauty & Personal Care,regulated_review,needs_research,geocode_before_public_pin;regulated_or_age_governed_service_review_required;source_url_and_address_manual_confirmation_required,durham health wellness|3326 durham chapel hill blvd b110|durham|nc,39.csv
Bright Horizons at North Durham,4205 Capitol St,Durham,NC,27704,USA,childcare,early education and preschool,infant care; toddler care; preschool; kindergarten prep; summer program; childcare,"Early education and childcare center for ages 1 month to 5 years, with infant, toddler, preschool, kindergarten-prep, and summer programs.",https://www.brighthorizons.com/daycare-centers/nc/durham/4205-capitol-st-27704,,,,https://www.brighthorizons.com/daycare-centers/nc/durham/4205-capitol-st-27704,Bright Horizons,,,"Official center page lists address, hours, programs, and enrollment information.",Children & Family,regulated_review,needs_research,geocode_before_public_pin;regulated_or_age_governed_service_review_required;source_url_and_address_manual_confirmation_required,bright horizons at north durham|4205 capitol st|durham|nc,39.csv
Allworth Financial - Durham,"3917 University Drive, Suite 200",Durham,NC,27707,USA,finance,financial planning and wealth management,financial planning; investment management; tax planning; estate planning; insurance; retirement planning,"Durham advisory office providing fiduciary financial planning, investment management, tax planning, legacy and estate planning, and insurance services.",https://allworthfinancial.com/find-a-location/durham,,,,https://allworthfinancial.com/find-a-location/durham,Allworth Financial,,,"Official location page lists address, advisors, services, hours, and registration disclosures.",Financial & Business Services,regulated_review,needs_research,geocode_before_public_pin;regulated_or_age_governed_service_review_required;source_url_and_address_manual_confirmation_required,allworth financial durham|3917 university drive suite 200|durham|nc,39.csv
Bull and Bean,"3710 Shannon Rd, Ste 117",Durham,NC,27707,USA,food,cafe and gourmet market,all-day breakfast; sandwiches; salads; coffee; market; catering; brunch,"Locally owned cafe and market for locals and visitors, serving fresh food, all-day breakfast, sandwiches, salads, coffee, brunch, and catering.",https://www.bullandbeancafe.com/,http://www.instagram.com/bullandbean/,https://www.facebook.com/bullandbean/,,https://www.bullandbeancafe.com/,Bull and Bean,,,Address corroborated by official Facebook result; official site confirms locally owned cafe/market and services.,Food & Drink,business,pending_review,geocode_before_public_pin;source_url_and_address_manual_confirmation_required,bull and bean|3710 shannon rd ste 117|durham|nc,39.csv
Foster’s Market,2694 Durham-Chapel Hill Blvd.,Durham,NC,,USA,food,neighborhood restaurant and market,breakfast; sandwiches; salads; coffee; desserts; beer; wine; family dinners; catering; takeout,"Family-owned neighborhood restaurant and market serving in-house breakfast, sandwiches, salads, coffee, desserts, family dinners, takeout, and catering.",https://www.fostersmarket.com/,http://instagram.com/fostersmarket,https://www.facebook.com/Fosters-Market-Durham-323604735807/,,https://www.fostersmarket.com/,Foster’s Market,family owned,https://www.fostersmarket.com/,Ownership language is explicit on the official site.,Food & Drink,business,needs_research,geocode_before_public_pin;ownership_evidence_manual_confirmation_required;source_url_and_address_manual_confirmation_required,foster s market|2694 durham chapel hill blvd|durham|nc,39.csv
Ninth Street Bakery,136 East Chapel Hill Street,Durham,NC,27701,USA,food,bakery,organic baked goods; bread; pastries; cakes; sandwiches; soups; catering; wholesale,"Organic bakery and cafe serving breads, pastries, lunch, cakes, catering, and wholesale products; states it has served Durham since 1981.",https://www.ninthstbakery.com/,https://www.instagram.com/ninthstreetbakery/,https://www.facebook.com/Ninthstbakery/,,https://www.ninthstbakery.com/,Ninth Street Bakery,,,"Official site lists current location, hours, menu, history, and social links.",Food & Drink,business,pending_review,geocode_before_public_pin;source_url_and_address_manual_confirmation_required,ninth street bakery|136 east chapel hill street|durham|nc,39.csv
The House Restaurant & Catering,4310 S Miami Blvd #300,Durham,NC,27703,USA,food,"restaurant, bar, and catering",American food; wings; full bar; draft beer; catering; private parties; event space; reservations,"Full-service Durham restaurant and event space with classic American food, full bar, draft beer, catering, private parties, and community-oriented hospitality.",https://thehousertp.com/,https://www.instagram.com/the_house_restaurant,https://www.facebook.com/846645878782829,,https://thehousertp.com/,The House Restaurant & Catering,,,"Official site lists location, menu concept, catering, events, and social links.",Food & Drink,business,pending_review,geocode_before_public_pin;source_url_and_address_manual_confirmation_required,the house restaurant catering|4310 s miami blvd 300|durham|nc,39.csv
The Original Q Shack,2510 University Dr.,Durham,NC,27707,USA,food,barbecue restaurant and catering,BBQ; brisket; smoked meats; turkey; chicken; scratch sides; catering; online ordering,"Durham barbecue restaurant founded in 2003, serving smoked meats and made-from-scratch sides with catering for parties and events.",https://theoriginalqshackdurham.com/,,https://www.facebook.com/The-Original-Q-Shack-31682719067/,,https://theoriginalqshackdurham.com/,The Original Q Shack,,,"Official site lists address, hours, menu, history, catering, and Facebook.",Food & Drink,business,pending_review,geocode_before_public_pin;source_url_and_address_manual_confirmation_required,the original q shack|2510 university dr|durham|nc,39.csv
The Velvet Hippo,"119 Orange Street, 3rd Floor",Durham,NC,,USA,nightlife,rooftop neighborhood bar,signature cocktails; local beer; mocktails; slushes; light bites; rooftop; events; late night,"Neighborhood rooftop bar in historic downtown Durham serving cocktails, local beers, mocktails, slushes, light bites, and events in a welcoming space.",https://www.velvethippodurham.com/,http://instagram.com/velvethippodurham,https://www.facebook.com/velvethippodurham,,https://www.velvethippodurham.com/,The Velvet Hippo,,,"Official site lists address, hours, offerings, events, and social links.",Food & Drink,business,pending_review,geocode_before_public_pin;source_url_and_address_manual_confirmation_required,the velvet hippo|119 orange street 3rd floor|durham|nc,39.csv
The Waiting Room,"300 Blackwell Street, Suite 100",Durham,NC,27701,USA,nightlife,cocktail bar and private events,craft cocktails; mocktails; small plates; desserts; private events; 21+ bar,"Inclusive Durham cocktail bar and private-event space created as a community meeting place, serving cocktails, small plates, desserts, and 21+ nightlife.",https://waitingroomdurham.com/,https://www.instagram.com/thewaitingroomdurham,https://www.facebook.com/109896974968113,,https://waitingroomdurham.com/,The Waiting Room,,,"Official site lists address, hours, offerings, private events, and social links.",Food & Drink,business,pending_review,geocode_before_public_pin;source_url_and_address_manual_confirmation_required,the waiting room|300 blackwell street suite 100|durham|nc,39.csv
Carolina Women's Research and Wellness Center,"249 NC HWY 54, Suite 330",Durham,NC,27713,USA,health,women’s clinic and gynecology,primary care; gynecology; contraception; menopause; fibroids; endometriosis; weight loss; clinical research; laser hair removal; cosmetic injections,"Women’s wellness clinic offering primary care and gynecology, women’s health research opportunities, and related wellness and cosmetic services.",https://www.cwrwc.com/,,,,https://www.cwrwc.com/,Carolina Women’s Research and Wellness Center,,,"Official site lists address, services, providers, and clinical research.",Health & Wellness,regulated_review,needs_research,geocode_before_public_pin;regulated_or_age_governed_service_review_required;source_url_and_address_manual_confirmation_required,carolina women s research and wellness center|249 nc hwy 54 suite 330|durham|nc,39.csv
Essential Comfort LLC,4126 Old Rd,Durham,NC,27712,USA,home trades,HVAC,heating repair; AC repair; system replacement; HVAC,"Family-owned and operated Durham HVAC business serving the community with heating repair, AC repair, and system replacement.",https://www.essentialcomfortllc.com/,,,,https://www.essentialcomfortllc.com/,Essential Comfort LLC,family owned and operated,https://www.essentialcomfortllc.com/,Ownership language is explicit on the official site.,Home & Property Services,regulated_review,needs_research,geocode_before_public_pin;ownership_evidence_manual_confirmation_required;regulated_or_age_governed_service_review_required;source_url_and_address_manual_confirmation_required,essential comfort llc|4126 old rd|durham|nc,39.csv
"Perry, Perry & Perry, P.A.","601 Fayetteville St., Suite 300",Durham,NC,27701,USA,law,personal injury and general practice,auto accidents; personal injury; wrongful death; workers compensation; real estate; wills; estates; traffic offenses,"Locally owned and operated Durham law firm, founded by three brothers, providing representation in personal injury, workers’ compensation, real estate, estate, and traffic matters.",https://www.perryperryperrypa.com/,,,,https://www.perryperryperrypa.com/,"Perry, Perry & Perry, P.A.",locally owned and operated; founded by three brothers,https://www.perryperryperrypa.com/,Ownership language is explicit on the official site.,Legal & Government Services,regulated_review,needs_research,geocode_before_public_pin;ownership_evidence_manual_confirmation_required;regulated_or_age_governed_service_review_required;source_url_and_address_manual_confirmation_required,perry perry perry p a|601 fayetteville st suite 300|durham|nc,39.csv
Rose & Lee Co,213 W Main St,Durham,NC,27701,USA,retail,ethical and sustainable women’s boutique,women’s clothing; accessories; jewelry; gifts; personal styling; color analysis; shopping parties,"Ethical and sustainable women’s boutique with clothing, accessories, jewelry, gifts, styling, color analysis, shopping parties, and community events.",https://www.roseandleeco.com/,https://www.instagram.com/roseandleeco/,https://www.facebook.com/roseandleeco,https://www.tiktok.com/@roseandleeco,https://www.roseandleeco.com/,Rose & Lee Co,,,"Official site lists Durham storefront, products, appointments, and social links.",Shopping & Retail,business,pending_review,geocode_before_public_pin;source_url_and_address_manual_confirmation_required,rose lee co|213 w main st|durham|nc,39.csv
Beyond Hair and Braids,1115 Coliseum Blvd,Greensboro,NC,27403,USA,beauty,braiding and natural hair salon,knotless braids; Fulani braids; weave installations; natural hair care; hair products; suite rentals; classes,"Braiding and beauty salon specializing in knotless and Fulani braids, weave installations, natural hair styling, products, and independent stylist suites.",https://beyondhairandbraids.com/,https://www.instagram.com/beyondhairandbraids/,https://www.facebook.com/beyondhairandbraids/,,https://beyondhairandbraids.com/,Official Beyond Hair and Braids website,Owner (Charlotte),https://beyondhairandbraids.com/,Ownership is explicitly self-stated on the booking policy as Charlotte,Beauty & Personal Care,business,needs_research,geocode_before_public_pin;ownership_evidence_manual_confirmation_required;source_url_and_address_manual_confirmation_required,beyond hair and braids|1115 coliseum blvd|greensboro|nc,40.csv
The Nest Schools of Greensboro,1917 Lendew Street,Greensboro,NC,27408,USA,childcare,preschool and early education,infant care; toddler care; preschool; pre-K; private kindergarten; before and after school; summer camp,"Preschool and childcare center with play-based early education, infant through kindergarten programs, school-age care, and summer camp.",https://thenestschool.com/locations/greensboro/,https://instagram.com/nestkidsgreensboro,https://facebook.com/nestkidsgreensboro,,https://thenestschool.com/locations/greensboro/,Official The Nest Schools Greensboro location page,,,Official location page lists address,Children & Family,regulated_review,needs_research,geocode_before_public_pin;regulated_or_age_governed_service_review_required;source_url_and_address_manual_confirmation_required,the nest schools of greensboro|1917 lendew street|greensboro|nc,40.csv
Level Wealth Management,701 Green Valley Rd Suite 100,Greensboro,NC,27408,USA,finance,fee-only financial advisory,financial planning; retirement planning; investment management; tax planning; fiduciary advice; wealth management,"Fee-only financial advisory firm founded in Greensboro offering comprehensive financial planning, investment management, retirement planning, and tax planning.",https://www.levelwm.com/,,,,https://www.levelwm.com/,Official Level Wealth Management website,Founded in Greensboro,https://www.levelwm.com/,Ownership/designation is limited to the site's self-stated founding location and firm structure; no identity inferred.,Financial & Business Services,regulated_review,needs_research,geocode_before_public_pin;ownership_evidence_manual_confirmation_required;regulated_or_age_governed_service_review_required;source_url_and_address_manual_confirmation_required,level wealth management|701 green valley rd suite 100|greensboro|nc,40.csv
The Quarter,112 West Lewis Street,Greensboro,NC,27406,USA,nightlife,cocktail bar and private events,craft cocktails; neighborhood bar; reservations; private events; nightlife; 21+ bar,"Downtown Greensboro neighborhood bar focused on craft cocktails, reservations, date nights, gatherings, and private events.",https://thequartergso.com/,https://www.instagram.com/thequartergso,https://www.facebook.com/111727355243282,,https://thequartergso.com/,Official The Quarter website,,,Official site lists address,Food & Drink,business,pending_review,geocode_before_public_pin;source_url_and_address_manual_confirmation_required,the quarter|112 west lewis street|greensboro|nc,40.csv
Uncle Rob Restaurant,3722 S Holden Rd,Greensboro,NC,27407,USA,food,soul food restaurant,soul food; dine-in; takeout; catering; private parties; live music,"Greensboro soul food restaurant offering dine-in, online ordering, catering, reservations, and private events.",https://unclerobrestaurant.com/,,https://www.facebook.com/109262154141552,,https://unclerobrestaurant.com/,Official Uncle Rob Restaurant website,,,Official site lists current hours,Food & Drink,business,pending_review,geocode_before_public_pin;source_url_and_address_manual_confirmation_required,uncle rob restaurant|3722 s holden rd|greensboro|nc,40.csv
Mustard Seed Community Health,238 S. English Street,Greensboro,NC,27401,USA,health,community health clinic,low-cost healthcare; medical appointments; counseling appointments; health goals; community clinic,Nonprofit community clinic providing low-cost healthcare resources and medical and counseling appointments to Guilford County residents.,https://www.mustardseedhealth.org/,https://instagram.com/mustardseedcommunity/,https://facebook.com/mustardseedcommunityhealth,,https://www.mustardseedhealth.org/,Official Mustard Seed Community Health website,501(c)(3) nonprofit,https://www.mustardseedhealth.org/,Official site identifies organization as a 501(c)(3) nonprofit and lists address and appointment contacts.,Health & Wellness,regulated_review,needs_research,geocode_before_public_pin;ownership_evidence_manual_confirmation_required;regulated_or_age_governed_service_review_required;source_url_and_address_manual_confirmation_required,mustard seed community health|238 s english street|greensboro|nc,40.csv
The Plumbing & Air Service Co.,717 Green Valley Rd Suite 200-PMB 178,Greensboro,NC,27408,USA,home trades,HVAC plumbing and electrical,air conditioning; heating; indoor air quality; plumbing; electrical; drain and sewer; commercial; emergency service,"Locally managed and operated home-services contractor serving Greensboro with HVAC, plumbing, electrical, drain and sewer, commercial, and 24/7 emergency services.",https://www.plumbingserviceco.com/,https://www.instagram.com/plumbingair/,https://www.facebook.com/plumbingair/,,https://www.plumbingserviceco.com/,Official The Plumbing & Air Service Co. website,Locally managed and operated,https://www.plumbingserviceco.com/,Official site states locally managed and operated,Home & Property Services,regulated_review,needs_research,geocode_before_public_pin;ownership_evidence_manual_confirmation_required;regulated_or_age_governed_service_review_required;source_url_and_address_manual_confirmation_required,the plumbing air service co|717 green valley rd suite 200 pmb 178|greensboro|nc,40.csv
Ivey McClellan,305 Blandwood Ave,Greensboro,NC,27401,USA,law,general and bankruptcy law,consumer bankruptcy; business bankruptcy; tax law; estate planning; domestic law; real estate law; business litigation,"Greensboro law firm representing individuals and small businesses in bankruptcy, tax, estate planning, domestic, real estate, and litigation matters.",https://www.iveymcclellan.com/,,,,https://www.iveymcclellan.com/,Official Ivey McClellan website,,,Official site lists Greensboro office address,Legal & Government Services,regulated_review,needs_research,geocode_before_public_pin;regulated_or_age_governed_service_review_required;source_url_and_address_manual_confirmation_required,ivey mcclellan|305 blandwood ave|greensboro|nc,40.csv
Pebble & Pear,2915 Battleground Ave Suite G,Greensboro,NC,27408,USA,retail,womens clothing boutique,womens apparel; accessories; gifts; designer brands; Lilly Pulitzer; in-store shopping,"Specialty Greensboro boutique offering curated women's apparel, accessories, gifts, and designer brands in-store and online.",https://www.pebblepear.com/,https://instagram.com/pebblepear,https://facebook.com/pebblepear,,https://www.pebblepear.com/pages/about-us,Official Pebble & Pear About Us page,Founder Amy Pierce Alvino,https://www.pebblepear.com/pages/about-us,Official About Us page names founder Amy Pierce Alvino and lists Greensboro storefront address.,Shopping & Retail,business,needs_research,geocode_before_public_pin;ownership_evidence_manual_confirmation_required;source_url_and_address_manual_confirmation_required,pebble pear|2915 battleground ave suite g|greensboro|nc,40.csv
A Way To Go Travel,4526 W. Wendover Ave Suite 50,Greensboro,NC,27409,USA,travel,travel agency,personalized travel planning; cruises; family vacations; adventure travel; honeymoon vacations; group travel; hotels and resorts,"Award-winning travel agency established in 1996 that crafts personalized vacations, cruises, group travel, family trips, adventure travel, and honeymoon itineraries.",https://www.awaytogotravel.com/,,,,https://www.awaytogotravel.com/,Official A Way To Go Travel website,Established 1996,https://www.awaytogotravel.com/,Official site states establishment year and lists Greensboro office address and services.,Travel & Hospitality,business,needs_research,geocode_before_public_pin;ownership_evidence_manual_confirmation_required;source_url_and_address_manual_confirmation_required,a way to go travel|4526 w wendover ave suite 50|greensboro|nc,40.csv
Adara Spa,608 West Peace Street,Raleigh,NC,27605,USA,beauty,spa and wellness,manicures; pedicures; waxing; massage; facials; spa services,"Full-service Raleigh spa offering manicure, pedicure, waxing, massage, facial and wellness services.",https://adaraspa.com/,,https://www.facebook.com/adaraspa,,https://adaraspa.com/,Adara Spa official website,Black-owned (listed by Downtown Raleigh Alliance),https://downtownraleigh.org/post/downtown-raleigh-black-owned-businesses,Official website confirms Raleigh location and services; ownership designation comes from Downtown Raleigh Alliance list.,Beauty & Personal Care,business,needs_research,geocode_before_public_pin;ownership_evidence_manual_confirmation_required;source_url_and_address_manual_confirmation_required,adara spa|608 west peace street|raleigh|nc,38.csv
City Market Barber & Style Shop,307 S Blount St,Raleigh,NC,27601,USA,beauty,barbershop,haircuts; barbering; styling; walk-ins; community haircut access,Longstanding City Market barbershop and style shop; Downtown Raleigh Alliance notes everyone is welcome regardless of ability to pay.,,https://www.facebook.com/pages/City-Market-Barber-Shop/137396519635614,,,https://downtownraleigh.org/go/city-market-barber-and-style-shop,Downtown Raleigh Alliance directory,Black-owned (listed by Downtown Raleigh Alliance),https://downtownraleigh.org/post/downtown-raleigh-black-owned-businesses,Directory confirms Raleigh address and community-serving haircut description; ownership designation source-backed by Downtown Raleigh Alliance list.,Beauty & Personal Care,business,needs_research,geocode_before_public_pin;ownership_evidence_manual_confirmation_required;source_url_and_address_manual_confirmation_required,city market barber style shop|307 s blount st|raleigh|nc,38.csv
Evette’s Beauty Salon,133 S Wilmington St,Raleigh,NC,27601,USA,beauty,hair salon,hair styling; master stylist; appointments; walk-ins,Downtown Raleigh beauty salon led by a master stylist with 20+ years of experience; appointments and walk-ins.,https://hairbyevette.com/,,https://www.facebook.com/EvetteatSellars/,,https://hairbyevette.com/,Hair by Evette official website,Black-owned (listed by Downtown Raleigh Alliance),https://downtownraleigh.org/post/downtown-raleigh-black-owned-businesses,Official site confirms location and services; ownership designation source-backed by Downtown Raleigh Alliance list.,Beauty & Personal Care,business,needs_research,geocode_before_public_pin;ownership_evidence_manual_confirmation_required;source_url_and_address_manual_confirmation_required,evette s beauty salon|133 s wilmington st|raleigh|nc,38.csv
Marlys Hair Braiding,5540 Atlantic Spring Rd Suite 108,Raleigh,NC,,USA,beauty,hair braiding,hair braiding; braid specialties; appointments; price consultations,Raleigh hair-braiding business with appointment and pricing contact information on its official Instagram profile.,,https://www.instagram.com/marlyshairbraiding/,,,https://www.instagram.com/marlyshairbraiding/,Instagram profile,,,Official profile lists Raleigh address; postal code not stated on source.,Beauty & Personal Care,business,pending_review,geocode_before_public_pin;source_url_and_address_manual_confirmation_required,marlys hair braiding|5540 atlantic spring rd suite 108|raleigh|nc,38.csv
Nara Hair Braiding,1625 Ronald Drive,Raleigh,NC,27609,USA,beauty,hair braiding,hair braiding; walk-ins; appointments,Raleigh braiding salon advertising walk-ins and appointments from its official Instagram profile.,,https://www.instagram.com/narahairbraiding/,,,https://www.instagram.com/narahairbraiding/,Instagram profile,,,Official profile lists current Raleigh address and contact details; no identity inferred.,Beauty & Personal Care,business,pending_review,geocode_before_public_pin;source_url_and_address_manual_confirmation_required,nara hair braiding|1625 ronald drive|raleigh|nc,38.csv
A Mother’s Touch Child Development Center,1024 Lynn Rd,Raleigh,NC,27612,USA,childcare,child development center,infant care; preschool; after-school care; ages 6 weeks–12 years; licensed childcare,"North Raleigh child development center serving newborns through age 12 with degreed teachers, curriculum, meals, and after-school care.",https://amtcdc.com/,https://www.instagram.com/amtcdc/,https://www.facebook.com/amtcdc/,,https://amtcdc.com/,A Mother’s Touch Child Development Center,,,Official site states Raleigh location and full North Carolina licensure; active tour/enrollment links.,Children & Family,regulated_review,needs_research,geocode_before_public_pin;regulated_or_age_governed_service_review_required;source_url_and_address_manual_confirmation_required,a mother s touch child development center|1024 lynn rd|raleigh|nc,38.csv
ORO Restaurant & Lounge,18 E Martin St,Raleigh,NC,27601,USA,food,restaurant and lounge,contemporary American; shareable dishes; dinner; reservations; lounge,Downtown Raleigh restaurant and lounge serving shareable contemporary American dishes with dinner service and reservations.,https://ororaleigh.com/,,https://www.facebook.com/OROraleigh,,https://ororaleigh.com/,ORO official website,Black-owned (listed by Downtown Raleigh Alliance),https://downtownraleigh.org/post/downtown-raleigh-black-owned-businesses,"Official website confirms active address, hours, menu and reservations; ownership designation comes from Downtown Raleigh Alliance list.",Food & Drink,business,needs_research,geocode_before_public_pin;ownership_evidence_manual_confirmation_required;source_url_and_address_manual_confirmation_required,oro restaurant lounge|18 e martin st|raleigh|nc,38.csv
Sugar Euphoria,606 N Person Street,Raleigh,NC,27604,USA,food,bakery and confectionery,wedding cakes; cupcakes; custom cakes; baked goods; confections,"Boutique cake and confectionery studio offering wedding cakes, cupcakes, custom cakes and baked goods.",https://sugareuphoria.com/,,https://www.facebook.com/SugarEuphoria,,https://sugareuphoria.com/,Sugar Euphoria official website,Black-owned (listed by Downtown Raleigh Alliance),https://downtownraleigh.org/post/downtown-raleigh-black-owned-businesses,Official website confirms active address and hours; ownership designation source-backed by Downtown Raleigh Alliance list.,Food & Drink,business,needs_research,geocode_before_public_pin;ownership_evidence_manual_confirmation_required;source_url_and_address_manual_confirmation_required,sugar euphoria|606 n person street|raleigh|nc,38.csv
The Venue Raleigh,327 W Davie St Suite 102,Raleigh,NC,27603,USA,nightlife,"restaurant, bar and lounge",craft cocktails; hookah; live music; brunch; food; Sunday day parties; reservations,"Raleigh restaurant, bar and lounge offering craft cocktails, hookah, live music, food and weekend brunch.",https://www.thevenueraleigh.com/,,https://www.facebook.com/thevenueraleigh/,,https://www.thevenueraleigh.com/,The Venue Raleigh official website,Black-owned (listed by Downtown Raleigh Alliance),https://downtownraleigh.org/post/downtown-raleigh-black-owned-businesses,Official website and Facebook confirm active Raleigh venue and recurring brunch/events; ownership designation source-backed by Downtown Raleigh Alliance list.,Food & Drink,business,needs_research,geocode_before_public_pin;ownership_evidence_manual_confirmation_required;source_url_and_address_manual_confirmation_required,the venue raleigh|327 w davie st suite 102|raleigh|nc,38.csv
House of Rebellion,206 S Wilmington St,Raleigh,NC,27601,USA,retail,vintage and secondhand clothing,vintage apparel; shoes; accessories; secondhand; local products,"Active Raleigh secondhand shop with curated vintage apparel, shoes, accessories and locally made products.",,https://www.instagram.com/rebellionvtg/,,,https://www.instagram.com/rebellionvtg/,House of Rebellion Instagram,Black-owned (listed by Downtown Raleigh Alliance),https://downtownraleigh.org/post/downtown-raleigh-black-owned-businesses,"Official Instagram and Visit Raleigh search result show active Raleigh address; excluded closed House of Art, not this business.",Shopping & Retail,business,needs_research,geocode_before_public_pin;ownership_evidence_manual_confirmation_required;source_url_and_address_manual_confirmation_required,house of rebellion|206 s wilmington st|raleigh|nc,38.csv
NASHONA,21 W Hargett Street,Raleigh,NC,27601,USA,retail,fashion boutique,women’s clothing; accessories; African fabrics; Tanzania-made goods,Women’s boutique specializing in modern styles and accessories made with vibrant African fabrics from Tanzania.,https://www.nashona.com/,,https://www.facebook.com/nashonaclothing/,,https://www.nashona.com/pages/locations,NASHONA official locations page,Black-owned (listed by Downtown Raleigh Alliance),https://downtownraleigh.org/post/downtown-raleigh-black-owned-businesses,Official locations page confirms Raleigh storefront; ownership designation is source-backed by Downtown Raleigh Alliance list.,Shopping & Retail,business,needs_research,geocode_before_public_pin;ownership_evidence_manual_confirmation_required;source_url_and_address_manual_confirmation_required,nashona|21 w hargett street|raleigh|nc,38.csv
SirCastleTees,610 W South St,Raleigh,NC,27603,USA,retail,custom apparel and footwear,custom shoes; shoe painting; custom apparel; design,Raleigh custom shoe and apparel shop offering designs and custom paint jobs.,https://www.sircastleteees.com/,,https://www.facebook.com/sircastleteees/,,https://www.sircastleteees.com/,Sircastleteees official website,Black-owned (listed by Downtown Raleigh Alliance),https://downtownraleigh.org/post/downtown-raleigh-black-owned-businesses,Official website confirms Raleigh storefront and hours; ownership designation source-backed by Downtown Raleigh Alliance list.,Shopping & Retail,business,needs_research,geocode_before_public_pin;ownership_evidence_manual_confirmation_required;source_url_and_address_manual_confirmation_required,sircastletees|610 w south st|raleigh|nc,38.csv
Social Status Raleigh,308 Parham St,Raleigh,NC,27601,USA,retail,streetwear and sneakers,sneakers; apparel; accessories; streetwear,"Upscale Raleigh street-fashion and sneaker boutique carrying major brands, apparel and accessories.",https://www.socialstatuspgh.com/pages/social-status-raleigh,,,,https://downtownraleigh.org/go/social-status,Downtown Raleigh Alliance directory,Black-owned (listed by Downtown Raleigh Alliance),https://downtownraleigh.org/post/downtown-raleigh-black-owned-businesses,Address and category are from Downtown Raleigh Alliance directory; official website link is the business location page.,Shopping & Retail,business,needs_research,geocode_before_public_pin;ownership_evidence_manual_confirmation_required;source_url_and_address_manual_confirmation_required,social status raleigh|308 parham st|raleigh|nc,38.csv
Coronado Children's Center,"7106 Menaul Blvd NE, Albuquerque, NM 87110",Albuquerque,NM,87110,USA,childcare,preschool and before/after-school care,free Pre-K; summer care; before-and-after school; homework help; transport; meals,"Family-owned and operated Albuquerque childcare center offering free Pre-K, summer care, before/after-school programs and enrichment.",https://coronadochildrenscenter.com/,https://www.instagram.com/coronadochildrenscenter/,https://facebook.com/CCCABQ,,https://coronadochildrenscenter.com/,Coronado Children’s Center,family-owned and operated,https://coronadochildrenscenter.com/,Official site states nationally accredited and New Mexico five-star rated.,Children & Family,regulated_review,needs_research,geocode_before_public_pin;ownership_evidence_manual_confirmation_required;regulated_or_age_governed_service_review_required;source_url_and_address_manual_confirmation_required,coronado children s center|7106 menaul blvd ne albuquerque nm 87110|albuquerque|nm,54.csv
505 Central Food Hall,"505 Central Ave NW, Albuquerque, NM 87102",Albuquerque,NM,87102,USA,food,food hall,local vendors; pizza; burgers; tacos; ramen; vegetarian; beer; cocktails; desserts,"Downtown urban food hall featuring six local vendors and a broad mix of meals, drinks and desserts.",https://www.505central.com/,https://www.instagram.com/505central/,https://www.facebook.com/505central,https://www.tiktok.com/@505.central,https://www.505central.com/,505 Central Food Hall,,,,Food & Drink,business,pending_review,geocode_before_public_pin;source_url_and_address_manual_confirmation_required,505 central food hall|505 central ave nw albuquerque nm 87102|albuquerque|nm,54.csv
Bow & Arrow Brewing Co.,"608 McKnight Ave NW, Albuquerque, NM 87102",Albuquerque,NM,87102,USA,nightlife,brewery/taproom,craft beer; brew hall; patio; food trucks; private events,"15-barrel Albuquerque brewery and beer hall with Southwest-inspired beer, communal seating, patio, food trucks and events.",https://www.bowandarrowbrewing.com/,https://www.instagram.com/bowandarrowbrewing,https://www.facebook.com/bowandarrowbrewingco,,https://www.bowandarrowbrewing.com/,Bow & Arrow Brewing Co.,,,,Food & Drink,business,pending_review,geocode_before_public_pin;source_url_and_address_manual_confirmation_required,bow arrow brewing co|608 mcknight ave nw albuquerque nm 87102|albuquerque|nm,54.csv
Frontier Restaurant,"2400 Central Ave SE, Albuquerque, NM 87106",Albuquerque,NM,87106,USA,food,restaurant,breakfast; burritos; burgers; green chile; flour tortillas; sweet rolls,"Long-running Route 66 restaurant across from UNM serving breakfast, burritos, burgers, green chile, tortillas and sweet rolls.",https://frontierabq.com/,https://www.instagram.com/frontierrestaurantabq/,https://www.facebook.com/FrontierRestaurant1971,,https://frontierabq.com/,Frontier Restaurant,,,,Food & Drink,business,pending_review,geocode_before_public_pin;source_url_and_address_manual_confirmation_required,frontier restaurant|2400 central ave se albuquerque nm 87106|albuquerque|nm,54.csv
Gravity Bound Brewing,"816 3rd St NW, Albuquerque, NM 87102",Albuquerque,NM,87102,USA,nightlife,brewery/taproom,craft beer; kombucha; crowlers; food trucks; events,"Downtown small brewery and taproom producing classic and creative beers plus kombucha, with food trucks and recurring events.",https://www.gravityboundbrewing.com/,,,,https://www.gravityboundbrewing.com/,Gravity Bound Brewing,,,,Food & Drink,business,pending_review,geocode_before_public_pin;source_url_and_address_manual_confirmation_required,gravity bound brewing|816 3rd st nw albuquerque nm 87102|albuquerque|nm,54.csv
Himawari,"505 Central Ave NW, Albuquerque, NM 87102",Albuquerque,NM,87102,USA,food,ramen,Hakata ramen; miso ramen; shoyu ramen; chashu,Food-hall ramen vendor serving Hakata-style ramen plus miso and shoyu ramen.,https://www.505central.com/,https://www.instagram.com/narutoramen505,,,https://www.505central.com/,505 Central Food Hall,,,,Food & Drink,business,pending_review,geocode_before_public_pin;source_url_and_address_manual_confirmation_required,himawari|505 central ave nw albuquerque nm 87102|albuquerque|nm,54.csv
KUKRI CHICKEN,"505 Central Ave NW, Albuquerque, NM 87102",Albuquerque,NM,87102,USA,food,hot chicken,hot chicken; tenders; fried chicken sandwiches; coleslaw; mac and cheese; fries,Food-hall vendor serving spicy hot chicken tenders and sandwiches with classic sides.,https://www.kukriabq.com,https://www.instagram.com/kukri.chicken,,,https://www.505central.com/,505 Central Food Hall,,,,Food & Drink,business,pending_review,geocode_before_public_pin;source_url_and_address_manual_confirmation_required,kukri chicken|505 central ave nw albuquerque nm 87102|albuquerque|nm,54.csv
Kaufman's New York Diner,"505 Central Ave NW, Albuquerque, NM 87102",Albuquerque,NM,87102,USA,food,diner,pastrami sandwiches; bagels and lox; knishes; blintzes; cookies,"Food-hall diner vendor serving New York classics including pastrami, bagels and lox, knishes and blintzes.",https://www.505central.com/,https://www.instagram.com/kaufmansdiner/,,,https://www.505central.com/,505 Central Food Hall,,,,Food & Drink,business,pending_review,geocode_before_public_pin;source_url_and_address_manual_confirmation_required,kaufman s new york diner|505 central ave nw albuquerque nm 87102|albuquerque|nm,54.csv
LAI LAI KiTCHEN,"505 Central Ave NW, Albuquerque, NM 87102",Albuquerque,NM,87102,USA,food,Chinese quick service,orange chicken; teriyaki; spring rolls; butterfly shrimp; boba,"Food-hall quick-service Chinese vendor offering orange chicken, teriyaki, spring rolls, shrimp and boba.",https://www.505central.com/,https://www.instagram.com/lai.lai.kitchen/,,,https://www.505central.com/,505 Central Food Hall,,,,Food & Drink,business,pending_review,geocode_before_public_pin;source_url_and_address_manual_confirmation_required,lai lai kitchen|505 central ave nw albuquerque nm 87102|albuquerque|nm,54.csv
MoOnwalk,"505 Central Ave NW, Albuquerque, NM 87102",Albuquerque,NM,87102,USA,nightlife,microbrewery and craft distillery bar,microbrewery; craft distillery; cocktails; New Mexico beer and spirits; package liquor,"Food-hall microbrewery and craft distillery bar with cocktails, New Mexico beer and spirits.",https://www.facebook.com/moonwalkbev/,https://www.instagram.com/moonwalkbar/,https://www.facebook.com/moonwalkbev/,,https://www.505central.com/,505 Central Food Hall,,,,Food & Drink,business,pending_review,geocode_before_public_pin;source_url_and_address_manual_confirmation_required,moonwalk|505 central ave nw albuquerque nm 87102|albuquerque|nm,54.csv
Nexus Blue Smokehouse,"1511 Broadway Blvd SE, Albuquerque, NM 87102",Albuquerque,NM,87102,USA,food,barbecue and brewery,BBQ; brisket; burnt ends; pulled pork; craft beer; live local music,"Nexus smokehouse location focused on barbecue, smoked meats, craft beer and live local music.",https://nexusbrewery.com/,https://www.instagram.com/nexusbrewery/,https://www.facebook.com/nexusbrewery/,,https://nexusbrewery.com/,Nexus Brewery,,,,Food & Drink,business,pending_review,geocode_before_public_pin;source_url_and_address_manual_confirmation_required,nexus blue smokehouse|1511 broadway blvd se albuquerque nm 87102|albuquerque|nm,54.csv
Nexus Brewery & Restaurant,"4730 Pan American Fwy NE Suite D, Albuquerque, NM 87109",Albuquerque,NM,87109,USA,food,brewery and New Mexican soul food,craft beer; New Mexican soul food; Cajun chicken; green chile; dine-in,Brewery and restaurant serving house beer and New Mexican soul food at its Pan American location.,https://nexusbrewery.com/,https://www.instagram.com/nexusbrewery/,https://www.facebook.com/nexusbrewery/,,https://nexusbrewery.com/,Nexus Brewery,,,,Food & Drink,business,pending_review,geocode_before_public_pin;source_url_and_address_manual_confirmation_required,nexus brewery restaurant|4730 pan american fwy ne suite d albuquerque nm 87109|albuquerque|nm,54.csv
Packie's,"505 Central Ave NW, Albuquerque, NM 87102",Albuquerque,NM,87102,USA,nightlife,sports bar and package liquor store,sports bar; hot dogs; local beer; cider; wine; spirits; package liquor,Low-key food-hall sports bar and package liquor store offering hot dogs and a range of beverages.,https://packiesabq.square.site/,https://www.instagram.com/packies505/,,,https://www.505central.com/,505 Central Food Hall,,,,Food & Drink,business,pending_review,geocode_before_public_pin;source_url_and_address_manual_confirmation_required,packie s|505 central ave nw albuquerque nm 87102|albuquerque|nm,54.csv
Rio Grande Social,"10127 Coors Blvd NW, Albuquerque, NM 87114",Albuquerque,NM,87114,USA,food,breakfast and brunch restaurant,breakfast; brunch; burgers; pizza; pasta; salads; tacos; cocktails; private parties,"Breakfast and brunch spot with salads, burgers, pizzas, pastas, tacos, cocktails, patio seating and group reservations.",https://riograndesocial.com/,https://www.instagram.com/riograndesocial,https://www.facebook.com/61560640840175,,https://riograndesocial.com/,Rio Grande Social,,,,Food & Drink,business,pending_review,geocode_before_public_pin;source_url_and_address_manual_confirmation_required,rio grande social|10127 coors blvd nw albuquerque nm 87114|albuquerque|nm,54.csv
STACKERS Burger CO.,"505 Central Ave NW, Albuquerque, NM 87102",Albuquerque,NM,87102,USA,food,smash burgers,smash burgers; fries; tots; shakes; green chile cheeseburger,"Food-hall burger vendor serving smash burgers, fries, tots and shakes.",https://www.stackersabq.com,https://www.instagram.com/stackers.burgerco/,,,https://www.505central.com/,505 Central Food Hall,,,,Food & Drink,business,pending_review,geocode_before_public_pin;source_url_and_address_manual_confirmation_required,stackers burger co|505 central ave nw albuquerque nm 87102|albuquerque|nm,54.csv
SancheZ Tacos,"505 Central Ave NW, Albuquerque, NM 87102",Albuquerque,NM,87102,USA,food,Mexican tacos,carne asada; al pastor; barbacoa; Mexican classics; tacos,"Food-hall taco vendor serving Mexican classics including carne asada, al pastor and barbacoa.",https://www.sancheztacosnm.com/,https://www.instagram.com/sancheztacos1/,,,https://www.505central.com/,505 Central Food Hall,,,,Food & Drink,business,pending_review,geocode_before_public_pin;source_url_and_address_manual_confirmation_required,sanchez tacos|505 central ave nw albuquerque nm 87102|albuquerque|nm,54.csv
THICC Pizza Co.,"505 Central Ave NW, Albuquerque, NM 87102",Albuquerque,NM,87102,USA,food,Detroit-style pizza,Detroit-style pizza; caramelized cheese crust; takeout,Food-hall vendor serving Detroit-style pizza with caramelized cheese crust.,http://www.thiccpizzaco.com,https://www.instagram.com/thiccpizzaco/,,,https://www.505central.com/,505 Central Food Hall,,,,Food & Drink,business,pending_review,geocode_before_public_pin;source_url_and_address_manual_confirmation_required,thicc pizza co|505 central ave nw albuquerque nm 87102|albuquerque|nm,54.csv
The 377 Brewery,"2027 Yale Blvd SE, Albuquerque, NM 87106",Albuquerque,NM,87106,USA,nightlife,brewery and gastropub,craft beer; pub food; wings; burgers; fish and chips; catering; delivery; takeout; parties,"Local craft brewery with on-site beer, comfort food, dine-in, takeout, delivery, catering and private parties.",https://the377brewery.net/,,,,https://the377brewery.net/,The 377 Brewery,,,,Food & Drink,business,pending_review,geocode_before_public_pin;source_url_and_address_manual_confirmation_required,the 377 brewery|2027 yale blvd se albuquerque nm 87106|albuquerque|nm,54.csv
Albuquerque Indian Health Center,"801 Vassar Drive NE, Albuquerque, NM 87106",Albuquerque,NM,87106,USA,health,community health center,primary care; behavioral health; dental; pharmacy; optometry; pediatrics; lab; imaging; prenatal care,"Indian Health Service facility providing comprehensive medical, dental, pharmacy, behavioral health and specialty services.",https://www.ihs.gov/albuquerque/healthcarefacilities/albuquerque/,,,,https://www.ihs.gov/albuquerque/healthcarefacilities/albuquerque/,Indian Health Service,,,,Health & Wellness,regulated_review,needs_research,geocode_before_public_pin;regulated_or_age_governed_service_review_required;source_url_and_address_manual_confirmation_required,albuquerque indian health center|801 vassar drive ne albuquerque nm 87106|albuquerque|nm,54.csv
Sunrise Children's Foundation Early Head Start,2795 East Desert Inn Road Suite 100,Las Vegas,NV,89121,USA,childcare,early childhood education,Early Head Start; birth-to-3 education; developmental support; parenting resources; health and nutrition referrals; enrollment,Early Head Start and early-childhood education program supporting children from birth to age 3 with play-based developmental curriculum and family resources.,https://sunrisechildren.org/early-childhood-program/,https://www.instagram.com/scfnevada/,https://www.facebook.com/sunrisechildrennevada,https://www.youtube.com/@scfnevada,https://sunrisechildren.org/classes/early-head-start/,Sunrise Children's Foundation official website,,,"Official page lists Las Vegas location, enrollment phone, program scope, and hours.",Children & Family,regulated_review,needs_research,geocode_before_public_pin;regulated_or_age_governed_service_review_required;source_url_and_address_manual_confirmation_required,sunrise children s foundation early head start|2795 east desert inn road suite 100|las vegas|nv,51.csv
NdUlgence,809 North Main Street Unit 12,Las Vegas,NV,89101,USA,food,Cajun and comfort food,Southern food; Cajun cuisine; comfort food; shrimp burger; jerk chicken potato; hot links; delivery; pickup,"Casual eatery serving comfort-food classics and globally inspired dishes, with online ordering for delivery or pickup.",https://ndulgencelv.com/,https://www.instagram.com/ndulgence.lv,https://www.facebook.com/share/14w57riFvu/?mibextid=wwXIfr,https://www.tiktok.com/@ndulgencelv,https://ndulgencelv.com/,NdUlgence official website,,,"Official site displays location, open-now status, menu description, ordering, and social links.",Food & Drink,business,pending_review,geocode_before_public_pin;source_url_and_address_manual_confirmation_required,ndulgence|809 north main street unit 12|las vegas|nv,51.csv
Amy African Hair Braiding,2488 Adam Clayton Powell Jr Blvd,New York,NY,10030,USA,beauty,African hair braiding salon,African hair braiding; knotless box braids; cornrows; twists; wigs; hair products; walk-ins; same-day service,"African hair-braiding salon offering braids, twists, wigs, hair products, same-day appointments, and walk-in service.",https://amyafricanhairbraidingllc.com/,https://www.instagram.com/amy.african.hair.braiding/,https://www.facebook.com/people/Astou-Gueye/pfbid02tsGnhCcm1ANJ4auBfknRVvsJKVGiEk2au8yZrZCxXZv9GwG3xXVT7yKPUJFUinyYl/,https://www.tiktok.com/@amy647846,https://amyafricanhairbraidingllc.com/,Amy African Hair Braiding official website,,,"Official site lists address, services, hours, and social links; no identity inferred.",Beauty & Personal Care,business,pending_review,geocode_before_public_pin;source_url_and_address_manual_confirmation_required,amy african hair braiding|2488 adam clayton powell jr blvd|new york|ny,03.csv
Clay,553 Manhattan Avenue,New York,NY,10027,USA,food,seasonal restaurant,seasonal American cuisine; dinner; drinks; delivery; catering; private parties; reservations,"Seasonally driven neighborhood restaurant with dinner, drinks, delivery, catering, and intimate private parties.",https://claynyc.com/,https://www.instagram.com/clayrestaurantnyc,https://www.facebook.com/1625346087482096,,https://claynyc.com/,Clay official website,,,"Official site lists current hours, location, menu, and services.",Food & Drink,business,pending_review,geocode_before_public_pin;source_url_and_address_manual_confirmation_required,clay|553 manhattan avenue|new york|ny,03.csv
Renaissance Harlem,2245 Adam Clayton Powell Junior Boulevard,New York,NY,10030,USA,food,restaurant,French cuisine; Senegalese-inspired cuisine; dinner; brunch; catering; private parties,"Harlem restaurant led by first-cousin executive chef owners, serving creative cuisine with reservations, catering, and private events.",https://renaissance-harlem.com/,https://www.instagram.com/renaissancebistro132ndstreet,https://www.facebook.com/share/14bFMXH8LeB/,,https://renaissance-harlem.com/,Renaissance Harlem official website,Executive chef owners: Chef Cisse Elhadji and Chef Cheikh Ali Cisse,https://renaissance-harlem.com/,Official site lists open hours and location; no inferred identity.,Food & Drink,business,needs_research,geocode_before_public_pin;ownership_evidence_manual_confirmation_required;source_url_and_address_manual_confirmation_required,renaissance harlem|2245 adam clayton powell junior boulevard|new york|ny,03.csv
Sylvia's Restaurant,328 Malcolm X Blvd,New York,NY,10027,USA,food,soul food restaurant,soul food; fried chicken; collard greens; catering; private parties; reservations; takeout,"Long-running Harlem soul-food restaurant serving family-style dishes, reservations, takeout, catering, and large-party dining.",https://sylviasrestaurant.com/,https://www.instagram.com/sylviasrestaurant,https://www.facebook.com/48011858940,,https://sylviasrestaurant.com/,Sylvia’s Restaurant official website,,,Official site states open hours and 60+ years serving Harlem; no ownership inferred.,Food & Drink,business,pending_review,geocode_before_public_pin;source_url_and_address_manual_confirmation_required,sylvia s restaurant|328 malcolm x blvd|new york|ny,03.csv
The Nephew Supper Club,271 W 119th St,New York,NY,10026,USA,nightlife,supper club,brunch; craft cocktails; live jazz; late-night dining; global soul cuisine; reservations,"Harlem supper club in a preserved 1895 horse stable combining global soul cuisine, brunch, cocktails, live jazz, and late-night vibes.",https://www.the-nephew.com/,https://www.instagram.com/thenephewsupperclub/,,,https://www.the-nephew.com/,The Nephew Supper Club official website,,,"Official site lists current hours, address, and reservation-oriented services.",Food & Drink,business,pending_review,geocode_before_public_pin;source_url_and_address_manual_confirmation_required,the nephew supper club|271 w 119th st|new york|ny,03.csv
Vinatería,2211 Frederick Douglass Blvd,New York,NY,10026,USA,food,restaurant and wine bar,Italian and Spanish cuisine; seasonal menu; wine; cocktails; brunch; happy hour; group dining; private events,"Neighborhood Harlem restaurant offering seasonal Italian and Spanish dishes, a curated wine list, cocktails, brunch, and group dining.",https://www.vinaterianyc.com/,https://www.instagram.com/vinateria/,https://www.facebook.com/vinaterianyc/,,https://www.vinaterianyc.com/,Vinatería official website,Black-owned; women-owned,https://www.vinaterianyc.com/,Ownership is explicitly self-stated on official site.,Food & Drink,business,needs_research,geocode_before_public_pin;ownership_evidence_manual_confirmation_required;source_url_and_address_manual_confirmation_required,vinater a|2211 frederick douglass blvd|new york|ny,03.csv
Charles B. Wang Community Health Center,268 Canal Street,New York,NY,10013,USA,health,community health center,internal medicine; pediatrics; obstetrics and gynecology; dental care; primary eye care; mental health; social work; sliding-fee care,"Community health center offering affordable care for all, including primary care, pediatrics, OB/GYN, dental, eye, mental health, social work, and health education.",https://www.cbwchc.org/,https://www.instagram.com/CBWCHC/,https://www.facebook.com/cbwcommunityhealthcenter,,https://www.cbwchc.org/,Charles B. Wang Community Health Center official website,,,Official site lists Manhattan address and services; federally supported health center.,Health & Wellness,regulated_review,needs_research,geocode_before_public_pin;regulated_or_age_governed_service_review_required;source_url_and_address_manual_confirmation_required,charles b wang community health center|268 canal street|new york|ny,03.csv
Rainbow Shops at Harlem,308 W 125th St,New York,NY,10027,USA,retail,women’s clothing and shoes,women’s clothing; plus-size clothing; juniors; women’s shoes; accessories; buy online ship to store; in-store returns,"Harlem retail store offering affordable women’s and plus-size clothing, juniors fashion, shoes, accessories, ship-to-store, and returns.",https://stores.rainbowshops.com/ny/new-york/26/,,,,https://stores.rainbowshops.com/ny/new-york/26/,Rainbow Shops official store locator,,,"Official store page lists active location, departments, phone, and services.",Shopping & Retail,business,pending_review,geocode_before_public_pin;source_url_and_address_manual_confirmation_required,rainbow shops at harlem|308 w 125th st|new york|ny,03.csv
CIRE Travel New York,"1633 Broadway, 36th Floor",New York,NY,10019,USA,travel,travel agency,corporate travel; vacation planning; honeymoon planning; luxury travel; wellness travel; meetings and groups; entertainment travel,"New York-based travel agency providing corporate, vacation, honeymoon, luxury, wellness, group, and entertainment travel planning.",https://ciretravel.com/cire-travel-new-york/,https://www.instagram.com/ciretravel/,https://www.facebook.com/ciretravel/,,https://ciretravel.com/cire-travel-new-york/,CIRE Travel official website,LGBTQ+ owned; LGBTQ+ friendly,https://ciretravel.com/cire-travel-new-york/,Official site footer displays LGBTQ+ Owned and LGBTQ+ Friendly graphic; office is by contact/appointment.,Travel & Hospitality,business,needs_research,geocode_before_public_pin;ownership_evidence_manual_confirmation_required;source_url_and_address_manual_confirmation_required,cire travel new york|1633 broadway 36th floor|new york|ny,03.csv
Lena African Hair Braiding,6216 Cheviot Rd,Cincinnati,OH,45247,US,beauty,African hair braiding,cornrows; micro braids; box braids; Senegalese twists; Nubian twists; hair extensions; weaves; knotless twist; kids braids,"African braiding salon offering a wide selection of styles, including children’s braids; site states licensed and certified.",https://www.cincinnatisewinweaves.com/,,https://www.facebook.com/cincinnatihairbraiders.kine/,,https://www.cincinnatisewinweaves.com/,Lena African Hair Braiding official website,,,Official site states Licensed & Certified; no ownership identity inferred.,Beauty & Personal Care,business,pending_review,geocode_before_public_pin;source_url_and_address_manual_confirmation_required,lena african hair braiding|6216 cheviot rd|cincinnati|oh,27.csv
ABC Childcare & Preschool,6945 Harrison Ave.,Cincinnati,OH,45247,US,childcare,daycare and preschool,infant care; toddler programs; preschool; summer camp; full-day programs; creative curriculum; meals; DCY vouchers,"Cincinnati childcare and preschool center describing SUTQ rating, creative curriculum, meals, security system, infant/toddler/preschool programs, and summer camp.",https://www.myabcchildcare.com/,,https://facebook.com/pages/A-Better-Child-Care/1659316641005876,,https://www.myabcchildcare.com/,ABC Childcare & Preschool official website,,,Official site states Cincinnati address via directions link and SUTQ rating.,Children & Family,regulated_review,needs_research,geocode_before_public_pin;regulated_or_age_governed_service_review_required;source_url_and_address_manual_confirmation_required,abc childcare preschool|6945 harrison ave|cincinnati|oh,27.csv
Beechmont KinderCare,7775 Five Mile Rd,Cincinnati,OH,45230,US,childcare,daycare and early education,child care; daycare; preschool; early education; infant care; before/after school; full-time; part-time,"KinderCare center enrolling for fall 2026, serving ages 6 weeks to 5 years with nurturing care and early education; site states NAEYC accreditation.",https://www.kindercare.com/our-centers/cincinnati/oh/000053,,,,https://www.kindercare.com/our-centers/cincinnati/oh/000053,KinderCare official center page,,,"Official page states address, ages, hours, enrollment and NAEYC accreditation.",Children & Family,regulated_review,needs_research,geocode_before_public_pin;regulated_or_age_governed_service_review_required;source_url_and_address_manual_confirmation_required,beechmont kindercare|7775 five mile rd|cincinnati|oh,27.csv
TIAA Financial Services - Cincinnati,"625 Eden Park Drive, Suite 500",Cincinnati,OH,45202,US,finance,wealth management and financial services,advice services; investment services; investment management; lifetime income; brokerage accounts; IRAs; trust services; HSAs; 529 education savings,"By-appointment Cincinnati financial-services location offering wealth, investment, retirement, trust, and education-savings services.",https://locations.tiaa.org/oh/cincinnati/625-eden-park-drive,,,,https://locations.tiaa.org/oh/cincinnati/625-eden-park-drive,TIAA official location page,,,Official page includes regulatory disclosures and Cincinnati address.,Financial & Business Services,regulated_review,needs_research,geocode_before_public_pin;regulated_or_age_governed_service_review_required;source_url_and_address_manual_confirmation_required,tiaa financial services cincinnati|625 eden park drive suite 500|cincinnati|oh,27.csv
Boca,114 East Sixth Street,Cincinnati,OH,45202,US,food,French and Italian fine dining,French cuisine; Italian cuisine; dinner; reservations,Cincinnati restaurant presenting French and Italian flavors with dinner service and reservations.,https://www.bocacincinnati.com/location/boca/,,,,https://www.bocacincinnati.com/location/boca/,Boca official website,,,Official location page states address and hours.,Food & Drink,business,pending_review,geocode_before_public_pin;source_url_and_address_manual_confirmation_required,boca|114 east sixth street|cincinnati|oh,27.csv
The Stretch,191 E. Freedom Way,Cincinnati,OH,45202,US,nightlife,cocktail bar,cocktails; beer; bar; patio; daily specials; private parties; events,"Cincinnati cocktail bar near the stadium district with menus, daily specials, private parties, patio seating, and events.",https://www.thestretchcincy.com/,https://www.instagram.com/thelackman,https://www.facebook.com/thelackman,,https://www.thestretchcincy.com/,The Stretch official website,,,"Official site states address, hours, menus and events. Social links are the site-listed parent/group links.",Food & Drink,business,pending_review,geocode_before_public_pin;source_url_and_address_manual_confirmation_required,the stretch|191 e freedom way|cincinnati|oh,27.csv
The Cincinnati Air Conditioning Company,2080 Northwest Dr.,Cincinnati,OH,45231,US,home trades/HVAC,commercial HVAC contractor,commercial HVAC; design-build engineering; building automation; process piping; service; maintenance; troubleshooting; repair; replacement; renovation; retrofit,"Cincinnati HVAC contractor established in 1938, providing engineered commercial and industrial mechanical systems and 24-hour support.",https://cincinnatiair.com/,,,,https://cincinnatiair.com/,The Cincinnati Air Conditioning Company official website,,,Official site states 85+ years and current Cincinnati headquarters; no ownership designation added.,Home & Property Services,regulated_review,needs_research,geocode_before_public_pin;regulated_or_age_governed_service_review_required;source_url_and_address_manual_confirmation_required,the cincinnati air conditioning company|2080 northwest dr|cincinnati|oh,27.csv
The Ohio Book Store,726 Main Street,Cincinnati,OH,45202,US,retail,bookstore and book repair,books; magazines; book buying; bookbinding; book repair; restoration; custom binding,"Five-floor bookstore operating since 1940, with cash book buying and restoration/custom binding services.",https://ohiobookstore.net/,,,,https://ohiobookstore.net/,The Ohio Book Store official website,,,Address and services stated on official site.,Home & Property Services,business,pending_review,geocode_before_public_pin;source_url_and_address_manual_confirmation_required,the ohio book store|726 main street|cincinnati|oh,27.csv
Stiebel Law Firm,"10700 Montgomery Road, Suite 212",Cincinnati,OH,45242,US,law,"taxation, estate planning, employee benefits",family and closely-held businesses; employee benefits; estate planning and administration; taxation,"Cincinnati law firm serving individuals, families, and businesses with legal issues affecting financial well-being.",https://stiebellaw.com/,,,,https://stiebellaw.com/,Stiebel Law Firm official website,,,Official site states office address and practice areas.,Legal & Government Services,regulated_review,needs_research,geocode_before_public_pin;regulated_or_age_governed_service_review_required;source_url_and_address_manual_confirmation_required,stiebel law firm|10700 montgomery road suite 212|cincinnati|oh,27.csv
Victoria Travel at The Travel Authority,6800 Wooster Pike,Cincinnati,OH,45227,US,travel,travel agency,travel planning; travel agent; personal service; 24/7 support,Travel Authority’s official Ohio locations page lists a Cincinnati/Mariemont agency at this address and identifies Victoria Travel at The Travel Authority.,https://thetravelauthority.com/about-us/our-locations/travel-agencies-in-ohio/,,https://www.facebook.com/TheTravelAuthority,https://www.instagram.com/TravelAuthority/,https://thetravelauthority.com/about-us/our-locations/travel-agencies-in-ohio/,The Travel Authority official website,,,Official page lists two Cincinnati entries at same address; consolidated as one public location.,Travel & Hospitality,business,pending_review,geocode_before_public_pin;source_url_and_address_manual_confirmation_required,victoria travel at the travel authority|6800 wooster pike|cincinnati|oh,27.csv
Kani African Hair Braiding,4608 Turney Road,Cleveland,OH,44125,USA,beauty,braiding salon,African hair braiding; knotless braids; box braids; cornrows; passion twists; soft locs; dreadlock retwists,Professional African hair-braiding salon offering protective styles and appointment booking in Cleveland.,https://kaniafricanhairbraiding.com/,,,,https://kaniafricanhairbraiding.com/,Kani African Hair Braiding official website,,,"Official site lists address, services, booking, and contact details.",Beauty & Personal Care,business,pending_review,geocode_before_public_pin;source_url_and_address_manual_confirmation_required,kani african hair braiding|4608 turney road|cleveland|oh,26.csv
Brothers Lounge,11609 Detroit Ave,Cleveland,OH,44102,USA,nightlife,music venue and lounge,live music; concerts; wine bar; beer; wine; spirits; food; dancing; happy hour; comedy; open mic,"Iconic Cleveland music venue with live entertainment on two stages, a wine bar, pub, food menu, dancing, and recurring community events.",https://brotherslounge.com/,https://www.instagram.com/brotherslounge/,https://www.facebook.com/brotherslounge,,https://brotherslounge.com/,Brothers Lounge official website,,,"Official site lists active address, hours, entertainment, food, and events.",Food & Drink,business,pending_review,geocode_before_public_pin;source_url_and_address_manual_confirmation_required,brothers lounge|11609 detroit ave|cleveland|oh,26.csv
Comfort CLE,1400 East 105th Street,Cleveland,OH,,USA,food,soul food restaurant,fried chicken; wings; collard greens; macaroni and cheese; takeout; online ordering,"Cleveland takeout restaurant serving fried chicken, wings, soul-food sides, daily specials, and signature sauces.",https://eatcomfortcle.com/,https://www.instagram.com/comfort_cle/,,,https://eatcomfortcle.com/,Comfort CLE official website,,,Official site lists Cleveland address and current hours; postal code not stated.,Food & Drink,business,pending_review,geocode_before_public_pin;source_url_and_address_manual_confirmation_required,comfort cle|1400 east 105th street|cleveland|oh,26.csv
House of Creole,724 Prospect Avenue,Cleveland,OH,44114,USA,food,Creole restaurant,Cajun shrimp and grits; Creole lamb chops; beignets; cocktails; catering; private parties,"New Orleans-inspired restaurant with dine-in service, online ordering, catering, and private events at its Cleveland location.",https://houseofcreole.com/,https://www.instagram.com/houseofcreole,https://www.facebook.com/116514157606659,,https://houseofcreole.com/,House of Creole official website,,,Official site lists active Cleveland location and hours.,Food & Drink,business,pending_review,geocode_before_public_pin;source_url_and_address_manual_confirmation_required,house of creole|724 prospect avenue|cleveland|oh,26.csv
Cleveland Clinic Main Campus,9500 Euclid Ave.,Cleveland,OH,44195,USA,health,hospital and specialty care,emergency services; primary care; family medicine; pediatrics; cardiology; cancer care; pharmacy; travel medicine,"Major Cleveland hospital campus with 24/7 facility and emergency services plus broad specialty, pharmacy, laboratory, and imaging care.",https://my.clevelandclinic.org/locations/directions/231-cleveland-clinic-main-campus,https://www.instagram.com/clevelandclinic/,https://www.facebook.com/ClevelandClinic,,https://my.clevelandclinic.org/locations/directions/231-cleveland-clinic-main-campus,Cleveland Clinic official website,,,"Official location page lists active campus, address, hours, and specialties.",Health & Wellness,regulated_review,needs_research,geocode_before_public_pin;regulated_or_age_governed_service_review_required;source_url_and_address_manual_confirmation_required,cleveland clinic main campus|9500 euclid ave|cleveland|oh,26.csv
The Centers - Uptown Office,12201 Euclid Avenue,Cleveland,OH,44106,USA,health,community health and harm reduction,infectious disease management; HIV testing; medication for addiction treatment; primary care; dental care; behavioral health; pharmacy,"Community health provider offering confidential overdose and infectious-disease prevention, HIV services, primary care, dental, behavioral health, and pharmacy access.",https://thecentersohio.org/integrated-health-and-wellness/oidp/,https://www.instagram.com/thecentersohio,https://www.facebook.com/pages/Center-for-Families-and-Children/137659959079,,https://thecentersohio.org/integrated-health-and-wellness/oidp/,The Centers Ohio official website,,,Official site states services are provided regardless of ability to pay and lists Cleveland Uptown address.,Health & Wellness,regulated_review,needs_research,geocode_before_public_pin;regulated_or_age_governed_service_review_required;source_url_and_address_manual_confirmation_required,the centers uptown office|12201 euclid avenue|cleveland|oh,26.csv
Cavitch Familo & Durkin,1300 East Ninth Street 20th Floor,Cleveland,OH,44114,USA,law,full-service law firm,business law; capital finance; employment; entertainment; estates and trusts; family law; litigation; real estate,"Full-service Cleveland law firm serving individuals, families, and businesses across business, family, employment, finance, estate, litigation, and real-estate matters.",https://www.cavitch.com/cleveland-law-office/,,,,https://www.cavitch.com/cleveland-law-office/,Cavitch Familo & Durkin official website,,,Official office page lists Cleveland address and practice areas.,Legal & Government Services,regulated_review,needs_research,geocode_before_public_pin;regulated_or_age_governed_service_review_required;source_url_and_address_manual_confirmation_required,cavitch familo durkin|1300 east ninth street 20th floor|cleveland|oh,26.csv
Océanne,6519 Detroit Ave,Cleveland,OH,44102,USA,retail,jewelry studio and boutique,handmade jewelry; forever jewelry welding; engraving; charm bar; private parties; Cleveland gifts,Woman-owned jewelry studio and boutique founded by French designer Anne Harrill; originals are designed and handmade in the Cleveland studio.,https://oceanne.net/,https://www.instagram.com/oceannejewelry/,https://www.facebook.com/oceannejewelry/,https://www.tiktok.com/@oceannejewelry,https://oceanne.net/,Océanne official website,Woman-owned; founded by French designer Anne Harrill,https://oceanne.net/,Gordon Square location is in Cleveland; other listed locations are outside Cleveland.,Shopping & Retail,business,needs_research,geocode_before_public_pin;ownership_evidence_manual_confirmation_required;source_url_and_address_manual_confirmation_required,oc anne|6519 detroit ave|cleveland|oh,26.csv
Kiddie Academy of Downtown Columbus,37 N. High St.,Columbus,OH,43215,USA,childcare,educational childcare,"infant daycare, toddler daycare, preschool, pre-kindergarten, health and safety, Life Essentials curriculum","Educational childcare academy offering infant, toddler, preschool, and pre-kindergarten programs with health and safety protocols.",https://kiddieacademy.com/academies/downtown-columbus/,,,,https://kiddieacademy.com/academies/downtown-columbus/,Kiddie Academy official website,,,"Official site lists current enrollment, hours, and Columbus address.",Children & Family,regulated_review,needs_research,geocode_before_public_pin;regulated_or_age_governed_service_review_required;source_url_and_address_manual_confirmation_required,kiddie academy of downtown columbus|37 n high st|columbus|oh,28.csv
Chef Butcher's Creole Kitchen,795 E. Long Street,Columbus,OH,43203,USA,food,Creole restaurant,"Creole cuisine, New Orleans food, dine-in, carryout, live jazz, seasoning","Family restaurant serving New Orleans Creole dishes, carryout and dine-in, with live jazz and house seasoning.",https://www.creolekitchen.biz/,https://www.instagram.com/creole_kitchen/,https://www.facebook.com/creolekitchen,,https://www.creolekitchen.biz/,Chef Butcher's Creole Kitchen official website,family restaurant,https://www.creolekitchen.biz/,Official site states relocated address and open carryout/dine-in.,Food & Drink,business,needs_research,geocode_before_public_pin;ownership_evidence_manual_confirmation_required;source_url_and_address_manual_confirmation_required,chef butcher s creole kitchen|795 e long street|columbus|oh,28.csv
Noir Lounge,15 W Cherry St.,Columbus,OH,43215,USA,nightlife,cocktail lounge,"specialty cocktails, drinks, VIP service, private events, bookings","Sophisticated Columbus lounge offering specialty cocktails, drinks, VIP service, and private event bookings.",https://www.noircolumbus.com/,,https://www.facebook.com/Noir-Lounge-Columbus-109219341789616,,https://www.noircolumbus.com/,Noir Lounge official website,,,Official site lists operating hours Thursday-Sunday and address.,Food & Drink,business,pending_review,geocode_before_public_pin;source_url_and_address_manual_confirmation_required,noir lounge|15 w cherry st|columbus|oh,28.csv
Soul 2 Go,72 E. Lynn St,Columbus,OH,43215,USA,food,soul food restaurant,"soul food, dine-in, pickup, delivery, catering, private parties","Family-owned soul food restaurant serving Southern comfort food, online ordering, catering, and private parties.",https://soul2goohio.com/,https://www.instagram.com/soul_2go,https://www.facebook.com/106240001445054,,https://soul2goohio.com/,Soul 2 Go official website,family-owned,https://soul2goohio.com/,Official site lists Downtown Columbus address and hours.,Food & Drink,business,needs_research,geocode_before_public_pin;ownership_evidence_manual_confirmation_required;source_url_and_address_manual_confirmation_required,soul 2 go|72 e lynn st|columbus|oh,28.csv
Columbus Women's Care,5965 E. Broad Street Suite 320 (Building 5),Columbus,OH,43213,USA,health,women's healthcare,"gynecology, obstetrics, childbirth, menopause care, robotic surgery, prenatal care","Women's healthcare practice providing obstetrics, gynecology, childbirth, menopause care, and robotic surgery.",https://columbuswomenscare.com/,https://www.instagram.com/cwc.beauty/,https://www.facebook.com/ColumbusWomensCare,,https://columbuswomenscare.com/,Columbus Women's Care official website,,,Official site lists current hours and Columbus address.,Health & Wellness,regulated_review,needs_research,geocode_before_public_pin;regulated_or_age_governed_service_review_required;source_url_and_address_manual_confirmation_required,columbus women s care|5965 e broad street suite 320 building 5|columbus|oh,28.csv
Trio Pharmacy,1570 Cleveland Ave,Columbus,OH,43211,USA,health,pharmacy,"prescription pharmacy, immunizations, diabetes care, tobacco cessation, medication therapy management, bubble packaging","Community pharmacy providing affordable medicines, immunizations, diabetes education, tobacco cessation, MTM, and personalized packaging.",https://www.triopharmacy.com/,,,,https://www.triopharmacy.com/,Trio Pharmacy official website,,,Official site lists Ohio Medicaid and major insurance acceptance.,Health & Wellness,regulated_review,needs_research,geocode_before_public_pin;regulated_or_age_governed_service_review_required;source_url_and_address_manual_confirmation_required,trio pharmacy|1570 cleveland ave|columbus|oh,28.csv
YA Services LLC,3310 Morse Road Unit 118,Columbus,OH,43231,USA,home trades/HVAC,HVAC and appliance repair,"heating, air conditioning, HVAC, appliance repair, AC installation, emergency service",Locally owned Columbus heating and air-conditioning company specializing in HVAC and appliance repair.,https://yahomeservices.com/,https://www.instagram.com/ya.homeservices99,https://www.facebook.com/YAHomeServices,,https://yahomeservices.com/about-us/,YA Services official website,locally owned,https://yahomeservices.com/about-us/,Official site lists Columbus address and service coverage.,Home & Property Services,regulated_review,needs_research,geocode_before_public_pin;ownership_evidence_manual_confirmation_required;regulated_or_age_governed_service_review_required;source_url_and_address_manual_confirmation_required,ya services llc|3310 morse road unit 118|columbus|oh,28.csv
Thomas Ingram Law Group,98 Hamilton Park,Columbus,OH,43203,USA,law,transactional law firm,"business law, commercial real estate, estate planning, M&A, probate, residential real estate, tax","Transactional law firm serving businesses, entrepreneurs, and individuals across business, real estate, estate, probate, M&A, and tax matters.",https://tilawgroup.com/,,,,https://tilawgroup.com/black-owned-law-firm/,Thomas Ingram Law Group official website,Black-owned; certified minority-owned,https://tilawgroup.com/black-owned-law-firm/,Official page explicitly states ownership and Columbus address.,Legal & Government Services,regulated_review,needs_research,geocode_before_public_pin;ownership_evidence_manual_confirmation_required;regulated_or_age_governed_service_review_required;source_url_and_address_manual_confirmation_required,thomas ingram law group|98 hamilton park|columbus|oh,28.csv
Sole Classics,846 N. High St.,Columbus,OH,43215,USA,retail,sneaker and apparel store,"sneakers, footwear, apparel, hats, youth shoes, releases, gift cards","Columbus retail sneaker and lifestyle store selling footwear, apparel, hats, youth products, releases, and gift cards.",https://soleclassics.com/,https://www.instagram.com/soleclassics,https://www.facebook.com/soleclassics,,https://soleclassics.com/,Sole Classics official website,,,Official site states domain is now Kingsrowe.com but lists Columbus Short North location.,Shopping & Retail,business,pending_review,geocode_before_public_pin;source_url_and_address_manual_confirmation_required,sole classics|846 n high st|columbus|oh,28.csv
Uniglobe Travel Designers,"1890 E Main Street, Suite 700",Columbus,OH,43205,USA,travel,travel management company,"corporate travel, group travel, vacation planning, cruises, African safaris, travel management","Full-service travel management company providing customized corporate, group, leisure, and vacation travel planning.",https://uniglobetraveldesigners.com/,https://www.instagram.com/uniglobetd/,https://www.facebook.com/UniglobeTravelDesigners/,,https://uniglobetraveldesigners.com/,Uniglobe Travel Designers official website,"Black, women-owned",https://uniglobetraveldesigners.com/,Official site explicitly self-states ownership and Columbus address.,Travel & Hospitality,business,needs_research,geocode_before_public_pin;ownership_evidence_manual_confirmation_required;source_url_and_address_manual_confirmation_required,uniglobe travel designers|1890 e main street suite 700|columbus|oh,28.csv
Touch of Euphoria,1900 NW Expressway St. Suite R206,Oklahoma City,OK,73118,USA,beauty,massage therapy,Swedish massage; myofascial release; deep tissue; lymphatic drainage; back pain; frozen shoulder; prenatal massage,"Solo massage studio offering mindful, personalized massage for women, mothers, athletes, and others, including Swedish, myofascial, deep tissue, and lymphatic techniques.",https://touchofeuphoria.com/,https://www.instagram.com/touchofeuphoria/,,,https://touchofeuphoria.com/,Touch of Euphoria official website,,,"Official site provides exact address, practitioner name, launch story, and service list.",Beauty & Personal Care,business,pending_review,geocode_before_public_pin;source_url_and_address_manual_confirmation_required,touch of euphoria|1900 nw expressway st suite r206|oklahoma city|ok,49.csv
Jack's Bakeshop,131 Dean A McGee Ave Suite 115,Oklahoma City,OK,73115,USA,food,artisan bakery,croissants; baked fresh daily; sourdough croissants; pastries; cakes; online ordering,Artisan bakery founded from a Mesta Park apartment and now serving fresh-baked croissants and pastries in downtown Oklahoma City.,https://www.jacks-bakehouse.com/,https://www.instagram.com/jacksbakehouseokc/,https://www.facebook.com/signaturebakeryokc/,,https://www.jacks-bakehouse.com/,Jack’s Bakeshop official website,Black-owned,https://downtownokc.com/black-owned-businesses/,Official site provides address and bakery history; Downtown OKC directory lists Jack’s Bakeshop in its Black-owned business directory.,Food & Drink,business,needs_research,geocode_before_public_pin;ownership_evidence_manual_confirmation_required;source_url_and_address_manual_confirmation_required,jack s bakeshop|131 dean a mcgee ave suite 115|oklahoma city|ok,49.csv
Naija Wife Kitchen,119 North Robinson Avenue,Oklahoma City,OK,73102,USA,food,Nigerian restaurant and catering,Nigerian cuisine; gluten-free; vegan options; jollof rice; fried plantains; stewed goat; suya wings; catering; private events,"Nigerian restaurant in downtown OKC offering gluten-free cuisine, vegan options, online ordering, catering, and private-event planning.",https://naijawifekitchen.com/,https://www.instagram.com/naijawifekitchen,,,https://naijawifekitchen.com/,Naija Wife Kitchen official website,Black-owned,https://downtownokc.com/black-owned-businesses/,"Official site lists OKC location, hours, menu/service details; Downtown OKC directory explicitly includes it in its Black-owned business directory.",Food & Drink,business,needs_research,geocode_before_public_pin;ownership_evidence_manual_confirmation_required;source_url_and_address_manual_confirmation_required,naija wife kitchen|119 north robinson avenue|oklahoma city|ok,49.csv
Oak Room OKC,808 NW 6th St,Oklahoma City,OK,73106,USA,nightlife,bar and lounge,cocktails; craft beer; wine; premium spirits; dancing; lounge atmosphere; DJ; karaoke; shisha; reservations,"Exclusive Oklahoma City nightlife bar and lounge offering crafted cocktails, wine, premium spirits, dancing, music, events, and reservations.",https://www.oakroomokc.com/,https://www.instagram.com/oakroomokc/,,,https://www.oakroomokc.com/,Oak Room OKC official website,Black-owned,https://downtownokc.com/black-owned-businesses/,"Official site provides address, hours, services, and social link; Downtown OKC directory lists Oak Room in its Black-owned business directory.",Food & Drink,business,needs_research,geocode_before_public_pin;ownership_evidence_manual_confirmation_required;source_url_and_address_manual_confirmation_required,oak room okc|808 nw 6th st|oklahoma city|ok,49.csv
Parlor OKC,11 NE 6th St,Oklahoma City,OK,73104,USA,food,food hall and nightlife,7 kitchens; 2 bars; artisan cocktails; craft beer; Mexican food; onion burgers; hot dogs; sushi; pizza; fried chicken; Filipino cuisine; brunch; events; late night,"Automobile Alley food hall and social venue with seven kitchens, two bars, artisan cocktails, craft beer, brunch, events, and late-night hours.",https://parlorokc.com/,,https://www.facebook.com/ParlorOKC/,https://www.instagram.com/parlorokc,https://parlorokc.com/,Parlor OKC official website,,,"Official site provides exact address, current kitchen concepts, events, ordering, and late-night information.",Food & Drink,business,pending_review,geocode_before_public_pin;source_url_and_address_manual_confirmation_required,parlor okc|11 ne 6th st|oklahoma city|ok,49.csv
Crossings Community Clinic,222 NW 12th St,Oklahoma City,OK,73103,USA,health,free charitable clinic,medical care; dental care; vision care; pharmacy; uninsured patients; community clinic; volunteers,"Free charitable community clinic serving uninsured patients with medical, dental, and vision healthcare through staff and licensed professional volunteers; Midtown site includes pharmacy.",https://clinic.crossings.church/,https://instagram.com/crossingsclinic,https://facebook.com/crossingscommunityclinic,,https://clinic.crossings.church/,Crossings Community Clinic official website,,,"Official site lists Midtown address, services, hours, and mission; regulated healthcare provider included because official source identifies licensed professionals and active clinic operations.",Health & Wellness,regulated_review,needs_research,geocode_before_public_pin;regulated_or_age_governed_service_review_required;source_url_and_address_manual_confirmation_required,crossings community clinic|222 nw 12th st|oklahoma city|ok,49.csv
Advantage Heating & Air Conditioning,4317 SW 22nd St #705,Oklahoma City,OK,73108,USA,home trades,HVAC contractor,AC installation; AC repair; heating; furnace repair; water heaters; commercial HVAC; ductwork; ventilation; mini-splits; 24/7 emergency service,"Family-owned, NATE-certified HVAC contractor serving Oklahoma City with same-day and 24/7 emergency service for cooling, heating, water heaters, commercial HVAC, and ductwork.",https://advantageairokc.com/,,https://www.facebook.com/profile.php?id=61556264733909,,https://advantageairokc.com/,Advantage Heating & Air Conditioning official website,Family-owned,https://advantageairokc.com/,"Official site explicitly states family-owned, NATE-certified, fully licensed, bonded, and insured; exact OKC office address is listed.",Home & Property Services,regulated_review,needs_research,geocode_before_public_pin;ownership_evidence_manual_confirmation_required;regulated_or_age_governed_service_review_required;source_url_and_address_manual_confirmation_required,advantage heating air conditioning|4317 sw 22nd st 705|oklahoma city|ok,49.csv
Joel A. Porter Attorney at Law,"4500 N. Lincoln Blvd., Suite #101",Oklahoma City,OK,73105,USA,law,general practice attorney,family law; estate planning; probate; criminal defense; personal injury; civil litigation; divorce; custody; wills; trusts; powers of attorney,"Oklahoma City attorney offering family law, estate planning and probate, criminal defense, personal injury, and civil litigation representation.",https://www.japorterlaw.com/,,https://www.facebook.com/joel.a.porter,,https://www.japorterlaw.com/top-black-attorney-in-oklahoma-city,Joel A. Porter Attorney at Law official website,Black attorney / African American attorney,https://www.japorterlaw.com/top-black-attorney-in-oklahoma-city,"Ownership field records the practitioner’s self-stated/source-backed identity designation, not an inferred business ownership claim. Official page provides two address variants; this row uses the contact block address.",Legal & Government Services,regulated_review,needs_research,geocode_before_public_pin;ownership_evidence_manual_confirmation_required;regulated_or_age_governed_service_review_required;source_url_and_address_manual_confirmation_required,joel a porter attorney at law|4500 n lincoln blvd suite 101|oklahoma city|ok,49.csv
Mazaheri Law Firm,3000 W. Memorial Rd. Suite 230,Oklahoma City,OK,73120,USA,law,family and employment law,family law; employment law; legal representation; client advocacy; immigration-related support,"Oklahoma City law firm providing client-focused legal representation, with listed practice areas including family law and employment law.",https://www.mazaherilawfirm.com/,https://www.instagram.com/mazaherilawfirm/,https://www.facebook.com/mazaherilaw,,https://www.mazaherilawfirm.com/,Mazaheri Law Firm official website,,,"Official site provides exact OKC address, active practice areas, team, and contact information.",Legal & Government Services,regulated_review,needs_research,geocode_before_public_pin;regulated_or_age_governed_service_review_required;source_url_and_address_manual_confirmation_required,mazaheri law firm|3000 w memorial rd suite 230|oklahoma city|ok,49.csv
Plant People Shop,816 North Walker Avenue,Oklahoma City,OK,73102,USA,retail,plant shop and workshops,houseplants; rare plants; succulents; cactus; terrariums; candle pouring; plant care; repotting; plant maintenance; styling consultations; local gifts,"Community-oriented Midtown plant shop selling common and rare houseplants, plant-inspired gifts, and offering terrarium workshops, candle sessions, repotting, maintenance, and styling consultations.",https://www.plantpeopleshop.com/,https://www.instagram.com/plantpeopleshop/,https://www.facebook.com/plantpeopleshop/,,https://www.plantpeopleshop.com/,Plant People Shop official website,Black-owned,https://downtownokc.com/black-owned-businesses/,Official site gives exact location and services; Downtown OKC directory includes Plant People Shop in its Black-owned business directory.,Shopping & Retail,business,needs_research,geocode_before_public_pin;ownership_evidence_manual_confirmation_required;source_url_and_address_manual_confirmation_required,plant people shop|816 north walker avenue|oklahoma city|ok,49.csv
Poppi's Spa & Lounge,302 S. Frankfort Ste C,Tulsa,OK,74120,USA,beauty,spa and wellness,massages; body treatments; waxing; sugaring; facials; skincare; lounge day passes; memberships,"Holistic wellness spa and lounge offering massages, body treatments, waxing, sugaring, facials, skincare, and relaxation amenities.",https://www.tulsapoppi.com/,https://www.instagram.com/tulsapoppi,https://www.facebook.com/tulsapoppi,,https://www.tulsapoppi.com/services,Poppi's Spa & Lounge,Black-owned,https://downtowntulsa.com/post/black-owned-businesses-in-downtown-tulsa,Official services page provides address and services; Downtown Tulsa Partnership and Visit Tulsa identify it as Black-owned.,Beauty & Personal Care,business,needs_research,geocode_before_public_pin;ownership_evidence_manual_confirmation_required;source_url_and_address_manual_confirmation_required,poppi s spa lounge|302 s frankfort ste c|tulsa|ok,50.csv
The Loc Shop on Black Wall Street,101 N. Greenwood Suite 103,Tulsa,OK,74120,USA,beauty,loctician,dreadlocks; loc appointments; hair services; booking,Black Wall Street salon specializing in dreadlocks and loc appointments with online booking.,https://www.thelocshopbws.com/,https://www.instagram.com/the_locshoptulsa,https://www.facebook.com/p/The-Loc-Shop-on-Black-Wall-Street-100068900238739/,,https://www.thelocshopbws.com/,The Loc Shop on Black Wall Street,Black-owned,https://downtowntulsa.com/post/black-owned-businesses-in-downtown-tulsa,Official site confirms address and booking; Downtown Tulsa Partnership lists it as Black-owned.,Beauty & Personal Care,business,needs_research,geocode_before_public_pin;ownership_evidence_manual_confirmation_required;source_url_and_address_manual_confirmation_required,the loc shop on black wall street|101 n greenwood suite 103|tulsa|ok,50.csv
Black Wall Street Liquid Lounge,609 E. Pine Street,Tulsa,OK,74106,USA,food,coffee shop,coffee; croissant sandwiches; food and beverage catering; private events; workforce development,"Greenwood coffee shop serving Roots Java coffee and croissant sandwiches, with on/off-site catering and community-centered events.",https://bwsll.com/,https://www.instagram.com/BWStLiquidLounge,https://www.facebook.com/profile.php?id=61591530473609,https://www.tiktok.com/@BWStLiquidLounge,https://bwsll.com/,Black Wall Street Liquid Lounge,Black-owned,https://downtowntulsa.com/post/black-owned-businesses-in-downtown-tulsa,Official site gives current address; Downtown Tulsa Partnership explicitly lists it as Black-owned.,Food & Drink,business,needs_research,geocode_before_public_pin;ownership_evidence_manual_confirmation_required;source_url_and_address_manual_confirmation_required,black wall street liquid lounge|609 e pine street|tulsa|ok,50.csv
Mi Tea Lounge LLC,427 S. Boston Ave. Suite 105,Tulsa,OK,74103,USA,health,wellness tea lounge,organic tea; personalized tea blends; sea moss; oils; supplements; health consultations; lounge rental; events,"Tulsa-originated tea and wellness lounge offering organic teas, sea moss, oils, supplements, health consultations, and community events.",https://mitealounge.com/,https://www.instagram.com/mitealounge,https://www.facebook.com/102630371599614,,https://mitealounge.com/,Mi Tea Lounge LLC,Black-owned,https://downtowntulsa.com/post/black-owned-businesses-in-downtown-tulsa,"Ownership designation is from Downtown Tulsa Partnership directory; health claims are represented as the business's stated offerings, not medical advice.",Food & Drink,regulated_review,needs_research,geocode_before_public_pin;ownership_evidence_manual_confirmation_required;regulated_or_age_governed_service_review_required;source_url_and_address_manual_confirmation_required,mi tea lounge llc|427 s boston ave suite 105|tulsa|ok,50.csv
Mother Road Market,1124 S Lewis Ave,Tulsa,OK,74104,USA,food,food hall and local marketplace,food hall; local entrepreneurs; retail shops; kids cooking classes; beer tastings; live music; events,"Tulsa food hall and local marketplace focused on food, unique retail, community gathering, local entrepreneurs, classes, tastings, and live music.",https://www.motherroadmarket.com/,https://instagram.com/motherroadmarket,https://www.facebook.com/motherroadmarket,,https://www.motherroadmarket.com/,Mother Road Market,,,"Official site confirms current address and describes food, retail, classes, tastings, and events.",Food & Drink,business,pending_review,geocode_before_public_pin;source_url_and_address_manual_confirmation_required,mother road market|1124 s lewis ave|tulsa|ok,50.csv
Sisserou's Caribbean Restaurant & Catering,107 North Boulder Avenue Unit C,Tulsa,OK,74103,USA,food,Caribbean restaurant and catering,Caribbean cuisine; Dominica-inspired dishes; online ordering; catering; private parties; reservations,"Downtown Tulsa restaurant serving made-from-scratch Caribbean cuisine inspired by Dominica, with catering and private events.",https://sisserousrestaurant.com/,https://www.instagram.com/sisseroutulsa,https://www.facebook.com/1389757254635674,,https://sisserousrestaurant.com/,Sisserou's Caribbean Restaurant & Catering,Black-owned,https://www.visittulsa.com/black-history/black-owned-businesses/,"Official site confirms address, menu, ordering, catering and parties; Visit Tulsa identifies it as Black-owned.",Food & Drink,business,needs_research,geocode_before_public_pin;ownership_evidence_manual_confirmation_required;source_url_and_address_manual_confirmation_required,sisserou s caribbean restaurant catering|107 north boulder avenue unit c|tulsa|ok,50.csv
Umberto's Pizza,3147 S Harvard Ave,Tulsa,OK,74135,USA,food,pizzeria,New York-style pizza; pizza by the slice; garlic knots; calzones; delivery; takeout,"Locally owned and operated Tulsa pizzeria established in 1998, serving fresh-from-scratch New York-style pizza, slices, garlic knots, and delivery.",https://umbertostulsa.com/,https://www.instagram.com/umbertostulsa,https://www.facebook.com/umbertostulsa,,https://umbertostulsa.com/,Umberto's Pizza,Locally owned and operated,https://umbertostulsa.com/,Ownership designation is self-stated on the official website; official site confirms current hours and address.,Food & Drink,business,needs_research,geocode_before_public_pin;ownership_evidence_manual_confirmation_required;source_url_and_address_manual_confirmation_required,umberto s pizza|3147 s harvard ave|tulsa|ok,50.csv
Wanda J's Next Generation Restaurant,3014 N. 74th E. Ave.,Tulsa,OK,74115,USA,food,southern restaurant,breakfast; fried chicken; soul food; catfish; pork chops; daily specials; catering; takeout,"Family-owned Southern restaurant serving breakfast, fried chicken, catfish, pork chops, daily specials, takeout, and catering.",https://www.wandajs.com/,https://www.facebook.com/wandajsnextgenerationrestaurant,,,https://www.wandajs.com/,Wanda J's Next Generation Restaurant,Family owned and operated,https://www.wandajs.com/,Official homepage announces move to 3014 N 74th E Ave and calls the business family owned and operated; stale footer address omitted.,Food & Drink,business,needs_research,geocode_before_public_pin;ownership_evidence_manual_confirmation_required;source_url_and_address_manual_confirmation_required,wanda j s next generation restaurant|3014 n 74th e ave|tulsa|ok,50.csv
ATX HVAC of Tulsa,134 N Florence Ave,Tulsa,OK,74110,USA,home trades,HVAC,AC installation; AC repair; maintenance; tune-ups; duct cleaning; heater installation; boiler repair; air quality testing; vent cleaning,"Tulsa HVAC contractor stating it is licensed and insured, providing heating and cooling installation, maintenance, repairs, duct cleaning, and air-quality services.",https://www.tulsahvac.net/,,https://www.facebook.com/tulsahvac/,,https://www.tulsahvac.net/,ATX HVAC of Tulsa,,,Official site states licensed and insured and gives Tulsa address; no ownership identity inferred.,Home & Property Services,regulated_review,needs_research,geocode_before_public_pin;regulated_or_age_governed_service_review_required;source_url_and_address_manual_confirmation_required,atx hvac of tulsa|134 n florence ave|tulsa|ok,50.csv
Black Wall Street Tees & Souvenirs,101 North Greenwood Avenue,Tulsa,OK,74120,USA,retail,souvenirs and apparel,Black Wall Street apparel; T-shirts; souvenirs; Greenwood merchandise; online shop,"Greenwood District retailer offering Black Wall Street-themed T-shirts, apparel, and souvenirs online and in-store.",https://bwstees.com/,https://www.instagram.com/blackwallstreetees,https://www.facebook.com/people/Black-Wall-Street-T-Shirt-Souvenirs/100063565833417/,,https://www.visittulsa.com/listing/black-wall-street-tees-%26-souvenirs/2406/,Visit Tulsa,Black-owned,https://www.visittulsa.com/black-history/black-owned-businesses/,Official website supplies the shop link; Visit Tulsa supplies the Tulsa address and identifies it as Black-owned.,Shopping & Retail,business,needs_research,geocode_before_public_pin;ownership_evidence_manual_confirmation_required;source_url_and_address_manual_confirmation_required,black wall street tees souvenirs|101 north greenwood avenue|tulsa|ok,50.csv
Silhouette Sneakers & Art,10 N. Greenwood Ave. Suite C,Tulsa,OK,74120,USA,retail,sneakers and streetwear,authenticated sneakers; streetwear; apparel; art gallery; online retail,"Curated Tulsa retail experience selling authenticated limited sneakers, streetwear, apparel, and street-inspired art.",https://www.silhouettetulsa.com/,https://www.instagram.com/silhouettetulsa,https://www.facebook.com/silhouettetulsa,,https://www.silhouettetulsa.com/,Silhouette Sneakers & Art,Black-owned,https://downtowntulsa.com/post/black-owned-businesses-in-downtown-tulsa,Official site confirms current address and retail activity; Downtown Tulsa Partnership lists it as Black-owned.,Shopping & Retail,business,needs_research,geocode_before_public_pin;ownership_evidence_manual_confirmation_required;source_url_and_address_manual_confirmation_required,silhouette sneakers art|10 n greenwood ave suite c|tulsa|ok,50.csv
Hair Braiding Studio By Beauty Rose,346 Weston Rd,Toronto,ON,M6N 3P6,Canada,beauty,hair braiding,boho braids; box braids; knotless braids; loc retwists; cornrows; crochet braids,"Hair-braiding studio offering protective styles including boho, box and knotless braids, loc retwists, cornrows and crochet braids.",https://www.beautyrosehairsalon.com/,https://www.instagram.com/beautyrosehairsalon/,https://www.facebook.com/profile.php?id=100072410536431,,https://www.beautyrosehairsalon.com/,Beauty Rose official website,,,Official site lists a second East York location; this record uses the Toronto Weston Road location.,Beauty & Personal Care,business,pending_review,geocode_before_public_pin;source_url_and_address_manual_confirmation_required,hair braiding studio by beauty rose|346 weston rd|toronto|on,01.csv
JBI African Braiding Salon,1156 Bloor Street West,Toronto,ON,,Canada,beauty,African hair braiding,African hair braiding; box braids; cornrows; women styles; men styles; hair care,"Family-run African hair braiding salon offering styles for women, men and children, plus hair care.",https://jbisalon.online/,,,,https://jbisalon.online/,JBI official website,,,Official site publishes street address but not postal code.,Beauty & Personal Care,business,pending_review,geocode_before_public_pin;source_url_and_address_manual_confirmation_required,jbi african braiding salon|1156 bloor street west|toronto|on,01.csv
Passionate Hands 247,"66 Gerrard Street East, Unit 202",Toronto,ON,,Canada,beauty,braiding and beauty services,braiding; culturally rooted hairstyling; walk-in salon; beauty services; 24/7 salon,"Downtown Toronto salon offering culturally rooted braiding and beauty services, walk-ins and 24/7 hours.",https://passionatehands247.ca/,https://www.instagram.com/passionate_hands_247,,https://www.tiktok.com/@passionatehands247,https://passionatehands247.ca/,Passionate Hands 247 official website,,,"Official site lists Toronto address, services and hours; postal code not published.",Beauty & Personal Care,business,pending_review,geocode_before_public_pin;source_url_and_address_manual_confirmation_required,passionate hands 247|66 gerrard street east unit 202|toronto|on,01.csv
Family Day Care Services,"155 Gordon Baker Road, Suite 400",Toronto,ON,M2H 3N5,Canada,childcare,licensed child care,licensed child care; early learning; before and after school; licensed home child care; EarlyON,"Family-centred child-care organization operating licensed child care, extended-day/school-age programs, licensed home child care and EarlyON centres in Toronto and surrounding regions.",https://familydaycare.com/,,https://www.facebook.com/FamilyDayCareServices,,https://familydaycare.com/,Family Day Care Services official website,,,Toronto administrative office and Toronto programs are explicitly listed; licensed services are stated on the official site.,Children & Family,regulated_review,needs_research,geocode_before_public_pin;regulated_or_age_governed_service_review_required;source_url_and_address_manual_confirmation_required,family day care services|155 gordon baker road suite 400|toronto|on,01.csv
Black and Gill LLP,60 Torlake Cres.,Toronto,ON,M8Z 1C2,Canada,finance,accounting and tax,accounting; tax preparation; tax planning; business advisory; chartered professional accountants,"Full-service Toronto accounting firm serving individuals and owner-managed businesses with accounting, tax and business-advisory solutions.",https://bgllp.ca/,https://www.instagram.com/blackandgill/,https://facebook.com/blackandgill,,https://bgllp.ca/about-us/,Black and Gill LLP official About Us,,,Official site lists Toronto contact address and CPA/accounting services.,Financial & Business Services,regulated_review,needs_research,geocode_before_public_pin;regulated_or_age_governed_service_review_required;source_url_and_address_manual_confirmation_required,black and gill llp|60 torlake cres|toronto|on,01.csv
Afrobeat Kitchen,1510 Queen St W,Toronto,ON,,Canada,food,Nigerian restaurant,Nigerian cuisine; African flavours; restaurant; dine-in,Toronto restaurant serving Nigerian/African flavours at Queen Street West.,,,https://www.facebook.com/afrobeatkitchen/,,https://www.facebook.com/afrobeatkitchen/,Afrobeat Kitchen official Facebook,,,Official Facebook source provides address and operating schedule; postal code not publicly stated in the source.,Food & Drink,business,pending_review,geocode_before_public_pin;source_url_and_address_manual_confirmation_required,afrobeat kitchen|1510 queen st w|toronto|on,01.csv
Vibes Lounge,5235 Steeles Ave W,Toronto,ON,,Canada,nightlife,lounge and private events,VIP tables; bottle service; live events; venue rental; private parties; Afrobeat events,"Toronto nightlife lounge offering VIP tables, bottle service, celebrations, venue rentals and private events.",https://vibeslounge.ca/,https://www.instagram.com/vibesloungetoronto,,https://www.tiktok.com/@vibesloungetoronto,https://vibeslounge.ca/,Vibes Lounge official website,,,Official site lists Toronto location and current event/social links; postal code not published.,Food & Drink,business,pending_review,geocode_before_public_pin;source_url_and_address_manual_confirmation_required,vibes lounge|5235 steeles ave w|toronto|on,01.csv
Black Creek Community Health Centre,"2202 Jane Street, Unit 5",Toronto,ON,M3M 1A4,Canada,health,community health centre,primary care; sexual health; STI testing; pregnancy counselling; diabetes care; mental health counselling,"Community health centre offering primary care, sexual-health services, diabetes care, mental-health counselling and community programs.",https://www.bcchc.com/,https://www.instagram.com/blackcreek_chc/,https://www.facebook.com/BlackCreekCHC/,,https://www.bcchc.com/,Black Creek Community Health Centre official website,,,Official site lists North York Sheridan Mall location within Toronto.,Health & Wellness,regulated_review,needs_research,geocode_before_public_pin;regulated_or_age_governed_service_review_required;source_url_and_address_manual_confirmation_required,black creek community health centre|2202 jane street unit 5|toronto|on,01.csv
Blacklock Law Firm,500-333 Bering Avenue,Toronto,ON,M8Z 3A8,Canada,law,personal injury and insurance defence,automobile accidents; personal injury; property and casualty claims; subrogation; occupiers liability; construction disputes,"Ontario-licensed law firm representing insurers and corporations, with limited plaintiff personal-injury cases and listed liability/dispute practices.",https://www.blacklocklawfirm.com/,,,,https://www.blacklocklawfirm.com/,Blacklock Law Firm official website,,,Official site states the firm and lawyers are licensed to practice law in Ontario.,Legal & Government Services,regulated_review,needs_research,geocode_before_public_pin;regulated_or_age_governed_service_review_required;source_url_and_address_manual_confirmation_required,blacklock law firm|500 333 bering avenue|toronto|on,01.csv
A Different Booklist,779 Bathurst Street,Toronto,ON,M5S 0B7,Canada,retail,independent bookstore,books; African Canadian diaspora books; Caribbean studies; school orders; book launches; events,"Independent bookstore with curated African Canadian, Caribbean and other community-focused collections, school services and events.",https://www.adifferentbooklist.com/,,,,https://www.adifferentbooklist.com/,A Different Booklist official website,,,"Official site lists storefront address, collections, school-board services and events.",Shopping & Retail,business,pending_review,geocode_before_public_pin;source_url_and_address_manual_confirmation_required,a different booklist|779 bathurst street|toronto|on,01.csv
Afrocan Supermart,2121 Jane Street,Toronto,ON,M3M 1A2,Canada,retail,African and Caribbean supermarket,African groceries; Caribbean groceries; Afro-Latin food; fresh produce; meat; baked goods; beauty products; pickup,"African, Caribbean, Afro-Latin and tropical food supermarket carrying produce, baked goods, meats, dry goods, frozen products, beverages and Black beauty products.",https://afrocanmart.com/,https://www.instagram.com/,https://www.facebook.com/AfrocanFoods/,,https://afrocanmart.com/locations/toronto.html,Afrocan Foods official Toronto location page,,,Official location page identifies North York address within Toronto and store pickup.,Shopping & Retail,business,pending_review,geocode_before_public_pin;source_url_and_address_manual_confirmation_required,afrocan supermart|2121 jane street|toronto|on,01.csv
Champions Barbershop,5175 NE Martin Luther King Jr Blvd,Portland,OR,97212,USA,beauty,barbershop,haircuts; beard trims; straight-razor shaves; barbering; community barbershop,"Community-oriented barbershop offering haircuts, beard trims and straight-razor shaves; Travel Oregon highlights its mentoring and relationship-building focus.",https://www.championspdx.com/,https://www.instagram.com/championsbarbershopnw,,,https://traveloregon.com/things-to-do/trip-ideas/discover-portlands-black-owned-businesses/,Travel Oregon,Black-owned,https://traveloregon.com/things-to-do/trip-ideas/discover-portlands-black-owned-businesses/,Official site supplies Portland address; Travel Oregon documents owners Jamaal and Christina Lane and community mission.,Beauty & Personal Care,business,needs_research,geocode_before_public_pin;ownership_evidence_manual_confirmation_required;source_url_and_address_manual_confirmation_required,champions barbershop|5175 ne martin luther king jr blvd|portland|or,24.csv
L&M Hair Studio,1010 SE 96th Ave,Portland,OR,97216,USA,beauty,braids and textured hair,braids; knotless box braids; locs; wigs; weaves; sew-ins; microlinks; tape-ins; crochet; textured haircuts,"Appointment-only salon offering braids, locs, extensions, wigs, weaves, sew-ins, microlinks and textured-hair services; official site also lists a second Portland lounge.",https://lmhaircompany.com/,https://www.instagram.com/lmhairstudiopdx,https://www.facebook.com/lmhairstudiopdx,,https://lmhaircompany.com/,L&M Hair Studio,,,Official site lists address,Beauty & Personal Care,business,pending_review,geocode_before_public_pin;source_url_and_address_manual_confirmation_required,l m hair studio|1010 se 96th ave|portland|or,24.csv
Downtown Portland KinderCare,1400 SW 5th Ave Ste 100,Portland,OR,97201,USA,childcare,daycare and preschool,infant daycare; toddler care; discovery preschool; preschool; prekindergarten; full-time; part-time,"Active downtown childcare center enrolling for Fall 2026, serving children from 6 weeks to 5 years with infant through pre-K programs.",https://www.kindercare.com/our-centers/portland/or/301702,https://www.instagram.com/kindercare,https://www.facebook.com/kindercare,,https://www.kindercare.com/our-centers/portland/or/301702,KinderCare,,,Official center page states address,Children & Family,regulated_review,needs_research,geocode_before_public_pin;regulated_or_age_governed_service_review_required;source_url_and_address_manual_confirmation_required,downtown portland kindercare|1400 sw 5th ave ste 100|portland|or,24.csv
Bridgetown Wealth Management,700 NE Multnomah Street Suite 820,Portland,OR,97232,USA,finance,wealth management,financial planning; retirement planning; portfolio construction; annuities; insurance; investment management,Portland-founded advisory firm serving individuals and institutions with comprehensive financial planning and investment strategies; site identifies founders and Portland office.,https://www.bridgetownwealthmanagement.com/,,,,https://www.bridgetownwealthmanagement.com/,Bridgetown Wealth Management,,,Official site states Portland home since 2017,Financial & Business Services,regulated_review,needs_research,geocode_before_public_pin;regulated_or_age_governed_service_review_required;source_url_and_address_manual_confirmation_required,bridgetown wealth management|700 ne multnomah street suite 820|portland|or,24.csv
Akadi PDX,1001 SE Division St Unit 2,Portland,OR,97202,USA,food,West African restaurant,West African cuisine; jollof rice; stews; grilled fish; vegan options; reservations; dinner,"West African restaurant serving Ivorian-inspired stews, grilled fish, jollof rice, skewers and vegan options.",https://www.akadipdx.com/,,,,https://www.travelportland.com/culture/black-owned-restaurants-portland/,Travel Portland,Black-owned,https://www.travelportland.com/culture/black-owned-restaurants-portland/,Official Akadi site supplies address and hours; Travel Portland includes Akadi in its Black-owned restaurants feature.,Food & Drink,business,needs_research,geocode_before_public_pin;ownership_evidence_manual_confirmation_required;source_url_and_address_manual_confirmation_required,akadi pdx|1001 se division st unit 2|portland|or,24.csv
Cason's Fine Meats,5015 NE Martin Luther King Jr Blvd,Portland,OR,97211,USA,food,butcher and prepared foods,fresh meats; smoked meats; fish tacos; fried chicken; Philly steak; ribs; takeout; dine-in,Neighborhood butcher shop and prepared-food counter offering fresh and smoked meats plus daily hot-food specials.,https://www.casonsfinemeats.com/,,https://www.facebook.com/casonsfinemeats,,https://traveloregon.com/things-to-do/trip-ideas/discover-portlands-black-owned-businesses/,Travel Oregon,Black-owned,https://traveloregon.com/things-to-do/trip-ideas/discover-portlands-black-owned-businesses/,Official Cason's site supplies address; Travel Oregon identifies it as Black-owned and community-rooted in Alberta Commons.,Food & Drink,business,needs_research,geocode_before_public_pin;ownership_evidence_manual_confirmation_required;source_url_and_address_manual_confirmation_required,cason s fine meats|5015 ne martin luther king jr blvd|portland|or,24.csv
Kann,548 SE Ash St,Portland,OR,97214,USA,food,Haitian and Caribbean restaurant,Haitian cuisine; Creole smoked duck; griyo; cocktails; reservations; fine dining,"Haitian restaurant by chef Gregory Gourdet with dine-in service, reservations and a menu centered on Haitian and Caribbean flavors.",https://kannrestaurant.com/,,,,https://www.travelportland.com/culture/black-owned-restaurants-portland/,Travel Portland,Black-owned,https://www.travelportland.com/culture/black-owned-restaurants-portland/,Official Kann site supplies address; Travel Portland identifies Kann in its Black-owned restaurants feature and links the official site.,Food & Drink,business,needs_research,geocode_before_public_pin;ownership_evidence_manual_confirmation_required;source_url_and_address_manual_confirmation_required,kann|548 se ash st|portland|or,24.csv
Kaya,3003 NE Alberta St Suite 3,Portland,OR,97211,USA,nightlife,cocktail bar and kitchen,craft cocktails; chef-driven dinner; DJs; mocktails; brunch; late-night dining,"Alberta Arts District cocktail bar and kitchen offering chef-driven dinner, seasonal cocktails, mocktails, brunch and DJs until late.",https://kayapdx.com/,https://www.instagram.com/kayapdx,,,https://www.travelportland.com/culture/black-owned-restaurants-portland/,Travel Portland,Black-owned,https://www.travelportland.com/culture/black-owned-restaurants-portland/,Official Kaya site/social supply address and programming; Travel Portland includes Kaya in its Black-owned drinks feature.,Food & Drink,business,needs_research,geocode_before_public_pin;ownership_evidence_manual_confirmation_required;source_url_and_address_manual_confirmation_required,kaya|3003 ne alberta st suite 3|portland|or,24.csv
Olive Or Twist Martini Bar,925 NW 11th Ave,Portland,OR,97209,USA,nightlife,martini bar,martinis; craft cocktails; beer; dining; events; Pearl District bar,"Pearl District martini bar offering creative martinis, craft cocktails, beer, dining and event-friendly nightlife.",https://www.oliveortwistmartinibar.com/,,,,https://www.travelportland.com/culture/black-owned-restaurants-portland/,Travel Portland,Black-owned,https://www.travelportland.com/culture/black-owned-restaurants-portland/,Official site supports venue identity; Travel Portland includes Olive Or Twist in its Black-owned bars section.,Food & Drink,business,needs_research,geocode_before_public_pin;ownership_evidence_manual_confirmation_required;source_url_and_address_manual_confirmation_required,olive or twist martini bar|925 nw 11th ave|portland|or,24.csv
Po' Shines Cafe De La Soul,8139 N Denver Ave,Portland,OR,97217,USA,food,soul food restaurant and workforce training,Southern breakfast; brunch; barbecue; brisket; shrimp; po boys; catfish; vegan soul food; catering,Soul-food restaurant serving Southern comfort meals and brunch; Travel Oregon describes its workforce-training program through Teach Me to Fish.,https://poshinespdx.com/,https://www.instagram.com/poshinespdx,,,https://traveloregon.com/things-to-do/trip-ideas/discover-portlands-black-owned-businesses/,Travel Oregon,Black-owned,https://traveloregon.com/things-to-do/trip-ideas/discover-portlands-black-owned-businesses/,Official site supplies address and menu positioning; Travel Oregon documents Black ownership and community workforce-training mission.,Food & Drink,business,needs_research,geocode_before_public_pin;ownership_evidence_manual_confirmation_required;source_url_and_address_manual_confirmation_required,po shines cafe de la soul|8139 n denver ave|portland|or,24.csv
North by Northeast Community Health Center,714 NE Alberta Street,Portland,OR,97211,USA,health,community health clinic,primary care; community clinic; health equity; medical care; appointments,Community health center serving Portland patients with primary-care access and a health-equity mission.,https://nxneclinic.org/,,,,https://nxneclinic.org/,North by Northeast Community Health Center,,,Official clinic source/search listing supplies Portland address and community-health identity; no ownership designation stated.,Health & Wellness,regulated_review,needs_research,geocode_before_public_pin;regulated_or_age_governed_service_review_required;source_url_and_address_manual_confirmation_required,north by northeast community health center|714 ne alberta street|portland|or,24.csv
Integrity Air,7205 SE Johnson Creek Blvd,Portland,OR,97206,USA,home trades,HVAC,heating; air conditioning; HVAC installation; HVAC repair; maintenance; indoor comfort,"Portland HVAC company offering heating and air-conditioning services, including installation, repair and maintenance.",https://integrityairllc.com/,,,,https://integrityairllc.com/,Integrity Air,,,Official company source/search listing supplies Portland address and HVAC services; regulated trade included without inferring ownership.,Home & Property Services,regulated_review,needs_research,geocode_before_public_pin;regulated_or_age_governed_service_review_required;source_url_and_address_manual_confirmation_required,integrity air|7205 se johnson creek blvd|portland|or,24.csv
Balyhairbraiding,5705 N 5th Street,Philadelphia,PA,19120,USA,beauty,braiding salon,hair braiding; walk-ins; human hair; appointments,"Philadelphia braiding business whose official Instagram profile lists its address, phone, walk-in policy, and human-hair offering.",,https://www.instagram.com/balysalon/,,,https://www.instagram.com/balysalon/,Balyhairbraiding,,,Official Instagram profile; website not identified.,Beauty & Personal Care,business,pending_review,geocode_before_public_pin;source_url_and_address_manual_confirmation_required,balyhairbraiding|5705 n 5th street|philadelphia|pa,02.csv
Queen Bee African Braiding & American Hair Styles,3800 N Broad St,Philadelphia,PA,19140,USA,beauty,braiding salon,African braiding; knotless box braids; cornrows; faux locs; crochet braids; sew-ins; kids braiding; wash and press,North Philadelphia salon specializing in African braiding and American hair styles; walk-ins are welcome seven days a week.,https://queenbeeafricansalon.com/,https://www.instagram.com/queenbeehairsalon/,https://www.facebook.com/100044565333868/,https://www.tiktok.com/@queenbeehairsalonphilly,https://queenbeeafricansalon.com/,Queen Bee African Braiding & American Hair Styles,,,"Official site lists address, detailed services, hours, and all three social links.",Beauty & Personal Care,business,pending_review,geocode_before_public_pin;source_url_and_address_manual_confirmation_required,queen bee african braiding american hair styles|3800 n broad st|philadelphia|pa,02.csv
Friends Child Care Center,1501 Cherry Street,Philadelphia,PA,19102,USA,childcare,early childhood education,infant care; toddler care; preschool; kindergarten preparation; PHLpreK; play-based learning; outdoor play,"Center City early childhood program serving children from 3 months through Kindergarten, with infant, toddler, and preschool programming and PHLpreK partnership.",https://www.friendschildcare.org/,https://www.instagram.com/friendschildcarecenter/,https://www.facebook.com/friends-child-care-center-19776767575,,https://www.friendschildcare.org/,Friends Child Care Center,Nonprofit status not explicitly stated; founded by named Quaker organizations,https://www.friendschildcare.org/,"Official site lists address, hours, programs, and social links.",Children & Family,regulated_review,needs_research,geocode_before_public_pin;ownership_evidence_manual_confirmation_required;regulated_or_age_governed_service_review_required;source_url_and_address_manual_confirmation_required,friends child care center|1501 cherry street|philadelphia|pa,02.csv
"MacAlpine Carll and Co., LLC","The Washington, 530 Walnut St Suite 1180",Philadelphia,PA,19106,USA,finance,accounting and tax advisory,accounting; bookkeeping; payroll; tax preparation; strategic tax planning; outsourced CFO; business valuation; M&A advisory,"Philadelphia accounting and tax firm serving law firms and businesses with bookkeeping, payroll, tax, outsourced CFO, valuation, and advisory services.",https://www.macalpinecarll.com/,,https://www.facebook.com/profile.php?id=61552590665634,,https://www.macalpinecarll.com/lawfirms.php,"MacAlpine Carll and Co., LLC",LLC legal designation,https://www.macalpinecarll.com/lawfirms.php,Official site lists Philadelphia office and service details.,Financial & Business Services,regulated_review,needs_research,geocode_before_public_pin;ownership_evidence_manual_confirmation_required;regulated_or_age_governed_service_review_required;source_url_and_address_manual_confirmation_required,macalpine carll and co llc|the washington 530 walnut st suite 1180|philadelphia|pa,02.csv
Butter's Soul Food To Go,2730 West Girard Avenue,Philadelphia,PA,19130,USA,food,soul food restaurant,soul food; takeout; catering; private parties,"North Philadelphia soul food restaurant offering homemade-style meals, takeout, catering, and private events; the official site identifies Kevin Bell as owner/operator.",https://butterssoulfood.com/,,,,https://butterssoulfood.com/,Butter's Soul Food To Go,Owner/operator: Kevin Bell,https://butterssoulfood.com/,Official site lists current hours and location.,Food & Drink,business,needs_research,geocode_before_public_pin;ownership_evidence_manual_confirmation_required;source_url_and_address_manual_confirmation_required,butter s soul food to go|2730 west girard avenue|philadelphia|pa,02.csv
South Restaurant & Jazz Club,600 N Broad St,Philadelphia,PA,19130,USA,nightlife,jazz club and restaurant,Southern dining; jazz; dinner; live music; private events,"Southern restaurant and jazz club with dinner reservations, live performances, tickets, and private events.",https://www.southjazzkitchen.com/,https://www.instagram.com/southjazzkitchen/,https://www.facebook.com/SouthRestaurant,,https://www.southjazzkitchen.com/,South Restaurant & Jazz Club,,,"Official site lists address, reservations, jazz programming, and social links.",Food & Drink,business,pending_review,geocode_before_public_pin;source_url_and_address_manual_confirmation_required,south restaurant jazz club|600 n broad st|philadelphia|pa,02.csv
Esperanza Health Center,4417 N 6th Street,Philadelphia,PA,19140,USA,health,community health center,bilingual healthcare; primary care; dental; behavioral health; holistic care; affordable care; sliding-fee care,"Multicultural ministry and community health center providing affordable, bilingual, holistic physical, mental, and spiritual healthcare to Latino and underserved Philadelphia communities.",https://esperanzahealth.com/,https://www.instagram.com/ehcphilly/,https://www.facebook.com/EsperanzaHealthCenter/,,https://esperanzahealth.com/,Esperanza Health Center,Ministry/nonprofit designation not explicitly stated,https://esperanzahealth.com/about/our-mission/,"Official site lists administrative address, mission, services, and social links.",Health & Wellness,regulated_review,needs_research,geocode_before_public_pin;ownership_evidence_manual_confirmation_required;regulated_or_age_governed_service_review_required;source_url_and_address_manual_confirmation_required,esperanza health center|4417 n 6th street|philadelphia|pa,02.csv
Quality Community Health Care Inc.,2501 W Lehigh Avenue,Philadelphia,PA,19132,USA,health,community health center,preventive care; chronic illness management; medical care; dental care; family health services,"Community health care provider offering preventive, chronic-care, medical, and dental services; official site lists three Philadelphia locations.",https://www.qchc.org/,https://www.instagram.com/qchcphila/,https://www.facebook.com/QCHC2501/,,https://www.qchc.org/,Quality Community Health Care Inc.,Ownership designation not self-stated,https://www.qchc.org/,Main headquarters used to avoid duplicate organization records; official site notes some other locations temporarily closed.,Health & Wellness,regulated_review,needs_research,geocode_before_public_pin;ownership_evidence_manual_confirmation_required;regulated_or_age_governed_service_review_required;source_url_and_address_manual_confirmation_required,quality community health care inc|2501 w lehigh avenue|philadelphia|pa,02.csv
"Spectrum Health Services, Inc.",5201 Haverford Avenue,Philadelphia,PA,19139,USA,health,community health center,primary care; dental; OB-GYN; podiatry; prenatal care; pediatric care; behavioral health; family planning; sliding-fee care,"Philadelphia nonprofit federally qualified community health center providing medical, dental, behavioral, and specialty care regardless of ability to pay.",https://www.spectrumhs.org/,,,,https://www.spectrumhs.org/,Spectrum Health Services,501(c)(3) nonprofit; Federally Qualified Health Center,https://www.spectrumhs.org/,One representative Philadelphia location; official site lists four locations.,Health & Wellness,regulated_review,needs_research,geocode_before_public_pin;ownership_evidence_manual_confirmation_required;regulated_or_age_governed_service_review_required;source_url_and_address_manual_confirmation_required,spectrum health services inc|5201 haverford avenue|philadelphia|pa,02.csv
Community Legal Services of Philadelphia,1424 Chestnut Street,Philadelphia,PA,19102,USA,law,civil legal aid,public benefits; employment; housing; debt and consumer rights; utilities; family; criminal records; seniors,Community legal services organization providing free civil legal assistance to low-income Philadelphians and policy advocacy; a second North Philadelphia office is also listed.,https://clsphila.org/,https://www.instagram.com/CLSphila/,https://www.facebook.com/clsphila,,https://clsphila.org/,Community Legal Services of Philadelphia,Ownership designation not self-stated,https://clsphila.org/,Center City office used to avoid duplicate organization records.,Legal & Government Services,regulated_review,needs_research,geocode_before_public_pin;ownership_evidence_manual_confirmation_required;regulated_or_age_governed_service_review_required;source_url_and_address_manual_confirmation_required,community legal services of philadelphia|1424 chestnut street|philadelphia|pa,02.csv
Philadelphia Legal Assistance,718 Arch Street Suite 300N,Philadelphia,PA,19106,USA,law,legal aid,free legal help; housing; family court; unemployment compensation; consumer housing; public benefits; tax support,"Legal aid organization providing free, accessible legal assistance to low-income Philadelphians across housing, family, benefits, unemployment, and consumer issues.",https://philalegal.org/,https://www.instagram.com/phila_legal,https://www.facebook.com/philalegal,,https://philalegal.org/,Philadelphia Legal Assistance,LSC-funded organization,https://philalegal.org/,"Official site lists address, services, hours, and social links.",Legal & Government Services,regulated_review,needs_research,geocode_before_public_pin;ownership_evidence_manual_confirmation_required;regulated_or_age_governed_service_review_required;source_url_and_address_manual_confirmation_required,philadelphia legal assistance|718 arch street suite 300n|philadelphia|pa,02.csv
Tree House Books,1430 W Susquehanna Avenue,Philadelphia,PA,19121,USA,retail,community bookstore and literacy center,free books; children’s books; literacy programs; out-of-school-time programs; traveling library; book donations,"North Philadelphia giving library and literacy center providing free books, literacy programming, and out-of-school-time programs for children, families, and adults.",https://www.treehousebooks.org/,https://www.instagram.com/treehousebooks/,http://www.facebook.com/treehousebooks,https://www.tiktok.com/@treehousebooks.org,https://www.treehousebooks.org/,Tree House Books,501(c)(3) PA registered nonprofit,https://www.treehousebooks.org/,"Official site lists address, community mission, programs, and social links.",Shopping & Retail,business,needs_research,geocode_before_public_pin;ownership_evidence_manual_confirmation_required;source_url_and_address_manual_confirmation_required,tree house books|1430 w susquehanna avenue|philadelphia|pa,02.csv
Travel Allure,7244 Castor Avenue Unit 8215,Philadelphia,PA,19149,USA,travel,luxury travel agency,destination weddings; personal luxury travel; group travel; cruises; itinerary planning; VIP support,"Philadelphia-based luxury travel agency planning destination weddings, personal and group travel, cruises, accommodations, transportation, and tailored itineraries.",https://www.travelallure.com/,https://www.instagram.com/travel_allure_/,https://www.facebook.com/TravelAllureAgency/,,https://www.travelallure.com/,Travel Allure,,,"Official site lists Philadelphia address, services, and social links.",Travel & Hospitality,business,pending_review,geocode_before_public_pin;source_url_and_address_manual_confirmation_required,travel allure|7244 castor avenue unit 8215|philadelphia|pa,02.csv
Kokos Braiding,2544 Library Road,Pittsburgh,PA,15234,USA,beauty,African hair braiding,African hair braiding; African American hair braiding; protective styles; braids; hair styling,Hair-braiding business celebrating African hair artistry and offering intricate African and African American braiding and protective styles.,https://kokoshairbraiding.com/,https://instagram.com/kokos_braiding,,https://tiktok.com/@stylesbykoko,https://kokoshairbraiding.com/,Kokos Braiding official website,,,"Official site lists Pittsburgh address, services, owner name, hours, and social links.",Beauty & Personal Care,business,pending_review,geocode_before_public_pin;source_url_and_address_manual_confirmation_required,kokos braiding|2544 library road|pittsburgh|pa,29.csv
Carriage House Children’s Center,5604 Solway St.,Pittsburgh,PA,15217,USA,childcare,child care center,infant care; early childhood education; hands-on learning; play-centered learning; preschool; family support,"Pittsburgh childcare center providing nurturing care, hands-on exploration, and play-centered learning; official site states NAEYC accreditation, Keystone STARS Four STAR rating, and PA Department of Education licensing.",https://carriagehouse.org/,,https://www.facebook.com/carriagehousechildrenscenter/,,https://carriagehouse.org/,Carriage House Children’s Center official website,NAEYC accredited; Keystone STARS Four STAR; licensed as a Private Academic School by PA Department of Education,https://carriagehouse.org/,Official site provides street address and explicit accreditation/licensing statements.,Children & Family,regulated_review,needs_research,geocode_before_public_pin;ownership_evidence_manual_confirmation_required;regulated_or_age_governed_service_review_required;source_url_and_address_manual_confirmation_required,carriage house children s center|5604 solway st|pittsburgh|pa,29.csv
Jeremiah’s Place,6435 Frankstown Ave,Pittsburgh,PA,15206,USA,childcare,crisis nursery,24-hour emergency childcare; overnight care; evening stays; infants to preschool; therapeutic childcare; family resources; free childcare,"Pittsburgh’s only crisis nursery, providing free, judgment-free emergency childcare 24/7 for children ages 0–6 and family support resources.",https://jeremiahsplace.org/,https://www.instagram.com/jeremiahs_place/,https://www.facebook.com/jeremiahsplace,,https://jeremiahsplace.org/,Jeremiah’s Place official website,,,"Official site states 24/7 service, free access, age range, services, current Pittsburgh address, and social links.",Children & Family,regulated_review,needs_research,geocode_before_public_pin;regulated_or_age_governed_service_review_required;source_url_and_address_manual_confirmation_required,jeremiah s place|6435 frankstown ave|pittsburgh|pa,29.csv
Carmi Soul Food,1219 Federal Street,Pittsburgh,PA,15212,USA,food,soul food restaurant,authentic Southern cuisine; soul food; family recipes; catering; takeout,Neighborhood restaurant serving authentic Southern cuisine and soul food made from cherished family recipes; catering is available.,https://carmirestaurant.com/,https://www.instagram.com/carmisoulfood/,https://www.facebook.com/103563566402793,,https://carmirestaurant.com/,Carmi Soul Food official website,,,"Official site lists current Pittsburgh address, menu/order links, catering, and social links.",Food & Drink,business,pending_review,geocode_before_public_pin;source_url_and_address_manual_confirmation_required,carmi soul food|1219 federal street|pittsburgh|pa,29.csv
Everyday Cafe,532 North Homewood Avenue,Pittsburgh,PA,15208,USA,food,community cafe,breakfast; lunch; smoothies; coffee; teas; lemonades; spritzers; baked goods; catering; pop-up vendors,"A café with a cause founded by Bible Center, offering breakfast, lunch, handcrafted beverages, smoothies, baked goods, catering, and community-oriented events.",https://www.everydaycafepgh.com/,https://www.instagram.com/everydaycafepgh/,https://www.facebook.com/EverydayCafePgh/,,https://www.everydaycafepgh.com/,Everyday Cafe official website,social enterprise of The Oasis Project / Bible Center Church,https://www.everydaycafepgh.com/,"Official site explicitly states it is a social enterprise of The Oasis Project, the community outreach and economic development division of Bible Center Church.",Food & Drink,business,needs_research,geocode_before_public_pin;ownership_evidence_manual_confirmation_required;source_url_and_address_manual_confirmation_required,everyday cafe|532 north homewood avenue|pittsburgh|pa,29.csv
Kelly’s Bar and Lounge,6012 Centre Ave,Pittsburgh,PA,15206,USA,nightlife,bar and lounge,bar; cocktails; food; lunch; happy hour; late-night kitchen; vegan options; takeout,"East Liberty neighborhood bar and lounge offering food, classic cocktails, lunch, happy hour, late hours, and online ordering.",https://kellysbarlounge.com/,https://instagram.com/kellyseastliberty/,https://www.facebook.com/Kellys-Bar-and-Lounge-431217163640918/,,https://kellysbarlounge.com/,Kelly’s Bar and Lounge official website,,,"Official site lists Pittsburgh address, operating hours, menus, cocktails, and social links.",Food & Drink,business,pending_review,geocode_before_public_pin;source_url_and_address_manual_confirmation_required,kelly s bar and lounge|6012 centre ave|pittsburgh|pa,29.csv
The Warren Bar and Burrow,245 7th Street,Pittsburgh,PA,15222,USA,nightlife,neighborhood bar and restaurant,neighborhood bar; food; cocktails; beer; wine; late-night kitchen; catering; private events,"Downtown Pittsburgh neighborhood bar with food, rotating cocktails, a kitchen open late, catering, and private event space.",https://thewarrenpgh.com/,https://www.instagram.com/thewarrenpgh,https://www.facebook.com/TheWarrenPGH/,,https://thewarrenpgh.com/,The Warren Bar and Burrow official website,,,"Official site lists current Pittsburgh address, hours, food/drink menus, catering, private events, and social links.",Food & Drink,business,pending_review,geocode_before_public_pin;source_url_and_address_manual_confirmation_required,the warren bar and burrow|245 7th street|pittsburgh|pa,29.csv
Alma Illery Medical Center (Primary Care Health Services),7227 Hamilton Ave,Pittsburgh,PA,15208,USA,health,community health center,medical care; specialty care; podiatry; pediatric care; dental services; pharmacy; telemedicine; behavioral health,"Community health center location of Primary Care Health Services offering medical, specialty, pediatric, dental, pharmacy, telemedicine, and behavioral health services.",https://pchspitt.org/alma-illery-medical-center/,,,,https://pchspitt.org/alma-illery-medical-center/,Primary Care Health Services official website,HRSA-funded; FTCA deemed status,https://pchspitt.org/alma-illery-medical-center/,Official site states PCHS receives HRSA funding and has Federal Public Health Service deemed status; source lists departments and address.,Health & Wellness,regulated_review,needs_research,geocode_before_public_pin;ownership_evidence_manual_confirmation_required;regulated_or_age_governed_service_review_required;source_url_and_address_manual_confirmation_required,alma illery medical center primary care health services|7227 hamilton ave|pittsburgh|pa,29.csv
"Blaine Jones Law, LLC","301 Grant Street, Suite 270",Pittsburgh,PA,15219,USA,law,criminal defense and civil law,criminal defense; civil law; personal injury; bankruptcy; misdemeanors; felonies; federal crimes; DUI; fraud,"Pittsburgh law firm licensed to practice in Pennsylvania and Ohio, offering criminal defense, civil law, personal injury, and bankruptcy services.",https://www.blainejoneslaw.com/,,https://www.facebook.com/blaine.jones.5686,,https://www.blainejoneslaw.com/,Blaine Jones Law official website,,,Official site states PA/OH licensure and lists Pittsburgh office and practice areas.,Legal & Government Services,regulated_review,needs_research,geocode_before_public_pin;regulated_or_age_governed_service_review_required;source_url_and_address_manual_confirmation_required,blaine jones law llc|301 grant street suite 270|pittsburgh|pa,29.csv
Carousel Early Childhood Center,1083 Jenkins Rd,Charleston,SC,29407,USA,childcare,early childhood center,child care; early childhood education; enrollment; waitlist; preschool,"Early childhood center dedicated to nurturing young minds, with enrollment and waitlist information and weekday care hours.",https://www.carouselearlychildhoodcenter.com/,,https://www.facebook.com/carouselearlychildhoodcenter/,,https://www.carouselearlychildhoodcenter.com/,Official Carousel Early Childhood Center website,,,"Official site lists address, enrollment, waitlist, and weekday hours.",Children & Family,regulated_review,needs_research,geocode_before_public_pin;regulated_or_age_governed_service_review_required;source_url_and_address_manual_confirmation_required,carousel early childhood center|1083 jenkins rd|charleston|sc,42.csv
Hannibal's Kitchen,16 Blake St,Charleston,SC,29403,USA,food,soul food restaurant,soul food; Geechee-style seafood; breakfast; lunch; catering; takeout,"Family-owned and operated Charleston restaurant serving soul food, Gullah/Geechee-style seafood, daily specials, takeout, and Lowcountry catering.",https://hannibalkitchen.com/,,https://www.facebook.com/HannibalsKitchen,,https://hannibalkitchen.com/,Official Hannibal's Kitchen website,family-owned and operated,https://hannibalkitchen.com/,Official site names owner L.J. Huger and states family-owned & operated; lists current hours.,Food & Drink,business,needs_research,geocode_before_public_pin;ownership_evidence_manual_confirmation_required;source_url_and_address_manual_confirmation_required,hannibal s kitchen|16 blake st|charleston|sc,42.csv
Saffron Restaurant & Bakery,333 East Bay Street,Charleston,SC,29401,USA,food,bakery and cafe,breakfast; lunch; scratch baking; pastries; custom cakes; catering; wholesale,"Charleston restaurant and bakery making croissants, sourdough, pastries, custom cakes, made-to-order lunch, and catering from scratch.",https://saffronfoods.com/,https://www.instagram.com/saffronfoodsco/,https://www.facebook.com/saffronfoodsco/,,https://saffronfoods.com/,Official Saffron website,,,"Official site lists address, hours, restaurant/bakery operations, custom cakes, catering, and wholesale.",Food & Drink,business,pending_review,geocode_before_public_pin;source_url_and_address_manual_confirmation_required,saffron restaurant bakery|333 east bay street|charleston|sc,42.csv
The Harbinger Cafe & Bakery,1107 King Street,Charleston,SC,29403,USA,food,cafe and bakery,breakfast; lunch; pastries; coffee; sandwiches; salads; cookbook; catering,"Community-focused King Street cafe and bakery serving house-made breakfast, lunch, pastries, coffee, salads, sandwiches, and baked goods.",https://www.theharbingercafe.com/,https://www.instagram.com/theharbingercafe/,https://www.facebook.com/theharbingercafe/,,https://www.theharbingercafe.com/,Official The Harbinger Cafe & Bakery website,,,Official site says it serves the Charleston community and lists current hours and address.,Food & Drink,business,pending_review,geocode_before_public_pin;source_url_and_address_manual_confirmation_required,the harbinger cafe bakery|1107 king street|charleston|sc,42.csv
WildFlour Pastry,1750 Savannah Highway,Charleston,SC,29407,USA,food,pastry shop,pastries; bakery; cafe; seasonal menu,Charleston pastry business whose official site lists its Savannah Highway location and current seasonal pastry and cafe menus.,http://www.wildflourpastrycharleston.com/,,,,http://www.wildflourpastrycharleston.com/,Official WildFlour Pastry website,,,Official site lists address and current 2026 menu links; no ownership designation stated.,Food & Drink,business,pending_review,geocode_before_public_pin;source_url_and_address_manual_confirmation_required,wildflour pastry|1750 savannah highway|charleston|sc,42.csv
Lowcountry Wellness Center,"1565 Sam Rittenberg Blvd, Ste 201",Charleston,SC,29407,USA,health,direct primary care,direct primary care; preventive care; wellness; chronic disease support; acute care; family care; medication refills,"Membership-based, integrative direct primary care practice serving individuals and families with preventive care, wellness, acute and chronic care, and personalized medicine.",http://www.lowcountry-wellness.com/,https://instagram.com/lowcountrywellnesscenter,https://facebook.com/lowcountrywellnesscenter,,http://www.lowcountry-wellness.com/,Official Lowcountry Wellness Center website,,,Official site identifies founder Dr. Penni Vachon and licensed nurse practitioners; regulated health service is presented by the provider.,Health & Wellness,regulated_review,needs_research,geocode_before_public_pin;regulated_or_age_governed_service_review_required;source_url_and_address_manual_confirmation_required,lowcountry wellness center|1565 sam rittenberg blvd ste 201|charleston|sc,42.csv
Anchor Heating & Air,1029 St. Andrews Blvd,Charleston,SC,29407,USA,home trades/HVAC,heating and air conditioning,HVAC repair; HVAC replacement; heating; cooling; ventilation; air duct cleaning; maintenance plans; financing,"Locally owned and operated Charleston HVAC company providing residential heating, cooling, ventilation, repair, replacement, maintenance plans, and financing.",https://anchorheatingandair.com/,https://www.instagram.com/anchorheatingandairsc/,https://www.facebook.com/anchorheatingandairsc,https://www.tiktok.com/@anchorheatingandairllc,https://anchorheatingandair.com/,Official Anchor Heating & Air website,locally owned and operated,https://anchorheatingandair.com/,Official site explicitly states locally owned and operated; lists West Ashley Charleston office and SC license RBH38835.,Home & Property Services,regulated_review,needs_research,geocode_before_public_pin;ownership_evidence_manual_confirmation_required;regulated_or_age_governed_service_review_required;source_url_and_address_manual_confirmation_required,anchor heating air|1029 st andrews blvd|charleston|sc,42.csv
Derrick Law Firm Injury Lawyers,635 East Bay Street Suite F,Charleston,SC,29403,USA,law,personal injury law,personal injury; car accidents; boat and jet ski accidents; truck accidents; slips and falls; motorcycle accidents; workers compensation; wrongful death,"Charleston personal injury law office handling accident, negligence, workers compensation, and wrongful-death matters with free consultations.",https://www.derricklawfirm.com/,,,,https://www.derricklawfirm.com/offices/charleston-south-carolina-personal-injury-law-firm.cfm,Official Derrick Law Firm website,,,"Official office page names founder Dirk Derrick and lists Charleston address, attorney services, and consultation details.",Legal & Government Services,regulated_review,needs_research,geocode_before_public_pin;regulated_or_age_governed_service_review_required;source_url_and_address_manual_confirmation_required,derrick law firm injury lawyers|635 east bay street suite f|charleston|sc,42.csv
"J Renee Braids, Fades, & Slays","7201 Two Notch Rd, BU-616, Columbia Place Mall",Columbia,SC,29223,USA,beauty,braider/haircare,box braids; Senegalese twists; locs; silk press; blowout; color; cuts; feed-in braids; scalp treatments; crochet; cornrows; relaxers; weaves,"Licensed Columbia master haircare specialist offering full-service haircare, braiding, locs, styling, color, cuts, treatments, and weaves.",https://jreneebraidsfadesslays.com/,https://www.instagram.com/jreneebraidsfadesnslays,https://www.facebook.com/JazzsLuxeDesign,,https://jreneebraidsfadesslays.com/,"J Renee Braids, Fades, & Slays official website",,,Official site self-states SC cosmetology license and licensed braider; address and booking link provided.,Beauty & Personal Care,business,pending_review,geocode_before_public_pin;source_url_and_address_manual_confirmation_required,j renee braids fades slays|7201 two notch rd bu 616 columbia place mall|columbia|sc,41.csv
Bright Horizons at The Columbia Federal Center,"1835 Assembly Street, Suite 113, Strom Thurmond Building",Columbia,SC,29201,USA,childcare,early education/daycare,infant care; toddler care; preschool; kindergarten prep; summer program; early education; NAEYC accredited,"Active Columbia early-education center for children ages 1 month to 4 years, offering infant, toddler, preschool, kindergarten-prep, and summer programs.",https://www.brighthorizons.com/daycare-centers/sc/columbia/1835-assembly-street-29201,,https://www.facebook.com/brighthorizons/,,https://www.brighthorizons.com/daycare-centers/sc/columbia/1835-assembly-street-29201,Bright Horizons official center page,,,"Official center page lists hours, address, enrollment, programs, and NAEYC accreditation.",Children & Family,regulated_review,needs_research,geocode_before_public_pin;regulated_or_age_governed_service_review_required;source_url_and_address_manual_confirmation_required,bright horizons at the columbia federal center|1835 assembly street suite 113 strom thurmond building|columbia|sc,41.csv
Art Bar,1211 Park Street,Columbia,SC,29201,USA,nightlife,bar/live entertainment,bar; comedy; karaoke; trivia; DJs; live music; burgers; sandwiches; wings; patio,"Columbia nightlife venue and dive bar featuring comedy, karaoke, trivia, DJs, live music, food, outdoor patio, and lounge spaces.",https://www.artbarsc.com/,https://www.instagram.com/artbarsc/,https://www.facebook.com/artbarvista,,https://www.artbarsc.com/,Art Bar official website,,,"Official site lists active hours, address, menu/events, and social links.",Food & Drink,business,pending_review,geocode_before_public_pin;source_url_and_address_manual_confirmation_required,art bar|1211 park street|columbia|sc,41.csv
Market on Main,1320 Main St. #150,Columbia,SC,29201,USA,food,restaurant/bar,gourmet Americana; brunch; cocktails; live music; indoor/outdoor dining; catering; events,"Gourmet Americana restaurant on Main Street with bar, live music, indoor/outdoor seating, specialty retail items, takeout, reservations, and catering.",https://www.marketonmain.com/,https://www.instagram.com/marketonmaincolasc/?hl=en,https://www.facebook.com/p/Market-on-Main-61556264750067/,https://www.tiktok.com/@mainstm.o.m,https://www.marketonmain.com/,Market on Main official website,,,"Official site lists address, current hours, menu, dining and event services.",Food & Drink,business,pending_review,geocode_before_public_pin;source_url_and_address_manual_confirmation_required,market on main|1320 main st 150|columbia|sc,41.csv
The Golden Spur,700 Lincoln Street,Columbia,SC,29201,USA,food,restaurant,restaurant; gourmet cuisine; appetizers; entrees; cocktails; beer; wine; event space,"Official University of South Carolina restaurant offering handcrafted food, drinks, campus-community dining, reservations, and event space.",https://www.goldenspurgrill.com/,https://www.instagram.com/goldenspurgrill,https://www.facebook.com/goldenspurgrill,,https://www.goldenspurgrill.com/,The Golden Spur official website,,,Official site explicitly lists Columbia address and active daily hours.,Food & Drink,business,pending_review,geocode_before_public_pin;source_url_and_address_manual_confirmation_required,the golden spur|700 lincoln street|columbia|sc,41.csv
The Hollow,823 Gervais Street,Columbia,SC,29201,USA,food,restaurant/private dining,wild game; elk; duck; cocktails; dinner; lunch; private dining; reservations,"Locally inspired restaurant in downtown Columbia featuring exotic offerings, hand-shaken cocktails, reservations, and private dining for celebrations.",https://thehollowsc.com/,,https://www.facebook.com/p/The-Hollow-Restaurant-61552666811978/,,https://thehollowsc.com/,The Hollow official website,,,"Official site lists active location, hours, menu highlights, and private dining.",Food & Drink,business,pending_review,geocode_before_public_pin;source_url_and_address_manual_confirmation_required,the hollow|823 gervais street|columbia|sc,41.csv
CAN Community Health,1911 Hampton St.,Columbia,SC,29201,USA,health,sexual health/HIV clinic,STD testing; STD treatment; PrEP; nPEP; HIV care; hepatitis C; behavioral health; dental; pharmacy; transportation; mobile outreach,"Community health clinic offering sexual-health testing and treatment, HIV and hepatitis care, PrEP/nPEP, behavioral health, dental, pharmacy, transportation, and outreach.",https://www.cancommunityhealth.org/south-carolina/,,https://www.facebook.com/profile.php?id=61575794212805,,https://www.cancommunityhealth.org/south-carolina/,CAN Community Health South Carolina official page,,,"Official page lists Columbia address, hours, active appointment options, and services.",Health & Wellness,regulated_review,needs_research,geocode_before_public_pin;regulated_or_age_governed_service_review_required;source_url_and_address_manual_confirmation_required,can community health|1911 hampton st|columbia|sc,41.csv
The Free Medical Clinic,1875 Harden Street,Columbia,SC,29204,USA,health,free medical clinic,free healthcare; uninsured care; medical checkups; specialized treatments; patient enrollment,"Community clinic providing quality healthcare at no cost to uninsured residents who cannot pay, including routine checkups and specialized treatments.",https://www.freemedclinic.org/,http://www.instagram.com/freemedclinicmidlands,http://www.facebook.com/TheFreeMedicalClinic,,https://www.freemedclinic.org/,The Free Medical Clinic official website,,,"Official site lists mission, active hours, Columbia address, and patient services.",Health & Wellness,regulated_review,needs_research,geocode_before_public_pin;regulated_or_age_governed_service_review_required;source_url_and_address_manual_confirmation_required,the free medical clinic|1875 harden street|columbia|sc,41.csv
"Mid-State Heating and Air, LLC",6807 Monticello Rd.,Columbia,SC,,USA,home trades,HVAC contractor,24/7 emergency HVAC repair; residential HVAC; commercial HVAC; installation; maintenance; Daikin; ductless; indoor air quality,"Family-owned HVAC company serving Columbia and the Midlands since 2009 with emergency repair, installation, maintenance, commercial/residential service, and indoor-air-quality solutions.",https://midstateheating.com/,,https://www.facebook.com/midstateheating/,,https://midstateheating.com/,Mid-State Heating and Air official website,family-owned,https://midstateheating.com/,Official site explicitly states family-owned and provides Columbia contact address.,Home & Property Services,regulated_review,needs_research,geocode_before_public_pin;ownership_evidence_manual_confirmation_required;regulated_or_age_governed_service_review_required;source_url_and_address_manual_confirmation_required,mid state heating and air llc|6807 monticello rd|columbia|sc,41.csv
DSB Law Firm,1913 Bull Street,Columbia,SC,29201,USA,law,personal injury/criminal defense,car accidents; truck accidents; personal injury; premises liability; workers compensation; dog bites; criminal defense; free consultation,"Columbia law firm serving South Carolinians with personal injury, accident, workers compensation, premises liability, and criminal defense representation.",https://dsblawfirm.com/columbia-office/,https://www.instagram.com/dsblawfirmsc/,https://www.facebook.com/daysonshalabilawfirm,,https://dsblawfirm.com/columbia-office/,Dayson Shalabi Burkett Law Firm official Columbia office page,,,"Official office page lists address, services, consultation, and social links.",Legal & Government Services,regulated_review,needs_research,geocode_before_public_pin;regulated_or_age_governed_service_review_required;source_url_and_address_manual_confirmation_required,dsb law firm|1913 bull street|columbia|sc,41.csv
M Boutique Style,702 Cross Hill Rd. Suite 400A,Columbia,SC,29205,USA,retail,women’s fashion boutique,women’s clothing; boutique fashion; in-store shopping,Columbia fashion boutique with published storefront hours and in-person retail shopping.,https://mboutiquestyle.com/,https://www.instagram.com/mboutique/?hl=en,,,https://mboutiquestyle.com/,M Boutique Style official website,,,Official site lists Columbia storefront address and current hours; product detail is limited.,Shopping & Retail,business,pending_review,geocode_before_public_pin;source_url_and_address_manual_confirmation_required,m boutique style|702 cross hill rd suite 400a|columbia|sc,41.csv
"Travel Unlimited, Inc.","100 Ashland Park Lane, Suite F",Columbia,SC,29210,USA,travel,travel agency,domestic air; international air; hotels; rental cars; escorted tours; independent tours; river cruises; ocean cruises; destination weddings,"Locally owned full-service travel agency established in 1990, arranging air travel, lodging, car rentals, tours, cruises, destination weddings, and honeymoons.",https://www.travelunlimitedsc.com/,,https://www.facebook.com/travelunlimitedsc/,,https://www.travelunlimitedsc.com/,Travel Unlimited official website,locally owned and operated,https://www.travelunlimitedsc.com/,Official site explicitly states locally owned and operated and lists Columbia address/services.,Travel & Hospitality,business,needs_research,geocode_before_public_pin;ownership_evidence_manual_confirmation_required;source_url_and_address_manual_confirmation_required,travel unlimited inc|100 ashland park lane suite f|columbia|sc,41.csv
D.E. Academy,1639 Madison Ave,Memphis,TN,38104,United States,childcare,early education; daycare,infant care; toddler care; preschool; pre-K; school-age care; late-night childcare; extended hours,"Midtown Memphis childcare and early-education center for infants through school-age children, with structured learning and late-night care.",https://www.destinationeducationlc.com/,https://www.instagram.com/destinationeducationlearning/,https://www.facebook.com/DELearningCenter/,,https://www.destinationeducationlc.com/,Destination Education official website,,,Official site lists this distinct Midtown address and programs.,Children & Family,regulated_review,needs_research,geocode_before_public_pin;regulated_or_age_governed_service_review_required;source_url_and_address_manual_confirmation_required,d e academy|1639 madison ave|memphis|tn,13.csv
Destination Education Learning Center,4744 Riverdale Rd,Memphis,TN,38141,United States,childcare,early education; daycare,infant care; toddler care; preschool; pre-K; school-age care; extended hours; childcare vouchers,"East Memphis childcare center serving infants through school-age children with research-based curriculum, family-centered care, and extended hours.",https://www.destinationeducationlc.com/,https://www.instagram.com/destinationeducationlearning/,https://www.facebook.com/DELearningCenter/,,https://www.destinationeducationlc.com/,Destination Education official website,,,"Official site lists address, programs, hours claims, social links, and founder Jacolbie Hardy; no ownership inferred.",Children & Family,regulated_review,needs_research,geocode_before_public_pin;regulated_or_age_governed_service_review_required;source_url_and_address_manual_confirmation_required,destination education learning center|4744 riverdale rd|memphis|tn,13.csv
RBG Wealth Advisors,"5100 Wheelis Drive, Suite 211",Memphis,TN,38117,United States,finance,wealth management; financial planning,fee-only fiduciary; financial planning; investment management; tax planning; estate planning; retirement planning; risk management; family office,"Locally owned, independent, fee-only registered investment advisory firm serving Memphis families and entrepreneurs with wealth, financial, tax, estate, retirement, and risk planning.",https://rbgwa.com/,,https://www.facebook.com/RBGWealthAdvisorsLLC/,,https://rbgwa.com/,RBG Wealth Advisors official website,Locally owned; independent; fee-only RIA,https://rbgwa.com/,Official site explicitly states locally owned and independent; SEC registration disclaimer appears on site.,Financial & Business Services,regulated_review,needs_research,geocode_before_public_pin;ownership_evidence_manual_confirmation_required;regulated_or_age_governed_service_review_required;source_url_and_address_manual_confirmation_required,rbg wealth advisors|5100 wheelis drive suite 211|memphis|tn,13.csv
Tennessee Small Business Development Center - Memphis,"8800 East Shelby Drive, Maxine A. Smith Center, Suite 112",Memphis,TN,38125,United States,finance,small-business support; consulting,small business consulting; business plans; financial planning; marketing; sources of capital; government contracting; international trade; training,"Memphis TSBDC office offering one-on-one counseling, training, business-plan and financial-planning assistance, capital guidance, marketing, and growth support.",https://tsbdc.org/center/memphis/,,https://www.facebook.com/SWTCCTSBDC/,,https://tsbdc.org/center/memphis/,Tennessee Small Business Development Center official website,,,Official page lists main office address and services; satellite location is noted as temporarily closed and excluded.,Financial & Business Services,regulated_review,needs_research,geocode_before_public_pin;regulated_or_age_governed_service_review_required;source_url_and_address_manual_confirmation_required,tennessee small business development center memphis|8800 east shelby drive maxine a smith center suite 112|memphis|tn,13.csv
B.B. King's Blues Club Memphis,143 Beale Street,Memphis,TN,38103,United States,nightlife,blues club; restaurant; live music,Southern comfort food; barbecue; ribs; shrimp and grits; cocktails; blues; soul; rock and roll; dancing; private events,"Memphis blues club and restaurant serving Southern comfort food and drinks with nightly live music, dancing, and private events.",https://www.bbkings.com/memphis,https://www.instagram.com/bbkingsmemphis/,https://www.facebook.com/bbkingsmemphis/,,https://www.bbkings.com/memphis,B.B. King’s Blues Club official website,,,"Official site lists Memphis address, hours, food, music, events, and social links.",Food & Drink,business,pending_review,geocode_before_public_pin;source_url_and_address_manual_confirmation_required,b b king s blues club memphis|143 beale street|memphis|tn,13.csv
Char Restaurant,"431 S. Highland St, #120",Memphis,TN,38111,United States,food,restaurant,fine dining; Southern food; private dining; catering; live piano music,"Fine-dining restaurant offering Southern food, private dining, catering, pickup/delivery, and nightly live piano.",https://memphis.charrestaurant.com/,https://instagram.com/char_restaurant,https://www.facebook.com/charmemphis/,,https://memphis.charrestaurant.com/,Char Restaurant official website,Employee-owned company,https://memphis.charrestaurant.com/,"Official site lists address, hours, services, and states 4Top Hospitality is employee-owned.",Food & Drink,business,needs_research,geocode_before_public_pin;ownership_evidence_manual_confirmation_required;source_url_and_address_manual_confirmation_required,char restaurant|431 s highland st 120|memphis|tn,13.csv
Mahogany River Terrace,280 Island Drive,Memphis,TN,38103,United States,food,restaurant; entertainment,upscale Southern cuisine; Creole; brunch; lunch; dinner; live music; catering; private events,"Riverfront restaurant blending upscale Southern cuisine with Creole flair; offers brunch, lunch, dinner, live music, catering, and private events.",https://mahoganyriverterrace.com/,,,,https://mahoganyriverterrace.com/,Mahogany River Terrace official website,,,"Official site lists Memphis address, menus, hours, music, catering, and events.",Food & Drink,business,pending_review,geocode_before_public_pin;source_url_and_address_manual_confirmation_required,mahogany river terrace|280 island drive|memphis|tn,13.csv
Prive,6980 Winchester Rd,Memphis,TN,38115,United States,food,restaurant; nightlife,fine dining; appetizers; entrees; lobster; cocktails; desserts; drinks; family-owned restaurant,"Family-owned fine-dining restaurant serving freshly prepared meals, entrees, lobster, cocktails, desserts, and drinks.",https://www.priveofmemphis.com/,,,,https://www.priveofmemphis.com/,Prive official website,Family-owned,https://www.priveofmemphis.com/,Ownership is explicitly self-stated on official site.,Food & Drink,business,needs_research,geocode_before_public_pin;ownership_evidence_manual_confirmation_required;source_url_and_address_manual_confirmation_required,prive|6980 winchester rd|memphis|tn,13.csv
Tin Roof Memphis,315 Beale St,Memphis,TN,38103,United States,nightlife,live music; bar; restaurant,live music; DJs; dance; bar; cocktails; wings; chicken tenders; burgers; group parties; events,"Beale Street live-music bar and restaurant with bands, DJs, multiple bars, food, group bookings, and late-night hours.",https://tinroofmemphis.com/,,,,https://tinroofmemphis.com/,Tin Roof Memphis official website,,,"Official site lists address, hours, live music, food, events, and group booking.",Food & Drink,business,pending_review,geocode_before_public_pin;source_url_and_address_manual_confirmation_required,tin roof memphis|315 beale st|memphis|tn,13.csv
Memphis Children's Clinic,"2725 Kirby Road, Suite #1",Memphis,TN,38119,United States,health,pediatrics,pediatric care; well-child exams; immunizations; sick kids; after-hours care; interpreter services,"Pediatric clinic providing compassionate care from infancy through adolescence, including well-child exams, immunizations, sick-child and after-hours care.",https://memphischildrensclinic.com/,,,,https://memphischildrensclinic.com/,Memphis Children’s Clinic official website,,,"Official site lists Memphis Kirby/Hickory Hill location and services; clinic also lists other cities, but this record is Memphis-only.",Health & Wellness,regulated_review,needs_research,geocode_before_public_pin;regulated_or_age_governed_service_review_required;source_url_and_address_manual_confirmation_required,memphis children s clinic|2725 kirby road suite 1|memphis|tn,13.csv
"Choate’s Air Conditioning, Heating, Plumbing & Electrical",2526 Sam Cooper Blvd.,Memphis,TN,38112,United States,home trades,HVAC; plumbing; electrical,air conditioning; heating; HVAC installation; HVAC repair; plumbing; electrical; generators; indoor air quality; commercial services,"Family-owned Mid-South home-services company serving Memphis with residential and commercial HVAC, plumbing, electrical, generator, and indoor-air-quality services.",https://choateshvac.com/,,https://www.facebook.com/choateshvac/,,https://choateshvac.com/,Choate’s official website,Independent; family-owned,https://choateshvac.com/,Official site states independent and family owned since 1958 and lists Memphis showroom address.,Home & Property Services,regulated_review,needs_research,geocode_before_public_pin;ownership_evidence_manual_confirmation_required;regulated_or_age_governed_service_review_required;source_url_and_address_manual_confirmation_required,choate s air conditioning heating plumbing electrical|2526 sam cooper blvd|memphis|tn,13.csv
Baker Donelson Memphis,"165 Madison Avenue, Suite 2000",Memphis,TN,38103,United States,law,law firm; business litigation,business litigation; financial services; banking; securities; health care; corporate legal services; tax; estate planning; real estate; intellectual property,"Memphis law office providing business, financial services, banking, securities, health care, corporate, tax, estate-planning, real-estate, and intellectual-property legal services.",https://www.bakerdonelson.com/memphis,,,,https://www.bakerdonelson.com/memphis,Baker Donelson official website,,,Official office page lists address and Memphis practice strengths.,Legal & Government Services,regulated_review,needs_research,geocode_before_public_pin;regulated_or_age_governed_service_review_required;source_url_and_address_manual_confirmation_required,baker donelson memphis|165 madison avenue suite 2000|memphis|tn,13.csv
Novel,387 Perkins Ext.,Memphis,TN,38117,United States,retail,bookstore,books; audiobooks; gifts; local books; author events; educator services; partner services; story time,"Independent bookstore offering books, audiobooks, gifts, local books, author events, story time, educator services, and partner services.",https://novelmemphis.com/,https://www.instagram.com/novelmemphis,https://www.facebook.com/novelmemphis,,https://novelmemphis.com/,Novel official website,,,"Official site lists physical store address, hours, services, events, and social links.",Shopping & Retail,business,pending_review,geocode_before_public_pin;source_url_and_address_manual_confirmation_required,novel|387 perkins ext|memphis|tn,13.csv
Memphis Tourism,47 Union Avenue,Memphis,TN,38103,United States,travel,destination marketing; visitor information,Memphis vacation planning; visitor guide; attractions; events; music; nightlife; dining; itinerary ideas,"Official destination marketing organization providing Memphis visitor information, trip ideas, events, attractions, dining, music, nightlife, and free tourist guides.",https://www.memphistravel.com/,,,,https://www.memphistravel.com/,Memphis Tourism official website,,,Official site self-identifies as the official destination marketing organization and lists address.,Travel & Hospitality,business,pending_review,geocode_before_public_pin;source_url_and_address_manual_confirmation_required,memphis tourism|47 union avenue|memphis|tn,13.csv
Unique Kids Childcare,1828 Old Murfreesboro Pike,Nashville,TN,37217,USA,childcare,preschool and child care center,infant care; toddler care; preschool; pre-K; STEAM; meals; yoga; music; sign language,"Nashville preschool and child-care center serving infants through pre-K with early learning, meals, enrichment, safety measures, and parent communication tools.",https://uniquekidscc.org/,,,,https://uniquekidscc.org/,Unique Kids Childcare,,,"Official site lists Nashville address, active hours, programs, and Tennessee 3-Star rating.",Children & Family,regulated_review,needs_research,geocode_before_public_pin;regulated_or_age_governed_service_review_required;source_url_and_address_manual_confirmation_required,unique kids childcare|1828 old murfreesboro pike|nashville|tn,12.csv
Nashville Live!,128 2nd Ave N,Nashville,TN,37201,USA,nightlife,dining entertainment and live events,live performances; nightlife; dining; sports watch parties; festivals; VIP tables; private events,"Downtown Nashville dining and entertainment destination offering live performances, nightlife, sports watch parties, festivals, multiple venues, and private events.",https://nashvillelivedowntown.com/,https://www.instagram.com/nashvillelivedowntown/,https://www.facebook.com/nashvillelivedowntown,,https://nashvillelivedowntown.com/,Nashville Live!,,,"Official site identifies 128 2nd Ave N in its current social content and describes active events, dining, nightlife, and event services.",Food & Drink,business,pending_review,geocode_before_public_pin;source_url_and_address_manual_confirmation_required,nashville live|128 2nd ave n|nashville|tn,12.csv
The Store,2303 Patterson Street,Nashville,TN,37203,USA,food,free grocery support,free groceries; fresh food; hunger relief; grocery shopping; volunteer; food insecurity support,Nashville nonprofit free-grocery model providing fresh food and support services to neighbors facing hunger; visitors shop with dignity during listed hours.,https://thestore.org/,https://www.instagram.com/thestore_nashville/,https://www.facebook.com/TheStoreNashville/,,https://thestore.org/,The Store,,,"Official site lists Centennial location, shopping hours, free grocery model, and hunger-relief mission; 12 South location also listed.",Food & Drink,business,pending_review,geocode_before_public_pin;source_url_and_address_manual_confirmation_required,the store|2303 patterson street|nashville|tn,12.csv
The Bookshop,1043 W Eastland Ave,Nashville,TN,37206,USA,retail,bookstore,independent bookstore; books; shipping; book clubs; events; gift cards,"East Nashville independent bookstore with in-store and online sales, book clubs, events, and recurring community nonprofit fundraisers.",,https://www.instagram.com/thebookshopnashville/,,,https://www.instagram.com/thebookshopnashville/,The Bookshop (official Instagram),woman-owned,https://www.instagram.com/thebookshopnashville/,Official Instagram profile self-describes as woman-owned; official post identifies 1043 W Eastland Ave and monthly 10% nonprofit donation program.,Shopping & Retail,business,needs_research,geocode_before_public_pin;ownership_evidence_manual_confirmation_required;source_url_and_address_manual_confirmation_required,the bookshop|1043 w eastland ave|nashville|tn,12.csv
Querisma Beauty Studio,5203 Alpha Rd Suite 39,Dallas,TX,75240,USA,beauty,natural hair,curly cuts; custom color; highlights; silk presses; keratin treatments; textured hair care,"Dallas natural and curly-hair salon specializing in cuts, color, silk presses and textured-hair education.",https://www.querismabeautystudio.com/,,,,https://www.querismabeautystudio.com/,Querisma Beauty Studio,,,Official FAQ provides exact suite address and services.,Beauty & Personal Care,business,pending_review,geocode_before_public_pin;source_url_and_address_manual_confirmation_required,querisma beauty studio|5203 alpha rd suite 39|dallas|tx,20.csv
The Braiding Bar,5747 Samuell Blvd,Dallas,TX,,USA,beauty,braids,bohemian braids; box braids; knotless braids; stitch braids; locs,"Dallas braiding studio offering multiple protective-style and loc services, open daily.",https://thebraidingbar.net/,https://www.instagram.com/the.braiding.bar,https://www.facebook.com/profile.php?id=100056645288525,,https://thebraidingbar.net/,The Braiding Bar,,,Postal code not stated on official site.,Beauty & Personal Care,business,pending_review,geocode_before_public_pin;source_url_and_address_manual_confirmation_required,the braiding bar|5747 samuell blvd|dallas|tx,20.csv
ChildCareGroup,3000 Pegasus Park Drive Suite 800,Dallas,TX,75247,USA,childcare,early childhood education,Head Start; center-based child care; home visiting; child care scholarships; family resources; Help Me Grow,"Dallas nonprofit serving children and parents through early education, child care, Head Start, home-based programs and family resources.",https://childcaregroup.org/,https://www.instagram.com/childcaregroup/,https://www.facebook.com/ChildCareGroup,,https://childcaregroup.org/,ChildCareGroup,,,Official site states established 1901 and Dallas headquarters; regulated childcare program information is self-described.,Children & Family,regulated_review,needs_research,geocode_before_public_pin;regulated_or_age_governed_service_review_required;source_url_and_address_manual_confirmation_required,childcaregroup|3000 pegasus park drive suite 800|dallas|tx,20.csv
Kuluntu Bakery,900 E Clarendon Dr #165,Dallas,TX,75203,USA,food,bakery,sourdough bread; pastries; baking workshops; community events,"Non-profit bakery building community through baking and breaking bread, with food-system and entrepreneurship initiatives; open Thursday-Sunday.",https://kuluntubakery.org/,,,,https://kuluntubakery.org/,Kuluntu Bakery,,,Official site lists Dallas storefront and nonprofit mission.,Food & Drink,business,pending_review,geocode_before_public_pin;source_url_and_address_manual_confirmation_required,kuluntu bakery|900 e clarendon dr 165|dallas|tx,20.csv
The Balcony Club,1825 Abrams Road,Dallas,TX,75214,USA,nightlife,jazz and live music club,live jazz; blues; classic rock; R&B; live music; events; drinks,"21+ Dallas live-music club presenting jazz, blues, classic rock and R&B seven nights a week.",https://www.balconyclub.com/livemusic,https://www.instagram.com/balconyclub,https://www.facebook.com/balconyclubdfw,,https://www.balconyclub.com/livemusic,The Balcony Club,,,"Official events page lists exact Dallas address, hours, age limit and recurring shows.",Food & Drink,business,pending_review,geocode_before_public_pin;source_url_and_address_manual_confirmation_required,the balcony club|1825 abrams road|dallas|tx,20.csv
LBU Community Clinic,809 Singleton Blvd,Dallas,TX,75212,USA,health,community clinic,primary care; prenatal care; vaccines; school physicals; flu shots; affordable healthcare,Nonprofit community health center offering accessible primary care and family health services; official site lists Dallas locations and services.,https://lbucommunityclinic.org/,,,,https://lbucommunityclinic.org/,LBU Community Clinic,,,Official site lists 809 Singleton Dallas location and services; use current appointment information before visiting.,Health & Wellness,regulated_review,needs_research,geocode_before_public_pin;regulated_or_age_governed_service_review_required;source_url_and_address_manual_confirmation_required,lbu community clinic|809 singleton blvd|dallas|tx,20.csv
Baker Brothers Plumbing Air & Electric,2615 Big Town Blvd,Dallas,TX,75150,USA,home trades,plumbing HVAC electrical,AC repair; heating; HVAC installation; plumbing repairs; water heaters; drain and sewer; electrical; generators; water filtration,"Family-operated DFW contractor serving Dallas since 1945 with plumbing, HVAC, electrical, water-heater, drain and sewer services.",https://bakerbrothersplumbing.com/,https://www.facebook.com/BakerBrothersPlumbing,,,https://bakerbrothersplumbing.com/,Baker Brothers Plumbing Air & Electric,,,"Official site lists Dallas location, service categories, licenses and DFW service area.",Home & Property Services,regulated_review,needs_research,geocode_before_public_pin;regulated_or_age_governed_service_review_required;source_url_and_address_manual_confirmation_required,baker brothers plumbing air electric|2615 big town blvd|dallas|tx,20.csv
White & Wiggins LLP,1700 Pacific Avenue,Dallas,TX,75201,USA,law,multidisciplinary law firm,business law; litigation; government entities; corporate counsel; international and multidisciplinary legal advice,"Boutique multidisciplinary Dallas law firm serving individuals, government entities and major companies with courtroom and boardroom counsel.",https://whitewiggins.com/,,,,https://whitewiggins.com/,White & Wiggins LLP,minority-owned,https://whitewiggins.com/,Ownership designation is explicitly self-stated on official site as oldest minority-owned law firm in Texas.,Legal & Government Services,regulated_review,needs_research,geocode_before_public_pin;ownership_evidence_manual_confirmation_required;regulated_or_age_governed_service_review_required;source_url_and_address_manual_confirmation_required,white wiggins llp|1700 pacific avenue|dallas|tx,20.csv
Interabang Books,5600 W Lovers Ln Ste 142,Dallas,TX,75209,USA,retail,bookstore,books; audiobooks; children’s subscriptions; young adult subscriptions; mystery subscriptions; gift certificates; author events,"Independent Dallas bookstore offering books, audiobooks, subscriptions, gift certificates, book clubs and in-store events.",https://interabangbooks.com/,https://www.instagram.com/interabangbooks,https://www.facebook.com/interabangbooks,https://www.tiktok.com/@interabangbooks,https://interabangbooks.com/,Interabang Books,,,"Official site lists exact Dallas store address, hours, services and events.",Shopping & Retail,business,pending_review,geocode_before_public_pin;source_url_and_address_manual_confirmation_required,interabang books|5600 w lovers ln ste 142|dallas|tx,20.csv
Keepsake,2821 N Henderson Ave,Dallas,TX,75206,USA,retail,women's clothing boutique,women's clothing; dresses; tops; sets; accessories; shoes; gifts; new arrivals,"Dallas boutique carrying women’s clothing, dresses, sets, accessories, shoes and gifts with an in-person store.",https://shopatkeepsake.com/,https://www.instagram.com/shopatkeepsake,https://www.facebook.com/shopatkeepsake,https://www.tiktok.com/@shopatkeepsake,https://shopatkeepsake.com/,Keepsake,,,"Official site lists current Dallas storefront, hours and product categories.",Shopping & Retail,business,pending_review,geocode_before_public_pin;source_url_and_address_manual_confirmation_required,keepsake|2821 n henderson ave|dallas|tx,20.csv
Visit Dallas,1807 Ross Avenue Suite 450,Dallas,TX,75201,USA,travel,visitor information,official visitor guide; attractions; food and drink; nightlife; events; neighborhoods; trip planning,"Official Dallas tourism organization providing visitor guides, trip planning, event, attraction, dining and nightlife discovery.",https://www.visitdallas.com/,https://www.instagram.com/visit_dallas/,https://www.facebook.com/visitdallas,https://www.tiktok.com/@visitdallas,https://www.visitdallas.com/,Visit Dallas,,,Official site lists corporate office and visitor services.,Travel & Hospitality,business,pending_review,geocode_before_public_pin;source_url_and_address_manual_confirmation_required,visit dallas|1807 ross avenue suite 450|dallas|tx,20.csv
Armed Services YMCA El Paso Child Development Center,7061 Comington Street,El Paso,TX,79930,USA,childcare,child development center,state-licensed childcare; preschool; early education; military child care,"State-licensed, Texas Rising 4 Star-accredited, low-cost childcare and preschool program serving military children.",https://elpaso.asymca.org/services/child-care/,https://www.instagram.com/asymcaelpaso/,https://www.facebook.com/asymcaelpaso,,https://elpaso.asymca.org/services/child-care/,Armed Services YMCA El Paso official website,nonprofit organization,https://elpaso.asymca.org/services/child-care/,Official page identifies the organization as a non-federal entity; childcare page states state-licensed.,Children & Family,regulated_review,needs_research,geocode_before_public_pin;ownership_evidence_manual_confirmation_required;regulated_or_age_governed_service_review_required;source_url_and_address_manual_confirmation_required,armed services ymca el paso child development center|7061 comington street|el paso|tx,55.csv
PecuSavvy Financial,1214 Montana Ave,El Paso,TX,79902,USA,finance,financial planning and wealth management,investment management; retirement planning; wealth management; business planning; estate planning; tax planning; cash flow planning; risk management,"El Paso financial planning and wealth management firm offering fiduciary planning for business owners, professionals, retirees, families, and busy professionals.",https://pecusavvyfinancial.com/,https://www.instagram.com/pecusavvyfinancial/,https://www.facebook.com/PecuSavvyFinancial,,https://pecusavvyfinancial.com/,PecuSavvy Financial official website,registered investment advisory firm; fiduciary,https://pecusavvyfinancial.com/,Credentials and fiduciary designation are stated on the official site; no inferred demographic ownership.,Financial & Business Services,regulated_review,needs_research,geocode_before_public_pin;ownership_evidence_manual_confirmation_required;regulated_or_age_governed_service_review_required;source_url_and_address_manual_confirmation_required,pecusavvy financial|1214 montana ave|el paso|tx,55.csv
L & J Cafe,3622 East Missouri Avenue,El Paso,TX,79903,USA,food,Mexican restaurant,authentic Mexican food; dine-in; reservations; catering; private parties,"Historic El Paso restaurant serving authentic Mexican food, drinks, reservations, catering, and event hosting; the site says a fourth generation continues the family tradition.",https://ljcafe.com/,https://www.instagram.com/ljcafe,https://www.facebook.com/58465406012,,https://ljcafe.com/,L & J Cafe official website,family-owned; fourth generation,https://ljcafe.com/,Ownership wording is taken from the official Our Story text.,Food & Drink,business,needs_research,geocode_before_public_pin;ownership_evidence_manual_confirmation_required;source_url_and_address_manual_confirmation_required,l j cafe|3622 east missouri avenue|el paso|tx,55.csv
Touch Bar El Paso,11395 James Watt Drive,El Paso,TX,79936,USA,nightlife,nightclub and drag venue,drag shows; cocktails; dinner; nightclub; events; LGBTQ+ welcoming nightlife,"El Paso nightclub presenting drag shows, cocktails, events, and an explicitly welcoming environment for every gender, race, and orientation.",https://www.touchbarelpaso.com/,https://instagram.com/touch_bar_elpaso/?hl=en,https://facebook.com/touchbarelpaso,,https://www.touchbarelpaso.com/,Touch Bar El Paso official website,,,Official site provides hours and physical address.,Food & Drink,business,pending_review,geocode_before_public_pin;source_url_and_address_manual_confirmation_required,touch bar el paso|11395 james watt drive|el paso|tx,55.csv
El Paso Health,1145 Westmoreland Drive,El Paso,TX,79925,USA,health,local nonprofit health plan,Medicaid; CHIP; STAR; STAR+PLUS; Medicare Advantage; transportation; vision; dental; autism ABA,"Local nonprofit health plan serving El Paso and Hudspeth counties, with coverage assistance and member benefits including transportation, vision, and dental.",https://www.elpasohealth.com/,https://www.instagram.com/elpasohealth/,https://www.facebook.com/ElPasoHealthPlans/,,https://www.elpasohealth.com/,El Paso Health official website,local nonprofit health plan,https://www.elpasohealth.com/,"Health-plan organization, not a direct clinical provider.",Health & Wellness,regulated_review,needs_research,geocode_before_public_pin;ownership_evidence_manual_confirmation_required;regulated_or_age_governed_service_review_required;source_url_and_address_manual_confirmation_required,el paso health|1145 westmoreland drive|el paso|tx,55.csv
Kemp Smith LLP,"221 N. Kansas, Suite 1700",El Paso,TX,79901,USA,law,full-service law firm,litigation; banking; bankruptcy; corporate; environmental; health care; labor and employment; real estate; tax; trusts and estates; intellectual property,"El Paso-based law firm providing legal services across Texas and the Southwest, with practices spanning litigation, corporate, public law, health, tax, real estate, and more.",https://www.kempsmith.com/,,https://www.facebook.com/kempsmithelpaso/,,https://www.kempsmith.com/,Kemp Smith LLP official website,El Paso-based firm,https://www.kempsmith.com/,Official site states it is El Paso-based and lists the principal office.,Legal & Government Services,regulated_review,needs_research,geocode_before_public_pin;ownership_evidence_manual_confirmation_required;regulated_or_age_governed_service_review_required;source_url_and_address_manual_confirmation_required,kemp smith llp|221 n kansas suite 1700|el paso|tx,55.csv
Labinoti Law,707 Myrtle Avenue,El Paso,TX,79901,USA,law,personal injury law firm,18-wheeler accidents; car accidents; motorcycle accidents; oilfield injuries; workplace injury; slip and fall; construction injury; rideshare accidents,Personal injury law firm with a downtown El Paso office representing clients in Texas and New Mexico on negligence and catastrophic injury matters.,https://www.labinotilaw.com/,https://www.instagram.com/labinotilaw/,https://www.facebook.com/labinotilawfirm,https://www.tiktok.com/@labinotilaw,https://www.labinotilaw.com/,Labinoti Law official website,,,"Official site also lists a second El Paso office at 6350 Escondido Dr, Ste. A15, 79912.",Legal & Government Services,regulated_review,needs_research,geocode_before_public_pin;regulated_or_age_governed_service_review_required;source_url_and_address_manual_confirmation_required,labinoti law|707 myrtle avenue|el paso|tx,55.csv
GAL Fashion,5860 N Mesa,El Paso,TX,79912,USA,retail,women’s clothing boutique,women’s clothing; designer clothing; jewelry; accessories; personal styling; online shop,"El Paso boutique curating contemporary and designer clothing, jewelry, and accessories with in-store stylists and online shopping.",https://www.galfashion.com/,https://www.instagram.com/galfashion/,https://www.facebook.com/galfashion,,https://www.galfashion.com/,GAL Fashion official website,,,Official site names founder and expert stylist Gesuina Dettori but does not explicitly state ownership designation.,Shopping & Retail,business,pending_review,geocode_before_public_pin;source_url_and_address_manual_confirmation_required,gal fashion|5860 n mesa|el paso|tx,55.csv
Savers Thrift Store – El Paso,1700 North Zaragoza Road,El Paso,TX,79936,USA,retail,thrift and reuse store,secondhand clothing; housewares; books; electronics; donations; reuse; nonprofit fundraising,"Secondhand retail and donation center offering clothing, housewares, books, electronics, and other reusable goods while paying a local nonprofit partner for donated items.",https://stores.savers.com/tx/elpaso/savers-thrift-store-1070.html,https://www.instagram.com/savers_thrift/,https://www.facebook.com/savers,,https://stores.savers.com/tx/elpaso/savers-thrift-store-1070.html,Savers official store page,for-profit company,https://stores.savers.com/tx/elpaso/savers-thrift-store-1070.html,Official page explicitly says for-profit company and identifies Candlelighters West Texas and Southern New Mexico as nonprofit partner.,Shopping & Retail,business,needs_research,geocode_before_public_pin;ownership_evidence_manual_confirmation_required;source_url_and_address_manual_confirmation_required,savers thrift store el paso|1700 north zaragoza road|el paso|tx,55.csv
ABC Travel,3400 Montana Ave,El Paso,TX,79903,USA,travel,travel agency and tours,tailor-made trips; tours; travel advising; Egypt tours; Dubai tours; Peru tours; Mexico tours,"El Paso travel agency offering tailor-made trips, destination tours, travel advising, and itinerary planning.",https://www.abctravelep.com/?lang=en,http://instagram.com/abctravelep,http://www.facebook.com/abctravelep,,https://www.abctravelep.com/?lang=en,ABC Travel official website,,,"Official site states “ABC Travel, your El Paso travel agency!” and lists the physical address.",Travel & Hospitality,business,pending_review,geocode_before_public_pin;source_url_and_address_manual_confirmation_required,abc travel|3400 montana ave|el paso|tx,55.csv
Sun Travel,"5860 N. Mesa, Ste. 107",El Paso,TX,79912,USA,travel,luxury and corporate travel agency,bespoke vacations; cruises; corporate travel; travel advising; custom itineraries; travel support,"Travel agency with El Paso offices offering personalized luxury vacations, cruises, corporate travel, custom itineraries, and travel support.",https://www.suntravelcruises.com/,https://www.instagram.com/sun_travel_el_paso/,https://www.facebook.com/Sun.Travel.ElPaso/,,https://www.suntravelcruises.com/,Sun Travel official website,,,"Official site also lists an Eastside office at 1718 N. Zaragoza Rd, Ste. B1, 79936.",Travel & Hospitality,business,pending_review,geocode_before_public_pin;source_url_and_address_manual_confirmation_required,sun travel|5860 n mesa ste 107|el paso|tx,55.csv
Grace & Glam Hair Braiding,5602 Telephone Road,Houston,TX,77087,USA,beauty,African hair braiding,"African hair braiding, protective styles, natural looks, knotless braids",Houston salon providing African hair styling and braiding services with natural products and appointment booking.,https://www.graceglamhairbraiding.com/,https://www.instagram.com/graceglam_hairbraiding/,,,https://www.graceglamhairbraiding.com/,Grace & Glam official website,,,Official site lists Houston address and braiding services.,Beauty & Personal Care,business,pending_review,geocode_before_public_pin;source_url_and_address_manual_confirmation_required,grace glam hair braiding|5602 telephone road|houston|tx,07.csv
WOW African Hair Braiding - Bissonnet,9817 Bissonnet St,Houston,TX,77036,USA,beauty,African hair braiding,"African hair braiding, knotless braids, box braids, crochet, passion twists, kids braids, locs","Houston African hair braiding salon offering protective styles, knotless and box braids, crochet, twists and loc services.",https://wowhairbraiding.com/,,,,https://wowhairbraiding.com/,WOW African Hair Braiding official website,,,Official site lists Bissonnet address and active hours.,Beauty & Personal Care,business,pending_review,geocode_before_public_pin;source_url_and_address_manual_confirmation_required,wow african hair braiding bissonnet|9817 bissonnet st|houston|tx,07.csv
WOW African Hair Braiding - Westheimer,14283 Westheimer Rd,Houston,TX,77077,USA,beauty,African hair braiding,"African hair braiding, knotless braids, box braids, crochet, passion twists, kids braids, locs","West Houston African hair braiding salon offering protective styles, knotless and box braids, crochet, twists and loc services.",https://wowhairbraiding.com/,,,,https://wowhairbraiding.com/,WOW African Hair Braiding official website,,,Official site lists Westheimer address and active hours.,Beauty & Personal Care,business,pending_review,geocode_before_public_pin;source_url_and_address_manual_confirmation_required,wow african hair braiding westheimer|14283 westheimer rd|houston|tx,07.csv
Domain Lounge and Restaurant,8052 Westheimer Rd,Houston,TX,77063,USA,nightlife,"R&B lounge, restaurant and hookah lounge","R&B lounge, restaurant, nightclub, hookah lounge, cocktails, DJs","Houston restaurant and nightlife venue presenting itself as an R&B lounge, nightclub and hookah lounge.",https://www.thedomainrestaurantandlounge.com/,https://www.instagram.com/thedomainhouston/,https://www.facebook.com/thedomainhouston/,https://www.tiktok.com/discover/domain-lounge-houston-tx,https://www.thedomainrestaurantandlounge.com/,Domain Lounge official website,Black-owned,https://www.thedomainrestaurantandlounge.com/,Official site explicitly labels itself Black Owned Restaurants Houston and lists address/hours.,Food & Drink,business,needs_research,geocode_before_public_pin;ownership_evidence_manual_confirmation_required;source_url_and_address_manual_confirmation_required,domain lounge and restaurant|8052 westheimer rd|houston|tx,07.csv
Jamaica Pon Di Road,2213 S Victory Dr,Houston,TX,77088,USA,food,Jamaican restaurant,"Jamaican food, oxtail, jerk chicken, catering, takeout","Houston restaurant serving Jamaican and West Indian food, with online ordering and catering.",https://www.jamaicapondiroad.com/,https://www.instagram.com/jamaicapondiroad,https://www.facebook.com/401214006599342,,https://www.jamaicapondiroad.com/,Jamaica Pon Di Road official website,,,"Official site lists address, hours, ordering and catering.",Food & Drink,business,pending_review,geocode_before_public_pin;source_url_and_address_manual_confirmation_required,jamaica pon di road|2213 s victory dr|houston|tx,07.csv
Mikki's Soul Food Cafe - Third Ward,2712 Blodgett St,Houston,TX,77004,USA,food,Soul food restaurant,"soul food, oxtails, fried catfish, breakfast, lunch, dinner, catering, delivery, takeout","Third Ward location of Houston soul food cafe serving heritage recipes, dine-in, takeout, delivery and catering.",https://mikkiscafe.com/,https://www.instagram.com/mikkiscafe/,https://www.facebook.com/mikkiscafe,https://www.tiktok.com/@mikkiscafe,https://mikkiscafe.com/,Mikki's Soul Food Cafe official website,,,Official site lists this Houston location and contact.,Food & Drink,business,pending_review,geocode_before_public_pin;source_url_and_address_manual_confirmation_required,mikki s soul food cafe third ward|2712 blodgett st|houston|tx,07.csv
Mikki's Soul Food Cafe - West Bellfort,10500 W Bellfort Ave #100,Houston,TX,77031,USA,food,Soul food restaurant,"soul food, oxtails, fried catfish, breakfast, lunch, dinner, catering, delivery, takeout","Family-friendly Houston soul food cafe serving traditional Texas soul food, dine-in, takeout, delivery, catering and food-truck service.",https://mikkiscafe.com/,https://www.instagram.com/mikkiscafe/,https://www.facebook.com/mikkiscafe,https://www.tiktok.com/@mikkiscafe,https://mikkiscafe.com/,Mikki's Soul Food Cafe official website,,,Official site lists Houston address and active daily hours.,Food & Drink,business,pending_review,geocode_before_public_pin;source_url_and_address_manual_confirmation_required,mikki s soul food cafe west bellfort|10500 w bellfort ave 100|houston|tx,07.csv
HOPE Clinic - Beltway,7001 Corporate Dr. #120,Houston,TX,77036,USA,health,Federally Qualified Health Center,"adult medicine, pediatrics, womens health, behavioral health, dental, vision, laboratory, pharmacy","Full-service Houston FQHC serving underinsured and uninsured patients with culturally and linguistically appropriate medical, behavioral, dental, vision, laboratory and pharmacy services.",https://www.hopechc.org/,https://www.instagram.com/hopechc/,https://www.facebook.com/hopeclinichouston/,,https://www.hopechc.org/locations,HOPE Clinic official locations and services pages,,,Official site lists this Houston location and services; regulated healthcare included as licensed/FQHC source-backed.,Health & Wellness,regulated_review,needs_research,geocode_before_public_pin;regulated_or_age_governed_service_review_required;source_url_and_address_manual_confirmation_required,hope clinic beltway|7001 corporate dr 120|houston|tx,07.csv
"Raven Mechanical, LP",1618 Buschong,Houston,TX,77039,USA,home trades/HVAC,"Commercial HVAC, plumbing and mechanical contractor","HVAC service and repair, plumbing, specialty piping, new construction, design and fabrication, build-out","Houston-based commercial specialty construction and service company providing HVAC, plumbing, piping, design, fabrication, construction and 24/7 repair.",https://www.ravenmechanical.com/,,,,https://www.ravenmechanical.com/,Raven Mechanical official website,Family-owned and operated,https://www.ravenmechanical.com/,Ownership designation is self-stated; official site provides Houston address and service details.,Home & Property Services,regulated_review,needs_research,geocode_before_public_pin;ownership_evidence_manual_confirmation_required;regulated_or_age_governed_service_review_required;source_url_and_address_manual_confirmation_required,raven mechanical lp|1618 buschong|houston|tx,07.csv
"Black Law, PC",675 Bering Dr. Suite 850,Houston,TX,77057,USA,law,Plaintiff personal injury law,"personal injury, auto accidents, product liability, employment issues, wrongful death, chemical exposure","Houston plaintiff law firm representing injured people in personal injury, product liability, occupational exposure, employment and related matters.",https://www.blacklawpc.com/,,https://www.facebook.com/blacklawpc,,https://www.blacklawpc.com/contact,"Black Law, PC official website",,,Official contact page lists office and states attorney is licensed in Texas.,Legal & Government Services,regulated_review,needs_research,geocode_before_public_pin;regulated_or_age_governed_service_review_required;source_url_and_address_manual_confirmation_required,black law pc|675 bering dr suite 850|houston|tx,07.csv
La Belle African Braids,4418 Walzem Road,San Antonio,TX,,USA,beauty,braiding salon,African braids; knotless braids; box braids; cornrows; twists; locs; weave; retwist locs,"African hair-braiding salon with extensive braids, twists, loc, weave, and natural-hair styling services.",https://labelleafricanbraids.com/,https://www.instagram.com/labelleafricanbraids/,https://www.facebook.com/labelleafricanbraids/,https://www.tiktok.com/@labelleafrican,https://labelleafricanbraids.com/,La Belle African Braids official website,,,Official site provides San Antonio address,Beauty & Personal Care,business,pending_review,geocode_before_public_pin;source_url_and_address_manual_confirmation_required,la belle african braids|4418 walzem road|san antonio|tx,21.csv
City of San Antonio Head Start Program,1227 Brady Blvd.,San Antonio,TX,78207,USA,childcare,early childhood education,Head Start; Early Head Start; early childhood education; health screenings; nutrition; family support,"City Head Start program providing full-day early childhood education plus health, nutrition, disability, and family-support services for children and families.",https://saheadstart.org/,https://www.instagram.com/headstartsa/?hl=en,https://www.facebook.com/sanantonioheadstart/,,https://saheadstart.org/,City of San Antonio Head Start official website,,,Official program site lists main office address and services; locations are distributed across SAISD and Edgewood ISD.,Children & Family,regulated_review,needs_research,geocode_before_public_pin;regulated_or_age_governed_service_review_required;source_url_and_address_manual_confirmation_required,city of san antonio head start program|1227 brady blvd|san antonio|tx,21.csv
Black Potion,1900 Fredericksburg Rd. Suite 101,San Antonio,TX,78201,USA,nightlife,tabletop game tavern,board games; craft beer; wine; kitchen; retail games; private gaming rooms; live comedy; movies; events,"Tabletop game tavern combining craft and local beer, wine, kitchen bites, retail games, game lounge, theater, comedy, movies, and events.",https://blackpotionsatx.com/,https://www.instagram.com/blackpotionsatx,https://www.facebook.com/BlackPotionSATX/,,https://blackpotionsatx.com/,Black Potion official website,,,Official site lists current daily hours,Food & Drink,business,pending_review,geocode_before_public_pin;source_url_and_address_manual_confirmation_required,black potion|1900 fredericksburg rd suite 101|san antonio|tx,21.csv
Merkaba,111 W. Crockett St. Suite 205,San Antonio,TX,78205,USA,nightlife,cocktail lounge and nightclub,cocktail lounge; nightclub; cocktails; DJs; live music; private events; bottle service; birthday parties,"Downtown cocktail lounge and nightclub with themed drinks, DJs, live music, lounges, nightlife promotions, and private events.",https://www.merkabatx.com/,https://www.instagram.com/MERKABATX/,https://www.facebook.com/MERKABATX/,,https://www.merkabatx.com/,Merkaba official website,,,Official site lists address,Food & Drink,business,pending_review,geocode_before_public_pin;source_url_and_address_manual_confirmation_required,merkaba|111 w crockett st suite 205|san antonio|tx,21.csv
The Jerk Shack,10234 TX-151 suite 103,San Antonio,TX,78251,USA,food,Caribbean restaurant,Caribbean cuisine; jerk chicken; curry; vegetarian dishes; online ordering; catering; event planning,"Chef-led artisan Caribbean restaurant offering dine-in, online ordering, bespoke catering, and group-event packages.",https://thejerkshacksatx.com/,https://www.instagram.com/thejerkshacksatx,,,https://thejerkshacksatx.com/,The Jerk Shack official website,veteran-owned (self-stated by chef),https://thejerkshacksatx.com/,Official site says Chef Nicola Blaque opened the restaurant as a veteran in 2018 with husband Cornelius Massey; current hours and address listed.,Food & Drink,business,needs_research,geocode_before_public_pin;ownership_evidence_manual_confirmation_required;source_url_and_address_manual_confirmation_required,the jerk shack|10234 tx 151 suite 103|san antonio|tx,21.csv
Tony G's Soulfood,915 South Hackberry,San Antonio,TX,78210,USA,food,soul food restaurant,soul food; dine-in; online ordering; catering; private parties; reservations,"San Antonio soul food restaurant offering dine-in, online ordering, catering, and private events.",https://tonygssoulfood.com/,https://www.instagram.com/TonyGsSoulFood,,,https://tonygssoulfood.com/,Tony G's Soulfood official website,,,Official site lists address,Food & Drink,business,pending_review,geocode_before_public_pin;source_url_and_address_manual_confirmation_required,tony g s soulfood|915 south hackberry|san antonio|tx,21.csv
Babcock Health & Wellness Clinic,6423 Babcock Rd.,San Antonio,TX,78249,USA,health,family practice and wellness clinic,family practice; telemedicine; aesthetic injectables; laser therapies; skincare; medical weight loss; body contouring; migraine procedure,"Community-oriented clinic providing family medicine, telemedicine, wellness, aesthetic, skincare, weight-loss, and body-contouring services.",https://babcockhealthandwellnessclinic.com/,,,,https://babcockhealthandwellnessclinic.com/,Babcock Health & Wellness Clinic official website,,,Official clinic site lists San Antonio address,Health & Wellness,regulated_review,needs_research,geocode_before_public_pin;regulated_or_age_governed_service_review_required;source_url_and_address_manual_confirmation_required,babcock health wellness clinic|6423 babcock rd|san antonio|tx,21.csv
C Jackson Law Firm PLLC,2040 Babcock Road,San Antonio,TX,78229,USA,law,business and estate law,estate planning; probate; business formation; real estate transactions; notary; NIL consulting; guardianships,"Local law firm providing estate, probate, business, real-estate, notary, NIL, and guardianship services.",https://www.cjlawsa.com/business-formation-and-structure-lawyer,https://instagram.com/cjlawsa,https://facebook.com/107351454906758,,https://www.cjlawsa.com/business-formation-and-structure-lawyer,C Jackson Law Firm official website,woman-owned; minority-owned,https://www.cjlawsa.com/business-formation-and-structure-lawyer,"Ownership designations are explicitly self-stated on official site; site states team is led by a licensed Texas attorney. Air Texas A/C & Heating,2707 Trinity Ridge,San Antonio,TX,78261,USA,home trades,HVAC,AC repair; AC installation; heating services; maintenance; indoor air quality; emergency HVAC; thermostat installation; duct cleaning""",Legal & Government Services,regulated_review,needs_research,geocode_before_public_pin;ownership_evidence_manual_confirmation_required;regulated_or_age_governed_service_review_required;source_url_and_address_manual_confirmation_required,c jackson law firm pllc|2040 babcock road|san antonio|tx,21.csv
First Choice International Supermarket,5712 Wurzbach Road,San Antonio,TX,78238,USA,retail,international grocery,African food; Caribbean food; Indian food; Hispanic food; fresh meat and fish; produce; spices; beauty products; money transfer,"International supermarket serving diverse African, Caribbean, Indian, and Hispanic groceries, produce, meat, spices, household and beauty products.",https://fcisupermarket.com/,,,,https://fcisupermarket.com/,First Choice International Supermarket official website,,,Official site identifies San Antonio store and product categories; money-transfer service is mentioned but details should be confirmed directly.,Shopping & Retail,business,pending_review,geocode_before_public_pin;source_url_and_address_manual_confirmation_required,first choice international supermarket|5712 wurzbach road|san antonio|tx,21.csv
Vincent Vacations,401 E Sonterra Blvd Suite 375,San Antonio,TX,78258,USA,travel,travel agency,vacation planning; itinerary planning; hotels; flights; cruises; travel consulting; group travel,"Travel agency offering vacation planning, itinerary recommendations, flights, hotels, cruises, travel consulting, and advocacy when plans go wrong.",https://www.vincentvacations.com/travel-agency-San-Antonio,,,,https://www.vincentvacations.com/travel-agency-San-Antonio,Vincent Vacations official website,,,Official page lists San Antonio address,Travel & Hospitality,business,pending_review,geocode_before_public_pin;source_url_and_address_manual_confirmation_required,vincent vacations|401 e sonterra blvd suite 375|san antonio|tx,21.csv
New Direction Childcare and Learning Center,140 E Belt Blvd,Richmond,VA,23224,USA,childcare,early learning center,infant care; toddler; preschool; school-age; STREAMin3 curriculum; ages infant to 12; educational programs,"Richmond early childhood center serving infants through school age, with infant, toddler, preschool, and school-age learning programs.",https://www.newdirectionchildcare.com/,https://www.instagram.com/newdirectionchildcare/,https://www.facebook.com/newdirectionchildcare,,https://www.newdirectionchildcare.com/,Official New Direction Childcare website,,,"Official site states service area, programs, address, and operating hours.",Children & Family,regulated_review,needs_research,geocode_before_public_pin;regulated_or_age_governed_service_review_required;source_url_and_address_manual_confirmation_required,new direction childcare and learning center|140 e belt blvd|richmond|va,15.csv
Bellos Lounge & Restaurant,1712 E Franklin St,Richmond,VA,23223,USA,food,Caribbean and African restaurant/lounge,Jollof rice; jerk wings; oxtails; coconut shrimp; cocktails; dinner; brunch; private events; late-night dining,"Island-inspired Caribbean and African restaurant and lounge offering dinner, cocktails, late-night dining, events, and private celebrations.",https://www.belloslounge.com/,https://www.instagram.com/belloslounge,https://www.facebook.com/BellosLounge,,https://www.belloslounge.com/,Official Bellos Lounge website,,,"Official site lists Richmond address, menu, events, private events, and hours.",Food & Drink,business,pending_review,geocode_before_public_pin;source_url_and_address_manual_confirmation_required,bellos lounge restaurant|1712 e franklin st|richmond|va,15.csv
Black Iris Social Club,321 West Broad St,Richmond,VA,23220,USA,nightlife,social club and event venue,speakeasy bar; cigar lounge; coworking; private event rentals; wedding reception; corporate gathering; music venue; membership club,"Private gathering place combining coworking, social club, speakeasy bar, cigar lounge, performances, cultural programming, and private event rentals.",https://www.blackirissocialclub.com/,https://www.instagram.com/black.iris.social.club,,,https://www.blackirissocialclub.com/blog-1-1/Blog%20Post%20Title%20One-33afr,Official Black Iris Social Club website,,,"Official blog gives Richmond address, hours, services, and venue description.",Food & Drink,business,pending_review,geocode_before_public_pin;source_url_and_address_manual_confirmation_required,black iris social club|321 west broad st|richmond|va,15.csv
Lillie Pearl,305 Brook Road,Richmond,VA,23220,USA,food,restaurant,New American; Southern-inspired; West African ingredients; dinner; brunch; private events,"New American restaurant blending West African heirloom ingredients and North Carolina Southern African American cuisine; offers dining, bar, brunch, and private events.",https://www.lilliepearlrva.com/,https://www.instagram.com/lillie.pearl.rva/,https://www.facebook.com/lilliepearlrva/,,https://www.lilliepearlrva.com/,Official Lillie Pearl website,husband-and-wife team (Chef Michael Lindsey and Kimberly Love-Lindsey),https://www.lilliepearlrva.com/,Official site states it was brought by husband-and-wife team; current Richmond address and hours are on site.,Food & Drink,business,needs_research,geocode_before_public_pin;ownership_evidence_manual_confirmation_required;source_url_and_address_manual_confirmation_required,lillie pearl|305 brook road|richmond|va,15.csv
James River Air Conditioning,1905 Westmoreland St,Richmond,VA,23230,USA,home trades,HVAC plumbing electrical and appliances,heating; cooling; HVAC repair; plumbing; electrical; appliance repair; installation; preventive maintenance; commercial service,"Richmond-based full-service home and commercial contractor providing heating, cooling, plumbing, electrical, appliance repair and installation, and maintenance.",https://jamesriverair.com/jrac/,https://www.instagram.com/jamesriverair/,https://www.facebook.com/JamesRiverAir,,https://jamesriverair.com/jrac/,Official James River Air Conditioning website,,,"Official site lists Richmond address, services, licensed plumbing/electrical claims, and service area.",Home & Property Services,regulated_review,needs_research,geocode_before_public_pin;regulated_or_age_governed_service_review_required;source_url_and_address_manual_confirmation_required,james river air conditioning|1905 westmoreland st|richmond|va,15.csv
Alex Taylor Law,530 E. Main St Suite 1000,Richmond,VA,23219,USA,law,criminal defense and personal injury,criminal defense; DUI/DWI; drug crimes; juvenile law; expungements; personal injury; auto accidents; wrongful death,"Richmond-serving law firm offering criminal defense, juvenile advocacy, personal injury, auto accident, and wrongful death representation.",https://www.alextaylorlaw.com/,,https://www.facebook.com/Alex-Taylor-Law-PLC-148807428544547/,,https://www.alextaylorlaw.com/,Official Alex Taylor Law website,minority-owned,https://www.alextaylorlaw.com/,Official site lists Minority Owned among its values and provides Richmond address.,Legal & Government Services,regulated_review,needs_research,geocode_before_public_pin;ownership_evidence_manual_confirmation_required;regulated_or_age_governed_service_review_required;source_url_and_address_manual_confirmation_required,alex taylor law|530 e main st suite 1000|richmond|va,15.csv
Christina Pendleton & Associates / Pendleton Law Team,1506 Staples Mill Rd Suite 101,Richmond,VA,23230,USA,law,personal injury law,personal injury; injury consultation; auto accidents; community legal services,Personal injury law firm with Richmond headquarters and a downtown Richmond office; offers consultations and injury representation.,https://www.virginiasinjurylawyers.com/,https://www.instagram.com/pendletonlawteam/,https://www.facebook.com/pendletonlawteam,https://www.tiktok.com/@pendletonlawteam,https://www.virginiasinjurylawyers.com/our-community/,Official Pendleton Law Team website,100% woman-owned; minority-owned,https://www.virginiasinjurylawyers.com/awarded-best-women-led-law-firm/,Official site explicitly states 100% woman-owned and minority-owned; Richmond HQ address appears on official contact section.,Legal & Government Services,regulated_review,needs_research,geocode_before_public_pin;ownership_evidence_manual_confirmation_required;regulated_or_age_governed_service_review_required;source_url_and_address_manual_confirmation_required,christina pendleton associates pendleton law team|1506 staples mill rd suite 101|richmond|va,15.csv
Harrell & Chambliss LLP,1021 E Cary St Ste 800,Richmond,VA,23219,USA,law,full-service law firm,corporate law; banking; bankruptcy; estate planning; public finance; real estate; tax; litigation; employment; housing,"Full-service law firm providing corporate, finance, litigation, tax, real estate, estate planning, housing, and other legal services.",https://hclawfirm.com/,,,,https://hclawfirm.com/,Official Harrell & Chambliss website,minority-owned,https://hclawfirm.com/,Official site explicitly says the firm is minority owned and lists the Richmond office.,Legal & Government Services,regulated_review,needs_research,geocode_before_public_pin;ownership_evidence_manual_confirmation_required;regulated_or_age_governed_service_review_required;source_url_and_address_manual_confirmation_required,harrell chambliss llp|1021 e cary st ste 800|richmond|va,15.csv
Braiding By Sara,9000 Rainier Ave S #83,Seattle,WA,98118,USA,beauty,braider,hair braiding; protective styling; crochet; passion twist; lemonade braids; natural hair care,"Seattle salon offering professional braiding and protective styling for women, men, and children.",https://braidingbysara.com/,,,,https://braidingbysara.com/,Braiding By Sara official website,,,Official site lists services and Seattle address; regulated licensing not claimed.,Beauty & Personal Care,business,pending_review,geocode_before_public_pin;source_url_and_address_manual_confirmation_required,braiding by sara|9000 rainier ave s 83|seattle|wa,23.csv
KidsCentre,1211 Post Alley,Seattle,WA,98101,USA,childcare,daycare and preschool,infant program; toddler program; preschool; pre-K; meals; enrichment; urban outings,"Downtown Seattle childcare center offering infant, toddler, preschool, and pre-K programs with meals and enrichment.",https://www.kidscentreinc.com/,https://www.instagram.com/kidscentreseattle/,https://www.facebook.com/KidsCentreInc/,,https://www.kidscentreinc.com/,KidsCentre official website,,,Official site lists Seattle address and active programs.,Children & Family,regulated_review,needs_research,geocode_before_public_pin;regulated_or_age_governed_service_review_required;source_url_and_address_manual_confirmation_required,kidscentre|1211 post alley|seattle|wa,23.csv
Brighton Jones,2030 1st Avenue 3rd Floor,Seattle,WA,98121,USA,finance,wealth management,wealth management; tax planning; executive compensation; estate and legacy planning; family office advice,"Seattle wealth-management office providing personalized advice to individuals, families, and family offices and describing community philanthropy.",https://www.brightonjones.com/locations/seattle/,,https://www.facebook.com/PersonalCFO/,,https://www.brightonjones.com/locations/seattle/,Brighton Jones official Seattle location page,,,Official site lists Seattle office and financial services; SEC-registered investment adviser disclosure appears on page.,Financial & Business Services,regulated_review,needs_research,geocode_before_public_pin;regulated_or_age_governed_service_review_required;source_url_and_address_manual_confirmation_required,brighton jones|2030 1st avenue 3rd floor|seattle|wa,23.csv
Simply Soulful Cafe,2321 S Jackson St,Seattle,WA,98144,USA,food,soul food cafe,soul food; breakfast; catfish; mac and cheese; collard greens; catering; commercial kitchen rental,"Central District cafe serving soul food, pies, Southern staples, catering, events, and commercial kitchen space.",https://simplysoulfulcafe.com/,,,,https://simplysoulfulcafe.com/,Simply Soulful Cafe official website,,,"Official site lists address, menu, catering, and kitchen rental; no ownership designation stated.",Food & Drink,business,pending_review,geocode_before_public_pin;source_url_and_address_manual_confirmation_required,simply soulful cafe|2321 s jackson st|seattle|wa,23.csv
The Comfort Zone,3642 33rd Avenue South,Seattle,WA,98144,USA,food,soul food restaurant,soul food; fried chicken; oxtails; seafood gumbo; online ordering; catering; parties,"Seattle soul food restaurant describing itself as a mother-daughter team with online ordering, catering, and group-party service.",https://thecomfortzonesoulfood.com/,https://www.instagram.com/thecomfortzonerestaurant206,https://www.facebook.com/801093636668221,,https://thecomfortzonesoulfood.com/,The Comfort Zone official website,,,Official site states mother-daughter team and gives current hours/address.,Food & Drink,business,pending_review,geocode_before_public_pin;source_url_and_address_manual_confirmation_required,the comfort zone|3642 33rd avenue south|seattle|wa,23.csv
Seattle Roots Community Health - Carolyn Downs Family Medical Center,2101 East Yesler Way,Seattle,WA,98122,USA,health,community health clinic,primary medical care; same-day appointments; walk-in care; Medicaid/Apple Health; interpretation services,Community health organization offering accessible medical care and same-day/walk-in services at Carolyn Downs Family Medical Center.,https://seattleroots.org/,,https://www.facebook.com/CountryDoctorCHC/,,https://seattleroots.org/,Seattle Roots Community Health official website,,,Official site lists clinic address and services; history notes founding by Black Panthers and anti-war activists but no current ownership inferred.,Health & Wellness,regulated_review,needs_research,geocode_before_public_pin;regulated_or_age_governed_service_review_required;source_url_and_address_manual_confirmation_required,seattle roots community health carolyn downs family medical center|2101 east yesler way|seattle|wa,23.csv
K&L Gates LLP,925 Fourth Avenue Suite 2900,Seattle,WA,98104,USA,law,full-service law firm,corporate; litigation; intellectual property; tax; real estate; labor and employment; estate planning; technology; energy,"Seattle office providing legal services to companies, nonprofits, government, and private clients across corporate, litigation, IP, tax, real estate, and other practices.",https://www.klgates.com/Seattle,https://www.instagram.com/klgatesllp/,https://www.facebook.com/klgateslaw,,https://www.klgates.com/Seattle,K&L Gates official Seattle office page,,,Official page lists current Seattle office address and practice areas.,Legal & Government Services,regulated_review,needs_research,geocode_before_public_pin;regulated_or_age_governed_service_review_required;source_url_and_address_manual_confirmation_required,k l gates llp|925 fourth avenue suite 2900|seattle|wa,23.csv
Acc-U-Rite Tax & Financial Services,6320 West Forest Home Avenue,Milwaukee,WI,53220,USA,finance,tax preparation and financial planning,tax preparation; tax planning; amendments; financial services; wealth management,Family-owned tax and financial services firm offering year-round tax help and goal-based financial and wealth-management services.,https://www.acc-u-rite.com/,,,,https://www.acc-u-rite.com/,Acc-U-Rite official website,family-owned,https://www.acc-u-rite.com/,Official site states family-owned and lists Milwaukee office; regulated investment disclosures are present on site.,Financial & Business Services,regulated_review,needs_research,geocode_before_public_pin;ownership_evidence_manual_confirmation_required;regulated_or_age_governed_service_review_required;source_url_and_address_manual_confirmation_required,acc u rite tax financial services|6320 west forest home avenue|milwaukee|wi,33.csv
Milwaukee Heating & Cooling,1125 N. 9th St.,Milwaukee,WI,53233,USA,home trades,HVAC,furnace repair; air conditioning repair; installation; emergency HVAC; tune-ups; refrigerant replacement,Milwaukee-based HVAC referral and service business connecting homeowners with heating and cooling professionals since 2005.,https://www.milwaukeeheatingcooling.com/,,,,https://www.milwaukeeheatingcooling.com/,Milwaukee Heating & Cooling official website,,,Official site lists Milwaukee address and heating/cooling services; no ownership designation stated.,Home & Property Services,regulated_review,needs_research,geocode_before_public_pin;regulated_or_age_governed_service_review_required;source_url_and_address_manual_confirmation_required,milwaukee heating cooling|1125 n 9th st|milwaukee|wi,33.csv
MWH Law Group LLP,"735 N. Water Street, Suite 610",Milwaukee,WI,53202,USA,law,business and employment law,business finance real estate; employment; litigation; technology; local counsel,Certified minority-owned law firm providing legal services across financial services technology retail food beverage manufacturing and other industries.,https://mwhlawgroup.com/,,,https://www.linkedin.com/company/mwh-law-group,https://mwhlawgroup.com/,MWH Law Group official website,certified minority-owned,https://mwhlawgroup.com/,Milwaukee office and address verified on official contact page.,Legal & Government Services,regulated_review,needs_research,geocode_before_public_pin;ownership_evidence_manual_confirmation_required;regulated_or_age_governed_service_review_required;source_url_and_address_manual_confirmation_required,mwh law group llp|735 n water street suite 610|milwaukee|wi,33.csv
